$MeshFormat
4.1 0 8
$EndMeshFormat
$PhysicalNames
9
1 8 "inner"
1 9 "interface"
1 10 "outer"
1 11 "left-1"
1 12 "left-2"
1 13 "bottom-1"
1 14 "bottom-2"
2 15 "mat-1"
2 16 "mat-2"
$EndPhysicalNames
$Entities
10 7 2 0
1 0 0 0 0 
2 5 0 0 0 
3 10 0 0 0 
4 15 0 0 0 
5 0 5 0 0 
6 0 10 0 0 
7 0 15 0 0 
8 3.5355 3.5355 0 0 
9 7.0711 7.0711 0 0 
10 10.6066 10.6066 0 0 
1 0 4.440892098500626e-16 0 5 5 0 1 8 2 5 -2 
2 0 8.881784197001252e-16 0 10 10 0 1 9 2 6 -3 
3 0 8.881784197001252e-16 0 15 15 0 1 10 2 7 -4 
4 0 10 0 0 15 0 1 12 2 7 -6 
5 0 5 0 0 10 0 1 11 2 6 -5 
6 5 0 0 10 0 0 1 13 2 2 -3 
7 10 0 0 15 0 0 1 14 2 3 -4 
1 0 0 0 15 15 0 1 16 4 3 -7 -2 -4 
2 0 0 0 10 10 0 1 15 4 2 -6 -1 -5 
$EndEntities
$Nodes
15 6305 1 6305
0 2 0 1
1
5 0 0
0 3 0 1
2
10 0 0
0 4 0 1
3
15 0 0
0 5 0 1
4
0 5 0
0 6 0 1
5
0 10 0
0 7 0 1
6
0 15 0
1 1 0 95
7
8
9
10
11
12
13
14
15
16
17
18
19
20
21
22
23
24
25
26
27
28
29
30
31
32
33
34
35
36
37
38
39
40
41
42
43
44
45
46
47
48
49
50
51
52
53
54
55
56
57
58
59
60
61
62
63
64
65
66
67
68
69
70
71
72
73
74
75
76
77
78
79
80
81
82
83
84
85
86
87
88
89
90
91
92
93
94
95
96
97
98
99
100
101
0.08180865838948238 4.999330689543602 0
0.163595414613335 4.997322937365314 0
0.2453383723797814 4.993977280989376 0
0.327015647125008 4.989294616129159 0
0.4086053718700201 4.98327619644737 0
0.4900857030844857 4.975923633219484 0
0.5714348265257018 4.967238894902634 0
0.6526309630813388 4.957224306608238 0
0.7336523745404906 4.945882549488119 0
0.8144773694836591 4.933216660009874 0
0.8950843091142541 4.919230029138449 0
0.9754516130665951 4.903926401422209 0
1.055557765125158 4.887309873998577 0
1.135381318854534 4.869384895527991 0
1.214900903482623 4.850156264979213 0
1.294095229744178 4.829629130311495 0
1.372943095327013 4.807808987157651 0
1.451423390746067 4.784701677303945 0
1.5295151051752 4.760313387061917 0
1.60719733147346 4.734650645792632 0
1.684449272085671 4.707720324081503 0
1.76125024497409 4.679529631766285 0
1.837579688528711 4.650086116224808 0
1.913417167618093 4.619397660157042 0
1.988742378610856 4.587472479646852 0
2.063535155170619 4.554319121819964 0
2.13777547331057 4.519946462704151 0
2.21144345722217 4.484363704641859 0
2.284519384306436 4.44758037394808 0
2.356983690433366 4.409606318372549 0
2.428816974840796 4.37045170465539 0
2.500000006279159 4.330127015296919 0
2.570513727350643 4.288643046174617 0
2.640339259690382 4.246010903629152 0
2.709457909466451 4.202242001221454 0
2.777851171823636 4.157348057018807 0
2.845500736206647 4.111341090234114 0
2.912388491165506 4.064233418066278 0
2.978496529396315 4.01603765226051 0
3.043807152054817 3.966766696076283 0
3.108302873881843 3.916433740562692 0
3.171966427881498 3.865052261017008 0
3.234780769755978 3.812636013523573 0
3.296729082557694 3.759199031205758 0
3.357794781323245 3.704755620350467 0
3.417961517156598 3.6493203568934 0
3.477213182147822 3.592908082027344 0
3.535533912990079 3.535533898875396 0
3.592908095765188 3.47721316795289 0
3.649320370177533 3.417961502973273 0
3.704755633297472 3.357794767038428 0
3.759199043656769 3.296729068360036 0
3.812636025494743 3.2347807556463 0
3.865052272472684 3.171966413922717 0
3.916433751613461 3.108302859957973 0
3.966766706709828 3.043807138196911 0
4.016037662488258 2.978496515605793 0
4.064233427817553 2.91238847755762 0
4.111341099563857 2.845500722726504 0
4.157348066019236 2.777851158353543 0
4.202242009756868 2.709457896228425 0
4.246010911715822 2.640339246685958 0
4.288643053966693 2.57051371435035 0
4.330127022735114 2.499999993395826 0
4.370451711667171 2.428816962223687 0
4.409606325017985 2.356983678000631 0
4.447580380182318 2.284519372169409 0
4.484363710391227 2.211443445563605 0
4.519946468076977 2.137775461950685 0
4.554319126819239 2.063535144136985 0
4.587472484248029 1.988742367997226 0
4.619397664406354 1.913417157359345 0
4.650086120092913 1.837579678740281 0
4.679529635252887 1.76125023571041 0
4.707720327252457 1.684449263223448 0
4.734650648642041 1.607197323079373 0
4.760313389629551 1.529515097183946 0
4.784701679588883 1.451423383213638 0
4.807808989244561 1.372943088019019 0
4.829629132162122 1.294095222837542 0
4.850156266647881 1.214900896820925 0
4.869384897029271 1.135381312415895 0
4.887309875285027 1.055557759168801 0
4.903926402524402 0.9754516075254993 0
4.919230030080194 0.8950843039385823 0
4.933216660824496 0.8144773645495664 0
4.945882550154571 0.7336523700476362 0
4.957224307129584 0.6526309591213192 0
4.967238895304076 0.5714348230361381 0
4.975923633518385 0.4900857000496921 0
4.983276196646599 0.4086053694402508 0
4.989294616248607 0.3270156453025805 0
4.993977281057955 0.2453383709838328 0
4.997322937401807 0.1635954134985729 0
4.999330689551432 0.08180865791099259 0
1 2 0 95
102
103
104
105
106
107
108
109
110
111
112
113
114
115
116
117
118
119
120
121
122
123
124
125
126
127
128
129
130
131
132
133
134
135
136
137
138
139
140
141
142
143
144
145
146
147
148
149
150
151
152
153
154
155
156
157
158
159
160
161
162
163
164
165
166
167
168
169
170
171
172
173
174
175
176
177
178
179
180
181
182
183
184
185
186
187
188
189
190
191
192
193
194
195
196
0.1636173167789648 9.998661379087205 0
0.32719082922667 9.994645874730628 0
0.4906767447595629 9.987954561978752 0
0.6540312942500159 9.978589232258319 0
0.8172107437400401 9.966552392894739 0
0.9801714061689715 9.951847266438968 0
1.142869653051404 9.934477789805268 0
1.305261926162678 9.914448613216475 0
1.467304749080981 9.891765098976238 0
1.628954738967318 9.866433320019748 0
1.790168618228508 9.838460058276898 0
1.95090322613319 9.807852802844417 0
2.111115530250316 9.774619747997153 0
2.270762637709068 9.738769791055981 0
2.429801806965246 9.700312529958426 0
2.588190459488357 9.659258260622989 0
2.745886190654026 9.615617974315303 0
2.902846781492134 9.569403354607891 0
3.0590302103504 9.520626774123834 0
3.21439466294692 9.469301291585264 0
3.368898544171341 9.415440648163006 0
3.522500489948179 9.35905926353257 0
3.675159377057422 9.300172232449617 0
3.826834335236185 9.238795320314084 0
3.977484757221712 9.174944959293704 0
4.127070310341239 9.108638243639929 0
4.27555094662114 9.039892925408303 0
4.422886914444339 8.968727409283717 0
4.569038768612871 8.89516074789616 0
4.713967380866732 8.819212636745098 0
4.857633949681591 8.74090340931078 0
5.000000012558319 8.660254030593839 0
5.141027454701286 8.577286092349235 0
5.280678519380764 8.492021807258304 0
5.418915818932901 8.404484002442908 0
5.555702343647273 8.314696114037615 0
5.691001472413294 8.222682180468228 0
5.824776982331011 8.128466836132556 0
5.956993058792629 8.032075304521021 0
6.087614304109634 7.933533392152565 0
6.216605747763686 7.832867481125383 0
6.343932855762996 7.730104522034017 0
6.469561539511956 7.625272027047147 0
6.593458165115388 7.518398062411515 0
6.715589562646491 7.409511240700935 0
6.835923034313195 7.2986407137868 0
6.954426364295645 7.185816164054689 0
7.071067825980158 7.071067797750793 0
7.185816191530376 6.954426335905779 0
7.298640740355066 6.835923005946546 0
7.409511266594944 6.715589534076855 0
7.518398087313539 6.593458136720072 0
7.625272050989485 6.469561511292601 0
7.730104544945368 6.343932827845435 0
7.832867503226923 6.216605719915945 0
7.933533413419656 6.087614276393821 0
8.032075324976516 5.956993031211587 0
8.128466855635105 5.824776955115239 0
8.222682199127714 5.691001445453008 0
8.314696132038472 5.555702316707086 0
8.404484019513736 5.41891579245685 0
8.492021823431644 5.280678493371916 0
8.577286107933386 5.141027428700701 0
8.660254045470229 4.999999986791653 0
8.740903423334341 4.857633924447375 0
8.81921265003597 4.713967356001262 0
8.895160760364636 4.569038744338819 0
8.968727420782454 4.422886891127209 0
9.039892936153954 4.27555092390137 0
9.108638253638478 4.12707028827397 0
9.174944968496058 3.977484735994453 0
9.238795328812708 3.82683431471869 0
9.300172240185827 3.675159357480561 0
9.359059270505774 3.522500471420821 0
9.415440654504915 3.368898526446897 0
9.469301297284082 3.214394646158747 0
9.520626779259102 3.059030194367891 0
9.569403359177766 2.902846766427276 0
9.615617978489121 2.745886176038039 0
9.659258264324244 2.588190445675083 0
9.700312533295762 2.429801793641849 0
9.738769794058541 2.270762624831791 0
9.774619750570054 2.111115518337602 0
9.807852805048803 1.950903215050999 0
9.838460060160388 1.790168607877165 0
9.866433321648993 1.628954729099133 0
9.891765100309142 1.467304740095272 0
9.914448614259168 1.305261918242638 0
9.934477790608153 1.142869646072276 0
9.95184726703677 0.9801714000993842 0
9.966552393293199 0.8172107388805017 0
9.978589232497214 0.6540312906051611 0
9.98795456211591 0.4906767419676655 0
9.994645874803615 0.3271908269971458 0
9.998661379102865 0.1636173158219852 0
1 3 0 95
197
198
199
200
201
202
203
204
205
206
207
208
209
210
211
212
213
214
215
216
217
218
219
220
221
222
223
224
225
226
227
228
229
230
231
232
233
234
235
236
237
238
239
240
241
242
243
244
245
246
247
248
249
250
251
252
253
254
255
256
257
258
259
260
261
262
263
264
265
266
267
268
269
270
271
272
273
274
275
276
277
278
279
280
281
282
283
284
285
286
287
288
289
290
291
0.2454259749065399 14.99799206863509 0
0.4907862433284585 14.99196881211269 0
0.7360151163762808 14.98193184300561 0
0.9810469403983764 14.96788384845149 0
1.22581611444981 14.94982858943724 0
1.470257107890748 14.92777089979267 0
1.71430447809187 14.90171668487876 0
1.957892887531784 14.87167292005013 0
2.200957121632064 14.83764764875946 0
2.443432106473677 14.79964998035608 0
2.685252925359292 14.75769008777625 0
2.926354837045392 14.71177920469516 0
3.166673292874424 14.6619296225359 0
3.406143953718584 14.60815468724734 0
3.64470270717649 14.55046879575707 0
3.882285685740419 14.48888739187019 0
4.118829282717335 14.42342696240495 0
4.354270169454789 14.35410503275618 0
4.588545312705978 14.28094016209171 0
4.821591991626621 14.20395193832625 0
5.05334781364694 14.12316097317841 0
5.283750732213318 14.03858889631843 0
5.51273906289694 13.95025834973712 0
5.740251500013606 13.85819298164777 0
5.966227133000336 13.76241744016837 0
6.190605462692523 13.66295736673731 0
6.413326417555993 13.55983938923608 0
6.634330370027179 13.453091114734 0
6.853558151786058 13.34274112242634 0
7.070951070377065 13.22881895561102 0
7.28645092411872 13.1113551141905 0
7.500000018759169 12.99038104593597 0
7.711541182006277 12.86592913855122 0
7.921017779084115 12.73803271087939 0
8.128373728564467 12.6067260035579 0
8.333553515591108 12.47204417097611 0
8.536502208694699 12.3340232706506 0
8.737165473922865 12.19270025389332 0
8.935489588613855 12.04811295646639 0
9.131421456532477 11.90030008794645 0
9.324908622311762 11.74930122115931 0
9.515899284532489 11.59515678232227 0
9.704342310734917 11.43790803932608 0
9.890187249632701 11.27759709189873 0
10.07338434620489 11.11426685902558 0
10.25388455390356 10.94796106840073 0
10.43163954909964 10.77872424351139 0
10.6066017421505 10.60660169344593 0
10.77872428989273 10.43163950117509 0
10.94796111266684 10.25388450664111 0
11.11426690131939 10.07338429954086 0
11.27759713186159 9.890187204063796 0
11.43790807769522 9.704342265511579 0
11.59515681918183 9.515899239618982 0
11.74930125622473 9.324908578129651 0
11.9003001216067 9.131421412665579 0
12.04811298862818 8.935489545248704 0
12.19270028449856 8.737165431213306 0
12.33402329995681 8.536502166351426 0
12.4720441988935 8.333553473809777 0
12.60672602999102 8.128373687567942 0
12.73803273582986 7.921017738960491 0
12.86592916236949 7.711541142267891 0
12.99038106865003 7.499999979417252 0
13.11135513564599 7.286450885511372 0
13.22881897583673 7.070951032537431 0
13.34274114125625 6.853558115127336 0
13.45309113223817 6.634330334532252 0
13.55983940577107 6.4133263825957 0
13.66295738221586 6.190605428530651 0
13.76241745434645 5.966227100295472 0
13.85819299469501 5.740251468514793 0
13.95025836174358 5.512739032513993 0
14.03858890723509 5.283750703208465 0
14.12316098313165 5.053347785829498 0
14.20395194751888 4.821591964546006 0
14.28094017039122 4.588545286875381 0
14.35410504025891 4.354270144721576 0
14.42342696920287 4.118829258912215 0
14.48888739792242 3.882285663153223 0
14.55046880112013 3.644702685765983 0
14.6081546920256 3.406143933225717 0
14.66192962661288 3.166673273997737 0
14.71177920809557 2.926354819950408 0
14.75769009061097 2.685252909780178 0
14.79964998267114 2.443432092451556 0
14.83764765058018 2.200957109357751 0
14.871672921494 1.957892876564551 0
14.90171668600209 1.714304468327292 0
14.92777090063572 1.470257099331088 0
14.94982858998018 1.225816107828237 0
14.96788384876286 0.9810469356478475 0
14.98193184317833 0.7360151128606041 0
14.99196881218502 0.4907862411190625 0
14.99799206865014 0.2454259739871737 0
1 4 0 31
292
293
294
295
296
297
298
299
300
301
302
303
304
305
306
307
308
309
310
311
312
313
314
315
316
317
318
319
320
321
322
0 14.84375000000011 0
0 14.68750000000022 0
0 14.53125000000033 0
0 14.37500000000044 0
0 14.21875000000154 0
0 14.06250000000237 0
0 13.90625000000345 0
0 13.75000000000441 0
0 13.59375000000443 0
0 13.43750000000515 0
0 13.28125000000498 0
0 13.12500000000528 0
0 12.96875000000564 0
0 12.81250000000592 0
0 12.65625000000608 0
0 12.50000000000656 0
0 12.34375000000576 0
0 12.18750000000527 0
0 12.03125000000363 0
0 11.875000000002 0
0 11.71875000000124 0
0 11.56250000000064 0
0 11.40625000000034 0
0 11.25000000000015 0
0 11.09375000000011 0
0 10.93749999999966 0
0 10.7812499999995 0
0 10.62499999999965 0
0 10.46874999999926 0
0 10.31249999999945 0
0 10.15625000000012 0
1 5 0 31
323
324
325
326
327
328
329
330
331
332
333
334
335
336
337
338
339
340
341
342
343
344
345
346
347
348
349
350
351
352
353
0 9.84375000000051 0
0 9.68750000000102 0
0 9.531250000002032 0
0 9.375000000003045 0
0 9.21875000000424 0
0 9.062500000004722 0
0 8.906250000005269 0
0 8.750000000005651 0
0 8.593750000006054 0
0 8.437500000006761 0
0 8.281250000007246 0
0 8.125000000007688 0
0 7.968750000007891 0
0 7.812500000008146 0
0 7.656250000007899 0
0 7.500000000008057 0
0 7.343750000007685 0
0 7.187500000007116 0
0 7.031250000006493 0
0 6.875000000005871 0
0 6.718750000005681 0
0 6.562500000005724 0
0 6.406250000006084 0
0 6.250000000006646 0
0 6.09375000000567 0
0 5.937500000004782 0
0 5.781250000003949 0
0 5.625000000003328 0
0 5.468750000002135 0
0 5.312500000001629 0
0 5.156250000000814 0
1 6 0 31
354
355
356
357
358
359
360
361
362
363
364
365
366
367
368
369
370
371
372
373
374
375
376
377
378
379
380
381
382
383
384
5.156249999998961 0 0
5.312499999998463 0 0
5.468749999997963 0 0
5.624999999997617 0 0
5.781249999998142 0 0
5.937499999998106 0 0
6.093749999998233 0 0
6.249999999998387 0 0
6.40624999999774 0 0
6.562499999997246 0 0
6.71874999999665 0 0
6.874999999996206 0 0
7.031249999995868 0 0
7.187499999995659 0 0
7.343749999995262 0 0
7.499999999994854 0 0
7.656249999995354 0 0
7.812499999995451 0 0
7.968749999995613 0 0
8.12499999999614 0 0
8.281249999996398 0 0
8.437499999997158 0 0
8.593749999997735 0 0
8.749999999997426 0 0
8.906249999998025 0 0
9.062499999998415 0 0
9.218749999998348 0 0
9.374999999998177 0 0
9.531249999999007 0 0
9.687499999999464 0 0
9.843749999999773 0 0
1 7 0 31
385
386
387
388
389
390
391
392
393
394
395
396
397
398
399
400
401
402
403
404
405
406
407
408
409
410
411
412
413
414
415
10.15624999999989 0 0
10.31249999999978 0 0
10.46874999999967 0 0
10.62499999999956 0 0
10.78124999999846 0 0
10.93749999999763 0 0
11.09374999999655 0 0
11.24999999999559 0 0
11.40624999999557 0 0
11.56249999999485 0 0
11.71874999999502 0 0
11.87499999999472 0 0
12.03124999999436 0 0
12.18749999999408 0 0
12.34374999999392 0 0
12.49999999999344 0 0
12.65624999999424 0 0
12.81249999999473 0 0
12.96874999999637 0 0
13.124999999998 0 0
13.28124999999876 0 0
13.43749999999936 0 0
13.59374999999966 0 0
13.74999999999985 0 0
13.90624999999989 0 0
14.06250000000034 0 0
14.2187500000005 0 0
14.37500000000035 0 0
14.53125000000074 0 0
14.68750000000055 0 0
14.84374999999988 0 0
2 1 0 2945
416
417
418
419
420
421
422
423
424
425
426
427
428
429
430
431
432
433
434
435
436
437
438
439
440
441
442
443
444
445
446
447
448
449
450
451
452
453
454
455
456
457
458
459
460
461
462
463
464
465
466
467
468
469
470
471
472
473
474
475
476
477
478
479
480
481
482
483
484
485
486
487
488
489
490
491
492
493
494
495
496
497
498
499
500
501
502
503
504
505
506
507
508
509
510
511
512
513
514
515
516
517
518
519
520
521
522
523
524
525
526
527
528
529
530
531
532
533
534
535
536
537
538
539
540
541
542
543
544
545
546
547
548
549
550
551
552
553
554
555
556
557
558
559
560
561
562
563
564
565
566
567
568
569
570
571
572
573
574
575
576
577
578
579
580
581
582
583
584
585
586
587
588
589
590
591
592
593
594
595
596
597
598
599
600
601
602
603
604
605
606
607
608
609
610
611
612
613
614
615
616
617
618
619
620
621
622
623
624
625
626
627
628
629
630
631
632
633
634
635
636
637
638
639
640
641
642
643
644
645
646
647
648
649
650
651
652
653
654
655
656
657
658
659
660
661
662
663
664
665
666
667
668
669
670
671
672
673
674
675
676
677
678
679
680
681
682
683
684
685
686
687
688
689
690
691
692
693
694
695
696
697
698
699
700
701
702
703
704
705
706
707
708
709
710
711
712
713
714
715
716
717
718
719
720
721
722
723
724
725
726
727
728
729
730
731
732
733
734
735
736
737
738
739
740
741
742
743
744
745
746
747
748
749
750
751
752
753
754
755
756
757
758
759
760
761
762
763
764
765
766
767
768
769
770
771
772
773
774
775
776
777
778
779
780
781
782
783
784
785
786
787
788
789
790
791
792
793
794
795
796
797
798
799
800
801
802
803
804
805
806
807
808
809
810
811
812
813
814
815
816
817
818
819
820
821
822
823
824
825
826
827
828
829
830
831
832
833
834
835
836
837
838
839
840
841
842
843
844
845
846
847
848
849
850
851
852
853
854
855
856
857
858
859
860
861
862
863
864
865
866
867
868
869
870
871
872
873
874
875
876
877
878
879
880
881
882
883
884
885
886
887
888
889
890
891
892
893
894
895
896
897
898
899
900
901
902
903
904
905
906
907
908
909
910
911
912
913
914
915
916
917
918
919
920
921
922
923
924
925
926
927
928
929
930
931
932
933
934
935
936
937
938
939
940
941
942
943
944
945
946
947
948
949
950
951
952
953
954
955
956
957
958
959
960
961
962
963
964
965
966
967
968
969
970
971
972
973
974
975
976
977
978
979
980
981
982
983
984
985
986
987
988
989
990
991
992
993
994
995
996
997
998
999
1000
1001
1002
1003
1004
1005
1006
1007
1008
1009
1010
1011
1012
1013
1014
1015
1016
1017
1018
1019
1020
1021
1022
1023
1024
1025
1026
1027
1028
1029
1030
1031
1032
1033
1034
1035
1036
1037
1038
1039
1040
1041
1042
1043
1044
1045
1046
1047
1048
1049
1050
1051
1052
1053
1054
1055
1056
1057
1058
1059
1060
1061
1062
1063
1064
1065
1066
1067
1068
1069
1070
1071
1072
1073
1074
1075
1076
1077
1078
1079
1080
1081
1082
1083
1084
1085
1086
1087
1088
1089
1090
1091
1092
1093
1094
1095
1096
1097
1098
1099
1100
1101
1102
1103
1104
1105
1106
1107
1108
1109
1110
1111
1112
1113
1114
1115
1116
1117
1118
1119
1120
1121
1122
1123
1124
1125
1126
1127
1128
1129
1130
1131
1132
1133
1134
1135
1136
1137
1138
1139
1140
1141
1142
1143
1144
1145
1146
1147
1148
1149
1150
1151
1152
1153
1154
1155
1156
1157
1158
1159
1160
1161
1162
1163
1164
1165
1166
1167
1168
1169
1170
1171
1172
1173
1174
1175
1176
1177
1178
1179
1180
1181
1182
1183
1184
1185
1186
1187
1188
1189
1190
1191
1192
1193
1194
1195
1196
1197
1198
1199
1200
1201
1202
1203
1204
1205
1206
1207
1208
1209
1210
1211
1212
1213
1214
1215
1216
1217
1218
1219
1220
1221
1222
1223
1224
1225
1226
1227
1228
1229
1230
1231
1232
1233
1234
1235
1236
1237
1238
1239
1240
1241
1242
1243
1244
1245
1246
1247
1248
1249
1250
1251
1252
1253
1254
1255
1256
1257
1258
1259
1260
1261
1262
1263
1264
1265
1266
1267
1268
1269
1270
1271
1272
1273
1274
1275
1276
1277
1278
1279
1280
1281
1282
1283
1284
1285
1286
1287
1288
1289
1290
1291
1292
1293
1294
1295
1296
1297
1298
1299
1300
1301
1302
1303
1304
1305
1306
1307
1308
1309
1310
1311
1312
1313
1314
1315
1316
1317
1318
1319
1320
1321
1322
1323
1324
1325
1326
1327
1328
1329
1330
1331
1332
1333
1334
1335
1336
1337
1338
1339
1340
1341
1342
1343
1344
1345
1346
1347
1348
1349
1350
1351
1352
1353
1354
1355
1356
1357
1358
1359
1360
1361
1362
1363
1364
1365
1366
1367
1368
1369
1370
1371
1372
1373
1374
1375
1376
1377
1378
1379
1380
1381
1382
1383
1384
1385
1386
1387
1388
1389
1390
1391
1392
1393
1394
1395
1396
1397
1398
1399
1400
1401
1402
1403
1404
1405
1406
1407
1408
1409
1410
1411
1412
1413
1414
1415
1416
1417
1418
1419
1420
1421
1422
1423
1424
1425
1426
1427
1428
1429
1430
1431
1432
1433
1434
1435
1436
1437
1438
1439
1440
1441
1442
1443
1444
1445
1446
1447
1448
1449
1450
1451
1452
1453
1454
1455
1456
1457
1458
1459
1460
1461
1462
1463
1464
1465
1466
1467
1468
1469
1470
1471
1472
1473
1474
1475
1476
1477
1478
1479
1480
1481
1482
1483
1484
1485
1486
1487
1488
1489
1490
1491
1492
1493
1494
1495
1496
1497
1498
1499
1500
1501
1502
1503
1504
1505
1506
1507
1508
1509
1510
1511
1512
1513
1514
1515
1516
1517
1518
1519
1520
1521
1522
1523
1524
1525
1526
1527
1528
1529
1530
1531
1532
1533
1534
1535
1536
1537
1538
1539
1540
1541
1542
1543
1544
1545
1546
1547
1548
1549
1550
1551
1552
1553
1554
1555
1556
1557
1558
1559
1560
1561
1562
1563
1564
1565
1566
1567
1568
1569
1570
1571
1572
1573
1574
1575
1576
1577
1578
1579
1580
1581
1582
1583
1584
1585
1586
1587
1588
1589
1590
1591
1592
1593
1594
1595
1596
1597
1598
1599
1600
1601
1602
1603
1604
1605
1606
1607
1608
1609
1610
1611
1612
1613
1614
1615
1616
1617
1618
1619
1620
1621
1622
1623
1624
1625
1626
1627
1628
1629
1630
1631
1632
1633
1634
1635
1636
1637
1638
1639
1640
1641
1642
1643
1644
1645
1646
1647
1648
1649
1650
1651
1652
1653
1654
1655
1656
1657
1658
1659
1660
1661
1662
1663
1664
1665
1666
1667
1668
1669
1670
1671
1672
1673
1674
1675
1676
1677
1678
1679
1680
1681
1682
1683
1684
1685
1686
1687
1688
1689
1690
1691
1692
1693
1694
1695
1696
1697
1698
1699
1700
1701
1702
1703
1704
1705
1706
1707
1708
1709
1710
1711
1712
1713
1714
1715
1716
1717
1718
1719
1720
1721
1722
1723
1724
1725
1726
1727
1728
1729
1730
1731
1732
1733
1734
1735
1736
1737
1738
1739
1740
1741
1742
1743
1744
1745
1746
1747
1748
1749
1750
1751
1752
1753
1754
1755
1756
1757
1758
1759
1760
1761
1762
1763
1764
1765
1766
1767
1768
1769
1770
1771
1772
1773
1774
1775
1776
1777
1778
1779
1780
1781
1782
1783
1784
1785
1786
1787
1788
1789
1790
1791
1792
1793
1794
1795
1796
1797
1798
1799
1800
1801
1802
1803
1804
1805
1806
1807
1808
1809
1810
1811
1812
1813
1814
1815
1816
1817
1818
1819
1820
1821
1822
1823
1824
1825
1826
1827
1828
1829
1830
1831
1832
1833
1834
1835
1836
1837
1838
1839
1840
1841
1842
1843
1844
1845
1846
1847
1848
1849
1850
1851
1852
1853
1854
1855
1856
1857
1858
1859
1860
1861
1862
1863
1864
1865
1866
1867
1868
1869
1870
1871
1872
1873
1874
1875
1876
1877
1878
1879
1880
1881
1882
1883
1884
1885
1886
1887
1888
1889
1890
1891
1892
1893
1894
1895
1896
1897
1898
1899
1900
1901
1902
1903
1904
1905
1906
1907
1908
1909
1910
1911
1912
1913
1914
1915
1916
1917
1918
1919
1920
1921
1922
1923
1924
1925
1926
1927
1928
1929
1930
1931
1932
1933
1934
1935
1936
1937
1938
1939
1940
1941
1942
1943
1944
1945
1946
1947
1948
1949
1950
1951
1952
1953
1954
1955
1956
1957
1958
1959
1960
1961
1962
1963
1964
1965
1966
1967
1968
1969
1970
1971
1972
1973
1974
1975
1976
1977
1978
1979
1980
1981
1982
1983
1984
1985
1986
1987
1988
1989
1990
1991
1992
1993
1994
1995
1996
1997
1998
1999
2000
2001
2002
2003
2004
2005
2006
2007
2008
2009
2010
2011
2012
2013
2014
2015
2016
2017
2018
2019
2020
2021
2022
2023
2024
2025
2026
2027
2028
2029
2030
2031
2032
2033
2034
2035
2036
2037
2038
2039
2040
2041
2042
2043
2044
2045
2046
2047
2048
2049
2050
2051
2052
2053
2054
2055
2056
2057
2058
2059
2060
2061
2062
2063
2064
2065
2066
2067
2068
2069
2070
2071
2072
2073
2074
2075
2076
2077
2078
2079
2080
2081
2082
2083
2084
2085
2086
2087
2088
2089
2090
2091
2092
2093
2094
2095
2096
2097
2098
2099
2100
2101
2102
2103
2104
2105
2106
2107
2108
2109
2110
2111
2112
2113
2114
2115
2116
2117
2118
2119
2120
2121
2122
2123
2124
2125
2126
2127
2128
2129
2130
2131
2132
2133
2134
2135
2136
2137
2138
2139
2140
2141
2142
2143
2144
2145
2146
2147
2148
2149
2150
2151
2152
2153
2154
2155
2156
2157
2158
2159
2160
2161
2162
2163
2164
2165
2166
2167
2168
2169
2170
2171
2172
2173
2174
2175
2176
2177
2178
2179
2180
2181
2182
2183
2184
2185
2186
2187
2188
2189
2190
2191
2192
2193
2194
2195
2196
2197
2198
2199
2200
2201
2202
2203
2204
2205
2206
2207
2208
2209
2210
2211
2212
2213
2214
2215
2216
2217
2218
2219
2220
2221
2222
2223
2224
2225
2226
2227
2228
2229
2230
2231
2232
2233
2234
2235
2236
2237
2238
2239
2240
2241
2242
2243
2244
2245
2246
2247
2248
2249
2250
2251
2252
2253
2254
2255
2256
2257
2258
2259
2260
2261
2262
2263
2264
2265
2266
2267
2268
2269
2270
2271
2272
2273
2274
2275
2276
2277
2278
2279
2280
2281
2282
2283
2284
2285
2286
2287
2288
2289
2290
2291
2292
2293
2294
2295
2296
2297
2298
2299
2300
2301
2302
2303
2304
2305
2306
2307
2308
2309
2310
2311
2312
2313
2314
2315
2316
2317
2318
2319
2320
2321
2322
2323
2324
2325
2326
2327
2328
2329
2330
2331
2332
2333
2334
2335
2336
2337
2338
2339
2340
2341
2342
2343
2344
2345
2346
2347
2348
2349
2350
2351
2352
2353
2354
2355
2356
2357
2358
2359
2360
2361
2362
2363
2364
2365
2366
2367
2368
2369
2370
2371
2372
2373
2374
2375
2376
2377
2378
2379
2380
2381
2382
2383
2384
2385
2386
2387
2388
2389
2390
2391
2392
2393
2394
2395
2396
2397
2398
2399
2400
2401
2402
2403
2404
2405
2406
2407
2408
2409
2410
2411
2412
2413
2414
2415
2416
2417
2418
2419
2420
2421
2422
2423
2424
2425
2426
2427
2428
2429
2430
2431
2432
2433
2434
2435
2436
2437
2438
2439
2440
2441
2442
2443
2444
2445
2446
2447
2448
2449
2450
2451
2452
2453
2454
2455
2456
2457
2458
2459
2460
2461
2462
2463
2464
2465
2466
2467
2468
2469
2470
2471
2472
2473
2474
2475
2476
2477
2478
2479
2480
2481
2482
2483
2484
2485
2486
2487
2488
2489
2490
2491
2492
2493
2494
2495
2496
2497
2498
2499
2500
2501
2502
2503
2504
2505
2506
2507
2508
2509
2510
2511
2512
2513
2514
2515
2516
2517
2518
2519
2520
2521
2522
2523
2524
2525
2526
2527
2528
2529
2530
2531
2532
2533
2534
2535
2536
2537
2538
2539
2540
2541
2542
2543
2544
2545
2546
2547
2548
2549
2550
2551
2552
2553
2554
2555
2556
2557
2558
2559
2560
2561
2562
2563
2564
2565
2566
2567
2568
2569
2570
2571
2572
2573
2574
2575
2576
2577
2578
2579
2580
2581
2582
2583
2584
2585
2586
2587
2588
2589
2590
2591
2592
2593
2594
2595
2596
2597
2598
2599
2600
2601
2602
2603
2604
2605
2606
2607
2608
2609
2610
2611
2612
2613
2614
2615
2616
2617
2618
2619
2620
2621
2622
2623
2624
2625
2626
2627
2628
2629
2630
2631
2632
2633
2634
2635
2636
2637
2638
2639
2640
2641
2642
2643
2644
2645
2646
2647
2648
2649
2650
2651
2652
2653
2654
2655
2656
2657
2658
2659
2660
2661
2662
2663
2664
2665
2666
2667
2668
2669
2670
2671
2672
2673
2674
2675
2676
2677
2678
2679
2680
2681
2682
2683
2684
2685
2686
2687
2688
2689
2690
2691
2692
2693
2694
2695
2696
2697
2698
2699
2700
2701
2702
2703
2704
2705
2706
2707
2708
2709
2710
2711
2712
2713
2714
2715
2716
2717
2718
2719
2720
2721
2722
2723
2724
2725
2726
2727
2728
2729
2730
2731
2732
2733
2734
2735
2736
2737
2738
2739
2740
2741
2742
2743
2744
2745
2746
2747
2748
2749
2750
2751
2752
2753
2754
2755
2756
2757
2758
2759
2760
2761
2762
2763
2764
2765
2766
2767
2768
2769
2770
2771
2772
2773
2774
2775
2776
2777
2778
2779
2780
2781
2782
2783
2784
2785
2786
2787
2788
2789
2790
2791
2792
2793
2794
2795
2796
2797
2798
2799
2800
2801
2802
2803
2804
2805
2806
2807
2808
2809
2810
2811
2812
2813
2814
2815
2816
2817
2818
2819
2820
2821
2822
2823
2824
2825
2826
2827
2828
2829
2830
2831
2832
2833
2834
2835
2836
2837
2838
2839
2840
2841
2842
2843
2844
2845
2846
2847
2848
2849
2850
2851
2852
2853
2854
2855
2856
2857
2858
2859
2860
2861
2862
2863
2864
2865
2866
2867
2868
2869
2870
2871
2872
2873
2874
2875
2876
2877
2878
2879
2880
2881
2882
2883
2884
2885
2886
2887
2888
2889
2890
2891
2892
2893
2894
2895
2896
2897
2898
2899
2900
2901
2902
2903
2904
2905
2906
2907
2908
2909
2910
2911
2912
2913
2914
2915
2916
2917
2918
2919
2920
2921
2922
2923
2924
2925
2926
2927
2928
2929
2930
2931
2932
2933
2934
2935
2936
2937
2938
2939
2940
2941
2942
2943
2944
2945
2946
2947
2948
2949
2950
2951
2952
2953
2954
2955
2956
2957
2958
2959
2960
2961
2962
2963
2964
2965
2966
2967
2968
2969
2970
2971
2972
2973
2974
2975
2976
2977
2978
2979
2980
2981
2982
2983
2984
2985
2986
2987
2988
2989
2990
2991
2992
2993
2994
2995
2996
2997
2998
2999
3000
3001
3002
3003
3004
3005
3006
3007
3008
3009
3010
3011
3012
3013
3014
3015
3016
3017
3018
3019
3020
3021
3022
3023
3024
3025
3026
3027
3028
3029
3030
3031
3032
3033
3034
3035
3036
3037
3038
3039
3040
3041
3042
3043
3044
3045
3046
3047
3048
3049
3050
3051
3052
3053
3054
3055
3056
3057
3058
3059
3060
3061
3062
3063
3064
3065
3066
3067
3068
3069
3070
3071
3072
3073
3074
3075
3076
3077
3078
3079
3080
3081
3082
3083
3084
3085
3086
3087
3088
3089
3090
3091
3092
3093
3094
3095
3096
3097
3098
3099
3100
3101
3102
3103
3104
3105
3106
3107
3108
3109
3110
3111
3112
3113
3114
3115
3116
3117
3118
3119
3120
3121
3122
3123
3124
3125
3126
3127
3128
3129
3130
3131
3132
3133
3134
3135
3136
3137
3138
3139
3140
3141
3142
3143
3144
3145
3146
3147
3148
3149
3150
3151
3152
3153
3154
3155
3156
3157
3158
3159
3160
3161
3162
3163
3164
3165
3166
3167
3168
3169
3170
3171
3172
3173
3174
3175
3176
3177
3178
3179
3180
3181
3182
3183
3184
3185
3186
3187
3188
3189
3190
3191
3192
3193
3194
3195
3196
3197
3198
3199
3200
3201
3202
3203
3204
3205
3206
3207
3208
3209
3210
3211
3212
3213
3214
3215
3216
3217
3218
3219
3220
3221
3222
3223
3224
3225
3226
3227
3228
3229
3230
3231
3232
3233
3234
3235
3236
3237
3238
3239
3240
3241
3242
3243
3244
3245
3246
3247
3248
3249
3250
3251
3252
3253
3254
3255
3256
3257
3258
3259
3260
3261
3262
3263
3264
3265
3266
3267
3268
3269
3270
3271
3272
3273
3274
3275
3276
3277
3278
3279
3280
3281
3282
3283
3284
3285
3286
3287
3288
3289
3290
3291
3292
3293
3294
3295
3296
3297
3298
3299
3300
3301
3302
3303
3304
3305
3306
3307
3308
3309
3310
3311
3312
3313
3314
3315
3316
3317
3318
3319
3320
3321
3322
3323
3324
3325
3326
3327
3328
3329
3330
3331
3332
3333
3334
3335
3336
3337
3338
3339
3340
3341
3342
3343
3344
3345
3346
3347
3348
3349
3350
3351
3352
3353
3354
3355
3356
3357
3358
3359
3360
6.250000015658744 10.8253175382649 0
3.235238072614388 12.07407282624987 0
10.82531755706013 6.249999983104452 0
8.838834784065327 8.83883474559836 0
12.07407283112005 3.235238054414153 0
3.558761879177403 13.28148010906003 0
1.617619036307194 12.28703641312822 0
1.787755961919489 13.57935466658973 0
6.875000017208956 11.90784929210044 0
4.742619044136566 11.44969518225739 0
5.241435272075085 12.65394408195258 0
5.625000014108531 9.742785784429371 0
2.911714266051372 10.86666554343643 0
4.284726689686376 10.34424525128573 0
1.461440481234936 11.10074251317078 0
9.722718263107911 9.722718219522145 0
7.544417399862035 9.832076141931632 0
8.337919428197257 10.86618811493904 0
11.90784931285508 6.874999981260852 0
9.832076170562729 7.544417364351406 0
10.86618814608472 8.337919388508492 0
9.74278580126518 5.624999984948053 0
7.954951305022743 7.954951271674576 0
8.882804791991191 6.816015820372614 0
6.816015851985836 8.882804767042099 0
13.28148011452123 3.558761858783688 0
11.44969519409009 4.742619018759303 0
12.65394409439255 5.241435243637048 0
12.28703641555674 1.617619027207077 0
13.57935466852694 1.787755951885813 0
10.86666554772215 2.911714250044618 0
11.1007425149074 1.461440472724858 0
10.3442452614514 4.284726666738996 0
1.872824424725637 14.22551379331993 0
0.8938779809597446 13.66467733329707 0
0.9374624606790605 14.3162805908734 0
3.720523782458911 13.88518375046511 0
2.673258920548446 13.43041738782488 0
2.799806878796919 14.07109829626002 0
3.396999975895896 12.67777646765495 0
2.426428554460791 12.18055461968904 0
1.702687499113342 12.93319553985897 0
2.549843737504619 12.80548600375696 0
0.808809518153597 12.39351820656739 0
0.8513437495566708 13.02909776993213 0
5.490843386044346 13.25606853180017 0
4.400098575626244 12.9677120955063 0
4.610845283626433 13.58583201691628 0
7.187500017984062 12.4491151690182 0
6.058217644642021 12.28089668702651 0
6.346274007334598 12.86699390088026 0
6.56250001643385 11.36658341518267 0
5.496309529897655 11.13750636026115 0
4.992027158105826 12.05181963210498 0
5.777263587269838 11.70920152364383 0
3.988928558375477 11.76188400425363 0
4.19451356700086 12.36479804987997 0
4.51367286691147 10.89697021677156 0
3.598220477868874 10.60545539736108 0
3.07347616933288 11.47036918484315 0
3.793574518122175 11.18366970080736 0
5.937500014883637 10.28405166134714 0
4.954863351897453 10.04351551785755 0
5.225586440897554 10.59051093905935 0
5.312500013333425 9.201519907511605 0
4.055780512461281 9.791520285799908 0
4.688875133170896 9.506121463570635 0
2.749952362769864 10.26296190202971 0
3.406307570407897 10.03737834447317 0
1.539529758771065 11.6938894631495 0
0.730720240617468 11.17537125658546 0
0.7697648793855325 11.78444473157575 0
2.186577373643154 10.9837040283036 0
2.306502964051973 11.58212932399632 0
1.383351203698807 10.50759556319363 0
2.068740299888172 10.39577841557401 0
0.692375767433742 10.57698024442168 0
8.734670442364866 11.38324410144275 0
7.606459722703106 11.38701870351974 0
7.970006619147106 11.92953143724792 0
10.1646600026292 10.16465995648404 0
9.030318845652584 10.29445316723059 0
9.460253047642642 10.78602512956466 0
9.280776523586619 9.280776482560253 0
8.191626091963681 9.335455443764996 0
7.941168414029645 10.34913212843534 0
8.610972468808132 9.814954305497794 0
6.89720870776039 10.32869684009827 0
7.251834215231748 10.857857771809 0
11.38324413384571 8.734670400587035 0
10.29445320459631 9.03031880401532 0
10.78602516822895 9.460253004039558 0
12.44911519075256 7.187499980339052 0
11.3870187294699 7.606459684884673 0
11.9295314641817 7.970006579347224 0
11.36658343495761 6.562499982182652 0
10.32869686381143 6.897208673727929 0
10.34913215832372 7.94116837642995 0
10.85785779664067 7.251834179306301 0
9.335455477314028 8.191626054974883 0
9.81495434095517 8.610972429495101 0
9.35744048127696 7.18021659236201 0
8.418878048506967 7.385483546023595 0
8.396893044544035 8.396893008636468 0
8.877166762910496 7.788554800499239 0
10.28405167916265 5.937499984026252 0
9.312795296628185 6.220507902660334 0
9.820746080219807 6.558858288194132 0
9.201519923367705 5.312499985869852 0
8.408169102705424 6.451815048383217 0
8.813745714333329 5.888105109683709 0
7.51300956550145 7.513009534712685 0
7.968638067910253 6.989470841371833 0
7.180216625923936 9.357440454486866 0
6.220507933047184 9.312795275735734 0
6.558858320403788 9.820746057917003 0
7.385483578504289 8.418878019358338 0
7.788554835233985 8.877166731561667 0
6.451815078047735 8.408169079597332 0
6.989470871809838 7.968638040884927 0
5.888105138347228 8.813745694886675 0
13.25606854454378 5.490843356075921 0
12.28089670362382 6.05821761244895 0
12.86699391793099 6.3462739734906 0
13.88518375622182 3.720523760968455 0
12.96771210445689 4.400098551210368 0
13.58583202598789 4.610845257878188 0
12.67777647282064 3.39699995659892 0
11.76188401260507 3.988928536586728 0
12.05181964424132 4.992027131198176 0
12.36479805853098 4.194513543898548 0
11.13750637557511 5.496309500931877 0
11.70920153959946 5.777263556690414 0
14.22551379501047 1.872824414225182 0
13.43041739152408 2.673258905334751 0
14.07109829980983 2.79980686264258 0
13.66467733426339 0.8938779759429067 0
14.31628059151334 0.9374624557953771 0
12.39351820777509 0.8088095136035383 0
12.93319554204184 1.702687489546445 0
13.02909777101992 0.8513437447732225 0
12.1805546233384 2.426428540810615 0
12.80548600743124 2.549843723072683 0
11.69388946523207 1.539529749965967 0
10.98370403131477 2.186577361384738 0
11.4703691894211 3.073476152229385 0
11.58212932732658 2.306502951097676 0
11.17537125745149 0.7307202363624288 0
11.78444473261339 0.7697648749829835 0
10.50759556458328 1.383351195483748 0
10.57698024497524 0.6923757634837949 0
10.26296190602319 2.749952347859851 0
10.39577841818179 2.068740288217868 0
10.89697022777074 4.51367284274915 0
10.04351553135829 4.954863325843524 0
10.5905109534667 5.225586413387701 0
10.60545540458677 3.598220458391807 0
11.18366970859592 3.793574497489267 0
9.791520295132052 4.055780490728843 0
10.03737835093543 3.406307552275277 0
9.506121476070371 4.688875108485367 0
0.9592547005387184 14.64208221966244 0
0.4687312303395302 14.34564029543692 0
0.4797587368339944 14.6688045537748 0
1.915358656128711 14.54859335668503 0
1.405143442702349 14.27089719209667 0
1.437700275296548 14.59933404594467 0
1.830290193322563 13.90243422995484 0
1.340816971439617 13.6220159999434 0
0.9156702208194025 13.99047896208523 0
1.372980207070983 13.94645659602003 0
0.4469389904798723 13.70733866665074 0
0.4578351104097013 14.0264894810438 0
2.863080857921156 14.39143875047759 0
2.336315651761278 14.14830604478998 0
2.389873879117477 14.47397801257303 0
3.801404734099665 14.18703557116765 0
3.260165330627915 13.97814102336257 0
3.33315464217325 14.29314785530495 0
3.639642830818157 13.58333192976257 0
3.116010399862925 13.35594874844246 0
2.736532899672683 13.75075784204245 0
3.18808786524542 13.66704488590251 0
2.230507441233968 13.50488602720731 0
2.283411546497623 13.82659603599864 0
2.611551329026533 13.11795169579092 0
2.12626561830898 12.86934077180797 0
1.745221730516415 13.25627510322435 0
2.178386529771474 13.18711339950764 0
3.47788092753665 12.97962828835749 0
2.973421856700257 12.74163123570596 0
3.044716128281591 13.04878999207421 0
3.316119024255142 12.37592464695241 0
2.83083331353759 12.12731372296946 0
2.488136145982705 12.493020311723 0
2.902127585118923 12.43447247933771 0
2.022023795383992 12.23379551640863 0
1.660153267710268 12.6101159764936 0
2.074144706846486 12.5515681441083 0
0.8726108652582076 13.3468875516146 0
0.4256718747783354 13.0770488849687 0
0.4363054326291038 13.39219377580987 0
1.277015624335006 12.98114665489555 0
1.308916297887311 13.30158132741948 0
1.213214277230396 12.3402773098478 0
0.830076633855134 12.71130798824976 0
1.245114950782701 12.66071198237168 0
0.4044047590767985 12.44675910328698 0
0.415038316927567 12.76190399412784 0
4.716218637626527 13.89489197762126 0
4.165684533042672 13.7355078836907 0
4.25997735124873 14.04480645822343 0
5.615547443028976 13.55713075672397 0
5.050844334835389 13.42095027435823 0
5.167297533524353 13.72976958533833 0
5.366139329059715 12.95500630687638 0
4.820766923850664 12.81082808872944 0
4.505471929626339 13.27677205621129 0
4.935805629343027 13.11588918154384 0
3.979430227401824 13.12459610228317 0
4.072557380222248 13.43005199298693 0
6.490302188680888 13.16004250780713 0
5.918558696689471 13.06153121634022 0
6.054582079690997 13.36224429153877 0
7.343750018371615 12.71974810747708 0
6.76688701265933 12.65805453494923 0
6.918919041518198 12.94343674528012 0
7.031250017596509 12.17848223055932 0
6.466608830925488 12.09437298956347 0
6.202245825988309 12.57394529395338 0
6.616747921792409 12.37621376225635 0
5.649826458358553 12.46742038448954 0
5.784192577524013 12.76447580041488 0
5.917740615955929 11.99504910533517 0
5.384645372687832 11.8805105778744 0
5.116731215090455 12.35288185702878 0
5.517235915523192 12.17396548118197 0
6.718750016821403 11.63721635364155 0
6.169881801851844 11.53789246941325 0
6.318245316388666 11.81613272948836 0
6.406250016046297 11.09595047672379 0
5.873154772778199 10.98141194926302 0
5.636786558583746 11.42335394195248 0
6.021518287315022 11.25965220933814 0
5.11946428701711 11.29360077125927 0
4.867323101121196 11.75075740718118 0
5.252054829852471 11.58705567456683 0
4.297306071313552 12.66625507269314 0
3.795756771448378 12.52128725876746 0
3.8875934994251 12.82294168052531 0
4.593270362553342 12.20830884099247 0
4.707018643202003 12.50956846486096 0
4.365773801256021 11.60578959325551 0
4.091721062688169 12.0633410270668 0
4.479522081904683 11.90704921712399 0
3.612083315494933 11.91797841525175 0
3.703920043471656 12.2196328370096 0
3.891251538248826 11.47277685253049 0
3.433525343727528 11.32701944282525 0
3.154357120973634 11.77222100554651 0
3.52280432961123 11.6224989290385 0
4.628145955524018 11.17333269951447 0
4.153623692516822 11.04031995878946 0
4.259698746886421 11.32305477602248 0
4.399199778298923 10.62060773402865 0
3.941473583777625 10.47485032432341 0
3.695897497995524 10.89456254908422 0
4.047548638147223 10.75758514155643 0
3.254967371960123 10.73606047039875 0
2.992595217692126 11.16851736413979 0
3.344246357843825 11.031539956612 0
5.360947985397605 10.86400864966025 0
4.869629653904513 10.74374057791545 0
4.994546970460812 11.01867067458736 0
6.093750015271191 10.55468459980602 0
5.581543227890595 10.43728130020324 0
5.727349000334398 10.70934662473313 0
5.781250014496084 10.01341872288825 0
5.289931683002992 9.893150651143461 0
5.090224896397503 10.31701322845845 0
5.435737455446795 10.16521597567335 0
4.619795020791914 10.19388038457164 0
4.744712337348213 10.46881048124355 0
4.821869242534174 9.774818490714093 0
4.372327822816088 9.648820874685271 0
4.170253601073828 10.06788276854282 0
4.496061421804002 9.921350629628458 0
5.468750013720978 9.472152845970488 0
5.000687573252161 9.35382068554112 0
5.145309628127577 9.62348566834229 0
5.156250012945872 8.930886969052722 0
4.555881023807618 9.237424436427176 0
4.857327477059446 9.086516661143108 0
3.941307423848733 9.515157803056997 0
4.249699066578664 9.378729559162601 0
3.502264024138385 10.32141687091713 0
3.078129966588881 10.15017012325144 0
2.830833314410619 10.56481372273307 0
3.166548669274502 10.4431152968251 0
3.731044041434589 9.91444931513654 0
3.836258812606107 10.19464981972997 0
3.310351116677408 9.753339818029218 0
3.626772265691384 9.636754289334558 0
2.669071411129111 9.96111008132635 0
2.990488374040508 9.859786738929666 0
0.7892871987695648 12.08898146907157 0
0.3848824396927663 11.82972236578887 0
0.3946435993847824 12.13824073453842 0
1.57857439753913 11.99046293813886 0
1.154647319078299 11.73916709736262 0
1.183930798154347 12.03972220360521 0
1.500485120003 11.39731598816014 0
1.096080360926202 11.13805688487812 0
0.7502425600015002 11.4799079940806 0
1.12536384000225 11.43861199112037 0
0.365360120308734 11.2126856282928 0
0.3751212800007501 11.52120399704062 0
2.366465759256382 11.88134197184268 0
1.923016361411519 11.63800939357291 0
1.972520078397756 11.93590245499077 0
2.689989566692427 11.52624925441974 0
2.760411440115009 11.8267814886946 0
2.549145819847263 10.92518478587002 0
2.246540168847564 11.28291667614996 0
2.619567693269845 11.22571702014487 0
1.824008927439045 11.04222327073719 0
1.873512644425282 11.34011633215505 0
2.127658836765663 10.68974122193881 0
1.72604575179349 10.45168698938382 0
1.422395842466871 10.8041690381822 0
1.775027339616267 10.7469551300605 0
2.409346331329018 10.32937015880186 0
2.479246075588141 10.62727747233594 0
2.009821763010681 10.10181560920921 0
2.340054484519043 10.03406997492892 0
1.344306564930742 10.21102208820505 0
1.677500245380404 10.15906015470178 0
0.711548004025605 10.87617575050357 0
0.346187883716871 10.60099012221066 0
0.3557740020128025 10.90683787525161 0
1.037863485566275 10.54228790380765 0
1.066971923246238 10.84017239434289 0
0.6732035308418789 10.27778473834 0
1.009017445867623 10.24706758512331 0
0.3366893564717705 10.29781799847046 0
8.151780067369106 12.20078780411201 0
7.578753318565584 12.18932330313306 0
7.749885548824849 12.46367800700623 0
8.933045949448672 11.6417720946946 0
8.352338530755986 11.65638776934533 0
8.544752002339425 11.92454401161933 0
8.536294935281061 11.12471610819089 0
7.972189575450182 11.12660340922939 0
7.788233170925106 11.65827507038383 0
8.162264053103085 11.39149558928736 0
7.240729869956031 11.64743399781009 0
7.409741594260806 11.91837865047157 0
9.675220148637671 11.0318111107317 0
9.097461745003754 11.0846346155037 0
9.306680514768122 11.33989569891299 0
10.38563087238985 10.38563082496498 0
9.812456525135921 10.47534254302435 0
10.03317053951974 10.71165180571254 0
9.943689132868556 9.94368908800309 0
9.376518554380247 10.00858569337637 0
9.245285946647613 10.54023914839763 0
9.594487539758084 10.24196411820036 0
8.68411913692492 10.58032064108482 0
8.890790440964336 10.83247762829426 0
8.820645657230358 10.05470373636419 0
8.276070441418888 10.08204321696656 0
8.13954392111345 10.60766012168719 0
8.480094789171904 10.33118192902569 0
9.501747393347266 9.5017473510412 0
8.945874496197376 9.547865394029024 0
9.161196525288812 9.778225543702696 0
9.059805653825972 9.059805614079306 0
8.515230438014504 9.087145094681677 0
8.401299280385906 9.575204874631396 0
8.730552467105937 9.317505244355349 0
7.868021745912857 9.583765792848315 0
7.742792906945841 10.09060413518348 0
8.072046093665872 9.83290450490744 0
7.429146968967427 11.12243823766437 0
6.907167115832799 11.11222059349583 0
7.073948492894415 11.37982729565296 0
7.596501314630697 10.60349495012217 0
7.784345445040439 10.86504917967578 0
7.220813053811213 10.08038649101495 0
7.074521461496069 10.59327730595363 0
7.408657184220955 10.34194072056856 0
6.573604361709567 10.57700718918159 0
6.740385738771183 10.84461389133871 0
11.03181115004527 9.675220104051677 0
10.47534258542908 9.812456480261798 0
10.71165184904796 10.03317049345145 0
11.64177212772621 8.933045906626308 0
11.08463465103733 9.097461702313296 0
11.33989573510958 9.306680470966139 0
11.12471613996521 8.536294894547764 0
10.58032067534052 8.684119096261906 0
10.54023918641263 9.245285904027439 0
10.83247766318893 8.890790399287601 0
10.00858573385211 9.376518511768733 0
10.2419641596406 9.594487496015265 0
12.2007878315376 8.1517800265785 0
11.65638779901371 8.35233848996713 0
11.92454404175613 8.544751960590219 0
12.7197481297013 7.343749979878152 0
12.18932332746713 7.578753279843138 0
12.4636780316485 7.749885509401814 0
12.17848225180382 7.031249980799952 0
11.64743402116249 7.240729833072763 0
11.6582750968258 7.788233132115948 0
11.91837867431481 7.40974155645795 0
11.12660343777731 7.972189536696582 0
11.39149561839551 8.162264013331855 0
11.12243826305528 7.429146932095486 0
10.60349497748219 7.596501277868125 0
10.60766015220422 8.139543882469221 0
10.86504920762975 7.784345407282354 0
11.63721637390634 6.718749981721752 0
11.11222061579914 6.907167080744477 0
11.37982731848081 7.07394845690862 0
11.09595049600887 6.406249982643552 0
10.57700721043578 6.573604328416191 0
10.59327733022605 7.074521426517116 0
10.84461391311746 6.740385704580334 0
10.08038651718708 7.220813019039667 0
10.09060416444323 7.742792870390678 0
10.34194074733464 7.408657148453896 0
10.05470377277574 8.820645616755211 0
9.547865432270894 8.945874456027678 0
9.778225583061506 9.161196483898205 0
10.08204324963945 8.276070402962524 0
10.33118196248998 8.480094749612217 0
9.583765823938379 7.868021709663145 0
9.575204909134598 8.401299242234991 0
9.832904536788913 8.072046056312834 0
9.087145130689677 8.515230400286622 0
9.317505281480283 8.730552428157148 0
9.106311120112263 7.99009042773706 0
8.637029903727266 8.092723904567853 0
8.617863914304682 8.617863877117415 0
8.862087517208472 8.303977152427239 0
9.594758325919845 7.362316978356708 0
9.117303622093729 7.484385696430625 0
9.350534723016054 7.676203703046884 0
9.120122636634076 6.998116206367312 0
8.65084142024908 7.100749683198105 0
8.648022405708732 7.587019173261417 0
8.884072521171404 7.292567689814366 0
8.186914676764854 7.670217408849085 0
8.175922174783388 8.175922140155523 0
8.411972290246061 7.881470656708469 0
10.07472147201562 6.728033480961031 0
9.589093280748383 6.869537440278071 0
9.834739898967731 7.04517522965887 0
10.55468461811139 6.093749983565353 0
10.05239887969123 6.248179136110192 0
10.31470304506351 6.410891732263192 0
10.01341874021392 5.781249984487152 0
9.527790548946683 5.922753943804193 0
9.566770688423997 6.389683095427233 0
9.790094714318958 6.085466539957192 0
9.097800044309688 6.518261861516474 0
9.343446662529036 6.693899650897273 0
9.063270505480757 6.054306506172021 0
8.610957408519376 6.169960079033463 0
8.645486947348306 6.633915434377916 0
8.854378726414531 6.344110970274969 0
9.472152862316442 5.468749985408953 0
9.007632818850517 5.60030254777678 0
9.2677116838986 5.761528245790487 0
8.930886984418967 5.156249986330753 0
8.5642209231859 5.721903713195397 0
8.74982732114108 5.440490520574349 0
8.170851258062539 6.26971466238852 0
8.369712132077241 5.997368517074351 0
8.19375805820861 7.187477193697714 0
7.740823816705852 7.251240188042259 0
7.733980435262096 7.73398040319363 0
7.963869246735353 7.460728798445673 0
8.188403585307839 6.720642944877525 0
8.419622502778459 6.910696314037815 0
7.743518077611895 6.791464489045953 0
7.959254065126602 6.53228788636148 0
7.292038695740804 7.292038666231739 0
7.519732278530459 7.043581596994402 0
6.728033514082089 10.07472144900763 0
6.248179167643713 10.05239885963207 0
6.41089176467664 10.31470302440683 0
7.362317012892985 9.59475829820925 0
6.869537473163861 9.589093256201934 0
7.045175263487536 9.834739873608441 0
6.998116238954886 9.120122610764483 0
6.518261892516509 9.097800021388917 0
6.389683126725486 9.566770666826368 0
6.693899682840186 9.343446638795426 0
5.922753973577858 9.527790530082552 0
6.085466570610785 9.790094694857311 0
7.990090463598833 9.106311087663332 0
7.484385730578961 9.117303593024268 0
7.676203738245909 9.350534692936293 0
8.092723939889009 8.637029870099067 0
8.303977188951759 8.862087482390374 0
7.670217441763516 8.186914645516458 0
7.587019206869137 8.648022375460002 0
7.881470690826262 8.411972257807763 0
7.100749715245062 8.650841393200219 0
7.292567722912011 8.884072493112242 0
7.187477225157064 8.193758030121632 0
6.720642974928786 8.188403560241129 0
6.633915465016786 8.645486923319716 0
6.910696345086925 8.419622476720674 0
7.251240218655644 7.740823787798806 0
7.460728830209581 7.963869216657632 0
6.791464518462613 7.743518051648222 0
7.04358162648442 7.519732250792804 0
6.269714691078685 8.170851235874949 0
6.532287915345892 7.959254041137573 0
6.054306535697206 9.063270485311204 0
5.600302575840327 9.00763280119914 0
5.761528274709091 9.267711665640846 0
6.169960108197482 8.610957387242003 0
6.344111000356996 8.85437870431546 0
5.72190374099725 8.564220904462145 0
5.997368545264246 8.369712111687281 0
5.440490547610546 8.74982730422872 0
13.16004252508458 6.490302154011426 0
12.65805455434177 6.766886976914826 0
12.94343676508925 6.918919004726128 0
13.55713076961939 5.615547412295356 0
13.06153123123739 5.91855866478326 0
13.36224430672662 6.054582046656956 0
12.95500631946816 5.366139299856485 0
12.46742039900818 5.649826428042999 0
12.5739453107774 6.202245792969775 0
12.76447581512278 5.78419254641313 0
12.09437300823945 6.466608796854901 0
12.37621378129061 6.616747886884863 0
13.89489198675338 4.716218611212097 0
13.42095028526583 5.050844306977054 0
13.72976959625046 5.16729750509276 0
14.18703557707212 3.801404712060839 0
13.73550789110486 4.165684509423322 0
14.04480646568189 4.259977327072449 0
13.58333193537153 3.639642809876071 0
13.12459610948906 3.979430204997028 0
13.27677206522239 4.505471904544278 0
13.43005200029696 4.072557357210174 0
12.81082809942472 4.820766897423708 0
13.11588919234528 4.93580560220038 0
12.66625508149393 4.297306047554458 0
12.20830885138615 4.593270337548362 0
12.35288186931693 5.116731187417612 0
12.50956847540544 4.707018617486034 0
12.97962829367093 3.477880907691304 0
12.52128726567581 3.795756750248734 0
12.82294168758244 3.887593477622881 0
12.37592465197034 3.316119005506537 0
11.91797842186256 3.61208329550044 0
12.06334103556802 4.091721040242638 0
12.21963284376919 3.703920022874588 0
11.60578960334758 4.365773777673016 0
11.7507574191657 4.86732307497874 0
11.90704922736687 4.479522057610689 0
11.99504912161164 5.917740584569682 0
11.53789248727854 6.169881769436533 0
11.81613274775899 6.318245283145716 0
11.88051059192039 5.384645343944295 0
12.17396549546429 5.517235885993646 0
11.2936007848326 5.11946425984559 0
11.42335395758729 5.636786528811146 0
11.5870556883765 5.252054801894943 0
10.98141196631762 5.873154742018165 0
11.25965222679808 6.021518255727349 0
14.3914387539527 2.863080841296494 0
13.97814102801583 3.260165311805518 0
14.29314786002072 3.333154622515617 0
14.54859335825223 1.915358645394866 0
14.14830604741015 2.336315638433881 0
14.47397801504064 2.389873865442718 0
13.9024342317687 1.830290183055498 0
13.50488603002551 2.230507428610282 0
13.75075784566696 2.736532883988665 0
13.82659603871783 2.283411533522081 0
13.35594875302266 3.116010382059219 0
13.66704489051924 3.188087846932368 0
14.6420822201381 0.9592546957216124 0
14.2708971932619 1.40514343501028 0
14.59933404694881 1.437700267170684 0
14.34564029575684 0.4687312278976886 0
14.66880455397112 0.4797587345083755 0
13.70733866713162 0.4469389879714534 0
13.99047896288837 0.9156702158691419 0
14.02648948144435 0.4578351079345709 0
13.62201600139517 1.34081696391436 0
13.94645659732853 1.37298019946232 0
13.34688755264166 0.8726108603580647 0
12.98114665653088 1.277015617159834 0
13.25627510528439 1.745221720716129 0
13.30158132896302 1.308916290537097 0
13.07704888550896 0.4256718723866112 0
13.39219377632051 0.4363054301790323 0
12.44675910388426 0.4044047568017691 0
12.71130798939751 0.8300766291883803 0
12.76190399469612 0.4150383145941902 0
12.34027731166592 1.213214270405307 0
12.61011597879929 1.660153258376761 0
12.6607119840984 1.245114943782571 0
13.11795169947766 2.611551314203717 0
12.74163124012594 2.973421839835801 0
13.0487899965743 3.04471611094751 0
12.86934077473654 2.126265606309564 0
13.18711340238102 2.178386517459923 0
12.23379551944757 2.022023784008845 0
12.49302031538482 2.488136131941649 0
12.55156814709206 2.074144695159205 0
12.12731372722922 2.830833297612384 0
12.43447248367758 2.902127568724092 0
11.88134197533249 2.366465745954145 0
11.52624925837384 2.689989551663531 0
11.77222101027057 3.154357103321769 0
11.82678149280153 2.760411424637957 0
11.9904629403944 1.578574388586522 0
11.63800939627933 1.923016350531822 0
11.93590245786345 1.972520067270334 0
11.39731599006973 1.500485111345412 0
11.04222327311108 1.824008917054798 0
11.28291667932068 2.246540156241207 0
11.3401163346952 1.87351263379331 0
10.92518478951846 2.549145805714678 0
11.16851736857162 2.992595201137002 0
11.22571702394615 2.619567678689105 0
12.08898147019424 0.7892871942932609 0
11.73916709892273 1.154647312474475 0
12.03972220529432 1.183930791439892 0
11.82972236630406 0.3848824374914918 0
12.13824073509416 0.3946435971466304 0
11.21268562872354 0.3653601181812144 0
11.47990799503244 0.7502425556727061 0
11.52120399751365 0.3751212778363531 0
11.13805688617945 1.096080354543643 0
11.43861199255109 1.125363833509059 0
10.87617575121337 0.7115479999231118 0
10.54228790477926 1.037863479483772 0
10.80416903974534 1.422395834104303 0
10.84017239547935 1.066971917013707 0
10.6009901224874 0.3461878817418975 0
10.9068378756055 0.3557739999615559 0
10.27778473873622 0.6732035270444781 0
10.29781799864551 0.3366893543695216 0
10.21102208942122 1.344306556863193 0
10.24706758590801 1.009017439791578 0
10.68974122474828 2.127658824801303 0
10.32937016210249 2.409346318038859 0
10.56481372687267 2.830833298952234 0
10.62727747581048 2.479246061876769 0
10.45168699138253 1.726045741850808 0
10.74695513224681 1.775027329452803 0
10.1018156116153 2.009821751634433 0
10.15906015651576 1.67750023547497 0
9.961110085173718 2.669071396767467 0
10.03406997808052 2.340054471435325 0
10.86400866452091 5.360947957159789 0
10.43728131631468 5.581543198706976 0
10.70934664131615 5.72734897036257 0
11.17333271093042 4.628145930754227 0
10.74374059061872 4.869629628068425 0
11.01867068772566 4.994546943957007 0
10.62060774461107 4.399199754744073 0
10.19388039640484 4.61979499629126 0
10.31701324241249 5.090224869615612 0
10.46881049351178 4.744712312179843 0
9.893150666311733 5.289931655395788 0
10.16521599131321 5.435737427051382 0
11.4727768606005 3.891251517037998 0
11.04031996818333 4.153623670119209 0
11.32305478576546 4.259698723896112 0
11.32701944900851 3.433525324859326 0
11.62249893543554 3.522804310179883 0
10.73606047615446 3.254967354218213 0
10.89456255659135 3.695897477940537 0
11.03153996258148 3.34424633953877 0
10.47485033301908 3.941473562565402 0
10.75758515060121 4.047548616342305 0
10.3214168777611 3.502264005333542 0
9.91444932303374 3.73104402150206 0
10.06788277829173 4.17025357873392 0
10.19464982802641 3.836258792033731 0
10.15017012847931 3.078129950067564 0
10.44311530231689 3.166548652142889 0
9.753339824109755 3.310351099217012 0
9.859786743828538 2.99048835824742 0
9.515157811972379 3.941307402723766 0
9.636754296769757 3.62677224646144 0
9.774818503714329 4.821869217164446 0
9.353820699719037 5.000687547177609 0
9.623485683015385 5.1453096012867 0
9.648820885601211 4.372327799607104 0
9.921350641003027 4.496061397949183 0
9.237424448426413 4.555880999806288 0
9.378729569619846 4.249699043940538 0
9.086516674877505 4.857327451589436 0
0.4852724900812264 14.83038668294375 0
0.2398793684169972 14.67815227688751 0
0.2426526716617685 14.8380721727613 0
0.9701508204685474 14.80498303405697 0
0.7195067186863564 14.65544338671862 0
0.7277609175313187 14.81868761486212 0
0.9483585806088894 14.47918140526792 0
0.7030968455092954 14.33096044315516 0
0.4742449835867623 14.50722242460586 0
0.7113017820978259 14.49320191493689 0
0.2343656151697651 14.36032014771868 0
0.2371224917933812 14.5192362123031 0
1.453978691593648 14.76355247286867 0
1.198477487917633 14.62070813280356 0
1.212146801183722 14.7852683611204 0
1.936625771830248 14.71013313836758 0
1.67652946571263 14.57396370131485 0
1.69541697190225 14.7378401930968 0
1.894091540427174 14.38705357500248 0
1.638983933713993 14.2482054927083 0
1.421421858999449 14.43511561902067 0
1.657756699713311 14.41108459701158 0
1.171302951690705 14.29358889148503 0
1.184890219804169 14.4571485121443 0
1.389061824886666 14.10867689405835 0
1.144325213945192 13.96846777905263 0
0.9265663407492315 14.15337977647932 0
1.157814082817949 14.13102833526883 0
1.8515573090241 14.06397401163738 0
1.601635200196773 13.92444541298743 0
1.620309566955383 14.08632545284787 0
1.809023077621026 13.74089444827229 0
1.564286466679553 13.60068533326657 0
1.3568985892553 13.78423629798172 0
1.582960833438163 13.762565373127 0
1.117347476199681 13.64334666662024 0
0.9047741008895736 13.82757814769115 0
1.130836345072437 13.80590722283644 0
0.4632831703746157 14.18606488824036 0
0.2289175552048506 14.04449474052308 0
0.2316415851873079 14.20240744412095 0
0.6867526656145519 14.00848422156452 0
0.6949247555619238 14.16972233235984 0
0.6704084857198085 13.6860079999739 0
0.4523870504447868 13.86691407384727 0
0.6785805756671801 13.84724611076921 0
0.2234694952399361 13.72866933332757 0
0.2261935252223934 13.88658203692536 0
2.416652992795577 14.63681399646455 0
2.152616267623094 14.51128568462903 0
2.176786694627579 14.67446666669424 0
2.894717847483274 14.55160897758638 0
2.626477368519316 14.43270838152531 0
2.655865146939304 14.59519923465078 0
2.831443868359037 14.23126852336881 0
2.568061265279098 14.109702170525 0
2.363094765439377 14.3111420286815 0
2.597269316899208 14.27120527602516 0
2.104570038243457 14.18690991905495 0
2.128593152933275 14.34909780184199 0
3.369649297945917 14.45065127127614 0
3.098117750047202 14.34229330289127 0
3.132395521460813 14.50211146271359 0
3.841845209920042 14.33796148151892 0
3.567279688136457 14.2400917132363 0
3.605991197656473 14.39528025449669 0
3.760964258279288 14.03610966081638 0
3.490344556543413 13.93166238691384 0
3.296659986400583 14.13564443933376 0
3.528812122339935 14.08587705007507 0
3.029986104712417 14.02461965981129 0
3.06405192737981 14.18345648135129 0
3.224126597936667 13.82259295463254 0
2.962310382459052 13.70890136397248 0
2.768169889234801 13.91092806915124 0
2.996148243585734 13.86676051189189 0
3.680083306638534 13.73425784011384 0
3.413865348031789 13.62518840783254 0
3.452104952287601 13.77842539737319 0
3.599202354997781 13.4324060194113 0
3.337386139520164 13.31871442875125 0
3.152049132554172 13.51149681717249 0
3.375625743775976 13.47195141829189 0
2.894634660205686 13.39318306813367 0
2.704895910110564 13.59058761493367 0
2.928472521332369 13.55104221605308 0
2.30986359912945 13.98745104039431 0
2.056850869910093 13.86451513297674 0
2.080710454076775 14.02571252601585 0
2.509972223085152 13.78867693902055 0
2.539016744182125 13.94918955477277 0
2.451883180891207 13.4676517075161 0
2.256959493865796 13.66574103160298 0
2.48092770198818 13.62816432326832 0
2.009131701576728 13.54212034689852 0
2.032991285743411 13.70331773993763 0
2.204446985502721 13.34599971335747 0
1.961804130143945 13.221694251366 0
1.766488846217952 13.41781488490705 0
1.985467915860337 13.38190729913226 0
2.642405124787489 13.2741845418079 0
2.394968929399004 13.15253254764928 0
2.423426055145105 13.31009212758269 0
2.580697533265575 12.96171884977394 0
2.3380546779068 12.83741338778247 0
2.152326074040227 13.0282270856578 0
2.366511803652901 12.99497296771587 0
1.914476558711161 12.90126815583347 0
1.723954614814879 13.09473532154166 0
1.938140344427553 13.06148120359973 0
3.080363264072258 13.20236937025833 0
2.828133728654062 13.08337084393256 0
2.861384194429874 13.23827695603312 0
3.518321403357026 13.13055419870876 0
3.26129852790912 13.01420914021585 0
3.299342333714642 13.16646178448355 0
3.437440451716273 12.82870237800622 0
3.185210916298077 12.70970385168045 0
3.009068992490924 12.89521061389008 0
3.223254722103599 12.86195649594815 0
2.761632797102438 12.77355861973146 0
2.79488326287825 12.92846473183201 0
2.93777472090959 12.58805185752183 0
2.695131865550814 12.46374639553035 0
2.518989941743662 12.64925315773998 0
2.728382331326626 12.61865250763091 0
3.356559500075519 12.52685055730368 0
3.109123304687032 12.40519856314506 0
3.147167110492555 12.55745120741276 0
3.275678548434765 12.22499873660114 0
3.033035693075989 12.10069327460966 0
2.866480449328257 12.28089310115358 0
3.071079498881511 12.25294591887736 0
2.62863093399919 12.15393417132925 0
2.457282350221748 12.33678746570602 0
2.661881399775002 12.3088402834298 0
2.100205162577733 12.71045445795813 0
1.867148987278377 12.58084206030095 0
1.681420383411805 12.77165575817629 0
1.890812772994769 12.74105510806721 0
2.281140426414595 12.52229422791565 0
2.309597552160697 12.67985380784906 0
2.224226174922392 12.20717506804884 0
2.048084251115239 12.39268183025846 0
2.252683300668494 12.36473464798224 0
1.819821415845593 12.26041596476842 0
1.638886152008731 12.44857619481091 0
1.843485201561985 12.42062901253469 0
0.4416222115544881 13.54976622123031 0
0.2181527163145519 13.41484688790751 0
0.220811105777244 13.57175811061737 0
0.8832444231089761 13.50578244245584 0
0.6544581489436557 13.36954066371224 0
0.6624333173317322 13.52777433184307 0
0.8619773074074393 13.18799266077336 0
0.6385078121675031 13.05307332745041 0
0.4309886537037196 13.23462133038929 0
0.6464829805555794 13.21130699558132 0
0.2128359373891677 13.10102444248699 0
0.2154943268518598 13.25793566519713 0
1.324866634663464 13.46179866368144 0
1.090763581572759 13.32423443951704 0
1.10405552888622 13.48379055306864 0
1.527069014201863 13.27892821532192 0
1.545677740440708 13.43980677429424 0
1.489851561724174 12.95717109737726 0
1.292965961111159 13.14136399115751 0
1.508460287963019 13.11804965634959 0
1.064179686945838 13.00512221241384 0
1.077471634259299 13.16467832596544 0
1.261065287558853 12.82092931863361 0
1.037595792318918 12.68600998531072 0
0.8407101917059023 12.87020287909094 0
1.050887739632378 12.84556609886228 0
1.452634109246485 12.63541397943264 0
1.471242835485329 12.79629253840495 0
1.415416656768795 12.31365686148801 0
1.229164614006548 12.50049464610974 0
1.434025383007639 12.47453542046032 0
1.011011897691996 12.3668977582076 0
0.8194430760043655 12.55241309740857 0
1.024303845005457 12.52645387175916 0
0.4203550958529512 12.91947643954827 0
0.2075191584637835 12.78720199706688 0
0.2101775479264756 12.94411321977695 0
0.6225574753913505 12.7366059911888 0
0.6305326437794267 12.89483965931961 0
0.6066071386151978 12.42013865492718 0
0.4097215380021828 12.60433154870741 0
0.6145823070032742 12.57837232305799 0
0.2022023795383993 12.47337955164677 0
0.2048607690010914 12.63029077435674 0
4.307123760351759 14.1994557454898 0
4.030691042674198 14.11592101469554 0
4.074760162695766 14.26967398855025 0
4.768905314626574 14.04942195797376 0
4.488097994437629 13.96984921792235 0
4.538321653571804 14.12539469000703 0
4.66353196062648 13.74036199726877 0
4.388264908334552 13.66066995030349 0
4.2128309421457 13.89015717095706 0
4.43818145138609 13.81525958411292 0
3.943104157750791 13.81034581707791 0
3.986897600212494 13.96313341588673 0
5.225524132868836 13.88417924082838 0
4.94175808557544 13.8123307814798 0
4.99755294961119 13.9677458773291 0
5.677899471521291 13.70766186918587 0
5.391422488276665 13.64345017103115 0
5.452080775586802 13.79685426038414 0
5.553195414536662 13.40659964426207 0
5.270843860439868 13.3385094030792 0
5.109070934179871 13.57535992984828 0
5.331133174358267 13.49097978705517 0
4.830844809230911 13.50339114563725 0
4.886301447403175 13.65786096355852 0
4.993324982089208 13.26841972795103 0
4.720638779484682 13.19633061887756 0
4.558158606626385 13.43130203656379 0
4.775741794357796 13.34986088225741 0
5.42849135755203 13.10553741933828 0
5.150972479201371 13.03544774421011 0
5.210908169820619 13.18697857364465 0
5.3037873005674 12.80447519441448 0
5.031101097962875 12.73238608534101 0
4.878286276596846 12.96335863513664 0
5.091036788582123 12.88391691477556 0
4.610432749738454 12.88927009211787 0
4.452785252626292 13.1222420758588 0
4.665535764611569 13.04280035549772 0
4.11912095663246 13.58277993833881 0
3.856100105520203 13.50669196137475 0
3.899602131635497 13.65851888922633 0
4.289014654924293 13.35341202459911 0
4.338639781629422 13.5070409874513 0
4.189764401514034 13.04615409889474 0
4.025993803812036 13.27732404763505 0
4.239389528219164 13.19978306174692 0
3.769096053289614 13.2030381056716 0
3.812598079404908 13.35486503352317 0
6.12259377119176 13.51260082913804 0
5.835064761359987 13.45968752413137 0
5.900645947180161 13.61105248214987 0
6.562316279354034 13.30656681127057 0
6.272442134185942 13.26114339967295 0
6.342884275870967 13.41049139445452 0
6.418288098007743 13.01351820434369 0
6.132416352012035 12.96426255861024 0
5.986570388190234 13.21188775393949 0
6.202429243098988 13.11270297914159 0
5.704701041366908 13.15879987407019 0
5.769882901363447 13.30924369910078 0
6.994935055947631 13.08612785044557 0
6.704610615099543 13.05173962654363 0
6.7790843834428 13.19724037448498 0
7.421875018565393 12.85506457670652 0
7.131334529944906 12.8315924263786 0
7.208892727031813 12.97147377028455 0
7.265625018177839 12.58443163824764 0
6.977193515321696 12.55358485198371 0
6.842903027088764 12.80074564011468 0
7.054264022633301 12.69258863918116 0
6.556580509996964 12.76252421791474 0
6.630595562548253 12.90713192222918 0
6.691817467225869 12.51713414860279 0
6.409496873890359 12.47507952810486 0
6.274259916661453 12.72046959741682 0
6.48303869194366 12.6188018730098 0
7.109375017790286 12.31379869978876 0
6.823998969694459 12.27734799640783 0
6.900596242508078 12.41546642419577 0
6.953125017402733 12.04316576132988 0
6.670804424067223 12.00111114083195 0
6.541678376358949 12.23529337590991 0
6.747401696880841 12.13922956861989 0
6.262413237783754 12.18763483829499 0
6.130231735315165 12.42742099048994 0
6.335955055837056 12.33135718319993 0
5.851375637106742 12.91300350837755 0
5.575165953291863 12.85974105364563 0
5.639933497329386 13.00927046385791 0
5.993219201756161 12.66921054718413 0
6.062817776884097 12.81673655289718 0
5.854022051500287 12.37415853575802 0
5.717009517941283 12.61594809245221 0
5.923620626628224 12.52168454147108 0
5.445630865216819 12.56068223322106 0
5.510398409254341 12.71021164343334 0
5.583531186940872 12.32069293283576 0
5.316983565306824 12.26342366910538 0
5.17908324358277 12.50341296949068 0
5.381307215261822 12.41205295116322 0
5.987979130298974 12.13797289618084 0
5.71748826573956 12.08450729325857 0
5.785755158619924 12.2293329145083 0
5.847502101612884 11.85212531448949 0
5.580954479978835 11.79485605075912 0
5.450940644105511 12.02723802952819 0
5.649221372859198 11.93968167200884 0
5.188336265396829 11.96616510498969 0
5.05437918659814 12.20235074456688 0
5.252659915351826 12.11479438704754 0
6.392427073657077 11.95525285952592 0
6.117992966172298 11.90559091741176 0
6.190203101978026 12.04661287785337 0
6.796875017015179 11.77253282287099 0
6.518497666605034 11.72667454156496 0
6.594651045336128 11.86389284119845 0
6.640625016627626 11.50189988441211 0
6.366190909142847 11.45223794229796 0
6.244063559120255 11.6770125994508 0
6.442344287873941 11.58945624193146 0
5.973572694560841 11.62354699652854 0
6.045782830366569 11.76456895697015 0
6.095700044583433 11.39877233937569 0
5.829152422949385 11.34150307564531 0
5.707025072926792 11.56627773279816 0
5.901362558755112 11.48252503608692 0
6.484375016240073 11.23126694595323 0
6.213884151680659 11.17780134303096 0
6.290037530411754 11.31501964266446 0
6.32812501585252 10.96063400749435 0
6.061577394218471 10.90336474376396 0
5.947336530046611 11.12053207930058 0
6.137730772949565 11.04058304339746 0
5.684732151337927 11.05945915476208 0
5.566548044240701 11.28043015110682 0
5.756942287143656 11.2004811152037 0
5.318350101270152 11.73378312622062 0
5.059688965486833 11.66890654087401 0
4.929675129613511 11.90128851964308 0
5.124012615441831 11.81753582293185 0
5.444420694218109 11.50520480825966 0
5.512687587098472 11.65003042950939 0
5.307886908457382 11.21555356576021 0
5.185759558434791 11.44032822291305 0
5.376153801337747 11.36037918700993 0
4.931041665576839 11.37164797675833 0
4.804971072628881 11.60022629471928 0
4.995365315531837 11.52027725881617 0
3.933511863413462 12.97376889140424 0
3.682737213480875 12.9012849844414 0
3.725916633385244 13.0521615450565 0
4.348702323469898 12.81698358409972 0
4.092449785369326 12.74459837660923 0
4.14110709344168 12.89537623775198 0
4.245909819157206 12.51552656128655 0
3.995135169224619 12.44304265432371 0
3.841675135436739 12.67211446964639 0
4.043792477296973 12.59382051546647 0
3.596378373672137 12.5995318632112 0
3.639557793576506 12.7504084238263 0
4.763892783526334 12.6601982767952 0
4.502162357257777 12.58791176877705 0
4.556297553498116 12.73859093044746 0
4.911874929146229 12.43122516094487 0
4.971488013554552 12.58180562314294 0
4.792648760329584 12.13006423654873 0
4.650144502877673 12.35893865292672 0
4.852261844737907 12.2806446987468 0
4.393891964777101 12.28655344543622 0
4.448027161017439 12.43723260710664 0
4.536396222229013 12.05767902905823 0
4.285621572296426 11.98519512209539 0
4.143117314844515 12.21406953847338 0
4.339756768536764 12.1358742837658 0
4.673422591512939 11.82890331215259 0
4.733035675921262 11.97948377435066 0
4.554196422696293 11.52774238775645 0
4.422647941580353 11.75641940518975 0
4.613809507104616 11.67832284995452 0
4.17735117981575 11.68383679875457 0
4.040324810531823 11.91261251566021 0
4.231486376056088 11.83451596042498 0
3.749838407460017 12.37046004788853 0
3.510019533863399 12.29777874198101 0
3.553198953767768 12.44865530259611 0
3.897820553079912 12.1414869320382 0
3.946477861152266 12.29226479318096 0
3.800505936935205 11.83993120975269 0
3.658001679483294 12.06880562613068 0
3.849163245007559 11.99070907089544 0
3.42366069405466 11.99602562075081 0
3.466840113959029 12.14690218136591 0
3.567443822553081 11.77023867214513 0
3.338580725292432 11.69735996729251 0
3.194797596794011 11.92314691589819 0
3.381120709673546 11.84669279402166 0
3.940090048312151 11.61733042839206 0
3.707027933930028 11.5476378907845 0
3.753766935432616 11.6937845502686 0
3.842413028185501 11.32822327666893 0
3.613549930924851 11.25534457181631 0
3.478164836669379 11.47475918593188 0
3.66028893242744 11.4014912313004 0
3.253500756530204 11.3986943138342 0
3.113916645153258 11.62129509519483 0
3.296040740911319 11.54802714056336 0
4.312736274071222 11.46442218463899 0
4.075475142567623 11.39791581427649 0
4.126413161191686 11.54087630651553 0
4.685382499830292 11.31151394088593 0
4.44392235120522 11.24819373776848 0
4.499059386950757 11.38796806276246 0
4.570909411217745 11.03515145814302 0
4.333648279714146 10.96864508778051 0
4.206661219701622 11.18168736740597 0
4.388785315459683 11.10841941277449 0
3.973599105319499 11.11199482979841 0
4.024537123943562 11.25495532203745 0
4.100586165332023 10.89895255017295 0
3.871723068071374 10.82607384532033 0
3.74473600805885 11.03911612494579 0
3.922661086695435 10.96903433755937 0
4.456436322605197 10.7587889754001 0
4.223374208223073 10.68909643779254 0
4.27851124396861 10.82887076278653 0
4.341963233992649 10.48242649265719 0
4.113100136732 10.40954778780457 0
3.994511110962424 10.61621773293992 0
4.168237172477537 10.54932211279856 0
3.769847030823249 10.54015286084224 0
3.647058987932199 10.75000897322265 0
3.820785049447311 10.68311335308129 0
3.388885850785676 11.17927969971863 0
3.168420787767976 11.1000286603759 0
3.033035693512503 11.31944327449147 0
3.21096077214909 11.24936148710505 0
3.520071927919675 10.96305125284811 0
3.566810929422263 11.10919791233221 0
3.426593924914498 10.67075793387992 0
3.299606864901974 10.88380021350538 0
3.473332926417087 10.81690459336402 0
3.083340819005747 10.80136300691759 0
2.952154741871749 11.01759145378811 0
3.125880803386861 10.95069583364675 0
5.057005628738962 11.15613572292331 0
4.811346462992415 11.09600168705092 0
4.871194064284627 11.23382483190462 0
5.42862875764763 11.0007575049607 0
5.177747477929208 10.9413396621238 0
5.242817193193297 11.078446613942 0
5.29326721314758 10.7272597943598 0
5.047608047401033 10.6671257584874 0
4.932088312182662 10.88120562625141 0
5.112677762665122 10.8042327103056 0
4.691651260407991 10.82035539734351 0
4.751498861700204 10.95817854219721 0
5.800251886556298 10.84537928699808 0
5.544148492866001 10.78667763719669 0
5.614440322101965 10.92306839597939 0
6.171875015464967 10.69000106903546 0
5.910549507802794 10.63201561226958 0
5.986063451010632 10.76769017801677 0
6.015625015077414 10.41936813057658 0
5.759521621387116 10.36066648077519 0
5.654446114112496 10.57331396246819 0
5.835035564594955 10.49634104652239 0
5.403564834394075 10.5138961196313 0
5.473856663630038 10.65028687841399 0
5.508640341668695 10.3012486379383 0
5.262981175922149 10.2411146020659 0
5.157905668647528 10.4537620837589 0
5.333273005158111 10.3775053608486 0
5.859375014689861 10.14873519211769 0
5.608493734971439 10.0893173492808 0
5.684007678179277 10.224991915028 0
5.703125014302308 9.878102253658813 0
5.457465848555762 9.817968217786415 0
5.362834569224893 10.02918331340841 0
5.532979791763601 9.95364278353361 0
5.122397517450223 9.968333084500507 0
5.022544124147478 10.180264373158 0
5.192689346686186 10.1047238432832 0
4.807170995626363 10.6062755295795 0
4.571956057823568 10.5447091076361 0
4.631803659115779 10.6825322524898 0
4.917468616872858 10.392911854851 0
4.982538332136945 10.5300188066692 0
4.787329186344683 10.1186979512146 0
4.682253679070064 10.3313454329076 0
4.852398901608771 10.2558049030328 0
4.452260855239144 10.26906281792869 0
4.512108456531356 10.40688596278239 0
4.557928221297958 10.05761550710005 0
4.333157511438914 9.99461669908564 0
4.227490145380102 10.20606400991428 0
4.39270918333903 10.13183975850717 0
4.888366297215814 9.909167004285823 0
4.658965332169088 9.848084560171277 0
4.723147259256887 9.983391255692936 0
4.755372187852535 9.640469977142363 0
4.530601477993493 9.577471169127953 0
4.434194622310045 9.785085752156863 0
4.594783405081291 9.712777864649613 0
4.214054167638684 9.72017058024259 0
4.113017056767554 9.929701527171364 0
4.273605839538799 9.857393639664114 0
5.217620655565284 9.758318159742876 0
4.983589435330876 9.699152079528192 0
5.052993476390549 9.83374258201435 0
5.546875013914755 9.607469315199928 0
5.307029820924278 9.547819257156389 0
5.382247834740019 9.682893737471401 0
5.390625013527202 9.336836376741047 0
5.156593793292792 9.277670296526363 0
5.072998600689869 9.488653176941705 0
5.231811807108535 9.412744776841377 0
4.844781353211529 9.429971074555876 0
4.914185394271202 9.564561577042033 0
4.929007525155804 9.220168673342114 0
4.706604250433532 9.161970548785142 0
4.622378078489257 9.371772949998906 0
4.77569280182253 9.295970811670511 0
5.234375013139648 9.066203438282162 0
5.006788745002659 9.008701815097915 0
5.081691269147726 9.143186055812137 0
5.078125012752095 8.795570499823281 0
4.785647428963089 8.952864648944104 0
4.932211347342125 8.874802612204348 0
4.489383969125978 9.103075922855446 0
4.637821509523201 9.028565648340651 0
4.311013444697377 9.513775216923936 0
4.095503245213699 9.446943681109799 0
3.998543968155007 9.653339044428453 0
4.154778706426192 9.583557130676194 0
4.402790045193141 9.308076997794888 0
4.466695761593317 9.442774083461421 0
4.188384688459951 9.243683901401266 0
4.33917049590714 9.173984961601596 0
3.884070879542459 9.376976561685542 0
4.036494001217705 9.310944320201752 0
3.210758020617313 10.58958788361193 0
2.99869099184256 10.50396450977908 0
2.871273790230996 10.71573963308475 0
3.041015905424154 10.65266375834834 0
3.550242251003629 10.4634361341391 0
3.334406346706444 10.38226608387111 0
3.380500135810471 10.52651200887552 0
3.454285797273141 10.17939760769515 0
3.242218768498389 10.09377423386231 0
3.122339317931691 10.29664271003827 0
3.288312557602416 10.23802015886671 0
2.914041164679372 10.20656601264058 0
2.790392838590241 10.41388781238139 0
2.956366078260966 10.35526526120983 0
3.888866198191866 10.33475007202669 0
3.669261418372246 10.25803334532355 0
3.719554224597748 10.3990931030829 0
4.003256206839968 10.1312662941364 0
4.058178171785984 10.27040704097049 0
3.893412276947935 9.852984800468224 0
3.783651427020348 10.05454956743326 0
3.948334241893952 9.992125547302312 0
3.568675805921243 9.975913829804856 0
3.618968612146745 10.1169735875642 0
3.678908153562986 9.775601802235549 0
3.468561691184396 9.695047053681888 0
3.358329343542652 9.895359081251195 0
3.51861874855282 9.835480441743373 0
3.784039844770058 9.575956046195778 0
3.838726060858996 9.714470423332001 0
3.574636377819782 9.497906776433563 0
3.72959961091374 9.438064139322698 0
3.262372889812164 9.611320554807241 0
3.418730117677869 9.555243850922448 0
3.034309170314694 10.00497843109055 0
2.829779892584809 9.910448410128009 0
2.709511886949487 10.11203599167803 0
2.871910528632091 10.05850721138429 0
3.150419745358958 9.806563278479441 0
3.196319256928673 9.950168756170875 0
2.946667577766321 9.714595046768778 0
3.10472497785468 9.663595026301639 0
2.628630935308734 9.810184170974669 0
2.787833041619418 9.763033192221654 0
0.3995241792307904 12.2924999189127 0
0.1973217996923912 12.16287036727185 0
0.1997620896153952 12.31812495945923 0
0.7990483584615808 12.24124983781948 0
0.5919653990771736 12.113611101805 0
0.5992862688461855 12.26687487836609 0
0.7795260390775487 11.93671310032366 0
0.5773236595391493 11.80708354868231 0
0.3897630195387743 11.98398155016365 0
0.5846445293081615 11.96034732524365 0
0.1924412198463831 11.85236118289544 0
0.1948815097693872 12.00761577508364 0
1.198572537692371 12.18999975672651 0
0.9866089984619559 12.06435183633839 0
0.9988104480769761 12.21562479727299 0
1.598096716923162 12.13874967563354 0
1.381252597846738 12.01509257087204 0
1.398334627307766 12.16437471618002 0
1.559052078155097 11.84217620064418 0
1.347088538924682 11.71652828025606 0
1.169289058616323 11.88944465048392 0
1.36417056838571 11.86581042556405 0
0.9622060992319156 11.76180591446918 0
0.9744075488469358 11.91307887540379 0
1.140005579540274 11.58888954424149 0
0.9378032000018752 11.45925999260049 0
0.7600037196935163 11.63217636282818 0
0.9500046496168953 11.61053295353483 0
1.520007439387033 11.54560272565482 0
1.312924480002625 11.41796398964025 0
1.330006509463654 11.56724613494815 0
1.480962800618968 11.24902925066546 0
1.278760421080569 11.11939969902445 0
1.110722100464226 11.28833443799924 0
1.295842450541597 11.26868184433235 0
0.913400300771835 11.15671407073179 0
0.7404814003094842 11.32763962533303 0
0.9256017503868552 11.30798703166614 0
0.3800018598467582 11.67546318141475 0
0.1875606400003751 11.54185199852063 0
0.1900009299233791 11.69710659070799 0
0.5626819200011252 11.50055599556061 0
0.5700027897701372 11.65381977212146 0
0.548040180463101 11.19402844243913 0
0.3702407001547421 11.36694481266671 0
0.5553610502321131 11.34729221899987 0
0.182680060154367 11.23134281414647 0
0.185120350077371 11.38659740633353 0
1.997271936890874 12.0848489856997 0
1.775547237968443 11.96318269656481 0
1.797684326907018 12.11179933066662 0
2.396447156858587 12.03094829576586 0
2.169492918827069 11.90862221341673 0
2.19685954687473 12.05789864073278 0
2.336484361654177 11.7317356479195 0
2.114759662731746 11.61006935878461 0
1.947768219904637 11.78695592428184 0
2.142126290779408 11.75934578610067 0
1.731273060091292 11.6659494283612 0
1.753410149029867 11.81456606246301 0
2.795622376826299 11.97704760583203 0
2.563438599685695 11.85406173026864 0
2.596034766842443 12.00399795079894 0
2.957384280544321 11.79950124712055 0
2.995209986810155 11.95009726086511 0
2.881732868012654 11.49830921963144 0
2.725200503403718 11.67651537155717 0
2.919558574278487 11.648905233376 0
2.4982462653722 11.55418928920803 0
2.530842432528948 11.70412550973833 0
2.654778629981136 11.3759831372823 0
2.433053931058704 11.25431684814742 0
2.276521566449769 11.43252300007314 0
2.465650098215453 11.40425306867772 0
2.806081455480986 11.19711719214233 0
2.84390716174682 11.34771320588689 0
2.730430042949318 10.89592516465322 0
2.584356756558554 11.07545090300744 0
2.768255749215152 11.04652117839778 0
2.367861596745209 10.95444440708681 0
2.216558771245359 11.13331035222678 0
2.400457763901957 11.10438062761711 0
1.898264502918401 11.48906286286398 0
1.686998882214141 11.36871616015759 0
1.709135971152717 11.5173327942594 0
2.060026406636423 11.31151650415251 0
2.087393034684085 11.46079293146856 0
2.0052931505411 11.0129636495204 0
1.848760785932164 11.19116980144612 0
2.032659778588761 11.16224007683645 0
1.642724704336991 11.07148289195398 0
1.664861793275566 11.22009952605579 0
1.799518133527656 10.89458920039885 0
1.598711591041569 10.77556208412135 0
1.441918161850904 10.95245577567649 0
1.62071814768928 10.92352248803767 0
2.157118105204409 10.8367226251212 0
1.951343088190965 10.71834817599965 0
1.978318119366032 10.86565591276002 0
2.098199568326918 10.54275981875641 0
1.897393025840831 10.42373270247892 0
1.750536545704878 10.59932105972216 0
1.924368057015898 10.57104043923928 0
1.554698477746148 10.47964127628872 0
1.402873523082839 10.65588230068791 0
1.576705034393859 10.62760168020504 0
2.514195947717702 10.77623112910298 0
2.303452456176902 10.65850934713737 0
2.335657026461055 10.80647687711209 0
2.65503969499938 10.5960455975345 0
2.692734868974349 10.74598538109386 0
2.579649347049441 10.29616603041578 0
2.444296203458579 10.4783238155689 0
2.61734452102441 10.44610581397514 0
2.239043315608595 10.36257428718794 0
2.271247885892749 10.51054181716265 0
2.37470040792403 10.18172006686539 0
2.174938123764862 10.06794279206907 0
2.039281031449427 10.24879701239161 0
2.206990719686729 10.2152585396285 0
2.504562947824077 9.997590028127636 0
2.542106147436759 10.14687802927171 0
2.305408561114056 9.886419882992453 0
2.467182377394662 9.848951279043032 0
1.980362494571936 9.954834206026817 0
2.143026827007589 9.921281270033113 0
1.701772998586947 10.3053735720428 0
1.510903405155573 10.18504112145342 0
1.363828884314775 10.35930882569934 0
1.532800941450861 10.33234119887107 0
1.843661004195542 10.1304378819555 0
1.870527015018187 10.27708529221721 0
1.653227492173861 10.01274673736076 0
1.816914811212025 9.984448970116198 0
1.32478424554671 10.06273535071076 0
1.489104077118277 10.03840311021483 0
0.3605670611607683 11.05976175177221 0
0.1778870010064013 10.92216893762564 0
0.1802835305803841 11.07675587588616 0
0.7211341223215365 11.02577350354452 0
0.5336610030192037 10.89150681287759 0
0.5408505917411524 11.04276762765836 0
0.7019618857296734 10.72657799746263 0
0.5192818255753064 10.58898518331617 0
0.3509809428648367 10.75391399873114 0
0.5264714142972551 10.74024599809688 0
0.1730939418584355 10.61299506110516 0
0.1754904714324184 10.76758199936532 0
1.08152614208622 10.9891146396105 0
0.8892599636359216 10.85817407242323 0
0.9013301322038785 11.00744407157751 0
1.244683882856555 10.82217071626254 0
1.261722151968562 10.9707852076435 0
1.210607344632541 10.52494173350064 0
1.052417704406256 10.69123014907527 0
1.227645613744548 10.67355622488159 0
0.8651196265000083 10.55963407411467 0
0.877189795067965 10.70890407326895 0
1.023440465716949 10.39467774446548 0
0.8411104883547509 10.26242616173165 0
0.6827896491378105 10.42738249138084 0
0.8531150574273796 10.41103011792316 0
1.176662005399183 10.22904483666418 0
1.193634675015862 10.37699328508241 0
0.9945944260182972 10.09945742578114 0
1.159765829225293 10.08176131323473 0
0.6636174125459474 10.12818698529916 0
0.8291606160473954 10.1144892773132 0
0.3414386200943207 10.44940406034056 0
0.1683446782358852 10.30515899923495 0
0.1707193100471603 10.45907703016991 0
0.5049464436568247 10.28780136840523 0
0.5121141346160656 10.4383932758607 0
0.3319400928492202 10.14623193660054 0
0.4978115942081938 10.13787796519199 0
0.165980997507425 10.15191018916127 0
7.835451663954482 12.60085535894281 0
7.546817783598232 12.59171305724166 0
7.629179482802256 12.72882109789644 0
8.242666791480108 12.33641598754406 0
7.950832808096978 12.33223290555912 0
8.039603268330723 12.46947945455851 0
8.060893343258106 12.06515962067997 0
7.774379968856344 12.05942737019049 0
7.664319433695217 12.32650065506964 0
7.86260638847666 12.1958301378748 0
7.383126668274823 12.31921923607563 0
7.464972225936528 12.45546614665864 0
8.640958738131145 12.05862213275632 0
8.348266034854266 12.06266590786567 0
8.442384121774484 12.19834458925813 0
9.032233702990574 11.77103609132052 0
8.738898975894049 11.78315805315696 0
8.83719428225395 11.91563550481168 0
8.833858195906769 11.51250809806867 0
8.543504486560426 11.51981593539404 0
8.448545266547706 11.79046589048233 0
8.641201731227238 11.6514869942755 0
8.161172574951546 11.79295960329663 0
8.254719304902906 11.92781275558115 0
8.257301291929537 11.52394167931635 0
7.975248612014095 11.52488532983559 0
7.879119895036106 11.79390325381588 0
8.068210593482821 11.65892246656611 0
8.635482688822965 11.25398010481682 0
8.349279494192073 11.25810584873913 0
8.446391990376249 11.38896089206659 0
8.437107181739158 10.99545211156497 0
8.15505450182372 10.99639576208422 0
8.067226814276633 11.25904949925837 0
8.252166998007898 11.12725080541167 0
7.789324649076644 11.25681105637456 0
7.697346446814106 11.52264688695178 0
7.882286630545369 11.39084819310508 0
7.494247456413195 12.05385097680232 0
7.220495805928658 12.04843044051545 0
7.30181123710174 12.18382483829554 0
7.598987382592956 11.7883268604277 0
7.68668367572465 11.9238771153091 0
7.423594796329569 11.51722635066491 0
7.325235732108418 11.78290632414083 0
7.511291089461262 11.65277660554631 0
7.057864943582493 11.77764164495526 0
7.139180374755576 11.91303604273535 0
9.411289899650306 11.46752624061763 0
9.119863232108397 11.49083389680379 0
9.22238592721008 11.62006755898155 0
9.782703699135187 11.15470410131521 0
9.490950331702896 11.18585340482234 0
9.597646321218908 11.31188072207421 0
9.567736598140156 10.90891812014818 0
9.278857396323197 10.93532987253418 0
9.202071129885937 11.21226515720835 0
9.384903864013046 11.06059163867826 0
8.916066093684311 11.23393935847323 0
9.017964662896354 11.36238662763851 0
10.14352754671165 10.82980643705664 0
9.854195344078704 10.87173145822212 0
9.963789845141795 10.99299915862385 0
10.49611630727017 10.49611625920546 0
10.20940070595479 10.54864131533876 0
10.32052012752722 10.66368277942508 0
10.27514543750953 10.27514539072451 0
9.988558263882563 10.32000124975419 0
9.922813532327829 10.59349717436845 0
10.09897948491868 10.43432128254648 0
9.636354786389282 10.63068383629451 0
9.745275065233992 10.75120764725831 0
9.703472032447003 10.35865333061236 0
9.419886743202849 10.39110163329899 0
9.352769497145127 10.66313213898115 0
9.528120764796066 10.51089273479675 0
10.05417456774888 10.05417452224356 0
9.76908833631332 10.09282660310172 0
9.878823300097942 10.20641392642796 0
9.833203697988234 9.833203653762617 0
9.549618408744079 9.865651956449256 0
9.485503047069166 10.12527490578836 0
9.659353372528701 9.97923927977549 0
9.203418700016416 10.15151943030348 0
9.137802396150098 10.41734615781411 0
9.311652721609631 10.27131053180124 0
8.994126092984045 10.95855612189898 0
8.713542688122699 10.97859686824258 0
8.814804390903504 11.1062681133579 0
9.068038193805975 10.68635838834594 0
9.173447795064586 10.81084413044006 0
8.857218991288752 10.43738690415771 0
8.787454788944629 10.70639913468954 0
8.962628592547363 10.56187264625182 0
8.511019282561088 10.72325437801193 0
8.612280985341894 10.85092562312725 0
8.582106963048412 10.45575128505525 0
8.309819355142677 10.46942102535644 0
8.238731674655353 10.73692411831312 0
8.410419318851883 10.59633770168418 0
8.925482251441471 10.17457845179739 0
8.650370223201131 10.19294283269494 0
8.753794607244942 10.31516486842632 0
8.715809063019245 9.934829020930994 0
8.44352145511351 9.94849876123218 0
8.378082615295396 10.20661257299613 0
8.546945839157321 10.07072079696356 0
8.108619427724268 10.21558767270095 0
8.040356167571549 10.47839612506126 0
8.209219391433473 10.3425043490287 0
9.26885753983453 9.893405618539532 0
8.990921091259585 9.916464640033444 0
9.097169895638 10.03399203516846 0
9.612232828227588 9.612232785281673 0
9.331471959318039 9.639986447371948 0
9.440545184031059 9.752819201910604 0
9.391261958466941 9.391261916800726 0
9.113325509891997 9.414320938294638 0
9.053535510743094 9.66304546886586 0
9.222398734605017 9.527153692833293 0
8.778423482502754 9.681409849763408 0
8.88467228688117 9.798937244898426 0
8.838213481651657 9.432685319192187 0
8.565925873745922 9.446355059493373 0
8.506135874597019 9.695079590064594 0
8.672174678124337 9.56388245462839 0
9.170291088706296 9.170291048319779 0
8.895179060465955 9.188655429217327 0
9.004252285178978 9.301488183755984 0
8.949320218945649 8.949320179838832 0
8.677032611039916 8.962989920140018 0
8.622891452560221 9.202325169518513 0
8.786105835752936 9.075822674678673 0
8.353428264989091 9.211300269223337 0
8.296462686174793 9.455330159198196 0
8.459677069367505 9.328827664358355 0
8.17405826754238 9.957473860937002 0
7.907419500305856 9.961754320045461 0
7.841980660487743 10.21986813180941 0
8.008019464015062 10.0886709963732 0
8.236672687025889 9.704054689769418 0
8.3400970710697 9.826276725500797 0
8.02982391893827 9.459610618306655 0
7.970033919789365 9.708335148877877 0
8.13324830298208 9.581832654038037 0
7.706219572887447 9.707920967389974 0
7.643605153403938 9.961340138557556 0
7.806819536596652 9.834837643717716 0
7.157339181425223 11.51363064673152 0
6.896349254857909 11.50852182464726 0
6.977107099220201 11.64308173480126 0
7.517803345835267 11.25472847059205 0
7.251547730930921 11.25113276665866 0
7.337571263630244 11.38417955866179 0
7.340490592099587 10.99014800473669 0
7.079500665532273 10.98503918265242 0
6.990557804363607 11.2460239445744 0
7.165524198231597 11.11808597465554 0
6.734833566133324 11.23940200433925 0
6.815591410495616 11.37396191449325 0
7.87826751024531 10.99582629445258 0
7.606746207003933 10.99374370867007 0
7.698035428040289 11.12527738252232 0
7.961944683076945 10.73635465068148 0
8.058499592450332 10.86637520638285 0
7.768834864330171 10.47631353927875 0
7.690423379835568 10.73427206489897 0
7.865389773703559 10.60633409498012 0
7.424167764931222 10.73067636096559 0
7.515456985967577 10.86221003481783 0
7.502579249425826 10.47271783534536 0
7.241589322858512 10.4676090132611 0
7.163177838363908 10.72556753888132 0
7.332878543894867 10.59914268711334 0
7.575725045583398 10.21627242787602 0
7.672279954956783 10.34629298357739 0
7.382615226836624 9.956231316473289 0
7.314735119016084 10.21116360579175 0
7.47917013621001 10.08625187217466 0
7.059010880785801 10.20454166555661 0
6.985865084628229 10.46098707302595 0
7.150300101822156 10.33607533940885 0
6.823776427301991 10.97841724241727 0
6.57331787740874 10.97028218403125 0
6.654075721771032 11.10484209418525 0
6.907453600133626 10.71894559864617 0
6.99347713283295 10.8519923906493 0
6.735406534734978 10.45285201463993 0
6.656995050240375 10.71081054026015 0
6.821430067434302 10.58589880664305 0
6.411802188684155 10.70116236372325 0
6.492560033046448 10.83572227387725 0
10.8298064808574 10.14352750004628 0
10.54864136071891 10.20940065920822 0
10.66368282530581 10.32052008019166 0
11.15470414095343 9.782703654057737 0
10.87173149954662 9.854195298751566 0
10.992999200433 9.963789799146216 0
10.90891815913711 9.567736554045617 0
10.63068387682902 9.636354742150678 0
10.59349721723852 9.922813486856626 0
10.75120768818782 9.745275020451121 0
10.32000129402914 9.988558218372917 0
10.43432132737402 10.09897943879057 0
11.4675262771457 9.41128985529256 0
11.18585344257743 9.490950287508909 0
11.31188076013632 9.597646276510245 0
11.77103612466646 9.032233659645943 0
11.49083393141789 9.119863188796224 0
11.62006759382131 9.222385883462938 0
11.51250813078596 8.833858153606672 0
11.23393939244152 8.916066051450166 0
11.21226519307346 9.202071086639718 0
11.36238666192971 9.017964620123195 0
10.93532990963314 9.278857353176427 0
11.06059167610528 9.384903820342668 0
10.95855615711313 8.99412605080045 0
10.68635842480078 9.06803815165752 0
10.66313217732079 9.352769454033499 0
10.81084416721696 9.173447752416973 0
11.25398013690546 8.6354826475674 0
10.97859690157707 8.713542646917682 0
11.1062681470093 8.814804349183923 0
10.99545214302497 8.437107141528127 0
10.72325441071262 8.511019242385199 0
10.70639916926472 8.787454747774753 0
10.85092565614484 8.612280944651438 0
10.43738693996842 8.857218950138613 0
10.41734619550448 9.137802354021378 0
10.5618726823846 8.962628550898064 0
10.35865337253484 9.703471988138531 0
10.09282664625458 9.769088292009178 0
10.20641397014186 9.878823255191048 0
10.39110167302661 9.419886700021351 0
10.51089277492782 9.528120721086015 0
10.15151946922421 9.203418657892026 0
10.12527494674635 9.485503003891999 0
10.27131057112541 9.311652678956689 0
9.865651998480011 9.54961836564544 0
9.979239322367293 9.659353328827308 0
12.05862216312734 8.640958695901762 0
11.78315808474117 8.738898933608263 0
11.91563553668468 8.837194239428484 0
12.33641601521555 8.24266675019414 0
12.06266593664687 8.348265993584359 0
12.19834461830184 8.442384079967892 0
12.06515964785965 8.060893302962862 0
11.7929596315977 8.161172534657176 0
11.79046592038492 8.448545225278675 0
11.92781278412228 8.254719264120769 0
11.51981596642971 8.543504445277083 0
11.65148702558544 8.641201689442674 0
12.60085538373918 7.835451624181152 0
12.33223293159305 7.950832767990157 0
12.46947948079204 8.039603227779049 0
12.85506459917567 7.421874979647702 0
12.5917130806749 7.546817744639982 0
12.72882112152219 7.629179443453937 0
12.58443166022693 7.265624980108601 0
12.31921925910984 7.383126630091095 0
12.32650067955781 7.664319394622476 0
12.45546616989237 7.464972187365539 0
12.05942739582441 7.774379929595181 0
12.19583016370873 7.862606348792669 0
12.05385100089097 7.494247418150544 0
11.78832688557031 7.598987344286949 0
11.79390328050375 7.879119855731586 0
11.92387714069736 7.686683636941065 0
12.31379872127819 7.109374980569502 0
12.04843046305932 7.220495768628951 0
12.18382486108458 7.301811199360023 0
12.04316578232945 6.953124981030403 0
11.77764166700879 7.057864907166808 0
11.78290634773865 7.325235694765357 0
11.91303606503405 7.13918033789788 0
11.5172263753162 7.423594758978718 0
11.52264691314785 7.69734640850031 0
11.65277663044325 7.511291051632833 0
11.5239417087046 8.257301251649492 0
11.25810587918036 8.349279453939809 0
11.38896092280503 8.446391949608445 0
11.52488535761065 7.975248572723902 0
11.65892249460418 8.068210553690539 0
11.2568110836236 7.789324610790628 0
11.25904952808641 8.06722677501422 0
11.39084822061713 7.882286591757266 0
10.99639579193101 8.155054462602537 0
11.12725083555569 8.252166958271173 0
10.99582632270353 7.878267471989468 0
10.73635467991699 7.961944644875787 0
10.73692414914447 8.238731635488858 0
10.866375235924 8.058499553739162 0
11.25472849626259 7.517803308490079 0
10.99374373534252 7.60674616968892 0
11.12527740948306 7.698035390239774 0
10.99014802984797 7.340490555700894 0
10.73067638706143 7.424167728587213 0
10.73427209255597 7.690423342575239 0
10.86221006120197 7.515456949138066 0
10.47631356790296 7.768834827149037 0
10.47839615526397 8.040356129449584 0
10.60633412390997 7.865389736012412 0
11.51363066982165 7.157339144990692 0
11.25113279076805 7.251547694502053 0
11.38417958304212 7.337571226740385 0
11.77253284338071 6.796874981491301 0
11.50852184619358 6.896349219315185 0
11.64308175660118 6.977107063240996 0
11.50189990443198 6.640624981952202 0
11.23940202537837 6.734833531463565 0
11.24602396713998 6.990557768826548 0
11.37396193578597 6.815591375389374 0
10.9850392062199 7.07950063002539 0
11.11808599849398 7.165524162263722 0
10.9784172644583 6.823776392662406 0
10.71894562167175 6.907453565548725 0
10.72556756343336 7.163177802911708 0
10.85199241394583 6.993477097787057 0
11.23126696548324 6.484374982413103 0
10.97028220456316 6.573317843611943 0
11.10484211497077 6.654075687537755 0
10.9606340265345 6.328124982874002 0
10.70116238374796 6.411802155760322 0
10.71081056177662 6.656995016498263 0
10.83572229415556 6.492559999686133 0
10.45285203712361 6.73540650107206 0
10.46098709701874 6.985865050122523 0
10.58589882939768 6.821430033310392 0
10.47271786240842 7.502579213161011 0
10.21627245588893 7.575725009422287 0
10.21986816138347 7.841980623410314 0
10.34629301189594 7.672279918285662 0
10.46760903878034 7.241589287485506 0
10.59914271292089 7.33287850803636 0
10.20454169049925 7.059010846383798 0
10.21116363226086 7.314735083746782 0
10.3360753646398 7.150300066934652 0
9.956231343874904 7.382615191695537 0
9.961340167502978 7.643605117371042 0
10.08625189988192 7.479170100558912 0
9.893405658456809 9.268857497833469 0
9.639986488204386 9.331471917469703 0
9.752819243342199 9.440545141557571 0
10.17457848868603 8.925482210385265 0
9.916464677918624 8.990921050326708 0
10.03399207357142 9.097169854109367 0
9.934829056865457 8.715809023125157 0
9.681409886613032 8.77842344276139 0
9.663045507666201 9.053535469962942 0
9.798937282265829 8.884672246544049 0
9.414320977928757 9.113325469293965 0
9.527153733066571 9.222398693381834 0
10.45575131891525 8.582106922937061 0
10.19294286763286 8.650370183183714 0
10.31516490380064 8.753794566661163 0
10.4694210573471 8.30981931604072 0
10.59633773402986 8.41041927921296 0
10.21558770398159 8.108619389696237 0
10.20661260606471 8.378082576287371 0
10.34250438066434 8.209219352868477 0
9.948498795297308 8.443521416228812 0
10.07072083146508 8.546945799706265 0
9.95747389321418 8.17405822963768 0
9.704054722961756 8.236672649273913 0
9.695079625044883 8.506135835865045 0
9.826276759129533 8.340097032751363 0
9.961754350616069 7.907419463351756 0
10.08867102729883 8.008019426523996 0
9.707920997250554 7.706219537007275 0
9.708335180363646 7.970033882987989 0
9.834837673933311 7.806819500179515 0
9.459610650626203 8.029823882319015 0
9.455330193224313 8.296462648604937 0
9.581832686793978 8.133248265796464 0
9.432685356875588 8.838213442092414 0
9.188655467653128 8.895179021118228 0
9.301488222790942 9.004252245206096 0
9.446355095307441 8.565925835196069 0
9.563882490960236 8.67217463897873 0
9.211300304001853 8.353428227630753 0
9.20232520608498 8.622891414221886 0
9.328827699654648 8.459677031413413 0
8.962989957377502 8.67703257294249 0
9.075822712515315 8.786105797030359 0
8.974616323949075 8.409603776356931 0
8.739975715756577 8.460920514772326 0
8.728349349185004 8.728349311357888 0
8.851482836567039 8.56897654385741 0
9.220883298713145 8.090858241355971 0
8.984199318660368 8.147033790082149 0
9.097749811331111 8.250231008856451 0
8.991738941511379 7.88932261411815 0
8.757098333318881 7.940639352533546 0
8.74955871046787 8.198350528497546 0
8.870648825989624 8.043836571307848 0
8.51696147413565 8.244808456602161 0
8.507378479424357 8.507378442876941 0
8.628468594946114 8.352864485687244 0
9.467150273477216 7.772112706355014 0
9.228422921564158 7.833147065391972 0
9.34401678609518 7.931485473855492 0
9.713417248241287 7.453367171354056 0
9.472646524467949 7.519260340701796 0
9.590283760859252 7.612739938854535 0
9.476099403598402 7.271266785359359 0
9.237372051685345 7.332301144396317 0
9.233919172554891 7.580294699738754 0
9.355009288076646 7.425780742549057 0
8.997235192502114 7.636470248464931 0
9.112829057033135 7.734808656928452 0
9.000688071632567 7.388476693122495 0
8.766047463440067 7.439793431537892 0
8.762594584309614 7.687786986880328 0
8.88164132797109 7.538131840001411 0
9.238781558955518 7.089166399364661 0
9.00209757890274 7.145341948090839 0
9.119734815294043 7.238821546243578 0
9.001463714312633 6.907066013369963 0
8.766823106120135 6.95838275178536 0
8.767456970710242 7.196658686506235 0
8.884460342511437 7.051862349938099 0
8.534859734378024 7.24311661461085 0
8.533450227107849 7.486251359642506 0
8.650453598909046 7.341455023074371 0
8.524501096986663 7.987097280638161 0
8.293947232514725 8.028696398431997 0
8.286407609663712 8.286407574395994 0
8.405454353325188 8.136752427517077 0
8.529997347977396 7.734244914984943 0
8.643547840648138 7.837442133759245 0
8.302896362635909 7.52785047743634 0
8.299443483505456 7.775844032778777 0
8.416446855306653 7.631047696210642 0
8.070932990893798 7.81258434026183 0
8.065436739903065 8.065436705915049 0
8.18244011170426 7.920640369346913 0
9.957563208077406 7.132994124349269 0
9.714749112443787 7.203746104007789 0
9.835490228159344 7.293180647851662 0
10.20170916791352 6.81262107734448 0
9.954730685491676 6.886604355309951 0
10.07963618799547 6.972807600846874 0
9.947733776117712 6.643445884577582 0
9.704919680484096 6.714197864236102 0
9.711916589858056 6.957356334968471 0
9.829825182987884 6.800401109773025 0
9.473266881012671 7.02487701632004 0
9.594007996728228 7.114311560163915 0
10.44585512774964 6.492248030339692 0
10.19471225853956 6.569462606612111 0
10.32378214783158 6.652434553842086 0
10.69000108758576 6.171874983334902 0
10.43469383158745 6.252320857914272 0
10.5679281076677 6.332061506837297 0
10.41936814863702 6.015624983795803 0
10.16822527942694 6.092839560068223 0
10.18355096237737 6.329535434186692 0
10.3014595555072 6.172580208991247 0
9.936572479955519 6.403518712152162 0
10.06564236924754 6.486490659382137 0
9.921246797005095 6.166822838033692 0
9.678432701371477 6.237574817692213 0
9.693758384321903 6.474270691810682 0
9.8075025906635 6.320546764922188 0
10.14873520968829 5.859374984256702 0
9.901756727266438 5.933358262222172 0
10.03499100334669 6.013098911145198 0
9.87810227073955 5.703124984717602 0
9.635288175105931 5.773876964376123 0
9.65894263163282 6.004110241880692 0
9.768522451186186 5.853617613299148 0
9.420292922787434 6.071630923232263 0
9.439782992526091 6.305095499043784 0
9.549362812079456 6.154602870462238 0
9.46626997163871 6.781718545587673 0
9.231784649581556 6.846007928632293 0
9.352525765297115 6.935442472476167 0
9.455108675476517 6.541791373162253 0
9.580014177980306 6.627994618699177 0
9.205297670468937 6.369384882088404 0
9.220623353419363 6.606080756206874 0
9.330203172972727 6.455588127625329 0
8.990302418150439 6.667138840944544 0
9.111043533865999 6.756573384788418 0
8.976089385362108 6.431186415895722 0
8.749932836881419 6.489013202326442 0
8.764145869669749 6.724965627375266 0
8.870117627515929 6.578076021635494 0
9.18803290105447 6.137407204416178 0
8.958824615947645 6.199208738223495 0
9.082061143208289 6.28429681015595 0
8.938508109907044 5.971205807927864 0
8.712351561426352 6.029032594358586 0
8.732668067466953 6.257035524654215 0
8.835588088686999 6.11412066629104 0
8.509563255612399 6.31088756370834 0
8.526828025026866 6.542865241380566 0
8.62974804624691 6.399950383017391 0
9.397751116422642 5.84214109479734 0
9.165491094689678 5.907917375981254 0
9.292892008738555 5.989774149606759 0
9.60746933179081 5.546874985178503 0
9.369932273107521 5.615139115599719 0
9.502610224106727 5.694508039987921 0
9.336836392842073 5.390624985639402 0
9.104576371109111 5.456401266823317 0
9.137672251374559 5.680915396783634 0
9.237254322108315 5.535770191211518 0
8.910689266591923 5.744203828730244 0
9.0380901806408 5.826060602355749 0
8.878730069995799 5.520396534175564 0
8.65702412216349 5.581197116884873 0
8.688983318759615 5.805004411439553 0
8.783856694377706 5.662700472807559 0
9.066203453893337 5.234374986100303 0
8.840357152780022 5.298370253452551 0
8.972466761944567 5.377385760137933 0
8.795570514944597 5.078124986561203 0
8.620924572286363 5.360584506973132 0
8.708821630356704 5.219698841076626 0
8.439458527612185 5.638803014951241 0
8.530754070838613 5.500056454670861 0
8.490334770298308 6.083664298053908 0
8.27028169506989 6.133541589731435 0
8.289510180383981 6.360764855385868 0
8.389922475341145 6.222214576719887 0
8.46696652763157 5.859636115134874 0
8.589659044528961 5.944334354746731 0
8.249089493856173 5.911072736094795 0
8.344824363379644 5.77531878029394 0
8.052192335741097 6.178664469391171 0
8.151178510023204 6.045267310471511 0
8.075391961750103 7.565473103647379 0
7.848924840998725 7.597354600819651 0
7.84446587014242 7.844465837434104 0
7.959928915946262 7.704969470540742 0
8.306318053357789 7.286480369860655 0
8.078813652471982 7.324102996071693 0
8.190855007553946 7.425976736754018 0
8.081198063059432 7.088474017534773 0
7.854730942308052 7.120355514707047 0
7.852346531720602 7.355984493243966 0
7.966772297390017 7.222229255389369 0
7.626916691103651 7.382124861377472 0
7.623495000381773 7.623494968953158 0
7.737920766051188 7.489739731098561 0
8.53523196151377 7.00572299861796 0
8.306690280493534 7.049086753867765 0
8.420775007435779 7.146101684239309 0
8.532554725063383 6.772305874207865 0
8.649688915591758 6.865344312996614 0
8.29828634400663 6.586228996630371 0
8.304013044043149 6.81566962945767 0
8.415420534535006 6.679267435419117 0
8.078520826609045 6.855056893124679 0
8.192605553551289 6.952071823496221 0
8.07382882521722 6.626465415619503 0
7.851386071369249 6.661876187703716 0
7.856078072761074 6.890467665208893 0
7.964953448989147 6.758466540414197 0
8.065052661594571 6.401001274375 0
8.181669502800601 6.493615135502686 0
7.844679305035985 6.438110357103457 0
7.948960082410746 6.308803497145473 0
7.630958082462717 6.692461312883012 0
7.738329061179368 6.565718849498158 0
7.630278047618155 7.14741089251833 0
7.405885487135631 7.16781013161307 0
7.402524130621128 7.402524100472212 0
7.516401089119642 7.27496749649527 0
7.631625178071177 6.917523043020177 0
7.743178060189615 7.018939278863611 0
7.409186509442762 6.939752301470474 0
7.52056822233306 6.816556288548516 0
7.181553260860481 7.181553231991266 0
7.295850839333004 7.061118233759425 0
6.492248063193103 10.44585510679421 0
6.252320889973915 10.43469381210642 0
6.332061539329035 10.56792808791483 0
6.812621110921239 10.20170914455295 0
6.569462639379364 10.19471223670723 0
6.65243458705717 10.32378212567358 0
6.643445917242938 9.94773375346232 0
6.40351874402375 9.936572458774537 0
6.329535466160176 10.18355094201945 0
6.486490691701557 10.06564234774089 0
6.092839591263675 10.1682252604896 0
6.172580240618794 10.30145953629802 0
7.132994158649375 9.957563182311695 0
6.886604388784813 9.954730661308037 0
6.972807634785307 10.07963616343232 0
7.453367206377511 9.71341722007044 0
7.203746138190261 9.714749085908846 0
7.293180682513443 9.835490201191067 0
7.27126681940846 9.476099376348058 0
7.024877049543898 9.4732668553444 0
6.957356368325699 9.711916564905188 0
7.11431159386708 9.594007970626622 0
6.714197896783825 9.704919657059468 0
6.800401142784319 9.829825159183756 0
6.781718578002024 9.466269947498681 0
6.541791404782836 9.455108652810896 0
6.474270723564636 9.693758362371685 0
6.62799465078333 9.580014154935185 0
7.089166432439411 9.238781532625675 0
6.846007960897536 9.231784624779955 0
6.935442505220717 9.352525740062179 0
6.90706604547036 9.001463688903291 0
6.667138872251172 8.990302394215508 0
6.606080787678348 9.22062333009217 0
6.756573416574354 9.11104350949773 0
6.369384912781847 9.205297648562325 0
6.305095529886335 9.439782971281051 0
6.455588158782342 9.330203150686611 0
6.166822869127248 9.92124677724469 0
5.933358292553434 9.901756708872782 0
6.013098941908554 10.03499098468119 0
6.237574848668135 9.678432680841841 0
6.320546796345942 9.807502569808189 0
6.071630953312521 9.420292902909143 0
6.004110272094321 9.658942612469932 0
6.154602900990328 9.549362791875492 0
5.773876993843194 9.63528815725596 0
5.853617643198314 9.768522433064373 0
7.772112742079383 9.467150242892304 0
7.519260375569447 9.472646495572771 0
7.612739974228447 9.590283731481371 0
8.090858277781257 9.220883265714164 0
7.833147100922371 9.228422890299813 0
7.93148550993032 9.344016754303235 0
7.889322649416409 8.991738909612501 0
7.636470282906473 8.997235162292966 0
7.580294734412435 9.23391914298028 0
7.734808691914422 9.112829026296389 0
7.332301178251448 9.237372023755567 0
7.425780776910448 9.35500925966417 0
8.40960381348313 8.974616288536026 0
8.147033826275296 8.984199285026854 0
8.250231045632193 9.097749777125095 0
8.46092055162822 8.739975679753893 0
8.568976581334066 8.851482799946957 0
8.244808492216521 8.516961439367767 0
8.198350564420384 8.749558676244721 0
8.35286452192237 8.628468559560833 0
7.940639387561497 8.757098300830368 0
8.043836606918395 8.870648792928611 0
7.987097315357635 8.524501063953416 0
7.734244948847699 8.529997316633882 0
7.687787021051561 8.762594553510834 0
7.837442168204598 8.643547808732125 0
8.028696432804825 8.293947198981643 0
8.136752462510675 8.405454319174705 0
7.812584373393129 8.070932958595517 0
7.775844066294889 8.299443451662111 0
7.920640403098977 8.182440078788579 0
7.527850510133902 8.302896332437399 0
7.486251392686713 8.53345019740917 0
7.631047729490801 8.41644682453564 0
7.388476726745486 9.000688043068255 0
7.145341980933448 9.002097551938363 0
7.238821579592448 9.119734787846964 0
7.439793464890574 8.766047434286122 0
7.538131873898523 8.881641298289544 0
7.243116646874675 8.534859706279278 0
7.196658719078536 8.76745694315623 0
7.341455055882625 8.6504535702827 0
6.958382783615448 8.76682308012116 0
7.051862382274448 8.884460316029763 0
7.005723030165994 8.535231934960446 0
6.772305905051855 8.532554700020196 0
6.724965658501311 8.764145845180908 0
6.865344344333653 8.649688890070678 0
7.286480401830676 8.306318024739985 0
7.049086785121995 8.306690253421152 0
7.146101715998335 8.420774979850215 0
7.088474048483452 8.081198035503279 0
6.855056923369313 8.078520800563028 0
6.815669660007856 8.304013018480902 0
6.952071854245654 8.192605526992091 0
6.586229026488261 8.298286319919232 0
6.542865271532261 8.526828001458524 0
6.679267465770058 8.415420509969714 0
7.565473135986548 8.075391931087045 0
7.324103027683322 8.078813623389632 0
7.425976768908612 8.190854977913515 0
7.597354632735838 7.848924809925631 0
7.704969503064483 7.959928884260575 0
7.382124892078547 7.626916661255746 0
7.355984524432612 7.852346502228219 0
7.489739762407192 7.737920735590688 0
7.120355545232741 7.854730914341866 0
7.222229286458031 7.966772268865749 0
7.147410922570032 7.630278019295805 0
6.917523072473516 7.631625151220513 0
6.890467695136225 7.856078046266575 0
7.018939308853129 7.74317803278119 0
7.167810161112612 7.405885458512271 0
7.27496752659558 7.516401059884009 0
6.939752330398807 7.409186482289802 0
7.061118262704127 7.295850811283481 0
6.692461341789 7.630958057029869 0
6.816556317560004 7.520568195960724 0
6.626465445137339 8.073828800689352 0
6.401001303212288 8.065052638506261 0
6.36076488456321 8.289510157736141 0
6.493615164850275 8.181669479212745 0
6.661876216904252 7.851386046392897 0
6.758466570136783 7.964953423477963 0
6.438110385554443 7.844679281585795 0
6.565718878208103 7.738329036720023 0
6.178664497594159 8.052192314013757 0
6.308803525487987 7.948960059815823 0
5.842141124143474 9.397751097861699 0
5.615139144215035 9.369932255805667 0
5.694508069029115 9.502610206530813 0
6.137407234372195 9.188032880523469 0
5.907917405203149 9.165491075476025 0
5.989774179257834 9.292891989192585 0
5.971205837022217 8.938508090098939 0
5.744203857093778 8.910689248042907 0
5.680915425274708 9.137672233419993 0
5.826060631148463 9.038090161759465 0
5.456401294586875 9.104576354355373 0
5.535770219400955 9.237254305080521 0
6.431186446436753 8.976089362852189 0
6.199208768027101 8.958824594813333 0
6.284296840404473 9.082061121687829 0
6.489013232686891 8.749932813817587 0
6.578076052469033 8.870117604016549 0
6.310887593122608 8.509563233419668 0
6.257035554277239 8.73266804577873 0
6.399950412904749 8.629748023618626 0
6.029032623272355 8.71235154106434 0
6.114120695649729 8.835588067938835 0
6.083664326730863 8.490334749464642 0
5.859636143130748 8.466966508074712 0
5.805004439672239 8.68898329967441 0
5.944334383201552 8.589659024569526 0
6.133541618171465 8.270281673781115 0
6.222214605647038 8.389922453600391 0
5.911072763797629 8.249089473909919 0
6.045267338482049 8.151178489151068 0
5.638803042322261 8.43945850924988 0
5.77531880777202 8.344824344271471 0
5.520396561725436 8.87873005271393 0
5.298370280278209 8.840357136640721 0
5.377385787432543 8.972466745498046 0
5.581197144303898 8.657024104345432 0
5.662700500698838 8.783856676194169 0
5.360584533495655 8.620924555743512 0
5.500056481618399 8.530754053394169 0
5.219698867489747 8.70882161449498 0
13.08612787046299 6.994935018631779 0
12.83159244739527 7.131334492302139 0
12.97147379152063 7.208892688906756 0
13.30656682866137 6.562316244271839 0
13.05173964508691 6.704610579368777 0
13.19724039317159 6.779084347248056 0
13.01351822150778 6.418288063751013 0
12.76252423613638 6.556580475202713 0
12.80074565971551 6.842902990820477 0
12.90713194061165 6.630595527285744 0
12.55358487254717 6.977193478626939 0
12.69258865997122 7.054263985464539 0
13.51260084447124 6.122593737593803 0
13.2611434159056 6.272442100334191 0
13.41049141083834 6.342884241464946 0
13.7076618821572 5.677899440405074 0
13.45968753817301 5.835064729476156 0
13.61105249625973 5.900645914885814 0
13.40659965708159 5.553195384185639 0
13.15879988789058 5.704701010429591 0
13.211887768982 5.986570355720108 0
13.3092437130318 5.769882869952873 0
12.96426257458419 6.13241631913693 0
13.1127029952449 6.202429209735561 0
12.91300352318008 5.851375605598195 0
12.6692105629501 5.993219169691452 0
12.7204696143542 6.274259883230187 0
12.81673656876714 6.062817744414191 0
13.10553743200597 5.428491327966203 0
12.85974106729547 5.575165923134808 0
13.00927047759303 5.639933466782198 0
12.80447520693036 5.303787271746767 0
12.56068224670037 5.445630835840024 0
12.61594810706548 5.717009487228065 0
12.71021165699792 5.510398379487416 0
12.374158551316 5.854022020245974 0
12.42742100720061 6.130231702709363 0
12.52168455713305 5.923620594968714 0
12.51713416781619 6.691817431899844 0
12.27734801654722 6.823998933842407 0
12.41546644454719 6.900596206234673 0
12.47507954603401 6.40949683992732 0
12.6188018910852 6.483038657565016 0
12.18763485593163 6.262413204651926 0
12.23529339476503 6.541678341869883 0
12.33135720098282 6.335955022289623 0
12.00111116054727 6.670804389057876 0
12.13922958854724 6.747401661450143 0
13.88417925174278 5.225524104150613 0
13.64345018293493 5.391422458694058 0
13.79685427233925 5.452080745604026 0
14.04942196713613 4.768905287879052 0
13.81233079150192 4.941758058152429 0
13.96774588731678 4.997552921990964 0
13.74036200637063 4.663531934545142 0
13.50339115562686 4.83084478242762 0
13.57535994075815 5.109070906034907 0
13.65786097356439 4.886301420290025 0
13.33850941490481 5.270843831526488 0
13.49097979891987 5.331133145110273 0
14.1994557529704 4.307123735897012 0
13.96984922621763 4.488097969142274 0
14.12539469830443 4.538321628008827 0
14.33796148749727 3.841845187607031 0
14.115921021377 4.030691019566644 0
14.26967399528993 4.07476013923943 0
14.03610966664697 3.760964236514647 0
13.81034582366334 3.943104135195889 0
13.89015717839337 4.212830918247885 0
13.96313342252017 3.986897577381266 0
13.66066995854637 4.388264883650755 0
13.815259592382 4.438181426396513 0
13.58277994570091 4.119120933316748 0
13.35341203275967 4.289014630877226 0
13.43130204560514 4.558158581211233 0
13.50704099565302 4.33863975726399 0
13.73425784579668 3.680083285422263 0
13.50669196783424 3.856100083543123 0
13.65851889574879 3.899602109369506 0
13.43240602494638 3.599202334329879 0
13.20303811200515 3.769096031890358 0
13.27732405489301 4.025993781103601 0
13.35486503991969 3.81259805771674 0
13.04615410697298 4.189764378103698 0
13.12224208483964 4.452785227877323 0
13.19978306986633 4.239389504490462 0
13.26841973880556 4.993324954588717 0
13.03544775590672 5.150972451028433 0
13.18697858540576 5.210908141277459 0
13.19633062878383 4.720638753372329 0
13.34986089220535 4.775741767899975 0
12.88927010194081 4.610432724317038 0
12.963358645885 4.878286249812044 0
13.04280036536232 4.665535738844683 0
12.73238609690863 5.031101070530378 0
12.88391692640768 5.091036760779405 0
12.66019828741508 4.763892757454871 0
12.43122517236118 4.911874902451823 0
12.50341298185474 5.17908321552733 0
12.58180563463491 4.9714879864911 0
12.81698359297541 4.348702299382413 0
12.58791177844969 4.502162332520246 0
12.73859094019524 4.556297528418642 0
12.51552657001246 4.245909795726503 0
12.28655345495856 4.393891940723455 0
12.35893866339579 4.650144477517198 0
12.43723261670413 4.44802713662185 0
12.13006424781373 4.79264873437327 0
12.20235075677913 5.054379159307894 0
12.28064471008746 4.852261818412547 0
12.97376889853575 3.933511841309954 0
12.74459838453819 4.09244976258867 0
12.89537624575558 4.141107070346184 0
13.13055420409608 3.518321383237496 0
12.90128499062669 3.682737192657092 0
13.05216155131592 3.725916612273725 0
12.82870238324579 3.437440432145112 0
12.59953186924822 3.596378353423827 0
12.67211447662912 3.841675113935808 0
12.75040842993745 3.63955777304046 0
12.44304266210339 3.995135147073641 0
12.59382052332079 4.043792454831155 0
12.3704600547225 3.749838386561661 0
12.1414869396686 3.897820531558613 0
12.2140695470495 4.143117292070594 0
12.292264800886 3.946477839316127 0
12.52685056239549 3.356559481052728 0
12.29777874786976 3.510019514190562 0
12.44865530855899 3.553198933807194 0
12.2249987415452 3.275678529960345 0
11.9960256264913 3.423660674957297 0
12.06880563281587 3.658001659187514 0
12.14690218718053 3.466840094573929 0
11.83993121723381 3.800505916043584 0
11.91261252408655 4.040324788414683 0
11.99070907845121 3.849163223801098 0
12.05767903937651 4.536396197579526 0
11.82890332326629 4.673422566294715 0
11.90128853170351 4.929675103088458 0
11.97948378554001 4.733035650333992 0
11.98519513146745 4.285621548926663 0
12.13587429321301 4.339756744825059 0
11.68383680797632 4.177351157129872 0
11.75641941535722 4.422647917641852 0
11.83451596972188 4.231486353028267 0
11.52774239871884 4.55419639821616 0
11.6002263066279 4.804971046869021 0
11.67832286099256 4.613809482255436 0
11.95525287799922 6.392427040000308 0
11.72667456083267 6.518497632433734 0
11.86389286068997 6.594651010745805 0
12.13797291261773 5.987979098509316 0
11.90559093468532 6.117992933857699 0
12.04661289530847 6.190203069254812 0
11.85212533060555 5.847502070630048 0
11.623547013439 5.973572663063473 0
11.67701261751877 6.244063526291125 0
11.76456897406216 6.045782798460586 0
11.45223796111807 6.366190875809593 0
11.58945626097537 6.442344254121664 0
12.32069294723624 5.583531157018323 0
12.08450730853796 5.717488235281664 0
12.22933292992698 5.785755127763819 0
12.26342368239061 5.316983536705629 0
12.41205296454549 5.381307186272826 0
11.96616511808086 5.188336237571235 0
12.02723804369234 5.450940614968971 0
12.11479440023573 5.252659887138432 0
11.79485606575993 5.580954450317355 0
11.93968168714895 5.649221342799509 0
11.73378314014844 5.318350072919619 0
11.50520482298189 5.444420665353045 0
11.56627774859338 5.70702504275078 0
11.65003044437091 5.5126875578352 0
11.6689065537711 5.059688938436841 0
11.81753583592598 5.124012588004039 0
11.37164798946134 4.931041639302446 0
11.44032823660455 5.185759530870266 0
11.52027727161622 4.995365288869643 0
11.21555358020386 5.307886880388734 0
11.2804301665812 5.566548014871511 0
11.36037920159288 5.376153772870889 0
11.39877235703831 6.095700012581942 0
11.17780136140347 6.213884119185451 0
11.31501966126077 6.290037497497522 0
11.34150309219268 5.829152392269247 0
11.48252505281584 5.90136252766636 0
11.05945917094636 5.684732121475021 0
11.12053209655785 5.947336498872756 0
11.20048113156952 5.756942256872133 0
10.90336476168888 6.061577362561309 0
11.04058306154618 6.137730740873379 0
14.45065127602316 3.369649277870667 0
14.24009171854642 3.567279667288228 0
14.39528025983327 3.605991176527105 0
14.55160898102413 2.894717830623451 0
14.34229330698671 3.098117731906056 0
14.50211146679979 3.132395502951896 0
14.23126852688126 2.831443851969537 0
14.02461966391283 3.029986087224048 0
14.13564444401827 3.296659967160568 0
14.18345648544977 3.064051909565052 0
13.93166239211883 3.490344536386987 0
14.08587705533262 3.528812101837608 0
14.63681399885589 2.416652978947137 0
14.43270838449667 2.626477353369606 0
14.59519923755382 2.655865131574892 0
14.71013313987311 1.936625760979708 0
14.51128568664644 2.152616255418792 0
14.67446666861331 2.176786682388272 0
14.38705357663135 1.894091529810024 0
14.18690992121031 2.104570026329531 0
14.3111420312254 2.363094751938299 0
14.34909780392837 2.128593140874162 0
14.10970217360999 2.56806125053823 0
14.27120527905333 2.597269301953918 0
13.98745104306399 2.309863585977981 0
13.78867694219239 2.509972208755373 0
13.91092807273839 2.768169873315623 0
13.94918955790119 2.539016729646802 0
14.06397401338958 1.85155729864034 0
13.86451513524326 2.05685085828879 0
14.02571252822679 2.080710442309161 0
13.74089445014782 1.809023067470656 0
13.54212034927622 2.009131690248048 0
13.66574103437167 2.256959481066182 0
13.70331774225975 2.032991274268419 0
13.4676517107748 2.451883166972516 0
13.59058761859552 2.704895894661708 0
13.62816432648359 2.480927687863945 0
13.82259295926753 3.224126579368943 0
13.62518841294539 3.41386532840422 0
13.7784254025321 3.452104932395603 0
13.7089013680931 2.962310365460517 0
13.86676051600296 2.996148226342283 0
13.39318307227337 2.894634643696985 0
13.51149682177095 3.152049114495794 0
13.55104222018324 2.928472504578751 0
13.31871443377194 3.337386120421454 0
13.47195142335867 3.375625724412837 0
14.76355247379226 1.453978683250886 0
14.57396370260052 1.676529456282775 0
14.73784019430131 1.695416962305033 0
14.80498303445048 0.9701508156847299 0
14.62070813354345 1.198477481446148 0
14.78526836176182 1.212146794637192 0
14.47918140582572 0.9483585757584947 0
14.29358889238762 1.171302945402828 0
14.43511562010536 1.421421851090482 0
14.45714851296554 1.184890213424488 0
14.24820549413618 1.638983924617731 0
14.41108459836835 1.657756690450253 0
14.83038668307807 0.485272487813719 0
14.65544338705461 0.719506715114994 0
14.81868761511647 0.727760913987799 0
14.67815227698583 0.2398793672541878 0
14.83807217281779 0.2426526706206807 0
14.3603201478786 0.2343656139488443 0
14.50722242486398 0.474244981203032 0
14.51923621243236 0.237122490601516 0
14.33096044363509 0.7030968418465329 0
14.49320191534485 0.7113017784807634 0
14.1860648886006 0.4632831679161298 0
14.00848422216636 0.6867526619018565 0
14.15337977720085 0.9265663358322596 0
14.16972233290072 0.6949247518741948 0
14.04449474072235 0.2289175539672855 0
14.20240744430055 0.2316415839580649 0
13.72866933356574 0.2234694939857267 0
13.86691407428799 0.4523870479530122 0
13.88658203714394 0.2261935239765061 0
13.68600800069751 0.6704084819571801 0
13.82757814857588 0.9047740959060243 0
13.84724611143194 0.6785805719295183 0
14.10867689529522 1.3890618172363 0
13.92444541454862 1.601635191258909 0
14.0863254543424 1.62030955793832 0
13.96846778010845 1.144325207665731 0
14.13102833624804 1.15781407653428 0
13.64334666782928 1.117347469928633 0
13.78423629936185 1.35689858168834 0
13.80590722396887 1.130836338797182 0
13.60068533496105 1.564286457900087 0
13.76256537475484 1.582960824579497 0
13.4617986651791 1.324866627225729 0
13.27892821712371 1.527069005626613 0
13.41781488690566 1.766488836300971 0
13.43980677604238 1.54567773176335 0
13.50578244345253 0.8832444181504857 0
13.32423444080234 1.090763575447581 0
13.48379055431581 1.104055522688107 0
13.18799266183079 0.8619773025656436 0
13.0051222137754 1.064179680966528 0
13.14136399274695 1.292965953848465 0
13.16467832728887 1.077471628207054 0
12.95717109928636 1.489851553353139 0
13.09473532366311 1.723954605131287 0
13.11804965820503 1.508460279489876 0
13.54976622172607 0.4416222090752429 0
13.36954066448108 0.6544581452685485 0
13.5277743325893 0.6624333136128643 0
13.41484688815994 0.2181527150895162 0
13.57175811086286 0.2208111045376214 0
13.10102444275348 0.2128359361933056 0
13.23462133091473 0.4309886512828218 0
13.25793566545675 0.2154943256414109 0
13.05307332826444 0.6385078085799168 0
13.21130699637276 0.6464829769242326 0
12.91947644010254 0.4203550934904007 0
12.73660599204681 0.6225574718912852 0
12.87020288020872 0.8407101869808014 0
12.89483966015563 0.630532640235601 0
12.78720199734542 0.2075191572970951 0
12.94411322004945 0.2101775467452003 0
12.47337955193885 0.2022023784008846 0
12.60433154929019 0.4097215356979796 0
12.63029077464222 0.2048607678489898 0
12.42013865582968 0.6066071352026536 0
12.5524130985863 0.8194430713959593 0
12.57837232393825 0.6145823035469693 0
12.82092932031464 1.261065280471202 0
12.63541398144885 1.452634101079666 0
12.77165576042057 1.681420373961603 0
12.7962925403676 1.471242827216402 0
12.68600998674795 1.037595786485475 0
12.84556610026168 1.050887733726002 0
12.3668977597205 1.011011892004423 0
12.50049464788216 1.229164607093939 0
12.52645387323423 1.024303839244949 0
12.31365686361133 1.415416648806192 0
12.44857619717802 1.638886142791919 0
12.47453542253009 1.434025374942929 0
13.20236937479848 3.080363246503365 0
13.01420914512262 3.261298509319407 0
13.16646178944728 3.29934231487043 0
13.27418454550087 2.642405109769234 0
13.08337084802598 2.828133712575613 0
13.23827696014968 2.861384178136299 0
12.96171885345445 2.5806975186382 0
12.77355862377859 2.761632781454242 0
12.89521061835012 3.009068975391656 0
12.92846473590228 2.794883247014928 0
12.70970385647329 3.185210898217361 0
12.86195650079795 3.223254703768384 0
13.34599971620327 2.204446973035103 0
13.15253255092934 2.39496891583182 0
13.31009213085207 2.423426041402168 0
13.22169425383271 1.961804119088026 0
13.38190730155446 1.985467904668037 0
12.90126815838919 1.914476547928004 0
13.02822708855878 2.152326061884744 0
13.06148120611095 1.938140333508016 0
12.83741339108389 2.338054664691123 0
12.99497297100661 2.366511790261471 0
12.7104544609143 2.100205150734384 0
12.52229423123844 2.281140413550427 0
12.64925316140803 2.518989927507166 0
12.67985381116116 2.309597539120775 0
12.58084206294567 1.867148976767983 0
12.74105511066743 1.890812762347994 0
12.26041596750215 1.819821405607961 0
12.39268183326981 2.048084239584025 0
12.42062901522391 1.843485191187972 0
12.20717507139298 2.22422616240973 0
12.33678746936161 2.457282336376132 0
12.36473465131571 2.252683287980078 0
12.58805186190176 2.937774704279947 0
12.40519856782396 3.109123287115314 0
12.55745121214863 3.147167092666338 0
12.4637463995312 2.695131850332871 0
12.6186525116549 2.728382315893557 0
12.15393417528381 2.628630919211499 0
12.2808931054534 2.866480433168238 0
12.3088402874075 2.661881384772185 0
12.10069327917464 3.033035676013268 0
12.2529459234993 3.071079481564292 0
11.97704761001538 2.79562236112517 0
11.79950125153605 2.957384263979863 0
11.92314692069531 3.194797578867961 0
11.95009726535534 2.995209969996566 0
12.03094829933544 2.39644714338238 0
11.85406173406701 2.563438585296051 0
12.00399795467541 2.596034752253775 0
11.73173565132954 2.336484348525911 0
11.55418929285021 2.498246251380603 0
11.67651537558768 2.725200488150744 0
11.70412551345861 2.530842418338327 0
11.49830922389747 2.881732851946458 0
11.62129509984583 3.113916627775577 0
11.64890523771676 2.91955855796316 0
12.08484898865551 1.997271925639589 0
11.90862221659797 2.169492906612239 0
12.05789864399548 2.196859534510985 0
12.13874967797558 1.598096707896799 0
11.96318269912893 1.775547227928428 0
12.11179933331554 1.797684316768194 0
11.84217620281324 1.559052069276244 0
11.6659494307557 1.731273050248894 0
11.78695592707139 1.947768208901078 0
11.81456606494231 1.753410139088661 0
11.61006936180295 2.114759650814749 0
11.75934578920046 2.142126278713494 0
11.48906286548726 1.898264492162566 0
11.31151650700794 2.060026395017259 0
11.43252300332363 2.276521553669442 0
11.46079293440545 2.087393022916004 0
11.5456027276509 1.52000743065569 0
11.36871616238247 1.686998872569361 0
11.51733279656908 1.709135961409127 0
11.24902925248856 1.480962792035135 0
11.07148289400924 1.642724694889828 0
11.19116980390314 1.848760775424054 0
11.22009952819585 1.664861783729594 0
11.01296365221293 2.005293139219768 0
11.13331035531772 2.216558758812972 0
11.16224007961043 2.032659767118513 0
11.37598314115999 2.654778615176318 0
11.19711719625888 2.806081439913053 0
11.31944327899636 3.033035676683194 0
11.34771321007818 2.843907145929756 0
11.25431685163341 2.433053917465156 0
11.40425307224181 2.46565008442288 0
10.95444441041661 2.367861583549708 0
11.0754509067323 2.584356742201892 0
11.10438063102501 2.400457750507432 0
10.8959251686203 2.730430027879648 0
11.01759145814688 2.95215472559081 0
11.04652118243959 2.768255733896351 0
12.18999975848012 1.198572530922599 0
12.01509257284436 1.381252590013207 0
12.16437471822785 1.398334619409699 0
12.24124983898467 0.7990483539483996 0
12.06435183774428 0.9866089928665762 0
12.2156247987324 0.9988104424354995 0
11.93671310140382 0.7795260346381222 0
11.76180591576806 0.9622060937287295 0
11.88944465210853 1.169289051957183 0
11.91307887675617 0.9744075432976528 0
11.7165282820774 1.347088531220221 0
11.86581042746088 1.364170560616714 0
12.29249991948921 0.3995241769741998 0
12.1136111026442 0.5919653957199457 0
12.26687487923694 0.5992862654612997 0
12.16287036754412 0.1973217985733152 0
12.31812495974157 0.1997620884870999 0
11.85236118314939 0.1924412187457459 0
11.98398155069911 0.3897630173190611 0
12.00761577534674 0.1948815086595306 0
11.80708354945873 0.5773236562372377 0
11.96034732605146 0.5846445259785916 0
11.67546318190885 0.3800018576639224 0
11.50055599627305 0.5626819167545296 0
11.63217636382292 0.7600037153278448 0
11.65381977286589 0.5700027864958837 0
11.54185199875425 0.1875606389181765 0
11.69710659095194 0.1900009288319612 0
11.23134281435957 0.1826800590906072 0
11.3669448131186 0.3702406980087837 0
11.38659740655709 0.1851203490043919 0
11.19402844308752 0.5480401772718215 0
11.32763962624197 0.7404813960175675 0
11.34729221968028 0.5553610470131756 0
11.58888954573691 1.140005572991767 0
11.41796399131041 1.312924472427236 0
11.56724613669391 1.330006501823729 0
11.45925999379177 0.9378031945908827 0
11.61053295477991 0.9500046441598061 0
11.15671407181547 0.9134002954530359 0
11.28833443936527 1.110722094026351 0
11.30798703280362 0.9256017450219592 0
11.11939970054342 1.27876041363425 0
11.26868184592692 1.295842443030743 0
10.9891146408294 1.081526135778675 0
10.82217071761234 1.244683875559005 0
10.95245577732637 1.44191815341458 0
10.97078520907788 1.261722144596628 0
11.02577350433243 0.7211341181427703 0
10.85817407334636 0.8892599584684096 0
11.00744407258092 0.9013301269607227 0
10.7265779980943 0.7019618817034534 0
10.55963407487725 0.8651196214837833 0
10.6912301501293 1.052417698248739 0
10.7089040741118 0.8771897899760964 0
10.52494173468127 1.21060733748376 0
10.65588230216431 1.402873514794025 0
10.67355622614681 1.227645606521383 0
11.05976175216452 0.3605670590713851 0
10.89150681340943 0.5336609999423338 0
11.04276762824848 0.5408505886070777 0
10.92216893780157 0.1778869999807779 0
11.07675587608054 0.1802835295356926 0
10.61299506124348 0.1730939408709487 0
10.75391399904645 0.3509809408517267 0
10.76758199952245 0.1754904704258634 0
10.58898518373132 0.5192818226128462 0
10.74024599857038 0.5264714112775901 0
10.44940406056645 0.3414386180557095 0
10.28780136869086 0.5049464407069999 0
10.42738249185573 0.6827896452641364 0
10.43839327621109 0.5121141316599231 0
10.30515899932264 0.1683446771847608 0
10.45907703028306 0.1707193090278548 0
10.14623193672456 0.3319400906833337 0
10.15191018921275 0.165980996503373 0
10.12818698561672 0.6636174088248196 0
10.13787796540339 0.4978115913373327 0
10.39467774534364 1.023440459637675 0
10.22904483766462 1.176661998327386 0
10.35930882700225 1.363828876173471 0
10.37699328617294 1.193634667905573 0
10.26242616232212 0.841110483418028 0
10.41103011859968 0.8531150524509057 0
10.09945742647239 0.994594419945481 0
10.11448927780766 0.8291606111492649 0
10.0627353518402 1.324784237552916 0
10.08176131413639 1.159765822199831 0
10.77623113266447 2.514195933795723 0
10.59604560134157 2.655039680414502 0
10.71573963729741 2.871273774498426 0
10.74598538498094 2.692734854147075 0
10.83672262803152 2.15711809309302 0
10.65850935027938 2.303452443339036 0
10.806476880348 2.335657013444372 0
10.54275982146503 2.098199556509586 0
10.36257429014214 2.239043303128364 0
10.47832381895648 2.444296189957814 0
10.51054182021076 2.2712478732337 0
10.29616603406284 2.579649332949355 0
10.41388781644793 2.790392823406043 0
10.44610581770221 2.617344506681929 0
10.89458920267895 1.7995181232538 0
10.71834817849754 1.951343077127053 0
10.86565591535524 1.97831810817341 0
10.77556208599607 1.598711581778553 0
10.92352249000266 1.62071813833419 0
10.47964127798291 1.554698468667278 0
10.59932106181467 1.750536535651805 0
10.62760168198949 1.576705025222915 0
10.42373270478216 1.897393015034338 0
10.57104044163985 1.924368046080696 0
10.30537357394915 1.701772988662889 0
10.13043788406553 1.843660993554702 0
10.24879701489854 2.039281019926151 0
10.27708529442384 1.87052700429452 0
10.18504112296849 1.510903396169082 0
10.3323412004757 1.53280093241818 0
10.01274673908238 1.653227482287052 0
10.03840311163882 1.489104068132177 0
9.954834208332048 1.980362483342716 0
9.984448972112958 1.816914800715933 0
10.1817200700915 2.374700394737092 0
9.997590031627118 2.504562934101396 0
10.11203599559846 2.709511872313659 0
10.14687803284498 2.542106133525376 0
10.06794279484791 2.174938111534879 0
10.21525854249502 2.206990707331622 0
9.886419886069529 2.305408548133558 0
9.921281272708979 2.143026814936241 0
9.810184174748981 2.628630921221275 0
9.84895128246144 2.467182363871623 0
10.84537930381689 5.800251856190368 0
10.63201562971377 5.910549476963961 0
10.76769019570132 5.986063419762635 0
11.00075752004801 5.428628729045833 0
10.78667765291853 5.54414846376118 0
10.92306841193245 5.614440292618101 0
10.7272598089938 5.293267185273745 0
10.51389613489069 5.403564806047338 0
10.57331397881541 5.654446084534773 0
10.65028689390461 5.473856634904259 0
10.36066649773867 5.759521591366614 0
10.49634106372622 5.835035534165288 0
11.15613573627913 5.057005601901299 0
10.94133967612328 5.177747450558398 0
11.07844662816357 5.242817165473566 0
11.31151395251025 4.685382474756764 0
11.09600169932804 4.811346437355617 0
11.23382484439469 4.871194038329032 0
11.03515146935058 4.570909386751689 0
10.82035540919473 4.691651235408788 0
10.88120563917219 4.932088286012716 0
10.95817855426139 4.751498836382202 0
10.66712577204271 5.047608020728063 0
10.804232724083 5.11267773564323 0
10.60627554206525 4.807170970124134 0
10.39291186796214 4.917468590897728 0
10.4537620979396 5.157905641501657 0
10.53001882000242 4.982538305812896 0
10.75878898619091 4.456436298746612 0
10.54470911906143 4.571956033461958 0
10.68253226412808 4.631803634435372 0
10.48242650303123 4.341963210741534 0
10.26906282892812 4.452260831515128 0
10.33134544495831 4.682253654235551 0
10.40688597399477 4.512108432488543 0
10.11869796388157 4.787329161067392 0
10.18026438688539 5.022544097729568 0
10.25580491592185 4.852398875982559 0
10.30124865381394 5.508640312879179 0
10.08931736576356 5.608493705769267 0
10.22499193175112 5.684007648567941 0
10.24111461686285 5.262981148333497 0
10.37750537587677 5.333272977190417 0
9.968333098835011 5.122397490619656 0
10.02918332881247 5.362834541223585 0
10.10472385784893 5.192689319476577 0
9.817968233788456 5.457465820171921 0
9.953642799776009 5.532979762970593 0
11.46442219455652 4.312736250784564 0
11.24819374834794 4.443922327325169 0
11.38796807353339 4.499059362770664 0
11.61733043660278 3.940090026812363 0
11.39791582318298 4.075475120467055 0
11.54087631557965 4.126413138798464 0
11.32822328459821 3.842413007263632 0
11.11199483838963 3.973599083804238 0
11.18168737697439 4.20666119700766 0
11.2549553307863 4.024537102135646 0
10.96864509797704 4.333648256434179 0
11.10841942316249 4.388785291879675 0
11.77023867864905 3.567443802840162 0
11.54763789801802 3.707027913608941 0
11.69378455762591 3.753766914826262 0
11.69735997285305 3.338580706750826 0
11.84669279967218 3.381120690854062 0
11.3986943192148 3.253500738544356 0
11.47475919222202 3.478164817519605 0
11.54802714603393 3.296040722647591 0
11.25534457880222 3.613549911174297 0
11.40149123841012 3.660288912391619 0
11.179279705795 3.388885832199048 0
10.96305125958641 3.520071908739653 0
11.03911613259363 3.744735987714902 0
11.10919791919432 3.566810909956975 0
11.10002866557655 3.168420770337886 0
11.24936149239568 3.210960754441121 0
10.8013630119383 3.083340802131415 0
10.88380021936797 3.299606846878491 0
10.95069583875743 3.125880786234651 0
10.67075794037062 3.42659390630501 0
10.75000898058906 3.647058968166172 0
10.81690459997851 3.473332907522332 0
10.89895255939227 4.100586143230757 0
10.68909644760614 4.223374185543189 0
10.82887077279159 4.278511220988685 0
10.82607385359628 3.871723047141421 0
10.96903434599295 3.92266106547283 0
10.54015286880293 3.769847010478604 0
10.61621774181015 3.994511089453853 0
10.6831133611996 3.820785028810013 0
10.40954779723524 4.113100114652199 0
10.54932212242069 4.168237150097694 0
10.33475008052275 3.888866177299566 0
10.13126630315907 4.003256185383826 0
10.20606401987156 4.227490122736459 0
10.27040705019716 4.058178150018013 0
10.46343614117394 3.550242231862675 0
10.25803335289375 3.669261398683636 0
10.39909311084834 3.719554204581121 0
10.17939761434826 3.454285778804409 0
9.975913836984583 3.568675786888669 0
10.05454957553007 3.783651406767896 0
10.11697359493917 3.618968592786153 0
9.852984809082896 3.893412256115451 0
9.929701536711889 4.113017034731381 0
9.992125556120982 3.948334220749639 0
10.58958788923567 3.210758003180551 0
10.38226609003899 3.334406328738215 0
10.5265120152048 3.380500117521613 0
10.50396451459478 2.998690975547562 0
10.65266376326654 3.041015888839489 0
10.20656601725125 2.914041148963707 0
10.2966427153981 3.122339301105226 0
10.35526526592301 2.956366062255634 0
10.09377423970737 3.24221875117142 0
10.23802016487318 3.288312539954818 0
10.00497843615392 3.034309154157492 0
9.806563283969147 3.150419728732216 0
9.895359087522591 3.358329325746145 0
9.95016876183826 3.196319239951818 0
9.910448414501129 2.829779877507443 0
10.05850721587619 2.871910513235576 0
9.714595051503153 2.946667562337348 0
9.763033196495124 2.787833026772741 0
9.611320560696917 3.262372872687879 0
9.663595031614125 3.104724961550054 0
9.775601809901747 3.67890813398175 0
9.575956054371069 3.784039824592603 0
9.653339053552216 3.998543946726305 0
9.714470431726983 3.838726040354028 0
9.695047060439755 3.468561672839226 0
9.835480448712168 3.518618729863947 0
9.497906783637767 3.574636358941131 0
9.555243857472334 3.418730099643062 0
9.376976570392543 3.884070858721228 0
9.438064147278448 3.729599591036582 0
9.758318174663559 5.217620628341244 0
9.547819272665913 5.307029793347827 0
9.682893753227185 5.382247806759874 0
9.909167017536308 4.888366271503985 0
9.699152093364857 4.983589409225573 0
9.833742596099933 5.052993449922615 0
9.640469989892349 4.755372162824907 0
9.429971087894703 4.844781327831488 0
9.488653191367211 5.072998574232154 0
9.564561590629779 4.91418536852853 0
9.277670311543371 5.156593766523731 0
9.412744792104641 5.231811779935779 0
10.05761551870394 4.557928197120221 0
9.848084572358678 4.658965307556814 0
9.983391268120121 4.723147234312103 0
9.994616709647376 4.333157488341552 0
10.13183976928775 4.39270915992834 0
9.720170590366632 4.214054145167974 0
9.785085763302119 4.434194598778143 0
9.857393650007003 4.273605816754761 0
9.57747118083579 4.530601454046236 0
9.712777876597233 4.594783380801525 0
9.513775227610529 4.311013421773821 0
9.30807700902313 4.402790021873413 0
9.371772962248393 4.622378054145827 0
9.442774094929462 4.466695737959824 0
9.446943690796113 4.095503223332152 0
9.583557140581371 4.154778684250062 0
9.243683911629162 4.188384666107254 0
9.310944329646086 4.036493979663303 0
9.103075934604433 4.489383945466749 0
9.173984972588542 4.339170472887392 0
9.220168687298271 4.929007499383522 0
9.008701829648235 5.006788718960094 0
9.143186070595803 5.081691242741912 0
9.161970561651959 4.706604225697862 0
9.295970824773331 4.775692776764674 0
8.952864662456737 4.785647403795348 0
9.028565661008297 4.637821485018341 0
8.874802626491288 4.932211321703734 0
2 2 0 2945
3361
3362
3363
3364
3365
3366
3367
3368
3369
3370
3371
3372
3373
3374
3375
3376
3377
3378
3379
3380
3381
3382
3383
3384
3385
3386
3387
3388
3389
3390
3391
3392
3393
3394
3395
3396
3397
3398
3399
3400
3401
3402
3403
3404
3405
3406
3407
3408
3409
3410
3411
3412
3413
3414
3415
3416
3417
3418
3419
3420
3421
3422
3423
3424
3425
3426
3427
3428
3429
3430
3431
3432
3433
3434
3435
3436
3437
3438
3439
3440
3441
3442
3443
3444
3445
3446
3447
3448
3449
3450
3451
3452
3453
3454
3455
3456
3457
3458
3459
3460
3461
3462
3463
3464
3465
3466
3467
3468
3469
3470
3471
3472
3473
3474
3475
3476
3477
3478
3479
3480
3481
3482
3483
3484
3485
3486
3487
3488
3489
3490
3491
3492
3493
3494
3495
3496
3497
3498
3499
3500
3501
3502
3503
3504
3505
3506
3507
3508
3509
3510
3511
3512
3513
3514
3515
3516
3517
3518
3519
3520
3521
3522
3523
3524
3525
3526
3527
3528
3529
3530
3531
3532
3533
3534
3535
3536
3537
3538
3539
3540
3541
3542
3543
3544
3545
3546
3547
3548
3549
3550
3551
3552
3553
3554
3555
3556
3557
3558
3559
3560
3561
3562
3563
3564
3565
3566
3567
3568
3569
3570
3571
3572
3573
3574
3575
3576
3577
3578
3579
3580
3581
3582
3583
3584
3585
3586
3587
3588
3589
3590
3591
3592
3593
3594
3595
3596
3597
3598
3599
3600
3601
3602
3603
3604
3605
3606
3607
3608
3609
3610
3611
3612
3613
3614
3615
3616
3617
3618
3619
3620
3621
3622
3623
3624
3625
3626
3627
3628
3629
3630
3631
3632
3633
3634
3635
3636
3637
3638
3639
3640
3641
3642
3643
3644
3645
3646
3647
3648
3649
3650
3651
3652
3653
3654
3655
3656
3657
3658
3659
3660
3661
3662
3663
3664
3665
3666
3667
3668
3669
3670
3671
3672
3673
3674
3675
3676
3677
3678
3679
3680
3681
3682
3683
3684
3685
3686
3687
3688
3689
3690
3691
3692
3693
3694
3695
3696
3697
3698
3699
3700
3701
3702
3703
3704
3705
3706
3707
3708
3709
3710
3711
3712
3713
3714
3715
3716
3717
3718
3719
3720
3721
3722
3723
3724
3725
3726
3727
3728
3729
3730
3731
3732
3733
3734
3735
3736
3737
3738
3739
3740
3741
3742
3743
3744
3745
3746
3747
3748
3749
3750
3751
3752
3753
3754
3755
3756
3757
3758
3759
3760
3761
3762
3763
3764
3765
3766
3767
3768
3769
3770
3771
3772
3773
3774
3775
3776
3777
3778
3779
3780
3781
3782
3783
3784
3785
3786
3787
3788
3789
3790
3791
3792
3793
3794
3795
3796
3797
3798
3799
3800
3801
3802
3803
3804
3805
3806
3807
3808
3809
3810
3811
3812
3813
3814
3815
3816
3817
3818
3819
3820
3821
3822
3823
3824
3825
3826
3827
3828
3829
3830
3831
3832
3833
3834
3835
3836
3837
3838
3839
3840
3841
3842
3843
3844
3845
3846
3847
3848
3849
3850
3851
3852
3853
3854
3855
3856
3857
3858
3859
3860
3861
3862
3863
3864
3865
3866
3867
3868
3869
3870
3871
3872
3873
3874
3875
3876
3877
3878
3879
3880
3881
3882
3883
3884
3885
3886
3887
3888
3889
3890
3891
3892
3893
3894
3895
3896
3897
3898
3899
3900
3901
3902
3903
3904
3905
3906
3907
3908
3909
3910
3911
3912
3913
3914
3915
3916
3917
3918
3919
3920
3921
3922
3923
3924
3925
3926
3927
3928
3929
3930
3931
3932
3933
3934
3935
3936
3937
3938
3939
3940
3941
3942
3943
3944
3945
3946
3947
3948
3949
3950
3951
3952
3953
3954
3955
3956
3957
3958
3959
3960
3961
3962
3963
3964
3965
3966
3967
3968
3969
3970
3971
3972
3973
3974
3975
3976
3977
3978
3979
3980
3981
3982
3983
3984
3985
3986
3987
3988
3989
3990
3991
3992
3993
3994
3995
3996
3997
3998
3999
4000
4001
4002
4003
4004
4005
4006
4007
4008
4009
4010
4011
4012
4013
4014
4015
4016
4017
4018
4019
4020
4021
4022
4023
4024
4025
4026
4027
4028
4029
4030
4031
4032
4033
4034
4035
4036
4037
4038
4039
4040
4041
4042
4043
4044
4045
4046
4047
4048
4049
4050
4051
4052
4053
4054
4055
4056
4057
4058
4059
4060
4061
4062
4063
4064
4065
4066
4067
4068
4069
4070
4071
4072
4073
4074
4075
4076
4077
4078
4079
4080
4081
4082
4083
4084
4085
4086
4087
4088
4089
4090
4091
4092
4093
4094
4095
4096
4097
4098
4099
4100
4101
4102
4103
4104
4105
4106
4107
4108
4109
4110
4111
4112
4113
4114
4115
4116
4117
4118
4119
4120
4121
4122
4123
4124
4125
4126
4127
4128
4129
4130
4131
4132
4133
4134
4135
4136
4137
4138
4139
4140
4141
4142
4143
4144
4145
4146
4147
4148
4149
4150
4151
4152
4153
4154
4155
4156
4157
4158
4159
4160
4161
4162
4163
4164
4165
4166
4167
4168
4169
4170
4171
4172
4173
4174
4175
4176
4177
4178
4179
4180
4181
4182
4183
4184
4185
4186
4187
4188
4189
4190
4191
4192
4193
4194
4195
4196
4197
4198
4199
4200
4201
4202
4203
4204
4205
4206
4207
4208
4209
4210
4211
4212
4213
4214
4215
4216
4217
4218
4219
4220
4221
4222
4223
4224
4225
4226
4227
4228
4229
4230
4231
4232
4233
4234
4235
4236
4237
4238
4239
4240
4241
4242
4243
4244
4245
4246
4247
4248
4249
4250
4251
4252
4253
4254
4255
4256
4257
4258
4259
4260
4261
4262
4263
4264
4265
4266
4267
4268
4269
4270
4271
4272
4273
4274
4275
4276
4277
4278
4279
4280
4281
4282
4283
4284
4285
4286
4287
4288
4289
4290
4291
4292
4293
4294
4295
4296
4297
4298
4299
4300
4301
4302
4303
4304
4305
4306
4307
4308
4309
4310
4311
4312
4313
4314
4315
4316
4317
4318
4319
4320
4321
4322
4323
4324
4325
4326
4327
4328
4329
4330
4331
4332
4333
4334
4335
4336
4337
4338
4339
4340
4341
4342
4343
4344
4345
4346
4347
4348
4349
4350
4351
4352
4353
4354
4355
4356
4357
4358
4359
4360
4361
4362
4363
4364
4365
4366
4367
4368
4369
4370
4371
4372
4373
4374
4375
4376
4377
4378
4379
4380
4381
4382
4383
4384
4385
4386
4387
4388
4389
4390
4391
4392
4393
4394
4395
4396
4397
4398
4399
4400
4401
4402
4403
4404
4405
4406
4407
4408
4409
4410
4411
4412
4413
4414
4415
4416
4417
4418
4419
4420
4421
4422
4423
4424
4425
4426
4427
4428
4429
4430
4431
4432
4433
4434
4435
4436
4437
4438
4439
4440
4441
4442
4443
4444
4445
4446
4447
4448
4449
4450
4451
4452
4453
4454
4455
4456
4457
4458
4459
4460
4461
4462
4463
4464
4465
4466
4467
4468
4469
4470
4471
4472
4473
4474
4475
4476
4477
4478
4479
4480
4481
4482
4483
4484
4485
4486
4487
4488
4489
4490
4491
4492
4493
4494
4495
4496
4497
4498
4499
4500
4501
4502
4503
4504
4505
4506
4507
4508
4509
4510
4511
4512
4513
4514
4515
4516
4517
4518
4519
4520
4521
4522
4523
4524
4525
4526
4527
4528
4529
4530
4531
4532
4533
4534
4535
4536
4537
4538
4539
4540
4541
4542
4543
4544
4545
4546
4547
4548
4549
4550
4551
4552
4553
4554
4555
4556
4557
4558
4559
4560
4561
4562
4563
4564
4565
4566
4567
4568
4569
4570
4571
4572
4573
4574
4575
4576
4577
4578
4579
4580
4581
4582
4583
4584
4585
4586
4587
4588
4589
4590
4591
4592
4593
4594
4595
4596
4597
4598
4599
4600
4601
4602
4603
4604
4605
4606
4607
4608
4609
4610
4611
4612
4613
4614
4615
4616
4617
4618
4619
4620
4621
4622
4623
4624
4625
4626
4627
4628
4629
4630
4631
4632
4633
4634
4635
4636
4637
4638
4639
4640
4641
4642
4643
4644
4645
4646
4647
4648
4649
4650
4651
4652
4653
4654
4655
4656
4657
4658
4659
4660
4661
4662
4663
4664
4665
4666
4667
4668
4669
4670
4671
4672
4673
4674
4675
4676
4677
4678
4679
4680
4681
4682
4683
4684
4685
4686
4687
4688
4689
4690
4691
4692
4693
4694
4695
4696
4697
4698
4699
4700
4701
4702
4703
4704
4705
4706
4707
4708
4709
4710
4711
4712
4713
4714
4715
4716
4717
4718
4719
4720
4721
4722
4723
4724
4725
4726
4727
4728
4729
4730
4731
4732
4733
4734
4735
4736
4737
4738
4739
4740
4741
4742
4743
4744
4745
4746
4747
4748
4749
4750
4751
4752
4753
4754
4755
4756
4757
4758
4759
4760
4761
4762
4763
4764
4765
4766
4767
4768
4769
4770
4771
4772
4773
4774
4775
4776
4777
4778
4779
4780
4781
4782
4783
4784
4785
4786
4787
4788
4789
4790
4791
4792
4793
4794
4795
4796
4797
4798
4799
4800
4801
4802
4803
4804
4805
4806
4807
4808
4809
4810
4811
4812
4813
4814
4815
4816
4817
4818
4819
4820
4821
4822
4823
4824
4825
4826
4827
4828
4829
4830
4831
4832
4833
4834
4835
4836
4837
4838
4839
4840
4841
4842
4843
4844
4845
4846
4847
4848
4849
4850
4851
4852
4853
4854
4855
4856
4857
4858
4859
4860
4861
4862
4863
4864
4865
4866
4867
4868
4869
4870
4871
4872
4873
4874
4875
4876
4877
4878
4879
4880
4881
4882
4883
4884
4885
4886
4887
4888
4889
4890
4891
4892
4893
4894
4895
4896
4897
4898
4899
4900
4901
4902
4903
4904
4905
4906
4907
4908
4909
4910
4911
4912
4913
4914
4915
4916
4917
4918
4919
4920
4921
4922
4923
4924
4925
4926
4927
4928
4929
4930
4931
4932
4933
4934
4935
4936
4937
4938
4939
4940
4941
4942
4943
4944
4945
4946
4947
4948
4949
4950
4951
4952
4953
4954
4955
4956
4957
4958
4959
4960
4961
4962
4963
4964
4965
4966
4967
4968
4969
4970
4971
4972
4973
4974
4975
4976
4977
4978
4979
4980
4981
4982
4983
4984
4985
4986
4987
4988
4989
4990
4991
4992
4993
4994
4995
4996
4997
4998
4999
5000
5001
5002
5003
5004
5005
5006
5007
5008
5009
5010
5011
5012
5013
5014
5015
5016
5017
5018
5019
5020
5021
5022
5023
5024
5025
5026
5027
5028
5029
5030
5031
5032
5033
5034
5035
5036
5037
5038
5039
5040
5041
5042
5043
5044
5045
5046
5047
5048
5049
5050
5051
5052
5053
5054
5055
5056
5057
5058
5059
5060
5061
5062
5063
5064
5065
5066
5067
5068
5069
5070
5071
5072
5073
5074
5075
5076
5077
5078
5079
5080
5081
5082
5083
5084
5085
5086
5087
5088
5089
5090
5091
5092
5093
5094
5095
5096
5097
5098
5099
5100
5101
5102
5103
5104
5105
5106
5107
5108
5109
5110
5111
5112
5113
5114
5115
5116
5117
5118
5119
5120
5121
5122
5123
5124
5125
5126
5127
5128
5129
5130
5131
5132
5133
5134
5135
5136
5137
5138
5139
5140
5141
5142
5143
5144
5145
5146
5147
5148
5149
5150
5151
5152
5153
5154
5155
5156
5157
5158
5159
5160
5161
5162
5163
5164
5165
5166
5167
5168
5169
5170
5171
5172
5173
5174
5175
5176
5177
5178
5179
5180
5181
5182
5183
5184
5185
5186
5187
5188
5189
5190
5191
5192
5193
5194
5195
5196
5197
5198
5199
5200
5201
5202
5203
5204
5205
5206
5207
5208
5209
5210
5211
5212
5213
5214
5215
5216
5217
5218
5219
5220
5221
5222
5223
5224
5225
5226
5227
5228
5229
5230
5231
5232
5233
5234
5235
5236
5237
5238
5239
5240
5241
5242
5243
5244
5245
5246
5247
5248
5249
5250
5251
5252
5253
5254
5255
5256
5257
5258
5259
5260
5261
5262
5263
5264
5265
5266
5267
5268
5269
5270
5271
5272
5273
5274
5275
5276
5277
5278
5279
5280
5281
5282
5283
5284
5285
5286
5287
5288
5289
5290
5291
5292
5293
5294
5295
5296
5297
5298
5299
5300
5301
5302
5303
5304
5305
5306
5307
5308
5309
5310
5311
5312
5313
5314
5315
5316
5317
5318
5319
5320
5321
5322
5323
5324
5325
5326
5327
5328
5329
5330
5331
5332
5333
5334
5335
5336
5337
5338
5339
5340
5341
5342
5343
5344
5345
5346
5347
5348
5349
5350
5351
5352
5353
5354
5355
5356
5357
5358
5359
5360
5361
5362
5363
5364
5365
5366
5367
5368
5369
5370
5371
5372
5373
5374
5375
5376
5377
5378
5379
5380
5381
5382
5383
5384
5385
5386
5387
5388
5389
5390
5391
5392
5393
5394
5395
5396
5397
5398
5399
5400
5401
5402
5403
5404
5405
5406
5407
5408
5409
5410
5411
5412
5413
5414
5415
5416
5417
5418
5419
5420
5421
5422
5423
5424
5425
5426
5427
5428
5429
5430
5431
5432
5433
5434
5435
5436
5437
5438
5439
5440
5441
5442
5443
5444
5445
5446
5447
5448
5449
5450
5451
5452
5453
5454
5455
5456
5457
5458
5459
5460
5461
5462
5463
5464
5465
5466
5467
5468
5469
5470
5471
5472
5473
5474
5475
5476
5477
5478
5479
5480
5481
5482
5483
5484
5485
5486
5487
5488
5489
5490
5491
5492
5493
5494
5495
5496
5497
5498
5499
5500
5501
5502
5503
5504
5505
5506
5507
5508
5509
5510
5511
5512
5513
5514
5515
5516
5517
5518
5519
5520
5521
5522
5523
5524
5525
5526
5527
5528
5529
5530
5531
5532
5533
5534
5535
5536
5537
5538
5539
5540
5541
5542
5543
5544
5545
5546
5547
5548
5549
5550
5551
5552
5553
5554
5555
5556
5557
5558
5559
5560
5561
5562
5563
5564
5565
5566
5567
5568
5569
5570
5571
5572
5573
5574
5575
5576
5577
5578
5579
5580
5581
5582
5583
5584
5585
5586
5587
5588
5589
5590
5591
5592
5593
5594
5595
5596
5597
5598
5599
5600
5601
5602
5603
5604
5605
5606
5607
5608
5609
5610
5611
5612
5613
5614
5615
5616
5617
5618
5619
5620
5621
5622
5623
5624
5625
5626
5627
5628
5629
5630
5631
5632
5633
5634
5635
5636
5637
5638
5639
5640
5641
5642
5643
5644
5645
5646
5647
5648
5649
5650
5651
5652
5653
5654
5655
5656
5657
5658
5659
5660
5661
5662
5663
5664
5665
5666
5667
5668
5669
5670
5671
5672
5673
5674
5675
5676
5677
5678
5679
5680
5681
5682
5683
5684
5685
5686
5687
5688
5689
5690
5691
5692
5693
5694
5695
5696
5697
5698
5699
5700
5701
5702
5703
5704
5705
5706
5707
5708
5709
5710
5711
5712
5713
5714
5715
5716
5717
5718
5719
5720
5721
5722
5723
5724
5725
5726
5727
5728
5729
5730
5731
5732
5733
5734
5735
5736
5737
5738
5739
5740
5741
5742
5743
5744
5745
5746
5747
5748
5749
5750
5751
5752
5753
5754
5755
5756
5757
5758
5759
5760
5761
5762
5763
5764
5765
5766
5767
5768
5769
5770
5771
5772
5773
5774
5775
5776
5777
5778
5779
5780
5781
5782
5783
5784
5785
5786
5787
5788
5789
5790
5791
5792
5793
5794
5795
5796
5797
5798
5799
5800
5801
5802
5803
5804
5805
5806
5807
5808
5809
5810
5811
5812
5813
5814
5815
5816
5817
5818
5819
5820
5821
5822
5823
5824
5825
5826
5827
5828
5829
5830
5831
5832
5833
5834
5835
5836
5837
5838
5839
5840
5841
5842
5843
5844
5845
5846
5847
5848
5849
5850
5851
5852
5853
5854
5855
5856
5857
5858
5859
5860
5861
5862
5863
5864
5865
5866
5867
5868
5869
5870
5871
5872
5873
5874
5875
5876
5877
5878
5879
5880
5881
5882
5883
5884
5885
5886
5887
5888
5889
5890
5891
5892
5893
5894
5895
5896
5897
5898
5899
5900
5901
5902
5903
5904
5905
5906
5907
5908
5909
5910
5911
5912
5913
5914
5915
5916
5917
5918
5919
5920
5921
5922
5923
5924
5925
5926
5927
5928
5929
5930
5931
5932
5933
5934
5935
5936
5937
5938
5939
5940
5941
5942
5943
5944
5945
5946
5947
5948
5949
5950
5951
5952
5953
5954
5955
5956
5957
5958
5959
5960
5961
5962
5963
5964
5965
5966
5967
5968
5969
5970
5971
5972
5973
5974
5975
5976
5977
5978
5979
5980
5981
5982
5983
5984
5985
5986
5987
5988
5989
5990
5991
5992
5993
5994
5995
5996
5997
5998
5999
6000
6001
6002
6003
6004
6005
6006
6007
6008
6009
6010
6011
6012
6013
6014
6015
6016
6017
6018
6019
6020
6021
6022
6023
6024
6025
6026
6027
6028
6029
6030
6031
6032
6033
6034
6035
6036
6037
6038
6039
6040
6041
6042
6043
6044
6045
6046
6047
6048
6049
6050
6051
6052
6053
6054
6055
6056
6057
6058
6059
6060
6061
6062
6063
6064
6065
6066
6067
6068
6069
6070
6071
6072
6073
6074
6075
6076
6077
6078
6079
6080
6081
6082
6083
6084
6085
6086
6087
6088
6089
6090
6091
6092
6093
6094
6095
6096
6097
6098
6099
6100
6101
6102
6103
6104
6105
6106
6107
6108
6109
6110
6111
6112
6113
6114
6115
6116
6117
6118
6119
6120
6121
6122
6123
6124
6125
6126
6127
6128
6129
6130
6131
6132
6133
6134
6135
6136
6137
6138
6139
6140
6141
6142
6143
6144
6145
6146
6147
6148
6149
6150
6151
6152
6153
6154
6155
6156
6157
6158
6159
6160
6161
6162
6163
6164
6165
6166
6167
6168
6169
6170
6171
6172
6173
6174
6175
6176
6177
6178
6179
6180
6181
6182
6183
6184
6185
6186
6187
6188
6189
6190
6191
6192
6193
6194
6195
6196
6197
6198
6199
6200
6201
6202
6203
6204
6205
6206
6207
6208
6209
6210
6211
6212
6213
6214
6215
6216
6217
6218
6219
6220
6221
6222
6223
6224
6225
6226
6227
6228
6229
6230
6231
6232
6233
6234
6235
6236
6237
6238
6239
6240
6241
6242
6243
6244
6245
6246
6247
6248
6249
6250
6251
6252
6253
6254
6255
6256
6257
6258
6259
6260
6261
6262
6263
6264
6265
6266
6267
6268
6269
6270
6271
6272
6273
6274
6275
6276
6277
6278
6279
6280
6281
6282
6283
6284
6285
6286
6287
6288
6289
6290
6291
6292
6293
6294
6295
6296
6297
6298
6299
6300
6301
6302
6303
6304
6305
3.750000009418739 6.495190522945379 0
1.941142844616268 7.244443695471269 0
6.495190534102671 3.749999990093739 0
5.303300869485119 5.303300848313095 0
7.244443698240609 1.941142834256312 0
2.264666652052312 8.45185097804713 0
0.9705714223081338 7.372221847739663 0
1.137916674235406 8.643335230478879 0
4.375000010988529 7.577722276769609 0
2.845571427017503 6.869817109208324 0
3.336202881126844 8.054306214761203 0
3.125000007848949 5.412658769121149 0
1.617619037180223 6.037036412891382 0
2.379494297317798 5.744607384682682 0
0.8116011926947363 6.164723077175259 0
6.187184347732638 6.187184323031944 0
4.526650439451929 5.899245685629237 0
5.307132371780781 6.9163895388909 0
7.57772228978645 4.374999988442696 0
5.899245701793895 4.526650419203417 0
6.916389557606775 5.307132347798619 0
5.412658778418892 3.124999991744783 0
4.419417391237599 4.419417373594245 0
4.933006204251862 3.785228778700164 0
3.785228795753373 4.93300619085276 0
8.451850981282426 2.264666639965697 0
6.869817116171641 2.845571412175026 0
8.054306222492174 3.336202863446858 0
7.372221849117731 0.9705714171281561 0
8.643335231688448 1.137916667685397 0
6.037036415201365 1.617619028546927 0
6.164723078124137 0.8116011881247376 0
5.744607390288998 2.379494284767185 0
1.221589300199042 9.278891921847677 0
0.5689583371177028 8.696667615242266 0
0.6114948156838593 9.337628423750402 0
2.426428555770334 9.055554619335059 0
1.701291663143859 8.547593104263004 0
1.826097444638524 9.177722953553712 0
2.10290474833429 7.848147336759199 0
1.455857133462201 7.308332771605466 0
1.05424404827177 8.007778539109271 0
1.578574398303029 7.927962937934235 0
0.4852857111540669 7.43611092387386 0
0.5271220241358848 8.066389269558481 0
3.581518608181515 8.646550767537644 0
2.800434766589579 8.253078596404166 0
3.007414714768249 8.861189943994715 0
4.687500011773424 8.118988153681723 0
3.855601446057687 7.816014245765405 0
4.139244180251014 8.392370827524562 0
4.062500010203634 7.036456399857494 0
3.297785718218121 6.682503816076851 0
3.090887154072174 7.462061661984763 0
3.576693582137904 7.249259030921129 0
2.393357135816885 7.057130402339796 0
2.596895951203232 7.655104499371982 0
2.612532862167651 6.307212246945503 0
1.99855666724901 5.890821898787032 0
1.779380940898245 6.640740054181325 0
2.195956901532949 6.473976150563414 0
3.437500008633844 5.953924646033264 0
2.752247152583374 5.578633076901916 0
3.025016435400747 6.130568446489384 0
2.812500007064054 4.871392892209034 0
2.146455732467945 5.182002522419863 0
2.481845304902771 5.031498390771887 0
1.455857133462201 5.433332771601439 0
1.802876999361235 5.312736272289833 0
0.891086307501435 6.768472462457461 0
0.4058005963473681 6.207361538590952 0
0.4455431537507175 6.821736231231666 0
1.21461011493748 6.10087974503332 0
1.33523362419984 6.704606258319393 0
0.7321160778880376 5.560973691891748 0
1.095030864002037 5.502403073227765 0
0.3664081217361881 5.598328077360058 0
5.697373337945208 7.424961465521733 0
4.841066191384655 7.247055907830255 0
5.198384267515964 7.780876010933935 0
6.629126086856399 6.629126060391368 0
5.74715835975671 6.551786930961422 0
6.17030826243605 7.035092496686469 0
5.745242608608878 5.74524258567252 0
4.914975654468524 5.601273266971166 0
4.916891405616355 6.407817612260068 0
5.331067007112617 6.076530098966294 0
4.138325224435334 6.197218104287307 0
4.489695707909995 6.722137006058781 0
7.424961485513215 5.69737331209622 0
6.551786952669707 5.747158335415281 0
7.035092519991623 6.170308236067676 0
8.11898816762834 4.687499987617175 0
7.247055923696612 4.841066168120657 0
7.780876027867542 5.198384242413871 0
7.036456411944561 4.062499989268217 0
6.197218117948283 4.138325204648578 0
6.407817629700334 4.916891383501017 0
6.722137020822448 4.489695686384617 0
5.601273285639507 4.914975633758256 0
6.076530119154606 5.331066984586769 0
5.416125953022878 4.15593959895179 0
4.676211797744731 4.102323076147204 0
4.861359130361359 4.86135911095367 0
5.138742541692119 4.50864935495273 0
5.953924656260781 3.437499990919261 0
5.172832491335377 3.455114385222473 0
5.685025304641831 3.796719794935526 0
4.871392900577003 2.812499992570305 0
4.449886455480845 3.414517958448537 0
4.665090278677306 3.116482771788008 0
3.977475652113839 3.977475636234821 0
4.217705420700749 3.699526072253621 0
4.155939617602651 5.416125938240999 0
3.455114401801161 5.172832479986955 0
3.796719813118247 5.68502529213713 0
4.102323093495486 4.676211782223502 0
4.508649373982005 5.138742524597333 0
3.414517973904095 4.449886443464521 0
3.69952608802659 4.21770540671463 0
3.116482786812399 4.665090268502881 0
8.646550775652441 3.581518589082774 0
7.816014256139312 3.855601425944776 0
8.392370838460884 4.139244158535993 0
9.055554622803335 2.42642854282039 0
8.253078601887299 2.800434751706278 0
8.861189949585691 3.007414698932513 0
7.848147339761518 2.102904737111005 0
7.057130407206125 2.393357123215669 0
7.462061669331908 3.090887137810942 0
7.655104504546713 2.596895937460973 0
6.682503825137156 3.297785701134383 0
7.249259040638234 3.57669356353958 0
9.278891922973809 1.221589292964018 0
8.547593106485436 1.701291653825547 0
9.17772295576712 1.826097434438273 0
8.696667615842937 0.5689583338426987 0
9.337628424169809 0.6114948122239299 0
7.436110924556292 0.485285708564078 0
8.007778540403089 1.054244042406777 0
8.066389270199615 0.5271220212033884 0
7.308332773679171 1.455857125692234 0
7.927962940082304 1.578574389758891 0
6.768472463620935 0.8910863026264468 0
6.100879746662751 1.214610108335832 0
6.640740056720987 1.77938093140162 0
6.704606260170961 1.335233617014033 0
6.207361539061262 0.4058005940623688 0
6.82173623180857 0.4455431513132234 0
5.56097369262686 0.7321160736230283 0
5.598328077654147 0.3664081196824747 0
5.433332773681744 1.455857125692234 0
5.502403074593577 1.095030857930666 0
6.307212253230319 2.612532848471106 0
5.578633084353945 2.752247138255984 0
6.130568454745551 3.025016419695183 0
5.890821902745182 1.998556656657056 0
6.473976154975653 2.195956889936363 0
5.182002527347676 2.146455721063265 0
5.312736275693611 1.802876989868215 0
5.031498397372586 2.481845291909795 0
0.6327630549669376 9.658108828004361 0
0.3057474078419297 9.356314211876724 0
0.3164691185342998 9.675480043303423 0
1.26342561318086 9.596670267532076 0
0.9165420579414505 9.30826017279904 0
0.9483567320552109 9.630053719619005 0
1.179752987217224 8.961113576163278 0
0.8534375056765542 8.670001422860572 0
0.590226576400781 9.017148019496334 0
0.8849897818090022 8.989130797829807 0
0.2844791685588514 8.723333807623959 0
0.2951132882003905 9.039824009750529 0
1.888500335385857 9.492787878199064 0
1.523843372418783 9.228307437700694 0
1.57639905569305 9.547370378860219 0
2.507309507629345 9.357406439979023 0
2.126263000204429 9.116638786444385 0
2.198512818956749 9.427704288750181 0
2.345547603911323 8.753702798691094 0
1.982979157598086 8.499722041155067 0
1.763694553891191 8.862658028908358 0
2.054621078901257 8.808180413799727 0
1.419604168689632 8.595464167370942 0
1.471723770554207 8.911885802535819 0
1.639933030723444 8.23777802109862 0
1.316409223287399 7.967870738521754 0
1.096080361253588 8.325556884794075 0
1.368006695988516 8.281667452946348 0
2.183785700193301 8.149999157403165 0
1.84073957331866 7.888055137346717 0
1.911859365458373 8.193888589250893 0
2.022023796475279 7.546295516115235 0
1.698499989039234 7.276388233538368 0
1.517215765882615 7.61814785476985 0
1.769619781178947 7.582221685442542 0
1.213214277885167 7.340277309672564 0
1.012407735289952 7.690000193424467 0
1.264811750586283 7.654074024097159 0
0.5480401806267938 8.381528442400374 0
0.2635610120679424 8.095694634783085 0
0.2740200903133969 8.409514221203565 0
0.7906830362038273 8.037083904333876 0
0.8220602709401907 8.353542663597224 0
0.7279285667311003 7.404166385806762 0
0.5062038676449758 7.751250096716171 0
0.7593058014674637 7.720625145070319 0
0.2426428555770334 7.468055461940958 0
0.2531019338224879 7.781875048362158 0
3.110904688857585 9.165245617789989 0
2.716921635269292 8.958372281664886 0
2.809884208380713 9.263887818136386 0
3.70417647170885 8.942673043925865 0
3.294466661474882 8.753870355766178 0
3.408483575711531 9.056464809649373 0
3.45886074465418 8.350428491149422 0
3.068318823858212 8.153692405582685 0
2.903924740678914 8.557134270199441 0
3.181392742666547 8.453781380674432 0
2.532550709320946 8.352464787225648 0
2.624736172295119 8.655418534445268 0
4.281065547347676 8.680549118404141 0
3.860381394216264 8.519460797531103 0
3.993725852278752 8.814049520585517 0
4.843750012165872 8.38962109213778 0
4.413372096012219 8.255679490603143 0
4.563669738439477 8.537446063674121 0
4.531250011380976 7.848355215225666 0
4.115300728523108 7.696868261267507 0
3.99742281315435 8.104192536644984 0
4.264336412267664 7.976273875935325 0
3.595902163592266 7.935160230263304 0
3.728141778904265 8.227310513897203 0
3.716147514097795 7.532636638343267 0
3.333790368105039 7.355660346452947 0
3.213545017599509 7.758183938372984 0
3.464846265848653 7.645410288358126 0
4.218750010596082 7.307089338313551 0
3.819596796170769 7.142857715389312 0
3.967448762346939 7.41986298832841 0
3.906250009811187 6.765823461401436 0
3.52389286381843 6.588847169511115 0
3.437239650178013 6.96588142349899 0
3.6717448299946 6.865852442450213 0
3.071678572617812 6.776160462642587 0
2.968229290544839 7.165939385596543 0
3.202734470361426 7.065910404547767 0
2.698665358896405 7.954091547888074 0
2.34990034976876 7.75162591806559 0
2.441225529544853 8.052045352645619 0
2.843891552637703 7.558583080678373 0
2.956105188247957 7.85613774313053 0
2.619464281417194 6.96347375577406 0
2.495126543510058 7.356117450855889 0
2.731677917027449 7.261028418226216 0
2.167249990216576 7.150787048905533 0
2.258575169992668 7.451206483485562 0
2.294657018674917 6.765553276451605 0
1.987668921215597 6.557358102372369 0
1.860261892757257 6.942591874826297 0
2.077459455716087 6.854072575638951 0
2.729052144592577 6.588514678076914 0
2.4042448818503 6.390594198754458 0
2.511854581633747 6.67703397726426 0
2.496013579742725 6.025909815814092 0
2.189025482283404 5.817714641734858 0
2.09725678439098 6.182399024675223 0
2.296635182066852 6.104154420244658 0
1.808087852214617 5.963929155839207 0
1.698499989039234 6.338888233536354 0
1.897878386715107 6.260643629105788 0
3.161401076809434 6.406536131283118 0
2.818774648784199 6.218890346717444 0
2.945226610701006 6.497525404680016 0
3.593750009026292 6.224557584489322 0
3.231258222017296 6.042246546261325 0
3.377575542917863 6.31554685788622 0
3.281250008241396 5.683291707577206 0
2.938623580216161 5.495645923011533 0
2.888631793992061 5.85460076169565 0
3.084940901116728 5.768946234636427 0
2.565870724950586 5.661620230792299 0
2.692322686867393 5.940255288754871 0
2.617046228743073 5.305065733836901 0
2.314150518685358 5.106750456595875 0
2.262975014892872 5.463304953551273 0
2.440010621817972 5.384185343694087 0
2.968750007456502 5.142025830665092 0
2.647172655983413 4.95144564149046 0
2.792898118099787 5.223545782250997 0
2.656250006671607 4.600759953752977 0
2.34664438106247 4.757931047706872 0
2.502078173208389 4.680525979931504 0
2.029936450043019 4.900700091288453 0
2.188842836927989 4.83053478920792 0
1.900716833305123 5.601779085538432 0
1.629367066411718 5.373034521945636 0
1.536738085321212 5.73518459224641 0
1.718727459313167 5.668481838892421 0
1.97466636591459 5.247369397354848 0
2.081845924098997 5.532542019544852 0
1.705037165417348 5.023693459041232 0
1.86795830544434 4.963449514560565 0
1.37497618160319 5.131480950956467 0
1.540395228578893 5.078868099624791 0
0.4654144324523922 7.128923577552763 0
0.2227715768753588 6.848368115618769 0
0.2327072162261961 7.158211788779941 0
0.9308288649047844 7.070347155098561 0
0.6683147306260763 6.795104346844564 0
0.6981216486785882 7.099635366325662 0
0.8513437500980856 6.46659776981636 0
0.6087008945210522 6.186042307883105 0
0.4256718750490428 6.514548884911309 0
0.6385078125735641 6.490573327363834 0
0.2029002981736841 6.2286807692988 0
0.2128359375245214 6.538524442458517 0
1.395545378831021 7.006469514962429 0
1.113159965850638 6.736539360388427 0
1.163187121867903 7.038408335030496 0
1.557307282549043 6.67267315625036 0
1.627903635794139 6.974530694894363 0
1.416114576058851 6.068958078962352 0
1.27492186956866 6.402743001676357 0
1.486710929303947 6.370815617606356 0
1.013105653816108 6.132801411104289 0
1.063132809833373 6.434670385746358 0
1.154820489469758 5.801641409130543 0
0.9135734709450375 5.531688382559757 0
0.771858635291387 5.862848384533503 0
0.9633395623805727 5.832244896832023 0
1.275443998732119 5.467867922414602 0
1.345779287395485 5.768413000688477 0
1.035241238534316 5.203164737324987 0
1.205412658793326 5.168626408971297 0
0.6923735204846881 5.259098999249993 0
0.8640254202143482 5.232452521284817 0
0.3861043590417781 5.902844807975505 0
0.183204060868094 5.611664038681694 0
0.193052179520889 5.920172403990144 0
0.5492620998121128 5.579650884625903 0
0.5789814971665825 5.882846596254504 0
0.346711884430598 5.293811346744609 0
0.5196739014482993 5.277787258922694 0
0.1733997377407145 5.304493488023486 0
5.377043305581618 8.047786062485775 0
4.942942139644694 7.949932082307829 0
5.11181032951273 8.220976944783065 0
5.89249382102742 7.679247428837149 0
5.447878802730585 7.602918738227833 0
5.636327892530799 7.865692787180196 0
5.502252854862995 7.170675502206317 0
5.074099281582718 7.081722723360578 0
5.01972522945031 7.513965959382094 0
5.260989042156652 7.342320730794206 0
4.608033101186592 7.412389092299932 0
4.775487620415642 7.68116058730388 0
6.381883213775719 7.276745279548992 0
5.933840800190628 7.230026981104101 0
6.138886827976812 7.480065751569059 0
6.850096956418279 6.85009692907108 0
6.399717174646224 6.832109278538918 0
6.617820104479708 7.065374996162859 0
6.408155217294519 6.408155191711655 0
5.967171353744675 6.369485626996683 0
5.95873331109638 6.793439713823945 0
6.18344426419545 6.6007974527678 0
5.527145365768746 6.734088234926161 0
5.730493082979688 6.982057608015131 0
5.539112683434664 6.314158514963857 0
5.123979206364487 6.242173855613181 0
5.112011888698568 6.662103575575484 0
5.325562286066617 6.488131045269672 0
5.966213478170758 5.966213454352232 0
5.538154807860748 5.910886342319406 0
5.752663080802712 6.140185984658045 0
5.524271739046998 5.524271716992807 0
5.109138261976821 5.45228705764213 0
5.123021330790571 5.83890168296873 0
5.323646534918785 5.681586699980768 0
4.720813046960227 5.750259476300201 0
4.721770922534143 6.153531648944652 0
4.922396126662357 5.996216665956691 0
4.665380949647325 6.984596456944518 0
4.276097859056815 6.879296702958138 0
4.442065480121704 7.145842897629035 0
4.703293556763175 6.564977309159424 0
4.888696419172947 6.823350016260001 0
4.332487831943632 6.048231894958272 0
4.314010466172665 6.459677555173045 0
4.517890694353405 6.306604602058849 0
3.944162616927037 6.346204313616343 0
4.110130237991926 6.612750508287241 0
7.27674530365258 6.381883186393874 0
6.83210930342401 6.399717148229522 0
7.065375021889539 6.617820077088034 0
7.679247449466436 5.89249379424502 0
7.230027002752418 5.933840774081948 0
7.480065773848893 6.138886800963691 0
7.170675521559994 5.50225282994742 0
6.734088255138241 5.52714534160695 0
6.793439736330665 5.958733285741479 0
6.982057628945331 5.730493057844448 0
6.369485650201172 5.967171329223612 0
6.600797476812592 6.183444238726567 0
8.047786079953006 5.377043279560478 0
7.602918756690379 5.447878777255045 0
7.865692806162742 5.636327866185143 0
8.389621106549285 4.843749987204413 0
7.949932097747941 4.942942115015523 0
8.220976960589793 5.111810304193718 0
7.848355228707395 4.531249988029935 0
7.412389106741531 4.608033078281676 0
7.513965975782077 5.019725205267264 0
7.681160602244736 4.7754875966486 0
7.081722740651694 5.074099257959638 0
7.342320748671035 5.260989017607342 0
6.98459647225953 4.665380927252636 0
6.564977325261391 4.703293534942818 0
6.662103593653555 5.112011865649817 0
6.823350032956543 4.888696396451227 0
7.307089350865506 4.218749988855457 0
6.879296716383505 4.276097837826417 0
7.145842911562518 4.442065458054047 0
6.765823473023616 3.906249989680978 0
6.346204326025477 3.944162597371159 0
6.459677569385366 4.314010445516598 0
6.61275052120449 4.110130217598789 0
6.048231909871089 4.332487811925997 0
6.153531665747114 4.721770901352217 0
6.30660461756624 4.517890673434407 0
6.314158535912156 5.539112660001026 0
5.910886363881742 5.538154785129644 0
6.140186007041457 5.75266305717663 0
6.24217387442747 5.123979184043893 0
6.488131064782856 5.325562262825422 0
5.750259493716701 4.720813026480837 0
5.838901702397056 5.123021309172513 0
5.996216684072085 4.922396105262365 0
5.452287077562312 5.109138241035675 0
5.681586720722027 5.323646513082661 0
5.370007913665813 4.711812494355493 0
5.000050836026739 4.685004232953199 0
5.082329999923239 5.082329979633382 0
5.226168956794526 4.897071236994437 0
5.657685827408386 4.341295009077603 0
5.277434247357499 4.33229447695226 0
5.5138468705371 4.526553751716548 0
5.174566078637371 3.970584188825977 0
4.804609000998297 3.943775927423684 0
4.907477169718425 4.305486215549967 0
5.041021624177898 4.138035202187972 0
4.547814594491165 4.260870224870725 0
4.64038826079948 4.640388242273957 0
4.773932715258953 4.472937228911962 0
5.941121711295057 3.967522499792052 0
5.550575628832355 3.976329696943658 0
5.799403769351722 4.154408754434828 0
6.224557595181727 3.5937499905065 0
5.819474980451306 3.617109892927393 0
6.082839653238393 3.780636245149276 0
5.683291717339837 3.281249991332022 0
5.292745634877135 3.290057188483628 0
5.428928897988604 3.625917090079 0
5.556110307664221 3.453583540705511 0
5.05291934779362 3.620171581961319 0
5.301747488312988 3.798250639452489 0
4.918961385006342 3.285798578505241 0
4.557488367079076 3.265500365118273 0
4.691446329866354 3.599873368574351 0
4.805203857436347 3.442835973539796 0
5.142025839497948 2.968749992157544 0
4.768241589627155 2.964491382179157 0
5.030493612252145 3.127274285331393 0
4.600759961656059 2.656249992983065 0
4.411219172348272 2.947166965070775 0
4.507126250671488 2.802415314432557 0
4.208326581095337 3.229162548322724 0
4.310860897448315 3.088944421337946 0
4.44695860922274 3.900924574200412 0
4.097590536407294 3.838500854244221 0
4.198446521675719 4.198446504914533 0
4.32270256544923 4.049685539557473 0
4.333795938090797 3.557022015351079 0
4.569202469544547 3.750398971387382 0
3.988452232178759 3.498127570306828 0
4.09942410528174 3.364494214636898 0
3.756504782551959 3.756504767555109 0
3.873455453292413 3.628231178608747 0
3.967522518776791 5.941121698212219 0
3.617109910876046 5.819474969085197 0
3.780636263901541 6.082839641350771 0
4.34129502852729 5.657685811935117 0
3.976329715360449 5.550575615189064 0
4.15440877365204 5.799403755073667 0
3.970584206678012 5.174566064546879 0
3.620171598777267 5.052919335419857 0
3.625917107459705 5.428928886062042 0
3.798250657068858 5.301747475304461 0
3.290057204825055 5.292745624554052 0
3.45358355785055 5.556110296819623 0
4.711812514225265 5.37000789578425 0
4.332294495792328 5.277434231419166 0
4.526553771376277 5.513846853859683 0
4.685004252171682 5.000050817775501 0
4.897071257074252 5.226168937708816 0
4.260870242366543 4.547814577908873 0
4.305486233738746 4.907477153410418 0
4.472937247269114 4.773932697842187 0
3.94377594462443 4.804608986538131 0
4.138035220208379 5.041021608978649 0
3.900924590761038 4.446958594469066 0
3.557022030965343 4.333795925089575 0
3.599873384828734 4.691446317158641 0
3.750398987794886 4.569202455813853 0
3.838500870070215 4.097590521474725 0
4.049685556218379 4.322702549691799 0
3.498127585292142 3.988452218960194 0
3.628231193613406 3.873455439184063 0
3.229162562979456 4.208326569770402 0
3.36449422942342 4.099424093053292 0
3.28579859430678 4.918961374244918 0
2.964491396938226 4.768241580355958 0
3.127274300881641 5.030493602455005 0
3.265500380358247 4.557488355983701 0
3.442835989567757 4.805203845701779 0
2.947166979318018 4.411219162760844 0
3.088944435761876 4.310860887024989 0
2.802415328314305 4.507126241992555 0
8.680549129621669 4.281065524831601 0
8.255679503044611 4.413372073076584 0
8.537446076540292 4.563669714538922 0
8.942673052232575 3.704176451900731 0
8.519460807056664 3.860381373809383 0
8.814049530347571 3.993725831041676 0
8.350428499072308 3.458860726264816 0
7.935160239315744 3.595902144695817 0
8.104192547300098 3.997422792240385 0
8.227310523186205 3.7281417592526 0
7.696868272962881 4.115300707193736 0
7.976273888003746 4.26433639013516 0
9.165245623434886 3.11090467254563 0
8.753870362619066 3.294466644007643 0
9.05646481656242 3.408483557714232 0
9.357406443563789 2.507309494247736 0
8.958372286194514 2.716921620876451 0
9.26388782268614 2.809884193651864 0
8.753702802042881 2.345547591393044 0
8.352464791584863 2.532550695835988 0
8.557134275736495 2.903924725319395 0
8.655418538889688 2.62473615835622 0
8.153692412189738 3.068318807576568 0
8.453781387404401 3.181392725792106 0
7.954091553217006 2.698665344583626 0
7.55858308693931 2.843891537635957 0
7.758183945912041 3.213545000628899 0
7.856137749564523 2.956105172606263 0
8.149999160521972 2.183785688538351 0
7.751625922154116 2.349900337285989 0
8.05204535686949 2.441225516560988 0
7.546295519001063 2.022023785683658 0
7.150787052723366 2.16724997873599 0
7.356117455876419 2.495126530338321 0
7.451206487438741 2.25857515801099 0
6.963473761688883 2.619464267695347 0
7.165939392751774 2.968229274992984 0
7.261028424314096 2.731677902665652 0
7.532636648388774 3.716147494742178 0
7.142857726291398 3.819596776403898 0
7.419862999627139 3.967448741798818 0
7.355660354985071 3.333790350675261 0
7.645410297150407 3.464846247685539 0
6.776160470654398 3.071678556654704 0
6.965881432887695 3.437239632336981 0
7.065910412819735 3.202734453664982 0
6.588847179619913 3.523892845614061 0
6.865852452955655 3.671744811008979 0
9.492787880407962 1.888500324744636 0
9.116638789285227 2.126262988629331 0
9.427704291671885 2.198512806730561 0
9.596670268616489 1.263425605603328 0
9.228307439370464 1.523843363701145 0
9.547370380509728 1.576399046400139 0
8.96111357733113 1.179752980324708 0
8.595464169086942 1.419604160755472 0
8.862658031126278 1.76369454413191 0
8.911885804228703 1.471723762228309 0
8.499722043883931 1.982979146895622 0
8.808180416584579 2.054621067762477 0
9.658108828333511 0.6327630514145455 0
9.30826017357181 0.9165420525939738 0
9.630053720304289 0.948356726346679 0
9.356314212083994 0.3057474061119649 0
9.67548004344399 0.3164691165545553 0
8.723333807920181 0.2844791669213493 0
9.017148020006374 0.5902265730333143 0
9.039824010002393 0.2951132865166571 0
8.670001423765694 0.853437500764048 0
8.989130798668752 0.8849897766790109 0
8.381528443021276 0.5480401775230435 0
8.037083905301351 0.7906830318050826 0
8.325556886045769 1.096080355046087 0
8.353542664533522 0.8220602662845652 0
8.095694635097878 0.2635610106016942 0
8.409514221509216 0.2740200887615217 0
7.468055462275573 0.242642854282039 0
7.751250097377953 0.5062038648837333 0
7.781875048686702 0.2531019324418666 0
7.404166386837012 0.7279285628461171 0
7.69000019476041 1.012407729767467 0
7.720625146069182 0.7593057973255999 0
8.23777802328387 1.639933021792219 0
7.88805513992191 1.840739563434948 0
8.193888591902921 1.911859355165285 0
7.967870740242697 1.316409216082834 0
8.28166745466482 1.368006688419153 0
7.340277311398451 1.213214271410195 0
7.618147856880737 1.517215757725562 0
7.654074025820574 1.264811743746515 0
7.27638823595989 1.698499979974273 0
7.582221687940901 1.76961977170461 0
7.006469516925065 1.395545371353134 0
6.672673158445974 1.557307274207826 0
6.942591877480798 1.860261882828966 0
6.974530697202932 1.62790362709105 0
7.070347156369333 0.9308288598773015 0
6.736539361895948 1.11315995982024 0
7.038408336647199 1.163187115615217 0
6.466597770872536 0.8513437453755922 0
6.132801412393444 1.013105648230285 0
6.402743003416856 1.274921862674933 0
6.434670387144696 1.063132804025263 0
6.068958080932058 1.41611456844138 0
6.338888235961177 1.698499979974273 0
6.370815619689015 1.486710921324603 0
7.128923578182431 0.4654144299386507 0
6.795104347714752 0.6683147269698351 0
7.099635367275882 0.698121644907976 0
6.848368115902388 0.2227715756566117 0
7.158211789089045 0.2327072149693254 0
6.228680769529825 0.2029002970311844 0
6.514548885434916 0.4256718726877961 0
6.538524442716081 0.2128359363438981 0
6.186042308592699 0.6087008910935532 0
6.490573328153726 0.6385078090316941 0
5.902844808357704 0.3861043568724217 0
5.579650885140504 0.5492620966527515 0
5.862848385375498 0.771858630873883 0
5.882846596866601 0.5789814938731523 0
5.611664038825882 0.1832040598412373 0
5.920172404177905 0.1930521784362109 0
5.293811346951377 0.3467118824925276 0
5.304493488113671 0.1733997366699051 0
5.259098999878223 0.6923735163721738 0
5.277787259329445 0.5196738983512219 0
5.801641410628164 1.154820483133249 0
5.467867924137661 1.27544399181145 0
5.735184594441554 1.536738077119581 0
5.768413002534859 1.345779280126415 0
5.531688383610218 0.9135734657768472 0
5.832244898001831 0.9633395570035661 0
5.203164738558989 1.035241232728083 0
5.232452522217358 0.8640254151632067 0
5.131480952921933 1.374976174264888 0
5.168626410583466 1.205412652113673 0
6.406536139941354 3.161401060414783 0
6.042246555503166 3.231258205307222 0
6.31554686756154 3.377575525460642 0
6.58851468470098 2.729052130323065 0
6.218890353987935 2.818774634083145 0
6.497525412321167 2.945226595368924 0
6.025909821759658 2.496013566619145 0
5.661620237321472 2.565870711511585 0
5.854600769549748 2.888631778975584 0
5.940255295654703 2.692322672797365 0
5.495645931386418 2.938623565000384 0
5.768946243444791 3.084940885153803 0
6.765553281090889 2.294657006576016 0
6.390594204102986 2.404244869203734 0
6.677033982895935 2.51185456844954 0
6.55735810584832 1.987668910668991 0
6.854072579285844 2.077459444702491 0
5.963929158973274 1.808087842601992 0
6.182399028860417 2.097256773296709 0
6.260643632410797 1.897878376635491 0
5.817714646517089 2.189025470712121 0
6.104154425310037 2.296635169957927 0
5.601779089219397 1.900716823262635 0
5.247369401520643 1.97466635546574 0
5.463304958818337 2.262975002915225 0
5.532542024018866 2.08184591308893 0
5.373034524687677 1.629367057780225 0
5.668481841830475 1.718727450191108 0
5.023693462167826 1.705037156473794 0
5.07886810213828 1.540395220496932 0
4.900700095877015 2.029936439211305 0
4.963449518386765 1.867958295588075 0
5.305065740863265 2.617046215082889 0
4.951445648974794 2.64717264224005 0
5.223545790180607 2.792898103620217 0
5.106750462360131 2.31415050648653 0
5.3841853498408 2.440010608999057 0
4.757931053881906 2.3466443687367 0
4.830534794589685 2.188842825311758 0
4.68052598699639 2.50207816012034 0
0.3218299738804849 9.835062959017026 0
0.1582345592671499 9.681490021652222 0
0.1609259380230573 9.840075700369713 0
0.6433971746084768 9.818349030131341 0
0.4746160867506187 9.666794435653891 0
0.4826464157550908 9.827374498816322 0
0.6221289353253985 9.497868625877381 0
0.4586211117628945 9.346971317813562 0
0.3111082631881147 9.515897127590073 0
0.4666185992567566 9.506882876733727 0
0.1528737039209648 9.365657105939885 0
0.1555541315940574 9.523573563796052 0
0.9642640691120912 9.790950493028987 0
0.7905598935110743 9.644081273811683 0
0.8038853186255572 9.805316833353213 0
1.284343769671769 9.755559440374276 0
1.105891172618035 9.613361993575541 0
1.124380412834719 9.773919891690404 0
1.242507456689951 9.437781094689877 0
1.069065679070246 9.293576047323359 0
0.9324493949983307 9.469156946209022 0
1.087478425844141 9.45346902044945 0
0.7640184368126549 9.32294429827472 0
0.7772891651618646 9.483512786043201 0
0.9007659198752264 9.148695485314423 0
0.7376081791048916 9.00313940866307 0
0.6008606960423202 9.177388221623367 0
0.7508133079587732 9.163041853468895 0
1.200671143708133 9.120002749005478 0
1.032371384513113 8.975122186996543 0
1.05071853179168 9.13434911715995 0
1.158834830726315 8.802224403321079 0
0.9956770899559799 8.656668326669726 0
0.8692136437427782 8.829566110345191 0
1.014024237234546 8.815895256833135 0
0.7111979213971285 8.683334519051419 0
0.5795924567592419 8.856907817369301 0
0.7244030502510099 8.843236963857247 0
0.3004303480211601 9.198069110813627 0
0.1475566441001953 9.051162004877625 0
0.15021517401058 9.208409555408934 0
0.4426699323005858 9.028486014623432 0
0.4506455220317401 9.187728666218497 0
0.4267187528382771 8.710000711433112 0
0.2897962283796209 8.881578908687244 0
0.4346943425694314 8.869243363028273 0
0.1422395842794257 8.736666903814804 0
0.1448981141898105 8.893914454346255 0
1.602676897330184 9.706901849439983 0
1.419912334436955 9.572020323196147 0
1.443608541758968 9.731892711086193 0
1.919701780759524 9.650320340521741 0
1.732449695539454 9.520079128529641 0
1.761309156883981 9.679269593403269 0
1.857298890012191 9.335255415876388 0
1.674970408528653 9.203015195627202 0
1.550121214055917 9.387838908280457 0
1.703710052034054 9.361547162078423 0
1.372716336308912 9.253599679774187 0
1.396314335372934 9.412810001485168 0
2.234637728332908 9.583237039903082 0
2.043506577171303 9.460246083474622 0
2.077311053710809 9.61743291573589 0
2.547749983558851 9.508332350301007 0
2.352911163293047 9.392555364364602 0
2.391356485129146 9.546433947161516 0
2.46686903169984 9.206480529657041 0
2.276345777987382 9.086096702889723 0
2.162387909580589 9.272171537597284 0
2.314628470640214 9.239326033627163 0
1.976180222421477 9.147180869999048 0
2.00984339979639 9.303713476736835 0
2.090442039552843 8.962409600122056 0
1.909157816396224 8.835419221354043 0
1.794895999264858 9.020190491231034 0
1.942669019408851 8.991300045676546 0
2.385988079840829 8.904628709013076 0
2.20008434140629 8.78094160624541 0
2.238215059696836 8.933519154567566 0
2.305107127981818 8.602776888369112 0
2.123822904825199 8.475786509601098 0
2.018800118249671 8.653951227477396 0
2.161953623115744 8.628364057923255 0
1.842135410370972 8.523657572709036 0
1.732493108517525 8.705125566585682 0
1.875646613383598 8.679538397031539 0
1.497783571486495 9.070096620118257 0
1.325738378885716 8.936499689349549 0
1.349227357597314 9.095049684561868 0
1.617709162222699 8.887271915722089 0
1.646339785375677 9.045143555674645 0
1.560447915916745 8.571528635816973 0
1.44566396962192 8.753674984953381 0
1.589078539069722 8.729400275769532 0
1.278760421462519 8.61939969892491 0
1.302249400174117 8.777949694137229 0
1.393805432339074 8.438565810158645 0
1.232043528621052 8.303612168870211 0
1.116998517744497 8.484446057636477 0
1.255401975041786 8.461505933897561 0
1.670612346933651 8.392685562680812 0
1.50396986335598 8.259722737022484 0
1.532208889636363 8.415625686419729 0
1.609253714513237 8.082870479516428 0
1.447491810795214 7.947916838227995 0
1.342207959637958 8.124769095734051 0
1.475730837075597 8.103819787625239 0
1.185326635779584 7.987824638815512 0
1.075162204762679 8.166667711951673 0
1.208685082200318 8.145718403842862 0
1.947419261528229 8.34680531520298 0
1.775896198090908 8.215833305174757 0
1.80901580423094 8.369745438941896 0
2.224226176122807 8.300925067725148 0
2.047822532825837 8.171943873327029 0
2.085822718825518 8.323865191464064 0
2.143345224263795 7.999073247081182 0
1.971822160826475 7.868101237052958 0
1.876299469388516 8.040971863298804 0
2.009822346826156 8.020022555189993 0
1.709656985810844 7.908009037640475 0
1.742776591950876 8.061921171407617 0
1.805179677248803 7.73513841139463 0
1.643417773530781 7.600184770106196 0
1.547895082092822 7.773055396352042 0
1.676537379670812 7.754096903873336 0
2.062464272404784 7.697221426437217 0
1.895821788827113 7.564258600778889 0
1.933821974826794 7.716179918915923 0
1.981583320545773 7.395369605793253 0
1.819821416827751 7.260415964504819 0
1.73405988510909 7.429304959490455 0
1.857821602827431 7.412337282641854 0
1.577178561250717 7.292360502571917 0
1.486536449672408 7.463240313187658 0
1.610298167390749 7.446272636339057 0
1.290610486936841 7.810972381309456 0
1.138609742938117 7.672037108760813 0
1.033325891780861 7.848889366266869 0
1.161968189358851 7.829930873788163 0
1.391013758234449 7.636110939433505 0
1.419252784514832 7.79201388883075 0
1.334535705673684 7.324305040639015 0
1.239013014235725 7.497175666884862 0
1.362774731954067 7.480207990036259 0
1.09189285009665 7.356249578706114 0
0.9914895787990428 7.531111020582065 0
1.115251296517384 7.514143343733464 0
0.2792496294361242 8.566424014413762 0
0.1370100451566985 8.423507110605163 0
0.1396248147180621 8.580087007209908 0
0.5584992588722484 8.53909802882132 0
0.4110301354700954 8.395521331801969 0
0.4188744441541863 8.55276102161754 0
0.5375811023813393 8.223958855979427 0
0.3953415181019136 8.081041952170782 0
0.2687905511906696 8.252604427993326 0
0.4031858267860045 8.238281641986376 0
0.1317805060339712 8.110347317395387 0
0.1343952755953348 8.266927214000287 0
0.8377488883083725 8.511772043228898 0
0.6850502257834923 8.367535552998799 0
0.6981240735903105 8.52543503602511 0
0.9590703160968892 8.33954977419565 0
0.9773737030264347 8.498109050432687 0
0.9224635422377985 8.022431221721574 0
0.806371653572009 8.19531328396555 0
0.9407669291673439 8.180990497958613 0
0.6589025301698561 8.051736586946179 0
0.6719763779766743 8.209636069972488 0
0.7749944188356455 7.878854524702097 0
0.6327548345562197 7.735937620893245 0
0.5166629458904304 7.908819683137326 0
0.6458286823630379 7.893837103919711 0
0.8858567683787077 7.705312669247393 0
0.9041601553082531 7.863871945484483 0
0.849249994519617 7.388194116773212 0
0.743617184099282 7.562395765438541 0
0.8675533814491624 7.546753393010302 0
0.6066071389425836 7.420138654840311 0
0.4957447893995214 7.593680510295016 0
0.6196809867494018 7.578038137866778 0
0.2583314729452152 7.938784841572621 0
0.126550966911244 7.797187524185152 0
0.1291657364726076 7.953767420790255 0
0.3796529007337319 7.766562572539165 0
0.3874972094178228 7.923802262354974 0
0.3639642833655501 7.452083192907409 0
0.2478723946997607 7.624965255151558 0
0.371808592049641 7.609322882723287 0
0.1213214277885167 7.484027730974507 0
0.1239361973498803 7.640607627579728 0
2.856365494936424 9.416645586372137 0
2.658596858005029 9.310647129057704 0
2.702241524329527 9.463132551686503 0
3.162649675902252 9.317273454687626 0
2.960394448619149 9.214566717963187 0
3.009712329484775 9.36759674604351 0
3.059159701812917 9.013217780892351 0
2.862168175018771 8.909781112829801 0
2.763402921825002 9.111130049900636 0
2.91128131181896 9.062173915396492 0
2.571675095519813 9.006963450499972 0
2.615135976762421 9.158805289778838 0
3.465492032829856 9.207762036590971 0
3.259694132284558 9.110855213719681 0
3.31429633822795 9.263147930941344 0
3.765505403472518 9.090734182119974 0
3.556330023710191 8.999568926787619 0
3.615744700383807 9.149870579618618 0
3.642847539945183 8.794611905731754 0
3.437992634828198 8.700210561651911 0
3.351475118593207 8.905167582707776 0
3.497161329269195 8.849889744219764 0
3.150940688121565 8.807530149880446 0
3.205317410203062 8.959192681800063 0
3.237929702070714 8.603825868220305 0
3.04265874167273 8.505457825436936 0
2.955669727723581 8.709162107097079 0
3.096799714897148 8.656493987658692 0
3.520189676417847 8.498489629343533 0
3.320126743660363 8.402104935911927 0
3.379059689244281 8.55115774878192 0
3.397531812890512 8.202367352955314 0
3.202260852492528 8.103999310171943 0
3.124855783262379 8.303736893128558 0
3.261193798076445 8.253052123041936 0
2.934376795223895 8.203385500993425 0
2.852179753634246 8.405106433301803 0
2.988517768448312 8.354421663215181 0
2.670828903782205 8.806895408055077 0
2.485141888103221 8.704560666568181 0
2.528408491811517 8.855762058534077 0
2.764330456487016 8.606276402322354 0
2.813249315752893 8.758028757576078 0
2.666492737955262 8.302771691814907 0
2.578643440808032 8.503941660835459 0
2.715411597221139 8.454524047068631 0
2.398608680686629 8.402157882636388 0
2.441875284394925 8.553359274602283 0
4.060398081309995 8.961343882112722 0
3.848951161993801 8.878361282255691 0
3.913217959607757 9.026653120774697 0
4.351976230896008 8.82463826384393 0
4.137395699813214 8.747299319494829 0
4.206473323217176 8.893596122451566 0
4.210154863799345 8.536459972964352 0
3.999812787233639 8.455915812527833 0
3.927053623247508 8.66675515905831 0
4.068604243523426 8.60160756601133 0
3.72095000119889 8.583005782534373 0
3.784950581596345 8.730683532395032 0
4.638818559653105 8.678329350209609 0
4.422367642893576 8.608997591039131 0
4.495703205753224 8.752079169467645 0
4.921875012362095 8.52493756136581 0
4.703709875302675 8.463533577905951 0
4.780671912492133 8.602218493608365 0
4.765625011969648 8.254304622909752 0
4.550436053892822 8.187333822142433 0
4.488520917225848 8.396562777138632 0
4.627072964597749 8.325433700024192 0
4.276308138131617 8.324025159063853 0
4.349337890512597 8.466511375051491 0
4.338854254139942 8.115976683269235 0
4.130879612711007 8.040233206290154 0
4.068333496702682 8.248281682084773 0
4.203593875421312 8.182129182677006 0
4.6093750115772 7.983671684453695 0
4.39779321182432 7.912314545580496 0
4.474114632858571 8.049824183861466 0
4.453125011184753 7.713038745997638 0
4.245150369755819 7.637295269018558 0
4.189818570395386 7.836571068601416 0
4.32147179079007 7.774804907299528 0
3.985451087290397 7.756441253516456 0
3.926512129606019 7.960103391205195 0
4.058165350000702 7.898337229903305 0
3.794261586560265 8.373385655714152 0
3.593501261779222 8.288869502523312 0
3.657225631489056 8.435937642528842 0
3.862782296029308 8.165751525271094 0
3.931297541631473 8.310833668899463 0
3.725751804824976 7.875587238014354 0
3.662021971248265 8.081235372080254 0
3.794267050427142 8.020669381642724 0
3.466052522359555 7.994733222512254 0
3.529776892069389 8.141801362517786 0
3.530374214720459 7.790285259310715 0
3.339195641724081 7.701797113365554 0
3.274873949363177 7.906245076567093 0
3.402624082041818 7.848265167938904 0
3.785874480077741 7.674325442054336 0
3.590496889973224 7.589023463350697 0
3.6581243473991 7.732305350682526 0
3.64642054811785 7.390947834632199 0
3.455241975121472 7.302459688687038 0
3.399318316976846 7.500535317405536 0
3.522869432547348 7.445741576018867 0
3.212338761088606 7.408861004218855 0
3.152216085835842 7.610122800178873 0
3.275767201406344 7.555329058792204 0
4.041374745435023 7.558365624797958 0
3.841798138222367 7.476249813335839 0
3.913624612756382 7.616345533426147 0
4.296875010792306 7.442405807541579 0
4.09309938647151 7.36347616332098 0
4.169124878113665 7.500385716169768 0
4.140625010399859 7.171772869085522 0
3.941048403187202 7.089657057623403 0
3.893522779258854 7.281360351858861 0
4.017073894829357 7.226566610472191 0
3.698145189154336 7.19605837315522 0
3.769971663688352 7.33615409324553 0
3.745670813082684 7.004355078919762 0
3.554492240086306 6.915866932974602 0
3.506966616157958 7.10757022721006 0
3.626318714620322 7.05596265306491 0
3.98437501000741 6.901139930629466 0
3.788997419902893 6.815837951925825 0
3.865022911545047 6.952747504774614 0
3.828125009614963 6.630506992173407 0
3.636946436618585 6.542018846228247 0
3.597818846906515 6.727349805980664 0
3.712971928260739 6.678928399077035 0
3.410839291018275 6.635675492793982 0
3.367512684198067 6.824192619787921 0
3.482665765552291 6.775771212884292 0
3.268262419233232 7.210785375500357 0
3.085481880453132 7.115924895072155 0
3.029558222308506 7.314000523790654 0
3.148910320770869 7.262392949645504 0
3.319987060269719 7.015895914023378 0
3.387614517695595 7.159177801355209 0
3.184732145417967 6.72933213935972 0
3.137206521489619 6.921035433595177 0
3.252359602843844 6.872614026691549 0
2.958624999817657 6.822988785925455 0
2.906900358781171 7.017878247402433 0
3.022053440135394 6.969456840498806 0
2.4868881194329 8.202255069935633 0
2.312505614869077 8.101022255024393 0
2.355557147777853 8.25159006883039 0
2.749550062742992 8.103585072146119 0
2.569945444220629 8.003068450266847 0
2.618219091087946 8.152920071040878 0
2.647780655049818 7.804598023630028 0
2.473398150485996 7.703365208718786 0
2.395562939656807 7.901835635355605 0
2.521671797353312 7.853216829492816 0
2.226402549051525 7.799886627412395 0
2.269454081960301 7.950454441218394 0
3.012212006053084 8.004915074356607 0
2.827385273572181 7.905114645509302 0
2.880881034398039 8.054250073251364 0
3.084825102923733 7.807160840751757 0
3.143542977708131 7.95558007546185 0
2.967389353354938 7.510322371331569 0
2.89999837044283 7.707360411904451 0
3.026107228139336 7.658741606041662 0
2.720393751920467 7.606843790025177 0
2.773889512746324 7.755979217767241 0
2.787784734832575 7.409805749452294 0
2.613402230268753 7.308572934541052 0
2.546011247356645 7.505610975113935 0
2.66689799109461 7.457708362283114 0
2.849953603786144 7.213483901911379 0
2.908671478570541 7.361903136621473 0
2.732517854217349 6.916645432491192 0
2.675571099222322 7.112251087000137 0
2.791235729001746 7.065064667201286 0
2.50641070861704 7.010302079056927 0
2.444241839663472 7.206623926597842 0
2.559906469442897 7.159437506798989 0
2.304237759880714 7.601416200775576 0
2.140299483233973 7.498750999800398 0
2.183351016142749 7.649318813606396 0
2.376850856751363 7.403661967170725 0
2.42512450361868 7.553513587944755 0
2.280303563016731 7.103958725622665 0
2.212912580104622 7.300996766195547 0
2.328577209884047 7.253810346396694 0
2.054196417416422 7.197615372188402 0
2.097247950325198 7.348183185994401 0
2.122354722966332 7.002429812272242 0
1.968860674236672 6.898332225232624 0
1.900702368686762 7.093517785148784 0
2.011528545826547 7.047973798710512 0
2.344007077245901 6.911341839395701 0
2.186058237195502 6.809812926045279 0
2.233180900106116 6.956885825833972 0
2.245306960103933 6.619764713507509 0
2.091812911374273 6.515667126467891 0
2.032564188465842 6.705715339005661 0
2.138935574284887 6.662740026256585 0
1.883524931056921 6.599049078276847 0
1.819821416827751 6.791665964503811 0
1.926192802646796 6.748690651754735 0
2.565659431525471 6.82025386651916 0
2.403255800154332 6.721293626857933 0
2.454833254385686 6.865797852957431 0
2.78731178580504 6.729165893642619 0
2.620453363113162 6.632774327670587 0
2.676485608665256 6.77470988008089 0
2.670792503380114 6.447863462511208 0
2.508388872008975 6.34890322284998 0
2.458049731742023 6.533814088009359 0
2.564421117561069 6.490838775260283 0
2.300100891691624 6.432285174658936 0
2.351678345922978 6.576789400758434 0
2.350440031958576 6.247374309499558 0
2.196945983228916 6.143276722459941 0
2.146606842961964 6.328187587619318 0
2.248523437460269 6.287780948559439 0
2.554273220955188 6.166561031379798 0
2.396324380904788 6.065032118029375 0
2.452356626456882 6.206967670439678 0
2.437753938530261 5.885258600248387 0
2.284259889800601 5.78116101320877 0
2.242830332175128 5.960934530989758 0
2.340292135352694 5.923096565619073 0
2.093791074766207 5.854268270260945 0
2.047906725819995 6.036610461731128 0
2.145368528997561 5.998772496360443 0
1.942773653965352 6.409000865739078 0
1.798189187877171 6.299765931321071 0
1.73894046496874 6.489814143858839 0
1.840857059467046 6.449407504798959 0
1.997567585553043 6.221521326890505 0
2.044690248463658 6.368594226679198 0
1.903322259731814 5.927375527313119 0
1.852983119464862 6.112286392472497 0
1.950444922642428 6.074448427101812 0
1.71285344469742 6.000482784365294 0
1.658059513109728 6.187962323213868 0
1.755521316287295 6.150124357843183 0
3.008452591659409 6.636842933661302 0
2.837139377646792 6.543020041378465 0
2.897882188732225 6.683004413651961 0
3.229593397513778 6.544519973679984 0
3.05331384375522 6.452030767981567 0
3.119022994586593 6.590681453670642 0
3.093208756105091 6.268552288886251 0
2.921895542092473 6.174729396603414 0
2.882000629742603 6.35820787569873 0
2.987604692923846 6.313380082292491 0
2.715653755475925 6.263051296831474 0
2.776396566561358 6.403035669104969 0
3.450734203368147 6.452197013698667 0
3.269488309863648 6.361041494584668 0
3.340163800440962 6.498358493689325 0
3.671875009222515 6.35987405371735 0
3.485662775972077 6.270052221187771 0
3.561304606295331 6.406035533708009 0
3.515625008830068 6.089241115261293 0
3.33437911532557 5.998085596147295 0
3.304416882467579 6.178896702073772 0
3.410020945648824 6.134068908667533 0
3.128137328709022 6.086407496375354 0
3.198812819286335 6.223724495480011 0
3.158099561567012 5.905596390448876 0
2.986786347554395 5.811773498166039 0
2.956824114696404 5.992584604092517 0
3.057461838131708 5.949090497270697 0
3.35937500843762 5.818608176805235 0
3.183095454679062 5.726118971106817 0
3.258737285002316 5.862102283627056 0
3.203125008045173 5.547975238349178 0
3.031811794032555 5.454152346066341 0
3.011782240666445 5.63229607882398 0
3.107453624355808 5.590135658586579 0
2.845435366399768 5.537139499956725 0
2.820439473287717 5.716616919298783 0
2.916110856977081 5.674456499061382 0
2.755548667825796 6.079572817736158 0
2.594168133305058 5.983082552284482 0
2.654910944390492 6.123066924557978 0
2.790477240429727 5.897428025225261 0
2.8561863912611 6.036078710914338 0
2.65905893876698 5.620126653847107 0
2.62909670590899 5.800937759773586 0
2.724768089598353 5.758777339536184 0
2.472682511134192 5.703113807737491 0
2.533425322219625 5.843098180010986 0
2.502940673384279 5.522902787243194 0
2.351492818355422 5.42374514862268 0
2.321234656105335 5.603956169116977 0
2.412087664744807 5.563429478180086 0
2.684646690663223 5.441849405369409 0
2.528528425280522 5.344625538765494 0
2.593793682023751 5.482376096306302 0
2.549445766822922 5.168282062304394 0
2.397997911794065 5.069124423683881 0
2.377080570251665 5.24546790014498 0
2.463263168537293 5.206874981224688 0
2.230303125576652 5.144376489507868 0
2.204715373680409 5.322653737985568 0
2.290897971966037 5.284060819065274 0
2.865760849157974 5.359595852631265 0
2.70497217342143 5.26430575804395 0
2.775203769910599 5.400722629000336 0
3.046875007652726 5.277342299893121 0
2.880824062778144 5.182785806458044 0
2.956317928405349 5.318469076262193 0
2.890625007260278 5.006709361437062 0
2.729836331523734 4.911419266849747 0
2.7200353870416 5.087495711870728 0
2.805330197150939 5.047102536653895 0
2.564508980443092 4.991472016131174 0
2.634740576932261 5.127888887087561 0
2.574625414595901 4.815985810710982 0
2.42436127713543 4.719228513819188 0
2.414244842982621 4.89471471923938 0
2.494435128789261 4.855350264975181 0
2.734375006867831 4.736076422981006 0
2.579164089939998 4.640642966842241 0
2.654500210731866 4.776031116845994 0
2.578125006475383 4.465443484524949 0
2.429530931820878 4.545066149152026 0
2.503990532390397 4.505547335748815 0
2.27904391914232 4.621147376174365 0
2.354440330720933 4.583404443883634 0
2.251496677806674 4.968642622901897 0
2.109389643485504 4.865617440248187 0
2.088196091255482 5.041351306854158 0
2.169846384531078 5.004996964878027 0
2.26774360899523 4.794232918457396 0
2.332870760394647 4.931678671070639 0
2.126188996049304 4.692426955513942 0
2.2027595411529 4.657089690580774 0
1.971676808830556 4.760048875722747 0
2.04906601104818 4.726544959947519 0
1.763407655763892 5.816205497365814 0
1.627732772317189 5.701833215569415 0
1.577178561250717 5.886110502568896 0
1.670293108507305 5.851157999967354 0
1.949636750277067 5.746300492162732 0
1.809722146309145 5.635130462215427 0
1.856522203020479 5.781252994764273 0
1.851796916333179 5.457257678914132 0
1.716122032886477 5.342885397117734 0
1.674047262862443 5.520758180419028 0
1.762922089597811 5.489007929666579 0
1.542612099936959 5.403183646773537 0
1.496297609391706 5.584258681923925 0
1.585172436127074 5.552508431171477 0
2.135435703191201 5.675128330639855 0
1.99128137870206 5.567160552541642 0
2.042536226734134 5.710714411401293 0
2.172410469495935 5.497923486548062 0
2.228335179648268 5.639542249878416 0
2.060561049191268 5.214685959887355 0
2.028256145006794 5.38995570844985 0
2.116485759343601 5.356304723217709 0
1.888771682637913 5.280052834822341 0
1.940026530669987 5.423606693681991 0
1.921312335679465 5.105409455957707 0
1.786497735430844 4.993571486800899 0
1.753957082389292 5.168214865665533 0
1.837634709034378 5.13681216081162 0
1.94894737774368 4.932074802924509 0
2.004754213467474 5.073380381405933 0
1.814604275209215 4.821489573163426 0
1.893263533136196 4.791080459574658 0
1.656117248445404 4.879172052416932 0
1.735473503758258 4.8506459054412 0
1.584881147495306 5.225951310785213 0
1.457685705091041 5.105174525290629 0
1.415416657532695 5.282406861278953 0
1.500148902514 5.254179086032083 0
1.62271619699812 5.051280779333012 0
1.669419114942299 5.197083088225373 0
1.49590930966248 4.931784888464368 0
1.57611565108666 4.905797083197464 0
1.334535705673684 4.98055504063398 0
1.415314400209027 4.956491756224139 0
0.2376750359016148 7.313133625360449 0
0.1163536081130981 7.172855894393528 0
0.1188375179508074 7.328441812684067 0
0.4753500718032295 7.282517250713312 0
0.3490608243392942 7.143567683166352 0
0.3565125538524222 7.297825438036881 0
0.4554787931015549 6.975329904392215 0
0.3341573653130381 6.835052173425217 0
0.2277393965507774 7.003289952199355 0
0.3416090948261661 6.989309928295785 0
0.1113857884376794 6.86168405781232 0
0.1138696982753887 7.017269976102924 0
0.7130251077048442 7.251900876066212 0
0.5817680405654901 7.114279471939213 0
0.5941875897540368 7.267209063389762 0
0.950700143606459 7.221284501419112 0
0.8144752567916863 7.084991260712112 0
0.8318626256556516 7.236592688742661 0
0.9109575862031097 6.919409808778012 0
0.7797005190637556 6.781788404651012 0
0.6832181896523322 6.947369856585113 0
0.797087887927721 6.933389832681563 0
0.5569289421883969 6.808420289038115 0
0.5693484913769435 6.961349880488664 0
0.6534112715998202 6.642838837104199 0
0.5320898438113035 6.502561106137572 0
0.4356075143998802 6.668142558071487 0
0.5445093929998501 6.655490697587842 0
0.8712150287997603 6.61753511613691 0
0.7449257813358249 6.478585548590097 0
0.7623131501997902 6.630186976620554 0
0.831472471396411 6.315660423495809 0
0.7101510436078943 6.175382692529181 0
0.6236043535473081 6.33830781762347 0
0.7275384124718596 6.326984120559638 0
0.5072507454342102 6.196701923237029 0
0.4157362356982055 6.360955211751131 0
0.5196702946227569 6.3496315146873 0
0.2178037571999401 6.693446279038643 0
0.1064179687622607 6.55051222123212 0
0.10890187859997 6.706098139522162 0
0.3192539062867821 6.526536663684913 0
0.3267056357999101 6.680794418555065 0
0.3043504472605261 6.218021153944876 0
0.2078681178491028 6.383602605878658 0
0.3118021767736542 6.372278908814894 0
0.101450149086842 6.239340384652722 0
0.1039340589245514 6.39492630294237 0
1.188200699876535 7.189342822351531 0
1.047007993386344 7.054377745064529 0
1.069450421741497 7.205313661885321 0
1.425701256146611 7.157401143283947 0
1.279366250349462 7.022438924996463 0
1.306950978011573 7.17337198281774 0
1.36538950151543 6.855537886640912 0
1.224196795025239 6.720572809353911 0
1.13817354385927 6.887473847709462 0
1.25178152268735 6.871505867175187 0
1.002123136676036 6.752505911422944 0
1.02456556503119 6.903441828243738 0
1.663201812416686 7.125459464216366 0
1.51172450731258 6.990500104928396 0
1.544451534281649 7.141430303750157 0
1.744082764275698 6.95856128486033 0
1.781952090551724 7.109488624682575 0
1.668344111723644 6.656706605215843 0
1.592605459171591 6.823601925572362 0
1.706213437999671 6.807633945038087 0
1.446270453374442 6.688639707284876 0
1.478997480343511 6.839569906106637 0
1.522009105926495 6.521744386928358 0
1.380816399436303 6.386779309641357 0
1.30507774688425 6.553674629997875 0
1.413543426405373 6.537709508463116 0
1.592605459171591 6.354851925571355 0
1.630474785447617 6.505779265393598 0
1.516866806619537 6.052997245926867 0
1.451412752681399 6.219886848284354 0
1.554736132895564 6.203924585749111 0
1.315362345498165 6.084918911997836 0
1.24476599225307 6.251811373354839 0
1.348089372467234 6.235849110819596 0
1.088146387842005 6.585604873067393 0
0.9572382799657292 6.450634077781359 0
0.9796807083208827 6.601569994602151 0
1.169027339701016 6.418706693711357 0
1.196612067363128 6.569639751532634 0
1.113857884376794 6.116840578068805 0
1.03811923182474 6.283735898425324 0
1.141442612038905 6.267773635890081 0
0.912353423255422 6.148762244139774 0
0.9347958516105757 6.299698160960566 0
0.9882226080983403 5.982523153968156 0
0.8675990988359799 5.847546640682763 0
0.7917299139930616 6.013785730854381 0
0.8899762610457009 5.998154442411268 0
1.184715302203619 5.951260577081932 0
1.059080025925166 5.816943152981283 0
1.08646895515098 5.966891865525044 0
1.124925676735898 5.652022241179154 0
1.004302167473538 5.517045727893761 0
0.9384565166628052 5.68196663969589 0
1.031691096699352 5.666994440437522 0
0.8228447744165375 5.546331037225753 0
0.7519873565897123 5.711911038212626 0
0.8452219366262586 5.696938838954257 0
1.380946931727168 5.918685539825415 0
1.250299888432622 5.785027204909509 0
1.282831116965393 5.934973058453673 0
1.441258686358348 5.751798796467444 0
1.479062746488943 5.902398021197156 0
1.36565056609716 5.45060034700802 0
1.310611643063802 5.618140461551539 0
1.403454626227754 5.601199571737732 0
1.185237431367078 5.485135497821183 0
1.21776865989985 5.635081351365346 0
1.240428328762723 5.318247165692949 0
1.120326948663821 5.185895573148142 0
1.065136051268177 5.352783905276376 0
1.15278219001545 5.335515535484663 0
1.290194420198258 5.150053679963882 0
1.327922493147709 5.300327013485951 0
1.17039698882393 5.019005652249644 0
1.25254766184044 5.000104972471547 0
1.005346425800456 5.053545569373598 0
1.087942356894489 5.03660272357336 0
0.8887994455796928 5.382070451922287 0
0.7781994703495182 5.245775760267405 0
0.7122447991863629 5.41003634557087 0
0.8005221223830278 5.396053398746578 0
0.9496333293743323 5.217808629304901 0
0.9769677484239347 5.367427178599332 0
0.8392513948490037 5.082834590647345 0
0.9223588192442932 5.068519329221676 0
0.6725022417830135 5.108161652929115 0
0.7559259224450043 5.095829154877762 0
0.1979762388472865 6.074426586644472 0
0.09652608976044452 5.928836201997463 0
0.09898811942364327 6.08408829332507 0
0.3959524776945731 6.055103173283229 0
0.2895782692813336 5.911508605982824 0
0.2969643582709298 6.06476487996385 0
0.3762562403889831 5.750586442667782 0
0.2748060913021411 5.604996058020876 0
0.1881281201944915 5.765918221335919 0
0.2821921802917373 5.75825233200185 0
0.09160203043404702 5.61833201934251 0
0.09406406009724577 5.773584110669933 0
0.5938411958438174 6.034444452068804 0
0.4825429281041803 5.892845702115005 0
0.4948968367691953 6.044773812676016 0
0.6754200662289848 5.872847490394004 0
0.6927855549184396 6.024115091461593 0
0.6406890888500751 5.570312288258826 0
0.5641217984893476 5.731248740440204 0
0.6580545775395299 5.721579889326415 0
0.4578351107741505 5.58898948099298 0
0.4701890194391654 5.740917591553993 0
0.5344680006302061 5.428719071774299 0
0.4331928929394486 5.285799302833651 0
0.3565600030833931 5.446069712052333 0
0.4455140018567996 5.437394391913316 0
0.6060237109664937 5.268443129086343 0
0.6233563999082845 5.419377708672585 0
0.5048798022663925 5.126855446071088 0
0.5887292687460977 5.117841011994489 0
0.336863765777803 5.141552981436885 0
0.4208991324047343 5.13453774964051 0
0.1783018993044043 5.45807876335259 0
0.08669986887035726 5.308496744012557 0
0.08915094965220213 5.463414381677362 0
0.2600558110856563 5.299152417384047 0
0.2674309511938986 5.452074237702461 0
0.1684975761770248 5.1509082126944 0
0.2526970917327189 5.146564849186712 0
0.08425426362991982 5.15391371677808 0
5.196244424446747 8.356499376020684 0
4.977780170839301 8.305299018460422 0
5.059403812770293 8.441292555404829 0
5.466372824614446 8.181241088261695 0
5.244426817547174 8.134381503634419 0
5.331671318240038 8.269432753038664 0
5.287713786548791 7.914331036709855 0
5.070663203580329 7.865404046620881 0
5.027376234578712 8.085454513545447 0
5.157545010563751 7.999892775127651 0
4.81522107570906 8.034460117994776 0
4.89650062327418 8.169879568227598 0
5.730552437430905 7.997079811656376 0
5.506685599056208 7.956739424832985 0
5.598843535734751 8.089710802650607 0
5.990054062568527 7.806390410494857 0
5.76441085677911 7.772470108008672 0
5.860701957785869 7.902272706264847 0
5.794933579486313 7.552104447179441 0
5.572626070337897 7.513940101874783 0
5.542103347630692 7.734305762704015 0
5.668518463558502 7.643205104941727 0
5.323131535123275 7.691897374580885 0
5.414908567089742 7.824318399706935 0
5.354433922443619 7.472619734511019 0
5.14035713580348 7.42814334508815 0
5.109054748483137 7.647420985158014 0
5.231744335463377 7.560020359834517 0
5.599813096404102 7.297818483864025 0
5.381620948509823 7.256498116500261 0
5.47712350942386 7.385219109187521 0
5.404692613321888 7.043532520548609 0
5.19061582668175 6.999056131125739 0
5.167544161869685 7.212021727077392 0
5.286118387595787 7.127777123813001 0
4.957582736483687 7.164389315595416 0
4.930395710417482 7.380510933606175 0
5.048969936143584 7.296266330341783 0
4.859214880030168 7.815546334805854 0
4.653368815898309 7.764757901264773 0
4.734294945803684 7.899609009629775 0
4.897606424932976 7.597563273342987 0
4.984134814256652 7.731483659981934 0
4.724549646285624 7.329722500065094 0
4.691760360801117 7.546774839801906 0
4.8110780356093 7.463642886704041 0
4.491516556087561 7.495055684534771 0
4.572442685992935 7.629906792899773 0
6.241409841869904 7.605085136801538 0
6.015690324502116 7.579656590203104 0
6.116148036132901 7.706262035664244 0
6.487670689445554 7.397571670980254 0
6.260385020876265 7.378405515559026 0
6.364973280194111 7.501838771303087 0
6.276095738105885 7.15591888811773 0
6.052074531313339 7.132559738895285 0
6.03636381408372 7.35504636633658 0
6.156229776094802 7.255482627227155 0
5.815607069067918 7.327494223312916 0
5.915648696785016 7.453575406758011 0
6.726871569396452 7.182007854974829 0
6.499851659127714 7.171060137855926 0
6.607720610887102 7.290285689278431 0
6.960582391199218 6.960582363410937 0
6.733958530448994 6.95773596261697 0
6.844192447372319 7.071776063335829 0
6.739611521637339 6.739611494731224 0
6.514421630751311 6.730617669465143 0
6.508768639562966 6.948742137350889 0
6.624190080600153 6.844176816041056 0
6.285012718541138 6.933600887612693 0
6.392432188834427 7.05233051273431 0
6.291580719420837 6.71645336565336 0
6.071088787645915 6.697118583295873 0
6.064520786766215 6.914266105255207 0
6.178050753093526 6.815359735454283 0
6.518640652075459 6.518640626051512 0
6.295799740744984 6.504476322239728 0
6.405110685748147 6.617546995852435 0
6.297669782513578 6.2976697573718 0
6.077177850738657 6.278334975014314 0
6.075307808970063 6.485141539882242 0
6.186488795741821 6.39140564862702 0
5.857164856750693 6.460636278979052 0
5.852945835426546 6.672613322392683 0
5.964126822198304 6.578877431137463 0
5.832166941585158 7.106042294559616 0
5.616372968921342 7.076366555110724 0
5.71599001899463 7.201930389211821 0
5.844613197038035 6.887748660919538 0
5.948343864175687 7.010154199907412 0
5.637151862762728 6.642937582943791 0
5.628819224374217 6.858072921470646 0
5.740882529900381 6.765343121931664 0
5.417138868774764 6.825238886908531 0
5.516755918848053 6.950802721009627 0
5.426353825917682 6.611109640097917 0
5.218787087382593 6.575117310422578 0
5.209572130239675 6.789246557233192 0
5.317962978078678 6.700178098665554 0
5.643135521595687 6.432972722962639 0
5.43233748475064 6.401144780116764 0
5.534744673756684 6.522041181530279 0
5.435089845273641 6.195344306965076 0
5.227523106738552 6.159351977289738 0
5.224770746215552 6.365152450441427 0
5.329930295744596 6.280248378703251 0
5.020435305990421 6.324995733936625 0
5.014451647157461 6.534960593917776 0
5.119611196686506 6.450056522179602 0
5.859917217273694 6.254835805827364 0
5.645887882118688 6.227172249810951 0
5.75152636943469 6.343904264395001 0
6.076698912951699 6.076698888692087 0
5.859438279486735 6.053199719505138 0
5.968308065112696 6.165767347259726 0
5.855728043389818 5.855728020012376 0
5.641698708234813 5.828064463995963 0
5.64540894433173 6.025536163488725 0
5.750568493860774 5.94063209175055 0
5.434610907486682 5.99370822064285 0
5.540249394802686 6.1104402352269 0
5.430900671389766 5.796236521150087 0
5.223333932854677 5.760244191474749 0
5.227044168951593 5.957715890967512 0
5.328972420170679 5.876976206058799 0
5.634757173827938 5.634757151332663 0
5.423959136982892 5.602929208486787 0
5.532828922608853 5.715496836241376 0
5.413786304266059 5.413786282652951 0
5.20621956573097 5.377793952977612 0
5.216392398447804 5.566936878811449 0
5.315089351356932 5.490361580732199 0
5.012056958222672 5.526780162306649 0
5.018998492629548 5.720087474969948 0
5.117695445538676 5.643512176890699 0
5.023187666513422 6.119195260784936 0
4.82208352459825 6.074874157450671 0
4.819331164075249 6.28067463060236 0
4.921259415294337 6.199934945693648 0
5.022708728726464 5.917559174462711 0
5.125115917732508 6.038455575876224 0
4.817894350714376 5.675766371635683 0
4.821604586811292 5.873238071128446 0
4.92030153972042 5.796662773049197 0
4.623731743206077 5.824752580964718 0
4.624210680993036 6.026388667286945 0
4.722907633902164 5.949813369207694 0
4.525049290654148 7.279115994964483 0
4.330407745358893 7.226466117971293 0
4.410962150723226 7.360760901253031 0
4.75322357051599 7.115826182387386 0
4.553723214884514 7.065219677286777 0
4.63913643058507 7.197471088675934 0
4.57753832877866 6.85336673150165 0
4.382896783483405 6.80071685450846 0
4.359081669589259 7.012569800293587 0
4.468309999183959 6.932968265897619 0
4.169298934630225 6.957876551407816 0
4.249853339994559 7.092171334689555 0
4.981397850377832 6.952536369810289 0
4.777038684410136 6.903973236602259 0
4.867310710446911 7.034181276098837 0
5.000354153935757 6.742726795917743 0
5.095484990308754 6.870891463521741 0
4.810092481189765 6.486397460709746 0
4.795994987968061 6.694163662709713 0
4.90522331756276 6.614562128313744 0
4.596494632336585 6.643557157609102 0
4.686766658373361 6.773765197105682 0
4.61059212555829 6.435790955609137 0
4.415950580263035 6.383141078615947 0
4.40185308704133 6.590907280615912 0
4.50622260629981 6.513349118112525 0
4.619830808443774 6.23006812550175 0
4.714961644816769 6.358232793105749 0
4.429569135697781 5.973738790293755 0
4.425189263148518 6.177418248508561 0
4.524699972070778 6.101903457897754 0
4.235406528189483 6.12272499962279 0
4.226167845303999 6.328447829730176 0
4.325678554226259 6.252933039119369 0
4.193114048524371 6.746023605622689 0
4.008190123901556 6.689286984844339 0
4.088744529265891 6.823581768126077 0
4.212070352082296 6.536214031730143 0
4.297483567782851 6.668465443119301 0
4.041243920681186 6.271711208951825 0
4.027146427459481 6.479477410951792 0
4.126657136381741 6.403962620340983 0
3.847081313172888 6.420697418280861 0
3.927635718537222 6.5549922015626 0
7.182007881122303 6.72687154151729 0
6.957735989153909 6.733958503079557 0
7.071776090342142 6.844192419492668 0
7.39757169548306 6.487670661556972 0
7.17106016277106 6.499851631740954 0
7.290285714683002 6.607720582908904 0
7.155918911822102 6.276095711230775 0
6.933600911707817 6.285012692148599 0
6.948742162656774 6.508768612658778 0
7.052330537239438 6.392432161944776 0
6.730617695140205 6.514421604310445 0
6.844176842147057 6.624190053695001 0
7.605085159397131 6.241409814404562 0
7.378405538750737 6.260384993678782 0
7.501838794870112 6.36497325248569 0
7.806390431443045 5.990054035319421 0
7.579656611657665 6.015690297604356 0
7.706262057442293 6.116148008760151 0
7.552104467489825 5.79493355317062 0
7.327494244132817 5.815607043089084 0
7.355046388300655 6.03636378752282 0
7.45357542789524 5.91564867034672 0
7.13255976137202 6.052074505074811 0
7.255482650061379 6.156229749376798 0
7.106042315848875 5.832166915963198 0
6.887748682637998 5.844613171792964 0
6.914266128161143 6.064520760904577 0
7.010154222005009 5.948343838433888 0
7.297818503536605 5.59981307102182 0
7.076366575252663 5.616372943895934 0
7.201930409692739 5.715989993492508 0
7.043532539583385 5.404692588873019 0
6.825238906372508 5.417138844702784 0
6.858072942041786 5.628819199725699 0
6.950802740812585 5.516755894299359 0
6.642937603903974 5.637151838511116 0
6.672613344500186 5.85294581057838 0
6.765343143270986 5.74088250515204 0
6.716453390118302 6.291580693478044 0
6.504476347053556 6.295799715219111 0
6.61754702109688 6.405110659764778 0
6.697118606571628 6.071088762234023 0
6.815359759139723 6.178050727191311 0
6.460636301435439 5.857164832319446 0
6.485141563506883 6.07530778397509 0
6.578877454003534 5.964126797276734 0
6.278334998966905 6.077177826127778 0
6.39140567301023 6.186488770673446 0
7.997079830898924 5.730552410650191 0
7.772470127814589 5.764410830215081 0
7.902272726395553 5.860701930713335 0
8.181241105995738 5.466372798133783 0
7.956739443057874 5.506685572872811 0
8.089710821092794 5.59884350916291 0
7.914331053910274 5.287713760987175 0
7.69189739227896 5.323131509834458 0
7.73430578142656 5.542103321720094 0
7.824318417668417 5.414908541353634 0
7.513940121101797 5.572626044675633 0
7.643205124458193 5.668518437445357 0
8.356499392010718 5.196244398782817 0
8.1343815202714 5.244426791877098 0
8.269432769892568 5.331671292166973 0
8.524937576009757 4.921874986998032 0
8.30529903356954 4.977780145699066 0
8.441292570751461 5.059403787199883 0
8.254304637088811 4.765624987410794 0
8.034460132688141 4.815221051316349 0
8.085454529168867 5.02737620960462 0
8.169879583128839 4.896500598507707 0
7.865404062807741 5.070663178714697 0
7.999892791539571 5.157544985295897 0
7.815546349996339 4.859214855832061 0
7.597563289013406 4.897606400957931 0
7.64742100182481 5.109054723840567 0
7.731483675910574 4.984134789836314 0
7.983671698167868 4.609374987823555 0
7.764757915476066 4.653368792339267 0
7.899609024082103 4.734294921827808 0
7.713038759246922 4.453124988236315 0
7.495055698263991 4.491516533362185 0
7.546774854493133 4.691760337465138 0
7.629906806870028 4.572442662850726 0
7.329722515219071 4.724549623201167 0
7.380510949739344 4.93039568669396 0
7.463642902116238 4.81107801207955 0
7.472619752680707 5.354433897431194 0
7.256498135115515 5.381620923777381 0
7.385219128108656 5.477123484226507 0
7.428143362226557 5.140357111437303 0
7.560020377252759 5.231744310635881 0
7.164389332174153 4.957582713040147 0
7.212021744661365 5.16754413778349 0
7.296266347200355 5.048969912238725 0
6.999056149129235 5.190615802879128 0
7.127777142122375 5.286118363328254 0
6.952536386804118 4.981397827205432 0
6.742726813305049 5.000354131050522 0
6.789246575630164 5.209572106724218 0
6.870891481217141 5.095484966964825 0
7.115826197978071 4.753223547686646 0
6.903973252608036 4.777038661851932 0
7.034181292391095 4.867310687446039 0
6.853366746540988 4.577538306818626 0
6.64355717304192 4.596494610663717 0
6.694163679108967 4.795994965697022 0
6.773765212824978 4.686766636257825 0
6.486397477480862 4.810092459221917 0
6.534960611676945 5.014451624575417 0
6.614562145392956 4.90522329513622 0
7.279116009152025 4.525049268167861 0
7.065219691911024 4.553723192653342 0
7.197471103565048 4.639136407927255 0
7.442405820325979 4.296874988649076 0
7.226466131214012 4.330407723454751 0
7.360760914739002 4.410962128408469 0
7.171772881405033 4.140624989061838 0
6.957876564164033 4.169298913547317 0
7.012569813973011 4.359081647940232 0
7.092171347689023 4.249853318501035 0
6.800716868602976 4.382896762105517 0
6.932968280257 4.468309977379429 0
6.746023618793997 4.193114027712603 0
6.536214045294928 4.212070331557693 0
6.590907295103907 4.401853065950608 0
6.668465456948953 4.297483546831605 0
6.901139942484089 3.984374989474598 0
6.689286997114053 4.008190103639883 0
6.823581780639043 4.088744508593601 0
6.630507003563144 3.828124989887359 0
6.420697430064074 3.847081293732449 0
6.479477423614984 4.027146407484974 0
6.554992213589064 3.927635698686166 0
6.27171122198688 4.041243901009868 0
6.328447843666824 4.226167825082587 0
6.403962633640905 4.126657116283781 0
6.435790971413816 4.610592104188612 0
6.230068141656677 4.619830787393312 0
6.280674647723725 4.819331142426617 0
6.35823280956877 4.714961623307615 0
6.383141093475803 4.415950559475503 0
6.513349133258862 4.50622258506961 0
6.122725013909687 4.235406508287287 0
6.177418263718664 4.425189242680203 0
6.252933053692745 4.325678533881395 0
5.973738805832491 4.429569115564707 0
6.026388683770504 4.624210660277817 0
6.101903473744584 4.524699951479009 0
6.254835828621315 5.859917193200121 0
6.053199742606107 5.859438255764431 0
6.165767370786506 5.968308040946104 0
6.432972744290931 5.643135497708153 0
6.227172271476807 5.645887858588828 0
6.343904286456123 5.751526345454137 0
6.195344327533381 5.435089822293897 0
5.993708241518174 5.434610884858207 0
6.0255361854616 5.645408921153138 0
6.11044025649749 5.540249371723517 0
5.82806448624531 5.641698685401082 0
5.940632114425709 5.750568470582756 0
6.611109659960548 5.426353802216186 0
6.401144800347506 5.432337461413224 0
6.52204120212574 5.534744649962169 0
6.575117329218205 5.21878706423762 0
6.700178117795357 5.317962954470202 0
6.324995752063902 5.020435283772455 0
6.365152469605163 5.224770723434657 0
6.450056540641054 5.119611174005038 0
6.159351996791038 5.227523084315331 0
6.280248398569272 5.329930272864277 0
6.119195279249777 5.023187644653129 0
5.91755919323457 5.022708707217439 0
5.957715910775831 5.227044146879641 0
6.038455595012804 5.125115895766386 0
6.074874174909599 4.822083503307291 0
6.199934963486751 4.921259393539873 0
5.824752597755298 4.623731722842127 0
5.873238088894393 4.821604565871601 0
5.949813386332448 4.722907613074709 0
5.675766389678104 4.817894330119547 0
5.720087494018282 5.018998471465384 0
5.796662791456337 4.920301518668493 0
5.796236542301885 5.430900649106153 0
5.602929229884513 5.423959115037734 0
5.715496858064911 5.532828900219409 0
5.760244211559542 5.223333911127587 0
5.876976226538858 5.328972397992897 0
5.526780181600909 5.012056937396965 0
5.56693689914217 5.216392377059168 0
5.643512196580225 5.117695424262275 0
5.377793973523715 5.206219544674385 0
5.490361601704114 5.315089329856059 0
5.339228017178419 5.003104739015056 0
5.154249478358882 4.989700608313909 0
5.192815434704179 5.192815413973238 0
5.266021725941299 5.097960076494148 0
5.48564059965266 4.813394064056874 0
5.298088435230169 4.804441865674965 0
5.41243430841554 4.908249401535965 0
5.254375227678966 4.610230924654111 0
5.069396688859429 4.596826793952964 0
5.113109896410633 4.791037734973818 0
5.1837425620448 4.700634329813964 0
4.930704983194049 4.773181671953434 0
4.971844565142299 4.971844545293526 0
5.042477230776465 4.881441140133671 0
5.632053182126901 4.623683389098693 0
5.441927392101457 4.61918312303602 0
5.558846890889781 4.718538726577783 0
5.77846576460114 4.43397271414051 0
5.585766348972744 4.433924380397076 0
5.705259473364021 4.528828051619601 0
5.536905890215632 4.248617304014697 0
5.346780100190189 4.244117037952025 0
5.395640558947299 4.429424114334404 0
5.466273224581466 4.33902070917455 0
5.208088394524809 4.420471915952495 0
5.325007893313133 4.519827519494258 0
5.159227935767699 4.235164839570116 0
4.974249396948162 4.22176070886897 0
5.023109855705272 4.407067785251348 0
5.091168895736486 4.321116312410733 0
5.295346015830125 4.063261893888884 0
5.107793851407635 4.054309695506975 0
5.227286975798912 4.1492133667295 0
5.053786141444617 3.877906483763071 0
4.868807602625079 3.864502353061924 0
4.922815312588098 4.040905564805828 0
4.988300727016357 3.95940602428445 0
4.740410399371514 4.023049501785444 0
4.791844483731579 4.203904645848586 0
4.857329898159838 4.122405105327207 0
4.886991775642846 4.57897073093258 0
4.707160488029216 4.55666273559296 0
4.750873695580419 4.750873676613813 0
4.818932735611633 4.664922203773196 0
4.840704942488689 4.389211722230964 0
4.955050815674058 4.493019258091964 0
4.612013196117948 4.181596650508965 0
4.660873654875059 4.366903726891344 0
4.726359069303319 4.285404186369965 0
4.483615992864381 4.340143799232486 0
4.529902826018539 4.529902807934102 0
4.595388240446798 4.448403267412723 0
5.923817839611406 4.243448283180412 0
5.728544798380054 4.247851881756215 0
5.851141802106273 4.338710498660461 0
6.06916991462167 4.052923852220315 0
5.87026274032339 4.06096562711344 0
5.996493877116538 4.148186067700363 0
5.813073507968444 3.882121147363789 0
5.617800466737093 3.886524745939592 0
5.674989699092039 4.065369225689243 0
5.744031603530241 3.973745186526516 0
5.483350790927616 4.066134647947724 0
5.605947794653836 4.15699326485197 0
6.214521989631935 3.862399421260217 0
6.011980682266725 3.874079372470664 0
6.141845952126802 3.957661636740267 0
6.359874064642199 3.67187499030012 0
6.15369862421006 3.687193117827888 0
6.287198027137066 3.767137205780168 0
6.089241125721254 3.51562499071288 0
5.886699818356044 3.527304941923327 0
5.951157316844849 3.698873069038335 0
6.020199221283052 3.607249029875608 0
5.752250142546568 3.70691484393146 0
5.882115412406647 3.790497108201062 0
5.687792644057764 3.535346716816452 0
5.492519602826412 3.539750315392255 0
5.556977101315217 3.711318442507263 0
5.62238487268649 3.623332579661857 0
5.81860818680031 3.359374991125642 0
5.619701012502029 3.367416766018767 0
5.753200415429037 3.447360853971047 0
5.547975247879364 3.203124991538402 0
5.352702206648013 3.207528590114205 0
5.424427971270678 3.37182036459457 0
5.486201609575021 3.287472678066486 0
5.232789063106257 3.372585786853051 0
5.300880694661991 3.540515737650737 0
5.362654332966335 3.456168051122654 0
5.426161558572671 3.887290168198073 0
5.23815678347518 3.884417414139233 0
5.360753787201398 3.975276031043478 0
5.365338193150796 3.712083864765744 0
5.491569329943944 3.799304305352668 0
5.112875919564498 3.537642983591896 0
5.177333418053304 3.709211110706904 0
5.239107056357648 3.62486342417882 0
4.992962776022742 3.702700180330742 0
5.115559779748962 3.793558797234987 0
4.929061602614984 3.531503777750557 0
4.748325093651351 3.521354671057073 0
4.812226267059108 3.692551073637257 0
4.870643934837046 3.612027425693907 0
5.045896938170859 3.370456481863857 0
4.862082621221345 3.364317276022518 0
4.987479270392922 3.450980129807208 0
4.792025831841825 3.201140675146624 0
4.611289322878191 3.19099156845314 0
4.681346112257712 3.354168169329034 0
4.736685972049768 3.27765442223783 0
4.503687411279961 3.340009161783405 0
4.5706663926736 3.507195663511444 0
4.626006252465656 3.430681916420239 0
5.16161962356464 3.20866573690751 0
4.974727498629243 3.206536431918317 0
5.10375828086775 3.289561109385684 0
5.277342308958421 3.046874991951164 0
5.086259725875046 3.048012138744468 0
5.21948096626153 3.127770364429337 0
5.006709370037475 2.890624992363924 0
4.81981724510208 2.888495687374731 0
4.89936760093965 3.045882833755274 0
4.953038485488563 2.968253913059599 0
4.71666593415223 3.040487076983582 0
4.845696716390737 3.123511754450949 0
4.637683920149321 2.883453348305856 0
4.45917271150988 2.874791139751666 0
4.538154725512789 3.031824868429392 0
4.587919322831055 2.957639108367624 0
4.736076431116532 2.734374992776685 0
4.553943106163773 2.729332653707811 0
4.686880175632925 2.808914170541271 0
4.465443492195586 2.578124993189446 0
4.376568581193656 2.721377280559257 0
4.421293080065233 2.649923184029081 0
4.284283619183753 2.862509061712159 0
4.330707360633374 2.792124517990045 0
4.434174632263695 3.177222393228109 0
4.259593739271826 3.159053484830335 0
4.329106518288091 3.321840253385631 0
4.381640575275893 3.24953132330687 0
4.361040034898293 3.018055693204361 0
4.486164678888242 3.10452363082875 0
4.187547162632933 3.000666449447783 0
4.236190567231075 2.931778207965432 0
4.087546643902582 3.136484843259817 0
4.137815700880042 3.068775000218064 0
4.435258579970197 4.155277882214099 0
4.260574543562475 4.124066022236002 0
4.308931956456659 4.308931939254389 0
4.372095268213428 4.232104910734244 0
4.561585203483736 4.001623825173809 0
4.384830587335985 3.975305056878943 0
4.498421891726966 4.078450853693954 0
4.332332014961745 3.800225323227016 0
4.157647978554022 3.769013463248921 0
4.210146550928262 3.944093196900847 0
4.271239282945003 3.872159260063932 0
4.037533094260566 3.907988245239521 0
4.087961086894779 4.087961070574677 0
4.14905381891152 4.016027133737762 0
4.686905735271422 3.847087449405533 0
4.508080539383643 3.825661772793897 0
4.624245469377579 3.924355637289671 0
4.630324399705451 3.675136169980866 0
4.749566001165265 3.769819261521395 0
4.391841196785821 3.485769986899808 0
4.451499203817672 3.65371049336923 0
4.511082798245636 3.580453078440338 0
4.275750679395774 3.62827404380235 0
4.391915609389708 3.726967908298123 0
4.216610021686268 3.460758114993989 0
4.04393816873025 3.431310892471863 0
4.103078826439754 3.598826821280224 0
4.159844424063011 3.529792468137106 0
4.153875343188538 3.296828381479811 0
4.27285826998718 3.391299184189809 0
3.982238188877212 3.268230314279807 0
4.035154547401 3.202565620718891 0
3.873825637917764 3.397428319333432 0
3.928287097112496 3.333045824059082 0
3.985522994849854 3.733366016426484 0
3.814980117922186 3.692367973081928 0
3.866990217332899 3.866990201894965 0
3.926256606091376 3.800178109160725 0
3.930953842735586 3.563179374457787 0
4.044300910644804 3.666096418853354 0
3.761387911734973 3.52309634079101 0
3.817854738016529 3.460487070748107 0
3.646019347771019 3.646019333215253 0
3.703944106843687 3.584790570517409 0
3.862399440414289 6.214521977483557 0
3.687193136463916 6.153698612920046 0
3.767137224818402 6.287198015600453 0
4.052923871606063 6.069169901249763 0
3.874079391339166 6.011980669781495 0
3.957661656010176 6.141845939366661 0
3.882121165947519 5.813073495174674 0
3.706914861997147 5.752250130611164 0
3.698873087388794 5.951157305217984 0
3.790497126668157 5.882115400196328 0
3.527304959754945 5.88669980755923 0
3.607249048109431 6.020199210239638 0
4.243448302797836 5.92381782501597 0
4.060965646214416 5.870262726642943 0
4.148186087201949 5.996493863132867 0
4.433972733989609 5.778465748782176 0
4.247851901089665 5.728544783504392 0
4.338710518393722 5.851141786899072 0
4.24861732306497 5.536905875088058 0
4.06613466648155 5.483350776715032 0
4.065369244506245 5.674989685131366 0
4.156993283785607 5.605947780109712 0
3.886524764239348 5.617800453663097 0
3.973745205226882 5.744031590153019 0
3.887290186214654 5.426161545246763 0
3.712083882264281 5.365338180683252 0
3.711318460288976 5.556977089099586 0
3.799304323251815 5.491569317173175 0
4.063261912140332 5.29534600139394 0
3.884417431873435 5.23815676992567 0
3.975276049177493 5.360753773320351 0
3.877906501215692 5.053786127699819 0
3.70270019726532 4.992962763136308 0
3.709211127923063 5.177333405362159 0
3.793558814569377 5.115559766530989 0
3.537643000289214 5.112875907703406 0
3.540515754630433 5.300880683024499 0
3.624863441276748 5.239107044193329 0
3.535346734363298 5.68779263295241 0
3.367416783045973 5.619701002198415 0
3.447360871400459 5.753200404878823 0
3.539750332655127 5.492519591440833 0
3.623332597326137 5.622384861025997 0
3.372585803313108 5.232789052270503 0
3.371820381337803 5.424427960686838 0
3.456168067984118 5.362654321855668 0
3.207528606337002 5.352702196837601 0
3.287472694691488 5.486201599518008 0
4.623683409168252 5.632053165079942 0
4.433924399951783 5.5857663328974 0
4.52882807157893 5.705259456931059 0
4.813394084346895 5.485640581377708 0
4.619183142800772 5.441927374821967 0
4.718538746757574 5.558846873228825 0
4.610230944103636 5.254375210190791 0
4.420471934887167 5.20808837800825 0
4.429424133584303 5.395640542639425 0
4.519827538843969 5.325007876415108 0
4.24411705669749 5.346780084830082 0
4.339020728324636 5.466273208863742 0
5.003104759525536 5.339227997675473 0
4.804441885649759 5.298088416746532 0
4.908249421936215 5.41243428952659 0
4.989700628498746 5.154249458671099 0
5.097960097114857 5.266021705824356 0
4.773181691266521 4.930704964364585 0
4.791037754622967 5.113109877742159 0
4.881441159882633 5.042477211517842 0
4.596826813076843 5.069396671186418 0
4.700634349363302 5.183742543966475 0
4.578970749720398 4.886991757808844 0
4.38921174050393 4.840704925626302 0
4.407067803860375 5.023109839003876 0
4.493019276790386 4.95505079840636 0
4.556662754034297 4.707160470058072 0
4.664922222650408 4.818932717211329 0
4.340143816802071 4.48361597575156 0
4.366903744817828 4.660873637875531 0
4.448403285418182 4.595388222904816 0
4.181596667931014 4.612013180066188 0
4.203904663617116 4.79184446781696 0
4.285404204217472 4.726359052846245 0
4.235164858000354 5.159227920198907 0
4.054309713443196 5.107793836762764 0
4.149213385070343 5.227286960796423 0
4.221760726973562 4.974249381194533 0
4.321116330930364 5.091168879601391 0
4.023049519059958 4.740410384380817 0
4.040905582416404 4.92281529775839 0
4.12240512301676 4.857329882787675 0
3.864502370188902 4.868807588695446 0
3.959406041816048 4.988300712729105 0
3.847087466209658 4.686905721175992 0
3.67513618631181 4.630324386486247 0
3.692551090291054 4.812226254005701 0
3.769819278250356 4.749565987590847 0
4.001623842128263 4.561585188346284 0
3.825661789277962 4.50808052514146 0
3.92435565416896 4.624245454761138 0
3.800225339393814 4.332332000591848 0
3.628274059495967 4.275750665902102 0
3.653710509380114 4.451499190451714 0
3.726967924386964 4.39191559552178 0
3.485770002434719 4.391841184277048 0
3.507195679366415 4.570666380311581 0
3.580453094373264 4.511082785381648 0
4.155277899292461 4.435258563800336 0
3.975305073489709 4.384830572080433 0
4.078450870710363 4.49842187607331 0
4.124066038947049 4.260574527303167 0
4.23210492787456 4.372095251527364 0
3.907988261092027 4.037533078854773 0
3.944093213144297 4.210146535583262 0
4.016027150019538 4.149053803078969 0
3.769013479048402 4.157647964094677 0
3.872159276269056 4.271239268087554 0
3.73336603184181 3.985522980329394 0
3.563179389452774 3.930953829072128 0
3.598826836659366 4.103078812837412 0
3.666096434250588 4.044300896583403 0
3.692367988082682 3.814980103369586 0
3.800178124587354 3.92625659111218 0
3.523096355385002 3.761387898038731 0
3.584790585115253 3.703944092698465 0
3.397428333924918 3.873825625082976 0
3.46048708538801 3.817854724711298 0
3.460758130194382 4.216610009071434 0
3.296828396201438 4.153875331411847 0
3.321840268441775 4.329106506617462 0
3.391299199318079 4.272858257844447 0
3.431310907357781 4.043938156006742 0
3.529792483426874 4.159844410954422 0
3.268230328652459 3.98223817703515 0
3.333045838556879 3.928287084765158 0
3.136484857517137 4.087546632923342 0
3.20256563504164 4.035154535987269 0
3.208665752853348 5.161619613504529 0
3.048012154169071 5.086259716560049 0
3.127770380253037 5.219480956698825 0
3.37045649805397 5.045896927115937 0
3.20653644759421 4.974727488349961 0
3.289561125453659 5.103758270310233 0
3.20114069055959 4.792025821373899 0
3.040487091875312 4.716665924429419 0
3.045882848909934 4.899367591405481 0
3.123511769734762 4.84569670638969 0
2.888495702001141 4.819817236282496 0
2.968253928085105 4.953038476421272 0
3.531503794172512 4.929061590560819 0
3.364317291937268 4.862082609973349 0
3.450980146113241 4.987479258838378 0
3.521354687198246 4.74832508143021 0
3.612027442231783 4.87064392228326 0
3.340009177131171 4.503687399724111 0
3.354168184963002 4.68134610084274 0
3.430681932164708 4.62600624057716 0
3.190991583585323 4.611289312243292 0
3.277654437761296 4.736685961108321 0
3.177222408060062 4.434174621504345 0
3.018055707539947 4.361040024892917 0
3.031824883065208 4.538154715631863 0
3.104523645562635 4.486164668568104 0
3.159053499370666 4.259593728397696 0
3.249531338250919 4.381640564060904 0
3.000666463463691 4.187547152545633 0
3.06877501438349 4.137815690329103 0
2.862509075570827 4.284283609889826 0
2.931778221873297 4.236190557563516 0
2.883453362626265 4.637683911174257 0
2.729332667492955 4.553943097872766 0
2.808914184747048 4.686880167077631 0
2.874791153816161 4.4591727023767 0
2.957639122845737 4.587919313403059 0
2.721377294002343 4.376568572810854 0
2.792124531641306 4.330707351799077 0
2.649923197421799 4.421293072023692 0
8.678329363288132 4.638818535270092 0
8.463533591544788 4.703709850871668 0
8.602218507439567 4.780671887659521 0
8.824638275202062 4.351976207979405 0
8.608997603080979 4.422367619685262 0
8.752079181722809 4.49570318201204 0
8.536459984041276 4.210154841683797 0
8.324025170752748 4.276308115806288 0
8.396562789792451 4.488520893807753 0
8.466511386916864 4.349337867745775 0
8.187333835336474 4.550436030346879 0
8.325433713440631 4.627072940609272 0
8.961343891993025 4.060398059657823 0
8.747299329984621 4.137395677936638 0
8.893596133069288 4.206473300919004 0
9.090734190522642 3.76550538330971 0
8.878361291290073 3.848951141471204 0
9.026653129893067 3.913217938732828 0
8.794611913942507 3.642847520491753 0
8.583005791354552 3.720949981446078 0
8.666755168702117 3.92705360242553 0
8.730683541322311 3.784950561458641 0
8.455915822758774 3.999812766172688 0
8.601607576371695 4.068604222054663 0
8.373385665121434 3.794261566530992 0
8.165751535243151 3.862782275746492 0
8.248281692880491 4.068333475388188 0
8.310833679000963 3.93129752095959 0
8.498489637362376 3.520189657673795 0
8.288869511129256 3.593501242758708 0
8.435937651241904 3.657225612102393 0
8.20236736078224 3.397531794855837 0
7.994733230903959 3.466052504071337 0
8.081235381250973 3.662021951974209 0
8.141801371016609 3.529776873415023 0
7.875587247727529 3.725751785320297 0
7.960103401719705 3.926512109092581 0
8.020669391485338 3.794267030533395 0
8.115976695524179 4.338854231605872 0
7.91231455835557 4.397793189082547 0
8.049824196846021 4.474114609714713 0
8.040233217651922 4.130879591187773 0
8.182129194202334 4.203593853497031 0
7.756441264551096 3.985451066569256 0
7.836571080483314 4.189818548664448 0
7.898337241101509 4.058165328878514 0
7.637295281374666 4.245150347818216 0
7.774804919865118 4.321471768450381 0
9.207762043534096 3.465492014567526 0
8.999568934397498 3.556330004807482 0
9.149870587291664 3.615744681144021 0
9.317273460359484 3.162649659352188 0
9.110855219998653 3.259694115129931 0
9.263147937251784 3.314296320788414 0
9.013217786510289 3.059159685739071 0
8.807530156102379 3.150940671470078 0
8.905167589590743 3.351475100860937 0
8.959192688050516 3.205317393300004 0
8.700210569135754 3.437992616545208 0
8.849889751766625 3.497161310676344 0
9.416645590931953 2.85636548003957 0
9.214566723060514 2.960394433098747 0
9.367596751159809 3.009712313733319 0
9.508332353944017 2.547749969961409 0
9.310647133124965 2.6585968439498 0
9.463132555807043 2.702241509993919 0
9.206480533183562 2.466869018534063 0
9.006963454498925 2.57167508184842 0
9.111130054440327 2.763402907264157 0
9.158805293811945 2.61513596289911 0
8.909781117890102 2.862168159904482 0
9.062173920475308 2.911281296501614 0
8.806895412542101 2.670828889616335 0
8.606276407313091 2.764330441837807 0
8.709162112661094 2.955669712125954 0
8.758028762601597 2.813249300871145 0
8.904628712423108 2.385988067106717 0
8.704560670466284 2.485141874874632 0
8.855762062482604 2.528408478361526 0
8.602776891662653 2.305107115679371 0
8.402157886433645 2.398608667900842 0
8.503941665237274 2.578643427096104 0
8.553359278449964 2.441875271387737 0
8.30277169673608 2.666492723771133 0
8.405106438811897 2.852179738512836 0
8.454524052024587 2.71541158280447 0
8.603825875011733 3.237929684899874 0
8.402104943238355 3.320126726028461 0
8.551157756187054 3.379059671286834 0
8.505457831570448 3.04265872555575 0
8.656493993836413 3.096799698512914 0
8.203385507038519 2.934376779641423 0
8.30373689979707 3.124855766684337 0
8.354421669304484 2.988517752598586 0
8.103999317340957 3.202260835511713 0
8.253052130289657 3.261193780770087 0
8.004915080877129 3.012211990091415 0
7.807160847738282 3.084825086617581 0
7.906245084202108 3.274873932037878 0
7.955580082539619 3.143542961064647 0
8.103585077552154 2.749550048144952 0
7.905114651390765 2.827385258594944 0
8.054250079214642 2.880881019118184 0
7.80459802888186 2.647780641022299 0
7.606843795743012 2.720393737548465 0
7.707360418251916 2.89999835512111 0
7.755979223566888 2.773889498071705 0
7.510322378135609 2.967389337723449 0
7.610122807621974 3.152216069219921 0
7.658741612936946 3.026107212170515 0
8.202255074227176 2.486888106198488 0
8.003068455043248 2.569945430572307 0
8.152920075889664 2.61821907717172 0
8.300925070902199 2.224226164252024 0
8.101022258695732 2.31250560254967 0
8.251590072564689 2.355557135225256 0
7.999073250141745 2.143345212824678 0
7.799886630957817 2.226402537198497 0
7.901835639511803 2.395562926923489 0
7.950454444826773 2.269454069874084 0
7.703365213350414 2.473398137373481 0
7.853216834196831 2.521671783972894 0
7.601416204796428 2.304237747648489 0
7.40366197165758 2.376850844174655 0
7.505610980211566 2.546011233899647 0
7.553513592503997 2.425124490774069 0
7.69722142938129 2.062464261397332 0
7.498751003219902 2.140299471847324 0
7.649318817088859 2.183351004522911 0
7.395369608620836 1.981583309969985 0
7.197615375481988 2.054196406496152 0
7.300996770081054 2.21291256837349 0
7.348183189350945 2.097247939171738 0
7.103958729964745 2.280303550975829 0
7.206623931541271 2.444241826776995 0
7.253810350811162 2.328577197575242 0
7.409805755626703 2.787784720150805 0
7.213483908532935 2.849953588829318 0
7.314000531041841 3.029558206401963 0
7.361903143334271 2.908671463276383 0
7.308572940095257 2.613402216501987 0
7.457708367919134 2.666897977025226 0
7.010302084447504 2.506410695455508 0
7.11225109300149 2.6755710851805 0
7.15943751227138 2.559906455978747 0
6.916645438930262 2.732517839935187 0
7.017878254461707 2.906900343584005 0
7.065064673731599 2.791235714382252 0
7.55836563629501 4.041374724496277 0
7.363476175246323 4.093099365327137 0
7.500385728310494 4.169124856572677 0
7.674325452264043 3.785874460343477 0
7.476249824007956 3.841798118270498 0
7.616345544279526 3.913624592419877 0
7.390947844513504 3.646420529140879 0
7.196058383464816 3.698145169971739 0
7.281360362959268 3.893522759101358 0
7.336154103736387 3.769971644121118 0
7.08965706911798 3.941048382836058 0
7.226566622182151 4.017073874081598 0
7.790285268233076 3.530374196190678 0
7.589023472769591 3.590496871213858 0
7.732305360248558 3.658124328267077 0
7.701797121531224 3.339195624157219 0
7.848265176217592 3.402624064114278 0
7.408861012158489 3.212338744243101 0
7.500535326067739 3.3993182991804 0
7.555329066844856 3.27576718420016 0
7.302459697811653 3.45524195710742 0
7.445741585290622 3.522869414160639 0
7.210785383902403 3.268262402170122 0
7.015895922853715 3.319987043000982 0
7.107570236762965 3.50696659793828 0
7.159177810332684 3.387614500054201 0
7.115924902785754 3.085481864328983 0
7.262392957472122 3.148910304286042 0
6.822988793413019 2.958624984414865 0
6.921035441737066 3.137206505159843 0
6.969456848099386 3.022053424371924 0
6.729332147895777 3.184732128894543 0
6.824192629012425 3.367512666735682 0
6.872614035374746 3.252359585947763 0
7.004355089623527 3.745670793706439 0
6.815837962989635 3.788997400344979 0
6.952747516053808 3.865022891590518 0
6.915866942921674 3.55449222167298 0
7.055962663193245 3.62631869582236 0
6.635675502378534 3.410839273374222 0
6.727349816287784 3.59781882831152 0
6.775771222650105 3.482665747523601 0
6.542018856861292 3.6369464178539 0
6.678928409925463 3.712971909099439 0
9.583237042865214 2.234637715781176 0
9.392555367617838 2.352911150489148 0
9.5464339504568 2.391356472065499 0
9.650320342728381 1.919701769897817 0
9.460246086039923 2.043506565737598 0
9.617432918304988 2.0773110420376 0
9.335255418087542 1.857298879591454 0
9.147180872526175 1.976180211533802 0
9.272171540478556 2.162387897679946 0
9.303713479283049 2.0098433886357 0
9.08609670604428 2.27634576572486 0
9.239326036831059 2.314628458107005 0
9.70690185107936 1.602676887749636 0
9.520079130458845 1.732449685572387 0
9.679269595309616 1.761309146724776 0
9.755559441437828 1.284343761922983 0
9.572020324563109 1.419912326001734 0
9.731892712436125 1.443608533048503 0
9.437781095795149 1.242507449283673 0
9.253599681172137 1.372716328332582 0
9.387838909940097 1.550121205050642 0
9.412810002867623 1.396314327167158 0
9.203015197568792 1.674970399069709 0
9.361547164013821 1.703710042321048 0
9.070096621799584 1.497783562964727 0
8.887271917677491 1.61770915318011 0
9.020190493446698 1.794895989285092 0
9.045143557623142 1.646339776124909 0
9.120002750152469 1.200671136644363 0
8.936499690779916 1.325738371276508 0
9.095049685976027 1.349227349804545 0
8.80222440450979 1.158834824005052 0
8.619399700387696 1.278760414220435 0
8.753674986657822 1.445663961491891 0
8.777949695583805 1.302249392748472 0
8.571528637786189 1.56044790729051 0
8.705125568805858 1.732493098978729 0
8.729400277731839 1.58907853023531 0
8.962409602934903 2.090442028195905 0
8.780941609313729 2.200084329577761 0
8.933519157679005 2.238215047651311 0
8.835419223855428 1.909157805947194 0
8.991300048190801 1.942669008740498 0
8.523657575184684 1.842135400360585 0
8.653951230234256 2.01880010732905 0
8.679538399520059 1.875646603153889 0
8.475786512583179 2.12382289343066 0
8.628364060948456 2.16195361150421 0
9.790950493670529 0.9642640632230316 0
9.613361994460389 1.105891165975004 0
9.77391989253427 1.12438040602364 0
9.818349030415362 0.6433971710098533 0
9.6440812743189 0.7905598888806122 0
9.805316833806049 0.803885313880557 0
9.497868626251659 0.6221289318192377 0
9.322944298870809 0.7640184324089518 0
9.46915694693805 0.9324493894703264 0
9.483512786594854 0.777289160644782 0
9.29357604827281 1.069065672778996 0
9.453469021366599 1.087478419377 0
9.835062959123803 0.3218299717758506 0
9.66679443588875 0.4746160839845504 0
9.82737449900233 0.482646412976108 0
9.681490021721727 0.1582345582772777 0
9.840075700412317 0.1609259370496314 0
9.365657106041086 0.1528737030559825 0
9.515897127763992 0.3111082613332601 0
9.523573563881499 0.1555541306666301 0
9.346971318126901 0.4586211091679474 0
9.506882877007826 0.4666185965762489 0
9.198069111043193 0.300430346314311 0
9.028486015004383 0.4426699297749857 0
9.177388222088091 0.6008606926286221 0
9.187728666565642 0.4506455194714666 0
9.051162005000403 0.1475566432583286 0
9.20840955552077 0.1502151731571555 0
8.736666903958803 0.1422395834606747 0
8.881578908961288 0.2897962267190032 0
8.893914454479656 0.1448981133595016 0
8.710000711881559 0.426718750382024 0
8.856907817924656 0.5795924534380065 0
8.869243363442973 0.4346943400785049 0
9.148695486120282 0.9007659146364924 0
8.97512218799994 1.032371378501859 0
9.134349118136377 1.050718525640427 0
9.003139409337564 0.7376081748561626 0
9.163041854104186 0.7508133036325572 0
8.683334519804315 0.7111979173033733 0
8.829566111217222 0.8692136387215295 0
8.843236964570938 0.7244030460797679 0
8.656668327727072 0.9956770842247227 0
8.815895257863506 1.014024231363291 0
8.511772044149609 0.8377488835243065 0
8.339549775289646 0.959070310665326 0
8.484446058867109 1.116998511365742 0
8.49810905150836 0.9773736974450243 0
8.539098029432107 0.5584992556828711 0
8.367535553777399 0.6850502219038044 0
8.52543503679086 0.6981240696035889 0
8.223958856610444 0.537581099363216 0
8.051736587750483 0.6589025265042354 0
8.195313284917436 0.8063716490448238 0
8.209636070763938 0.6719763742040199 0
8.022431222852219 0.9224635371059297 0
8.166667713224429 1.075162198726432 0
8.180990499070932 0.940766923885628 0
8.566424014714698 0.2792496278414355 0
8.395521332265247 0.4110301331422826 0
8.552761022073403 0.4188744417621533 0
8.423507110753187 0.1370100443807609 0
8.580087007356216 0.1396248139207178 0
8.11034731754701 0.1317805053008471 0
8.252604428303547 0.268790549681608 0
8.266927214149973 0.134395274840804 0
8.081041952648746 0.3953415159025413 0
8.238281642456997 0.403185824522412 0
7.93878484189229 0.2583314715217804 0
7.766562573032328 0.3796528986627999 0
7.908819683788784 0.5166629430435608 0
7.923802262840537 0.3874972072826706 0
7.797187524341076 0.1265509662209333 0
7.953767420943952 0.1291657357608902 0
7.484027731135214 0.1213214271410195 0
7.624965255481138 0.2478723933619528 0
7.640607627738246 0.1239361966809764 0
7.452083193415932 0.3639642814230585 0
7.593680510967123 0.4957447867239057 0
7.609322883224131 0.3718085900429292 0
7.878854525685266 0.7749944145653412 0
7.705312670414796 0.8858567635465332 0
7.84888936758175 1.033325886087122 0
7.863871946633509 0.9041601503262313 0
7.735937621723568 0.6327548311046666 0
7.893837104737025 0.6458286788044511 0
7.420138655696652 0.6066071357050975 0
7.562395766453097 0.7436171800858584 0
7.57803813871011 0.619680983404882 0
7.388194117977372 0.8492499899871366 0
7.53111102193907 0.9914895734478113 0
7.546753394196084 0.8675533767668349 0
8.346805317893427 1.947419251030454 0
8.171943876212445 2.047822521851818 0
8.323865194397811 2.085822707641238 0
8.392685564884653 1.670612337808883 0
8.215833307593396 1.775896188478752 0
8.369745441389041 1.809015794419669 0
8.082870481683086 1.609253705775555 0
7.908009040002106 1.709656976596919 0
8.040971865912415 1.876299459300116 0
8.061921173797749 1.742776582537835 0
7.868101239841714 1.971822150272976 0
8.02002255802708 2.009822336062397 0
8.438565811875881 1.393805424587313 0
8.259722738974345 1.503969855105686 0
8.415625688380267 1.532208881198098 0
8.303612170355294 1.23204352173262 0
8.461505935371495 1.255401967976527 0
7.987824640322893 1.185326629244805 0
8.124769097453758 1.342207952250993 0
8.145718405339094 1.208685075488713 0
7.947916840162501 1.447491802920862 0
8.103819789568423 1.475730829013274 0
7.810972383031635 1.290610479914674 0
7.636110941350656 1.391013750736039 0
7.773055398481521 1.547895073742227 0
7.792013890756578 1.41925277682845 0
7.672037110290492 1.138609736756991 0
7.829930875306692 1.161968183000898 0
7.356249580258091 1.091892844269176 0
7.497175668609512 1.239013007578355 0
7.514143345274291 1.115251290513083 0
7.324305042538811 1.334535698551214 0
7.463240315279954 1.486536441708898 0
7.480207991944734 1.362774724643626 0
7.735138413931406 1.805179667569779 0
7.564258603470982 1.895821778694134 0
7.716179921656348 1.933821964483555 0
7.600184772410819 1.643417764715086 0
7.754096906206463 1.676537370656003 0
7.292360504819531 1.577178552833254 0
7.429304961950395 1.734059875839442 0
7.446272638615175 1.61029815877417 0
7.260415967100249 1.819821407115293 0
7.412337285285616 1.857821592904714 0
7.125459466581411 1.663201803532661 0
6.958561287341865 1.744082754960008 0
7.093517787860703 1.900702358542639 0
7.109488627221056 1.78195208103765 0
7.157401145302118 1.425701248522684 0
6.990500107063998 1.511724499222092 0
7.141430305941765 1.544451526027673 0
6.855537888548014 1.365389494183583 0
6.688639709308468 1.44627044561093 0
6.823601927824453 1.592605450649438 0
6.839569908186234 1.47899747241651 0
6.65670660758348 1.668344102804723 0
6.791665967100892 1.819821407115293 0
6.807633947462672 1.706213428882365 0
7.189342824022825 1.188200693512706 0
7.022438926786132 1.279366243484175 0
7.173371984662471 1.306950971017695 0
7.221284502743533 0.9507001385027287 0
7.054377746508266 1.047007987746259 0
7.20531366338318 1.069450416007717 0
6.919409809995134 0.9109575812518742 0
6.752505912758441 1.002123131223343 0
6.887473849271574 1.138173537717729 0
6.903441829633353 1.024565559484802 0
6.720572811033454 1.224196788417137 0
6.871505868909793 1.251781515950656 0
6.585604874520322 1.088146381922751 0
6.418706695280775 1.169027333350098 0
6.553674631793909 1.305077739844483 0
6.569639753157116 1.196612060883617 0
6.617535117246735 0.8712150240010195 0
6.450634079008616 0.9572382747004273 0
6.601569995883528 0.9796807029618853 0
6.315660424498336 0.831472466750165 0
6.148762245258791 0.9123534181775113 0
6.28373589976907 1.038119226127774 0
6.299698162133703 0.9347958464389694 0
6.116840579528098 1.113857878283059 0
6.251811375039804 1.244765985505383 0
6.267773637404437 1.141442605816578 0
6.521744389067495 1.522009097766215 0
6.354851927825096 1.592605450649438 0
6.489814146341082 1.738940455687946 0
6.505779267704289 1.63047477672708 0
6.386779311552935 1.380816391999768 0
6.537709510430702 1.413543418805349 0
6.084918913797404 1.315362338388606 0
6.219886850310536 1.451412744882991 0
6.235849112675169 1.348089365194187 0
6.052997248066712 1.516866798494153 0
6.187962325581271 1.6580595042606 0
6.203924587945903 1.554736124571796 0
7.251900877056447 0.7130251038770465 0
7.084991261822608 0.8144752523926387 0
7.236592689899989 0.8318626211898876 0
7.282517251369361 0.4753500692513644 0
7.114279472729157 0.5817680374233134 0
7.267209064212905 0.5941875865642054 0
6.975329904995501 0.4554787906259371 0
6.808420289761662 0.5569289391415293 0
6.947369857495318 0.6832181859389055 0
6.96134988124541 0.5693484882824213 0
6.781788405667843 0.779700514798141 0
6.933389833745226 0.7970878835953898 0
7.313133625682309 0.2376750346256822 0
7.143567683635738 0.3490608224539881 0
7.297825438525836 0.3565125519385233 0
7.172855894542352 0.1163536074846627 0
7.328441812838786 0.1188375173128411 0
6.861684057949297 0.1113857878283059 0
7.003289952495717 0.2277393953129686 0
7.017269976245792 0.1138696976564843 0
6.835052173855479 0.3341573634849175 0
6.989309928745609 0.3416090929694527 0
6.693446279309235 0.2178037560002549 0
6.526536664075499 0.3192539045158471 0
6.668142558621743 0.4356075120005097 0
6.680794418965489 0.3267056340003823 0
6.550512221356664 0.106417968171949 0
6.706098139652942 0.1089018780001274 0
6.239340384764105 0.1014501485155922 0
6.383602606122952 0.2078681166875412 0
6.394926303060346 0.1039340583437706 0
6.218021154295544 0.3043504455467766 0
6.360955212248089 0.4157362333750825 0
6.372278909185521 0.3118021750313119 0
6.642838837934239 0.6534112680007647 0
6.478585549513131 0.7449257772036432 0
6.630186977590487 0.7623131460008921 0
6.502561106794321 0.5320898408597451 0
6.65549069827799 0.5445093900006371 0
6.19670192382698 0.507250742577961 0
6.338307818373213 0.6236043500626236 0
6.349631515310652 0.519670291718853 0
6.175382693358419 0.7101510396091454 0
6.326984121435775 0.7275384084063943 0
6.03444445272965 0.5938411924833528 0
5.87284749112105 0.6754200623735176 0
6.013785731749818 0.7917299094993102 0
6.024115092239734 0.6927855509913314 0
6.055103173709483 0.3959524754673953 0
5.892845702612153 0.482542925372787 0
6.044773813219567 0.494896833975374 0
5.750586443005925 0.3762562382774482 0
5.588989481397325 0.4578351081676131 0
5.731248741003553 0.5641217952629519 0
5.74091759200474 0.4701890167702001 0
5.570312288883683 0.6406890851378899 0
5.71191103900118 0.7519873522484557 0
5.721579890002367 0.6580545737557038 0
6.074426586853865 0.1979762377336976 0
5.911508606267805 0.2895782676543163 0
6.064764880281675 0.2969643566005464 0
5.928836202088005 0.09652608921810543 0
6.084088293426049 0.09898811886684881 0
5.618332019411749 0.09160202992061867 0
5.765918221501893 0.1881281191387241 0
5.773584110750018 0.09406405956936205 0
5.604996058240014 0.274806089761856 0
5.758252332253909 0.2821921787080862 0
5.458078763469777 0.1783018982555712 0
5.299152417532524 0.2600558095812163 0
5.446069712302762 0.3565600010875011 0
5.452074237886269 0.2674309496715362 0
5.308496744056066 0.08669986833495255 0
5.46341438173387 0.08915094912778561 0
5.15090821275774 0.168497575084239 0
5.153913716803615 0.08425426312297257 0
5.141552981599991 0.3368637638975541 0
5.146564849295239 0.2526970902825246 0
5.428719072234975 0.5344679975019867 0
5.268443129603834 0.6060237073616979 0
5.410036346252541 0.7122447949976011 0
5.419377709243758 0.6233563962497939 0
5.285799303140411 0.4331928904218748 0
5.437394392268869 0.4455139992947439 0
5.126855446423916 0.504879799200457 0
5.134537749893505 0.4208991299310628 0
5.108161653503903 0.6725022377467464 0
5.117841012453955 0.588729265198918 0
5.918685541733458 1.380946924283897 0
5.751798798488206 1.441258678622998 0
5.88611050482146 1.577178552833254 0
5.902398023277458 1.479062738558576 0
5.951260578645458 1.184715295734541 0
5.785027206581512 1.250299881629832 0
5.934973060189458 1.282831110009219 0
5.652022242610871 1.124925670531958 0
5.485135499365619 1.185237424871058 0
5.61814046333626 1.310611635968933 0
5.635081352973565 1.217768653250445 0
5.450600348909703 1.365650558751842 0
5.584258684061648 1.496297601405908 0
5.601199573698954 1.40345461868742 0
5.982523155197638 0.9882226026169255 0
5.816943154314998 1.059080020068408 0
5.966891866921548 1.086468949175733 0
5.847546641688664 0.8675990939387246 0
5.998154443473727 0.8899762560581179 0
5.54633103811854 0.8228447696999377 0
5.681966640806024 0.9384565113902066 0
5.696938839903602 0.8452219318193311 0
5.517045729101897 1.004302161853757 0
5.666994441708448 1.031691090961082 0
5.382070452913788 0.888799440470027 0
5.217808630388173 0.9496333239456447 0
5.352783906576283 1.065136045329374 0
5.367427179745035 0.9769677428997007 0
5.24577576104779 0.7781994657676903 0
5.396053399583165 0.800522117733814 0
5.082834591520927 0.8392513898563866 0
5.09582915560118 0.7559259179076632 0
5.053545570541695 1.005346420126791 0
5.068519330234183 0.9223588139421135 0
5.318247167360563 1.240428321962562 0
5.150053681752699 1.29019441318928 0
5.282406863301839 1.415416649978561 0
5.300327015331201 1.327922485970562 0
5.185895574571227 1.120326942420878 0
5.335515536968424 1.152782183645968 0
5.019005653806368 1.170396982264784 0
5.036602724928127 1.087942350794839 0
4.980555042542028 1.334535698551215 0
5.00010497420029 1.252547655005102 0
6.452197023590727 3.450734185537351 0
6.270052231371634 3.485662757983571 0
6.406035544116462 3.561304587918736 0
6.544519982539255 3.229593380774583 0
6.361041503751447 3.269488292937712 0
6.49835850306499 3.340163783155967 0
6.268552297343453 3.093208740054983 0
6.086407505124358 3.128137312501203 0
6.178896711532353 3.304416865383932 0
6.223724504437902 3.198812802719457 0
5.998085605881974 3.334379098113242 0
6.134068918626803 3.410020928048406 0
6.636842941487783 3.008452576011814 0
6.45203077613126 3.053313827891853 0
6.590681462013518 3.119022978393198 0
6.72916590043631 2.787311771249046 0
6.543020048511074 2.837139362845995 0
6.683004420962047 2.89788217363043 0
6.44786346896565 2.670792489397086 0
6.263051303609127 2.715653741277125 0
6.358207883154551 2.882000614726034 0
6.4030356760601 2.77639655206156 0
6.174729404366743 2.921895526889164 0
6.313380090249002 2.987604677390508 0
6.079572824821319 2.755548653440255 0
5.897428032602225 2.790477225886474 0
5.992584612147649 2.956824099335384 0
6.036078718484484 2.85618637638782 0
6.166561037494988 2.554273207545125 0
5.983082558707181 2.594168119708255 0
6.123066931158155 2.65491093049269 0
5.885258606024328 2.437753925693166 0
5.703113813805235 2.472682498139385 0
5.800937766488087 2.629096692154475 0
5.843098186256207 2.53342530892382 0
5.620126660837709 2.659058924883785 0
5.716616926951847 2.820439458615784 0
5.758777346719968 2.724768075385129 0
5.905596399473978 3.158099545230512 0
5.726118980392314 3.183095438242912 0
5.862102293137144 3.258737268178077 0
5.81177350649727 2.986786332064693 0
5.949090505810814 3.057461822282948 0
5.537139507870181 2.845435351628184 0
5.632296087415605 3.011782225077093 0
5.674456507183725 2.916110841846439 0
5.454152354902655 3.031811778372584 0
5.590135667647484 3.107453608307748 0
6.820253872292409 2.565659418072444 0
6.632774333798458 2.620453349386303 0
6.77470988636436 2.676485594660745 0
6.911341844148507 2.344007064895842 0
6.721293631993412 2.403255787512778 0
6.865797858220458 2.454833241484144 0
6.619764718033271 2.245306948256189 0
6.43228517953932 2.300100879570048 0
6.53381409349946 2.458049718826637 0
6.576789405766366 2.351678333541413 0
6.348903228666653 2.50838885883742 0
6.490838781232555 2.564421104111861 0
7.002429816004605 2.122354711719241 0
6.809812930188366 2.186058225639253 0
6.956885830076557 2.233180888307541 0
6.898332228383321 1.968860663765728 0
7.047973801932654 2.01152853513094 0
6.599049081284654 1.883524921035305 0
6.705715342567082 2.032564177685741 0
6.748690654833988 1.926192792400517 0
6.515667130411987 2.091812900302677 0
6.662740030300177 2.138935562970965 0
6.409000869129558 1.942773643652241 0
6.221521330635607 1.9975675749661 0
6.328187591918035 2.146606831616536 0
6.368594230523796 2.044690237634388 0
6.299765934185987 1.798189178304882 0
6.44940750773532 1.840857049670094 0
6.00048278708732 1.712853435574459 0
6.112286395692036 1.852983109618741 0
6.150124360636654 1.755521306939671 0
5.927375530859228 1.903322249629524 0
6.036610465802799 2.047906714976882 0
6.074448430747418 1.950444912297812 0
6.247374314706512 2.350440019580831 0
6.065032123534848 2.396324368288536 0
6.20696767610075 2.452356613562978 0
6.143276727085228 2.196945971627318 0
6.287780953312274 2.248523425598683 0
5.854268274631135 2.093791063684589 0
5.960934535913563 2.242830320335024 0
5.998772500858181 2.145368517655953 0
5.781161018403044 2.284259877739653 0
5.923096570968945 2.340292123014095 0
5.675128335267978 2.135435691900526 0
5.497923491418602 2.172410458002078 0
5.603956174553668 2.321234643841205 0
5.639542254910823 2.228335167870866 0
5.74630049598229 1.949636739959846 0
5.567160556619132 1.991281368175783 0
5.710714415625134 2.042536215930185 0
5.457257682456504 1.851796906565425 0
5.280052838607127 1.888771672666977 0
5.389955712769755 2.028256134277335 0
5.423606697613129 1.94002652042138 0
5.214685964434159 2.060561038264503 0
5.322653743083006 2.204715361989245 0
5.35630472792638 2.116485748133289 0
5.816205500401875 1.76340764639655 0
5.635130465524936 1.809722136726872 0
5.781252998192082 1.856522193178197 0
5.701833218136015 1.627732763655344 0
5.851158002611667 1.670293099614902 0
5.40318364918471 1.542612091736229 0
5.520758183259076 1.674047253985666 0
5.552508433660362 1.585172427695787 0
5.342885400190644 1.71612202382422 0
5.48900793285779 1.762922080275545 0
5.225951313412978 1.584881139138578 0
5.051280782153053 1.622716188485363 0
5.168214868930718 1.753957073171005 0
5.197083091171849 1.669419106154791 0
5.105174527530107 1.45768569738091 0
5.254179088357409 1.50014889455857 0
4.931784890863582 1.495909301855285 0
4.956491758387334 1.415314392699965 0
4.879172055404933 1.656117239776584 0
4.905797085891301 1.576115642834655 0
5.105409459953704 1.921312325526908 0
4.93207480713189 1.94894736739969 0
5.041351311612345 2.088196080137285 0
5.073380385783024 2.004754202832097 0
4.993571490277295 1.786497726030935 0
5.136812164442211 1.837634699348956 0
4.821489576819826 1.814604265649243 0
4.850645908764876 1.735473494627191 0
4.760048880141685 1.971676798285325 0
4.791080463612403 1.893263523069985 0
5.359595860783513 2.8657608343103 0
5.182785814839278 2.88082404788888 0
5.318469084870967 2.956317913130732 0
5.441849412608605 2.684646676669437 0
5.264305765521936 2.704972159351553 0
5.400722636696058 2.775203755489868 0
5.168282069117925 2.549445753496342 0
4.99147202317369 2.564508967074922 0
5.087495719577701 2.720035372930133 0
5.127888894347813 2.634740563213238 0
4.911419274775898 2.729836317405177 0
5.047102544807588 2.805330182647029 0
5.522902793581136 2.502940660255321 0
5.344625545352033 2.528528412040973 0
5.482376103094872 2.593793668462379 0
5.423745154329568 2.351492805957141 0
5.563429484067401 2.412087652048263 0
5.144376494853903 2.230303113774897 0
5.245467906100465 2.377080557742794 0
5.284060824591736 2.290897959866019 0
5.069124429866358 2.397997899198162 0
5.206874987609195 2.463263155619568 0
4.968642628474908 2.251496665899144 0
4.794232924235796 2.267743597024229 0
4.894714725627246 2.414244830323248 0
4.931678677051077 2.332870748111196 0
4.86561744523335 2.109389632261531 0
5.004996970043627 2.169846373018214 0
4.692426960704462 2.126188984724371 0
4.72654496474069 2.049066000129379 0
4.621147382136567 2.279043907150152 0
4.657089696156386 2.202759529487457 0
4.815985817985592 2.574625401180195 0
4.640642974326225 2.579164076551703 0
4.776031124551062 2.65450019697844 0
4.719228520439148 2.42436126442852 0
4.855350271806419 2.494435115751721 0
4.545066156007188 2.429530919060485 0
4.583404450310733 2.354440318298964 0
4.505547342996698 2.503990519387695 0
$EndNodes
$Elements
9 6560 1 6560
1 1 1 96
1 4 7 
2 7 8 
3 8 9 
4 9 10 
5 10 11 
6 11 12 
7 12 13 
8 13 14 
9 14 15 
10 15 16 
11 16 17 
12 17 18 
13 18 19 
14 19 20 
15 20 21 
16 21 22 
17 22 23 
18 23 24 
19 24 25 
20 25 26 
21 26 27 
22 27 28 
23 28 29 
24 29 30 
25 30 31 
26 31 32 
27 32 33 
28 33 34 
29 34 35 
30 35 36 
31 36 37 
32 37 38 
33 38 39 
34 39 40 
35 40 41 
36 41 42 
37 42 43 
38 43 44 
39 44 45 
40 45 46 
41 46 47 
42 47 48 
43 48 49 
44 49 50 
45 50 51 
46 51 52 
47 52 53 
48 53 54 
49 54 55 
50 55 56 
51 56 57 
52 57 58 
53 58 59 
54 59 60 
55 60 61 
56 61 62 
57 62 63 
58 63 64 
59 64 65 
60 65 66 
61 66 67 
62 67 68 
63 68 69 
64 69 70 
65 70 71 
66 71 72 
67 72 73 
68 73 74 
69 74 75 
70 75 76 
71 76 77 
72 77 78 
73 78 79 
74 79 80 
75 80 81 
76 81 82 
77 82 83 
78 83 84 
79 84 85 
80 85 86 
81 86 87 
82 87 88 
83 88 89 
84 89 90 
85 90 91 
86 91 92 
87 92 93 
88 93 94 
89 94 95 
90 95 96 
91 96 97 
92 97 98 
93 98 99 
94 99 100 
95 100 101 
96 101 1 
1 2 1 96
97 5 102 
98 102 103 
99 103 104 
100 104 105 
101 105 106 
102 106 107 
103 107 108 
104 108 109 
105 109 110 
106 110 111 
107 111 112 
108 112 113 
109 113 114 
110 114 115 
111 115 116 
112 116 117 
113 117 118 
114 118 119 
115 119 120 
116 120 121 
117 121 122 
118 122 123 
119 123 124 
120 124 125 
121 125 126 
122 126 127 
123 127 128 
124 128 129 
125 129 130 
126 130 131 
127 131 132 
128 132 133 
129 133 134 
130 134 135 
131 135 136 
132 136 137 
133 137 138 
134 138 139 
135 139 140 
136 140 141 
137 141 142 
138 142 143 
139 143 144 
140 144 145 
141 145 146 
142 146 147 
143 147 148 
144 148 149 
145 149 150 
146 150 151 
147 151 152 
148 152 153 
149 153 154 
150 154 155 
151 155 156 
152 156 157 
153 157 158 
154 158 159 
155 159 160 
156 160 161 
157 161 162 
158 162 163 
159 163 164 
160 164 165 
161 165 166 
162 166 167 
163 167 168 
164 168 169 
165 169 170 
166 170 171 
167 171 172 
168 172 173 
169 173 174 
170 174 175 
171 175 176 
172 176 177 
173 177 178 
174 178 179 
175 179 180 
176 180 181 
177 181 182 
178 182 183 
179 183 184 
180 184 185 
181 185 186 
182 186 187 
183 187 188 
184 188 189 
185 189 190 
186 190 191 
187 191 192 
188 192 193 
189 193 194 
190 194 195 
191 195 196 
192 196 2 
1 3 1 96
193 6 197 
194 197 198 
195 198 199 
196 199 200 
197 200 201 
198 201 202 
199 202 203 
200 203 204 
201 204 205 
202 205 206 
203 206 207 
204 207 208 
205 208 209 
206 209 210 
207 210 211 
208 211 212 
209 212 213 
210 213 214 
211 214 215 
212 215 216 
213 216 217 
214 217 218 
215 218 219 
216 219 220 
217 220 221 
218 221 222 
219 222 223 
220 223 224 
221 224 225 
222 225 226 
223 226 227 
224 227 228 
225 228 229 
226 229 230 
227 230 231 
228 231 232 
229 232 233 
230 233 234 
231 234 235 
232 235 236 
233 236 237 
234 237 238 
235 238 239 
236 239 240 
237 240 241 
238 241 242 
239 242 243 
240 243 244 
241 244 245 
242 245 246 
243 246 247 
244 247 248 
245 248 249 
246 249 250 
247 250 251 
248 251 252 
249 252 253 
250 253 254 
251 254 255 
252 255 256 
253 256 257 
254 257 258 
255 258 259 
256 259 260 
257 260 261 
258 261 262 
259 262 263 
260 263 264 
261 264 265 
262 265 266 
263 266 267 
264 267 268 
265 268 269 
266 269 270 
267 270 271 
268 271 272 
269 272 273 
270 273 274 
271 274 275 
272 275 276 
273 276 277 
274 277 278 
275 278 279 
276 279 280 
277 280 281 
278 281 282 
279 282 283 
280 283 284 
281 284 285 
282 285 286 
283 286 287 
284 287 288 
285 288 289 
286 289 290 
287 290 291 
288 291 3 
1 4 1 32
289 6 292 
290 292 293 
291 293 294 
292 294 295 
293 295 296 
294 296 297 
295 297 298 
296 298 299 
297 299 300 
298 300 301 
299 301 302 
300 302 303 
301 303 304 
302 304 305 
303 305 306 
304 306 307 
305 307 308 
306 308 309 
307 309 310 
308 310 311 
309 311 312 
310 312 313 
311 313 314 
312 314 315 
313 315 316 
314 316 317 
315 317 318 
316 318 319 
317 319 320 
318 320 321 
319 321 322 
320 322 5 
1 5 1 32
321 5 323 
322 323 324 
323 324 325 
324 325 326 
325 326 327 
326 327 328 
327 328 329 
328 329 330 
329 330 331 
330 331 332 
331 332 333 
332 333 334 
333 334 335 
334 335 336 
335 336 337 
336 337 338 
337 338 339 
338 339 340 
339 340 341 
340 341 342 
341 342 343 
342 343 344 
343 344 345 
344 345 346 
345 346 347 
346 347 348 
347 348 349 
348 349 350 
349 350 351 
350 351 352 
351 352 353 
352 353 4 
1 6 1 32
353 1 354 
354 354 355 
355 355 356 
356 356 357 
357 357 358 
358 358 359 
359 359 360 
360 360 361 
361 361 362 
362 362 363 
363 363 364 
364 364 365 
365 365 366 
366 366 367 
367 367 368 
368 368 369 
369 369 370 
370 370 371 
371 371 372 
372 372 373 
373 373 374 
374 374 375 
375 375 376 
376 376 377 
377 377 378 
378 378 379 
379 379 380 
380 380 381 
381 381 382 
382 382 383 
383 383 384 
384 384 2 
1 7 1 32
385 2 385 
386 385 386 
387 386 387 
388 387 388 
389 388 389 
390 389 390 
391 390 391 
392 391 392 
393 392 393 
394 393 394 
395 394 395 
396 395 396 
397 396 397 
398 397 398 
399 398 399 
400 399 400 
401 400 401 
402 401 402 
403 402 403 
404 403 404 
405 404 405 
406 405 406 
407 406 407 
408 407 408 
409 408 409 
410 409 410 
411 410 411 
412 411 412 
413 412 413 
414 413 414 
415 414 415 
416 415 3 
2 1 3 3072
417 6 197 1123 292 
418 197 198 1121 1123 
419 1123 1121 579 1122 
420 292 1123 1122 293 
421 198 199 1126 1121 
422 199 200 1124 1126 
423 1126 1124 577 1125 
424 1121 1126 1125 579 
425 579 1125 1130 1129 
426 1125 577 1127 1130 
427 1130 1127 451 1128 
428 1129 1130 1128 578 
429 293 1122 1132 294 
430 1122 579 1129 1132 
431 1132 1129 578 1131 
432 294 1132 1131 295 
433 200 201 1135 1124 
434 201 202 1133 1135 
435 1135 1133 582 1134 
436 1124 1135 1134 577 
437 202 203 1138 1133 
438 203 204 1136 1138 
439 1138 1136 580 1137 
440 1133 1138 1137 582 
441 582 1137 1142 1141 
442 1137 580 1139 1142 
443 1142 1139 449 1140 
444 1141 1142 1140 581 
445 577 1134 1144 1127 
446 1134 582 1141 1144 
447 1144 1141 581 1143 
448 1127 1144 1143 451 
449 451 1143 1148 1147 
450 1143 581 1145 1148 
451 1148 1145 586 1146 
452 1147 1148 1146 585 
453 581 1140 1151 1145 
454 1140 449 1149 1151 
455 1151 1149 583 1150 
456 1145 1151 1150 586 
457 586 1150 1155 1154 
458 1150 583 1152 1155 
459 1155 1152 423 1153 
460 1154 1155 1153 584 
461 585 1146 1158 1157 
462 1146 586 1154 1158 
463 1158 1154 584 1156 
464 1157 1158 1156 450 
465 295 1131 1161 296 
466 1131 578 1159 1161 
467 1161 1159 588 1160 
468 296 1161 1160 297 
469 578 1128 1163 1159 
470 1128 451 1147 1163 
471 1163 1147 585 1162 
472 1159 1163 1162 588 
473 588 1162 1166 1165 
474 1162 585 1157 1166 
475 1166 1157 450 1164 
476 1165 1166 1164 587 
477 297 1160 1168 298 
478 1160 588 1165 1168 
479 1168 1165 587 1167 
480 298 1168 1167 299 
481 204 205 1171 1136 
482 205 206 1169 1171 
483 1171 1169 591 1170 
484 1136 1171 1170 580 
485 206 207 1174 1169 
486 207 208 1172 1174 
487 1174 1172 589 1173 
488 1169 1174 1173 591 
489 591 1173 1178 1177 
490 1173 589 1175 1178 
491 1178 1175 454 1176 
492 1177 1178 1176 590 
493 580 1170 1180 1139 
494 1170 591 1177 1180 
495 1180 1177 590 1179 
496 1139 1180 1179 449 
497 208 209 1183 1172 
498 209 210 1181 1183 
499 1183 1181 594 1182 
500 1172 1183 1182 589 
501 210 211 1186 1181 
502 211 212 1184 1186 
503 1186 1184 592 1185 
504 1181 1186 1185 594 
505 594 1185 1190 1189 
506 1185 592 1187 1190 
507 1190 1187 452 1188 
508 1189 1190 1188 593 
509 589 1182 1192 1175 
510 1182 594 1189 1192 
511 1192 1189 593 1191 
512 1175 1192 1191 454 
513 454 1191 1196 1195 
514 1191 593 1193 1196 
515 1196 1193 598 1194 
516 1195 1196 1194 597 
517 593 1188 1199 1193 
518 1188 452 1197 1199 
519 1199 1197 595 1198 
520 1193 1199 1198 598 
521 598 1198 1203 1202 
522 1198 595 1200 1203 
523 1203 1200 421 1201 
524 1202 1203 1201 596 
525 597 1194 1206 1205 
526 1194 598 1202 1206 
527 1206 1202 596 1204 
528 1205 1206 1204 453 
529 449 1179 1209 1149 
530 1179 590 1207 1209 
531 1209 1207 600 1208 
532 1149 1209 1208 583 
533 590 1176 1211 1207 
534 1176 454 1195 1211 
535 1211 1195 597 1210 
536 1207 1211 1210 600 
537 600 1210 1214 1213 
538 1210 597 1205 1214 
539 1214 1205 453 1212 
540 1213 1214 1212 599 
541 583 1208 1216 1152 
542 1208 600 1213 1216 
543 1216 1213 599 1215 
544 1152 1216 1215 423 
545 423 1215 1220 1219 
546 1215 599 1217 1220 
547 1220 1217 604 1218 
548 1219 1220 1218 603 
549 599 1212 1223 1217 
550 1212 453 1221 1223 
551 1223 1221 601 1222 
552 1217 1223 1222 604 
553 604 1222 1227 1226 
554 1222 601 1224 1227 
555 1227 1224 458 1225 
556 1226 1227 1225 602 
557 603 1218 1230 1229 
558 1218 604 1226 1230 
559 1230 1226 602 1228 
560 1229 1230 1228 457 
561 453 1204 1233 1221 
562 1204 596 1231 1233 
563 1233 1231 607 1232 
564 1221 1233 1232 601 
565 596 1201 1236 1231 
566 1201 421 1234 1236 
567 1236 1234 605 1235 
568 1231 1236 1235 607 
569 607 1235 1240 1239 
570 1235 605 1237 1240 
571 1240 1237 455 1238 
572 1239 1240 1238 606 
573 601 1232 1242 1224 
574 1232 607 1239 1242 
575 1242 1239 606 1241 
576 1224 1242 1241 458 
577 458 1241 1246 1245 
578 1241 606 1243 1246 
579 1246 1243 611 1244 
580 1245 1246 1244 610 
581 606 1238 1249 1243 
582 1238 455 1247 1249 
583 1249 1247 608 1248 
584 1243 1249 1248 611 
585 611 1248 1253 1252 
586 1248 608 1250 1253 
587 1253 1250 417 1251 
588 1252 1253 1251 609 
589 610 1244 1256 1255 
590 1244 611 1252 1256 
591 1256 1252 609 1254 
592 1255 1256 1254 456 
593 457 1228 1260 1259 
594 1228 602 1257 1260 
595 1260 1257 614 1258 
596 1259 1260 1258 613 
597 602 1225 1262 1257 
598 1225 458 1245 1262 
599 1262 1245 610 1261 
600 1257 1262 1261 614 
601 614 1261 1265 1264 
602 1261 610 1255 1265 
603 1265 1255 456 1263 
604 1264 1265 1263 612 
605 613 1258 1268 1267 
606 1258 614 1264 1268 
607 1268 1264 612 1266 
608 1267 1268 1266 422 
609 299 1167 1271 300 
610 1167 587 1269 1271 
611 1271 1269 617 1270 
612 300 1271 1270 301 
613 587 1164 1274 1269 
614 1164 450 1272 1274 
615 1274 1272 615 1273 
616 1269 1274 1273 617 
617 617 1273 1278 1277 
618 1273 615 1275 1278 
619 1278 1275 460 1276 
620 1277 1278 1276 616 
621 301 1270 1280 302 
622 1270 617 1277 1280 
623 1280 1277 616 1279 
624 302 1280 1279 303 
625 450 1156 1283 1272 
626 1156 584 1281 1283 
627 1283 1281 619 1282 
628 1272 1283 1282 615 
629 584 1153 1285 1281 
630 1153 423 1219 1285 
631 1285 1219 603 1284 
632 1281 1285 1284 619 
633 619 1284 1288 1287 
634 1284 603 1229 1288 
635 1288 1229 457 1286 
636 1287 1288 1286 618 
637 615 1282 1290 1275 
638 1282 619 1287 1290 
639 1290 1287 618 1289 
640 1275 1290 1289 460 
641 460 1289 1294 1293 
642 1289 618 1291 1294 
643 1294 1291 622 1292 
644 1293 1294 1292 621 
645 618 1286 1296 1291 
646 1286 457 1259 1296 
647 1296 1259 613 1295 
648 1291 1296 1295 622 
649 622 1295 1299 1298 
650 1295 613 1267 1299 
651 1299 1267 422 1297 
652 1298 1299 1297 620 
653 621 1292 1302 1301 
654 1292 622 1298 1302 
655 1302 1298 620 1300 
656 1301 1302 1300 459 
657 303 1279 1305 304 
658 1279 616 1303 1305 
659 1305 1303 624 1304 
660 304 1305 1304 305 
661 616 1276 1307 1303 
662 1276 460 1293 1307 
663 1307 1293 621 1306 
664 1303 1307 1306 624 
665 624 1306 1310 1309 
666 1306 621 1301 1310 
667 1310 1301 459 1308 
668 1309 1310 1308 623 
669 305 1304 1312 306 
670 1304 624 1309 1312 
671 1312 1309 623 1311 
672 306 1312 1311 307 
673 212 213 1315 1184 
674 213 214 1313 1315 
675 1315 1313 627 1314 
676 1184 1315 1314 592 
677 214 215 1318 1313 
678 215 216 1316 1318 
679 1318 1316 625 1317 
680 1313 1318 1317 627 
681 627 1317 1322 1321 
682 1317 625 1319 1322 
683 1322 1319 463 1320 
684 1321 1322 1320 626 
685 592 1314 1324 1187 
686 1314 627 1321 1324 
687 1324 1321 626 1323 
688 1187 1324 1323 452 
689 216 217 1327 1316 
690 217 218 1325 1327 
691 1327 1325 630 1326 
692 1316 1327 1326 625 
693 218 219 1330 1325 
694 219 220 1328 1330 
695 1330 1328 628 1329 
696 1325 1330 1329 630 
697 630 1329 1334 1333 
698 1329 628 1331 1334 
699 1334 1331 461 1332 
700 1333 1334 1332 629 
701 625 1326 1336 1319 
702 1326 630 1333 1336 
703 1336 1333 629 1335 
704 1319 1336 1335 463 
705 463 1335 1340 1339 
706 1335 629 1337 1340 
707 1340 1337 634 1338 
708 1339 1340 1338 633 
709 629 1332 1343 1337 
710 1332 461 1341 1343 
711 1343 1341 631 1342 
712 1337 1343 1342 634 
713 634 1342 1347 1346 
714 1342 631 1344 1347 
715 1347 1344 426 1345 
716 1346 1347 1345 632 
717 633 1338 1350 1349 
718 1338 634 1346 1350 
719 1350 1346 632 1348 
720 1349 1350 1348 462 
721 452 1323 1353 1197 
722 1323 626 1351 1353 
723 1353 1351 636 1352 
724 1197 1353 1352 595 
725 626 1320 1355 1351 
726 1320 463 1339 1355 
727 1355 1339 633 1354 
728 1351 1355 1354 636 
729 636 1354 1358 1357 
730 1354 633 1349 1358 
731 1358 1349 462 1356 
732 1357 1358 1356 635 
733 595 1352 1360 1200 
734 1352 636 1357 1360 
735 1360 1357 635 1359 
736 1200 1360 1359 421 
737 220 221 1363 1328 
738 221 222 1361 1363 
739 1363 1361 639 1362 
740 1328 1363 1362 628 
741 222 223 1366 1361 
742 223 224 1364 1366 
743 1366 1364 637 1365 
744 1361 1366 1365 639 
745 639 1365 1370 1369 
746 1365 637 1367 1370 
747 1370 1367 466 1368 
748 1369 1370 1368 638 
749 628 1362 1372 1331 
750 1362 639 1369 1372 
751 1372 1369 638 1371 
752 1331 1372 1371 461 
753 224 225 1375 1364 
754 225 226 1373 1375 
755 1375 1373 642 1374 
756 1364 1375 1374 637 
757 226 227 1378 1373 
758 227 228 1376 1378 
759 1378 1376 640 1377 
760 1373 1378 1377 642 
761 642 1377 1382 1381 
762 1377 640 1379 1382 
763 1382 1379 464 1380 
764 1381 1382 1380 641 
765 637 1374 1384 1367 
766 1374 642 1381 1384 
767 1384 1381 641 1383 
768 1367 1384 1383 466 
769 466 1383 1388 1387 
770 1383 641 1385 1388 
771 1388 1385 646 1386 
772 1387 1388 1386 645 
773 641 1380 1391 1385 
774 1380 464 1389 1391 
775 1391 1389 643 1390 
776 1385 1391 1390 646 
777 646 1390 1395 1394 
778 1390 643 1392 1395 
779 1395 1392 424 1393 
780 1394 1395 1393 644 
781 645 1386 1398 1397 
782 1386 646 1394 1398 
783 1398 1394 644 1396 
784 1397 1398 1396 465 
785 461 1371 1401 1341 
786 1371 638 1399 1401 
787 1401 1399 648 1400 
788 1341 1401 1400 631 
789 638 1368 1403 1399 
790 1368 466 1387 1403 
791 1403 1387 645 1402 
792 1399 1403 1402 648 
793 648 1402 1406 1405 
794 1402 645 1397 1406 
795 1406 1397 465 1404 
796 1405 1406 1404 647 
797 631 1400 1408 1344 
798 1400 648 1405 1408 
799 1408 1405 647 1407 
800 1344 1408 1407 426 
801 426 1407 1412 1411 
802 1407 647 1409 1412 
803 1412 1409 652 1410 
804 1411 1412 1410 651 
805 647 1404 1415 1409 
806 1404 465 1413 1415 
807 1415 1413 649 1414 
808 1409 1415 1414 652 
809 652 1414 1419 1418 
810 1414 649 1416 1419 
811 1419 1416 470 1417 
812 1418 1419 1417 650 
813 651 1410 1422 1421 
814 1410 652 1418 1422 
815 1422 1418 650 1420 
816 1421 1422 1420 469 
817 465 1396 1425 1413 
818 1396 644 1423 1425 
819 1425 1423 655 1424 
820 1413 1425 1424 649 
821 644 1393 1428 1423 
822 1393 424 1426 1428 
823 1428 1426 653 1427 
824 1423 1428 1427 655 
825 655 1427 1432 1431 
826 1427 653 1429 1432 
827 1432 1429 467 1430 
828 1431 1432 1430 654 
829 649 1424 1434 1416 
830 1424 655 1431 1434 
831 1434 1431 654 1433 
832 1416 1434 1433 470 
833 470 1433 1438 1437 
834 1433 654 1435 1438 
835 1438 1435 659 1436 
836 1437 1438 1436 658 
837 654 1430 1441 1435 
838 1430 467 1439 1441 
839 1441 1439 656 1440 
840 1435 1441 1440 659 
841 659 1440 1445 1444 
842 1440 656 1442 1445 
843 1445 1442 416 1443 
844 1444 1445 1443 657 
845 658 1436 1448 1447 
846 1436 659 1444 1448 
847 1448 1444 657 1446 
848 1447 1448 1446 468 
849 469 1420 1452 1451 
850 1420 650 1449 1452 
851 1452 1449 662 1450 
852 1451 1452 1450 661 
853 650 1417 1454 1449 
854 1417 470 1437 1454 
855 1454 1437 658 1453 
856 1449 1454 1453 662 
857 662 1453 1457 1456 
858 1453 658 1447 1457 
859 1457 1447 468 1455 
860 1456 1457 1455 660 
861 661 1450 1460 1459 
862 1450 662 1456 1460 
863 1460 1456 660 1458 
864 1459 1460 1458 425 
865 421 1359 1463 1234 
866 1359 635 1461 1463 
867 1463 1461 665 1462 
868 1234 1463 1462 605 
869 635 1356 1466 1461 
870 1356 462 1464 1466 
871 1466 1464 663 1465 
872 1461 1466 1465 665 
873 665 1465 1470 1469 
874 1465 663 1467 1470 
875 1470 1467 472 1468 
876 1469 1470 1468 664 
877 605 1462 1472 1237 
878 1462 665 1469 1472 
879 1472 1469 664 1471 
880 1237 1472 1471 455 
881 462 1348 1475 1464 
882 1348 632 1473 1475 
883 1475 1473 667 1474 
884 1464 1475 1474 663 
885 632 1345 1477 1473 
886 1345 426 1411 1477 
887 1477 1411 651 1476 
888 1473 1477 1476 667 
889 667 1476 1480 1479 
890 1476 651 1421 1480 
891 1480 1421 469 1478 
892 1479 1480 1478 666 
893 663 1474 1482 1467 
894 1474 667 1479 1482 
895 1482 1479 666 1481 
896 1467 1482 1481 472 
897 472 1481 1486 1485 
898 1481 666 1483 1486 
899 1486 1483 670 1484 
900 1485 1486 1484 669 
901 666 1478 1488 1483 
902 1478 469 1451 1488 
903 1488 1451 661 1487 
904 1483 1488 1487 670 
905 670 1487 1491 1490 
906 1487 661 1459 1491 
907 1491 1459 425 1489 
908 1490 1491 1489 668 
909 669 1484 1494 1493 
910 1484 670 1490 1494 
911 1494 1490 668 1492 
912 1493 1494 1492 471 
913 455 1471 1497 1247 
914 1471 664 1495 1497 
915 1497 1495 672 1496 
916 1247 1497 1496 608 
917 664 1468 1499 1495 
918 1468 472 1485 1499 
919 1499 1485 669 1498 
920 1495 1499 1498 672 
921 672 1498 1502 1501 
922 1498 669 1493 1502 
923 1502 1493 471 1500 
924 1501 1502 1500 671 
925 608 1496 1504 1250 
926 1496 672 1501 1504 
927 1504 1501 671 1503 
928 1250 1504 1503 417 
929 417 1503 1508 1507 
930 1503 671 1505 1508 
931 1508 1505 676 1506 
932 1507 1508 1506 675 
933 671 1500 1511 1505 
934 1500 471 1509 1511 
935 1511 1509 673 1510 
936 1505 1511 1510 676 
937 676 1510 1515 1514 
938 1510 673 1512 1515 
939 1515 1512 476 1513 
940 1514 1515 1513 674 
941 675 1506 1518 1517 
942 1506 676 1514 1518 
943 1518 1514 674 1516 
944 1517 1518 1516 475 
945 471 1492 1521 1509 
946 1492 668 1519 1521 
947 1521 1519 679 1520 
948 1509 1521 1520 673 
949 668 1489 1524 1519 
950 1489 425 1522 1524 
951 1524 1522 677 1523 
952 1519 1524 1523 679 
953 679 1523 1528 1527 
954 1523 677 1525 1528 
955 1528 1525 473 1526 
956 1527 1528 1526 678 
957 673 1520 1530 1512 
958 1520 679 1527 1530 
959 1530 1527 678 1529 
960 1512 1530 1529 476 
961 476 1529 1534 1533 
962 1529 678 1531 1534 
963 1534 1531 683 1532 
964 1533 1534 1532 682 
965 678 1526 1537 1531 
966 1526 473 1535 1537 
967 1537 1535 680 1536 
968 1531 1537 1536 683 
969 683 1536 1541 1540 
970 1536 680 1538 1541 
971 1541 1538 429 1539 
972 1540 1541 1539 681 
973 682 1532 1544 1543 
974 1532 683 1540 1544 
975 1544 1540 681 1542 
976 1543 1544 1542 474 
977 475 1516 1548 1547 
978 1516 674 1545 1548 
979 1548 1545 686 1546 
980 1547 1548 1546 685 
981 674 1513 1550 1545 
982 1513 476 1533 1550 
983 1550 1533 682 1549 
984 1545 1550 1549 686 
985 686 1549 1553 1552 
986 1549 682 1543 1553 
987 1553 1543 474 1551 
988 1552 1553 1551 684 
989 685 1546 1556 1555 
990 1546 686 1552 1556 
991 1556 1552 684 1554 
992 1555 1556 1554 428 
993 425 1458 1559 1522 
994 1458 660 1557 1559 
995 1559 1557 689 1558 
996 1522 1559 1558 677 
997 660 1455 1562 1557 
998 1455 468 1560 1562 
999 1562 1560 687 1561 
1000 1557 1562 1561 689 
1001 689 1561 1566 1565 
1002 1561 687 1563 1566 
1003 1566 1563 479 1564 
1004 1565 1566 1564 688 
1005 677 1558 1568 1525 
1006 1558 689 1565 1568 
1007 1568 1565 688 1567 
1008 1525 1568 1567 473 
1009 468 1446 1571 1560 
1010 1446 657 1569 1571 
1011 1571 1569 692 1570 
1012 1560 1571 1570 687 
1013 657 1443 1574 1569 
1014 1443 416 1572 1574 
1015 1574 1572 690 1573 
1016 1569 1574 1573 692 
1017 692 1573 1578 1577 
1018 1573 690 1575 1578 
1019 1578 1575 477 1576 
1020 1577 1578 1576 691 
1021 687 1570 1580 1563 
1022 1570 692 1577 1580 
1023 1580 1577 691 1579 
1024 1563 1580 1579 479 
1025 479 1579 1584 1583 
1026 1579 691 1581 1584 
1027 1584 1581 696 1582 
1028 1583 1584 1582 695 
1029 691 1576 1587 1581 
1030 1576 477 1585 1587 
1031 1587 1585 693 1586 
1032 1581 1587 1586 696 
1033 696 1586 1591 1590 
1034 1586 693 1588 1591 
1035 1591 1588 427 1589 
1036 1590 1591 1589 694 
1037 695 1582 1594 1593 
1038 1582 696 1590 1594 
1039 1594 1590 694 1592 
1040 1593 1594 1592 478 
1041 473 1567 1597 1535 
1042 1567 688 1595 1597 
1043 1597 1595 698 1596 
1044 1535 1597 1596 680 
1045 688 1564 1599 1595 
1046 1564 479 1583 1599 
1047 1599 1583 695 1598 
1048 1595 1599 1598 698 
1049 698 1598 1602 1601 
1050 1598 695 1593 1602 
1051 1602 1593 478 1600 
1052 1601 1602 1600 697 
1053 680 1596 1604 1538 
1054 1596 698 1601 1604 
1055 1604 1601 697 1603 
1056 1538 1604 1603 429 
1057 429 1603 1608 1607 
1058 1603 697 1605 1608 
1059 1608 1605 702 1606 
1060 1607 1608 1606 701 
1061 697 1600 1611 1605 
1062 1600 478 1609 1611 
1063 1611 1609 699 1610 
1064 1605 1611 1610 702 
1065 702 1610 1615 1614 
1066 1610 699 1612 1615 
1067 1615 1612 482 1613 
1068 1614 1615 1613 700 
1069 701 1606 1618 1617 
1070 1606 702 1614 1618 
1071 1618 1614 700 1616 
1072 1617 1618 1616 481 
1073 478 1592 1621 1609 
1074 1592 694 1619 1621 
1075 1621 1619 705 1620 
1076 1609 1621 1620 699 
1077 694 1589 1624 1619 
1078 1589 427 1622 1624 
1079 1624 1622 703 1623 
1080 1619 1624 1623 705 
1081 705 1623 1628 1627 
1082 1623 703 1625 1628 
1083 1628 1625 480 1626 
1084 1627 1628 1626 704 
1085 699 1620 1630 1612 
1086 1620 705 1627 1630 
1087 1630 1627 704 1629 
1088 1612 1630 1629 482 
1089 482 1629 1634 1633 
1090 1629 704 1631 1634 
1091 1634 1631 708 1632 
1092 1633 1634 1632 707 
1093 704 1626 1637 1631 
1094 1626 480 1635 1637 
1095 1637 1635 706 1636 
1096 1631 1637 1636 708 
1097 708 1636 1640 1639 
1098 1636 706 1638 1640 
1099 1640 1638 133 132 
1100 1639 1640 132 131 
1101 707 1632 1642 1641 
1102 1632 708 1639 1642 
1103 1642 1639 131 130 
1104 1641 1642 130 129 
1105 481 1616 1646 1645 
1106 1616 700 1643 1646 
1107 1646 1643 710 1644 
1108 1645 1646 1644 709 
1109 700 1613 1648 1643 
1110 1613 482 1633 1648 
1111 1648 1633 707 1647 
1112 1643 1648 1647 710 
1113 710 1647 1650 1649 
1114 1647 707 1641 1650 
1115 1650 1641 129 128 
1116 1649 1650 128 127 
1117 709 1644 1652 1651 
1118 1644 710 1649 1652 
1119 1652 1649 127 126 
1120 1651 1652 126 125 
1121 428 1554 1656 1655 
1122 1554 684 1653 1656 
1123 1656 1653 714 1654 
1124 1655 1656 1654 713 
1125 684 1551 1659 1653 
1126 1551 474 1657 1659 
1127 1659 1657 711 1658 
1128 1653 1659 1658 714 
1129 714 1658 1663 1662 
1130 1658 711 1660 1663 
1131 1663 1660 484 1661 
1132 1662 1663 1661 712 
1133 713 1654 1666 1665 
1134 1654 714 1662 1666 
1135 1666 1662 712 1664 
1136 1665 1666 1664 483 
1137 474 1542 1669 1657 
1138 1542 681 1667 1669 
1139 1669 1667 716 1668 
1140 1657 1669 1668 711 
1141 681 1539 1671 1667 
1142 1539 429 1607 1671 
1143 1671 1607 701 1670 
1144 1667 1671 1670 716 
1145 716 1670 1674 1673 
1146 1670 701 1617 1674 
1147 1674 1617 481 1672 
1148 1673 1674 1672 715 
1149 711 1668 1676 1660 
1150 1668 716 1673 1676 
1151 1676 1673 715 1675 
1152 1660 1676 1675 484 
1153 484 1675 1680 1679 
1154 1675 715 1677 1680 
1155 1680 1677 718 1678 
1156 1679 1680 1678 717 
1157 715 1672 1682 1677 
1158 1672 481 1645 1682 
1159 1682 1645 709 1681 
1160 1677 1682 1681 718 
1161 718 1681 1684 1683 
1162 1681 709 1651 1684 
1163 1684 1651 125 124 
1164 1683 1684 124 123 
1165 717 1678 1686 1685 
1166 1678 718 1683 1686 
1167 1686 1683 123 122 
1168 1685 1686 122 121 
1169 483 1664 1690 1689 
1170 1664 712 1687 1690 
1171 1690 1687 720 1688 
1172 1689 1690 1688 719 
1173 712 1661 1692 1687 
1174 1661 484 1679 1692 
1175 1692 1679 717 1691 
1176 1687 1692 1691 720 
1177 720 1691 1694 1693 
1178 1691 717 1685 1694 
1179 1694 1685 121 120 
1180 1693 1694 120 119 
1181 719 1688 1696 1695 
1182 1688 720 1693 1696 
1183 1696 1693 119 118 
1184 1695 1696 118 117 
1185 307 1311 1699 308 
1186 1311 623 1697 1699 
1187 1699 1697 723 1698 
1188 308 1699 1698 309 
1189 623 1308 1702 1697 
1190 1308 459 1700 1702 
1191 1702 1700 721 1701 
1192 1697 1702 1701 723 
1193 723 1701 1706 1705 
1194 1701 721 1703 1706 
1195 1706 1703 487 1704 
1196 1705 1706 1704 722 
1197 309 1698 1708 310 
1198 1698 723 1705 1708 
1199 1708 1705 722 1707 
1200 310 1708 1707 311 
1201 459 1300 1711 1700 
1202 1300 620 1709 1711 
1203 1711 1709 726 1710 
1204 1700 1711 1710 721 
1205 620 1297 1714 1709 
1206 1297 422 1712 1714 
1207 1714 1712 724 1713 
1208 1709 1714 1713 726 
1209 726 1713 1718 1717 
1210 1713 724 1715 1718 
1211 1718 1715 485 1716 
1212 1717 1718 1716 725 
1213 721 1710 1720 1703 
1214 1710 726 1717 1720 
1215 1720 1717 725 1719 
1216 1703 1720 1719 487 
1217 487 1719 1724 1723 
1218 1719 725 1721 1724 
1219 1724 1721 730 1722 
1220 1723 1724 1722 729 
1221 725 1716 1727 1721 
1222 1716 485 1725 1727 
1223 1727 1725 727 1726 
1224 1721 1727 1726 730 
1225 730 1726 1731 1730 
1226 1726 727 1728 1731 
1227 1731 1728 430 1729 
1228 1730 1731 1729 728 
1229 729 1722 1734 1733 
1230 1722 730 1730 1734 
1231 1734 1730 728 1732 
1232 1733 1734 1732 486 
1233 311 1707 1737 312 
1234 1707 722 1735 1737 
1235 1737 1735 732 1736 
1236 312 1737 1736 313 
1237 722 1704 1739 1735 
1238 1704 487 1723 1739 
1239 1739 1723 729 1738 
1240 1735 1739 1738 732 
1241 732 1738 1742 1741 
1242 1738 729 1733 1742 
1243 1742 1733 486 1740 
1244 1741 1742 1740 731 
1245 313 1736 1744 314 
1246 1736 732 1741 1744 
1247 1744 1741 731 1743 
1248 314 1744 1743 315 
1249 422 1266 1747 1712 
1250 1266 612 1745 1747 
1251 1747 1745 735 1746 
1252 1712 1747 1746 724 
1253 612 1263 1750 1745 
1254 1263 456 1748 1750 
1255 1750 1748 733 1749 
1256 1745 1750 1749 735 
1257 735 1749 1754 1753 
1258 1749 733 1751 1754 
1259 1754 1751 489 1752 
1260 1753 1754 1752 734 
1261 724 1746 1756 1715 
1262 1746 735 1753 1756 
1263 1756 1753 734 1755 
1264 1715 1756 1755 485 
1265 456 1254 1759 1748 
1266 1254 609 1757 1759 
1267 1759 1757 737 1758 
1268 1748 1759 1758 733 
1269 609 1251 1761 1757 
1270 1251 417 1507 1761 
1271 1761 1507 675 1760 
1272 1757 1761 1760 737 
1273 737 1760 1764 1763 
1274 1760 675 1517 1764 
1275 1764 1517 475 1762 
1276 1763 1764 1762 736 
1277 733 1758 1766 1751 
1278 1758 737 1763 1766 
1279 1766 1763 736 1765 
1280 1751 1766 1765 489 
1281 489 1765 1770 1769 
1282 1765 736 1767 1770 
1283 1770 1767 740 1768 
1284 1769 1770 1768 739 
1285 736 1762 1772 1767 
1286 1762 475 1547 1772 
1287 1772 1547 685 1771 
1288 1767 1772 1771 740 
1289 740 1771 1775 1774 
1290 1771 685 1555 1775 
1291 1775 1555 428 1773 
1292 1774 1775 1773 738 
1293 739 1768 1778 1777 
1294 1768 740 1774 1778 
1295 1778 1774 738 1776 
1296 1777 1778 1776 488 
1297 485 1755 1781 1725 
1298 1755 734 1779 1781 
1299 1781 1779 742 1780 
1300 1725 1781 1780 727 
1301 734 1752 1783 1779 
1302 1752 489 1769 1783 
1303 1783 1769 739 1782 
1304 1779 1783 1782 742 
1305 742 1782 1786 1785 
1306 1782 739 1777 1786 
1307 1786 1777 488 1784 
1308 1785 1786 1784 741 
1309 727 1780 1788 1728 
1310 1780 742 1785 1788 
1311 1788 1785 741 1787 
1312 1728 1788 1787 430 
1313 430 1787 1792 1791 
1314 1787 741 1789 1792 
1315 1792 1789 746 1790 
1316 1791 1792 1790 745 
1317 741 1784 1795 1789 
1318 1784 488 1793 1795 
1319 1795 1793 743 1794 
1320 1789 1795 1794 746 
1321 746 1794 1799 1798 
1322 1794 743 1796 1799 
1323 1799 1796 491 1797 
1324 1798 1799 1797 744 
1325 745 1790 1802 1801 
1326 1790 746 1798 1802 
1327 1802 1798 744 1800 
1328 1801 1802 1800 490 
1329 488 1776 1805 1793 
1330 1776 738 1803 1805 
1331 1805 1803 748 1804 
1332 1793 1805 1804 743 
1333 738 1773 1807 1803 
1334 1773 428 1655 1807 
1335 1807 1655 713 1806 
1336 1803 1807 1806 748 
1337 748 1806 1810 1809 
1338 1806 713 1665 1810 
1339 1810 1665 483 1808 
1340 1809 1810 1808 747 
1341 743 1804 1812 1796 
1342 1804 748 1809 1812 
1343 1812 1809 747 1811 
1344 1796 1812 1811 491 
1345 491 1811 1816 1815 
1346 1811 747 1813 1816 
1347 1816 1813 750 1814 
1348 1815 1816 1814 749 
1349 747 1808 1818 1813 
1350 1808 483 1689 1818 
1351 1818 1689 719 1817 
1352 1813 1818 1817 750 
1353 750 1817 1820 1819 
1354 1817 719 1695 1820 
1355 1820 1695 117 116 
1356 1819 1820 116 115 
1357 749 1814 1822 1821 
1358 1814 750 1819 1822 
1359 1822 1819 115 114 
1360 1821 1822 114 113 
1361 490 1800 1826 1825 
1362 1800 744 1823 1826 
1363 1826 1823 752 1824 
1364 1825 1826 1824 751 
1365 744 1797 1828 1823 
1366 1797 491 1815 1828 
1367 1828 1815 749 1827 
1368 1823 1828 1827 752 
1369 752 1827 1830 1829 
1370 1827 749 1821 1830 
1371 1830 1821 113 112 
1372 1829 1830 112 111 
1373 751 1824 1832 1831 
1374 1824 752 1829 1832 
1375 1832 1829 111 110 
1376 1831 1832 110 109 
1377 315 1743 1835 316 
1378 1743 731 1833 1835 
1379 1835 1833 755 1834 
1380 316 1835 1834 317 
1381 731 1740 1838 1833 
1382 1740 486 1836 1838 
1383 1838 1836 753 1837 
1384 1833 1838 1837 755 
1385 755 1837 1842 1841 
1386 1837 753 1839 1842 
1387 1842 1839 492 1840 
1388 1841 1842 1840 754 
1389 317 1834 1844 318 
1390 1834 755 1841 1844 
1391 1844 1841 754 1843 
1392 318 1844 1843 319 
1393 486 1732 1847 1836 
1394 1732 728 1845 1847 
1395 1847 1845 757 1846 
1396 1836 1847 1846 753 
1397 728 1729 1849 1845 
1398 1729 430 1791 1849 
1399 1849 1791 745 1848 
1400 1845 1849 1848 757 
1401 757 1848 1852 1851 
1402 1848 745 1801 1852 
1403 1852 1801 490 1850 
1404 1851 1852 1850 756 
1405 753 1846 1854 1839 
1406 1846 757 1851 1854 
1407 1854 1851 756 1853 
1408 1839 1854 1853 492 
1409 492 1853 1858 1857 
1410 1853 756 1855 1858 
1411 1858 1855 759 1856 
1412 1857 1858 1856 758 
1413 756 1850 1860 1855 
1414 1850 490 1825 1860 
1415 1860 1825 751 1859 
1416 1855 1860 1859 759 
1417 759 1859 1862 1861 
1418 1859 751 1831 1862 
1419 1862 1831 109 108 
1420 1861 1862 108 107 
1421 758 1856 1864 1863 
1422 1856 759 1861 1864 
1423 1864 1861 107 106 
1424 1863 1864 106 105 
1425 319 1843 1867 320 
1426 1843 754 1865 1867 
1427 1867 1865 760 1866 
1428 320 1867 1866 321 
1429 754 1840 1869 1865 
1430 1840 492 1857 1869 
1431 1869 1857 758 1868 
1432 1865 1869 1868 760 
1433 760 1868 1871 1870 
1434 1868 758 1863 1871 
1435 1871 1863 105 104 
1436 1870 1871 104 103 
1437 321 1866 1872 322 
1438 1866 760 1870 1872 
1439 1872 1870 103 102 
1440 322 1872 102 5 
1441 228 229 1875 1376 
1442 229 230 1873 1875 
1443 1875 1873 763 1874 
1444 1376 1875 1874 640 
1445 230 231 1878 1873 
1446 231 232 1876 1878 
1447 1878 1876 761 1877 
1448 1873 1878 1877 763 
1449 763 1877 1882 1881 
1450 1877 761 1879 1882 
1451 1882 1879 495 1880 
1452 1881 1882 1880 762 
1453 640 1874 1884 1379 
1454 1874 763 1881 1884 
1455 1884 1881 762 1883 
1456 1379 1884 1883 464 
1457 232 233 1887 1876 
1458 233 234 1885 1887 
1459 1887 1885 766 1886 
1460 1876 1887 1886 761 
1461 234 235 1890 1885 
1462 235 236 1888 1890 
1463 1890 1888 764 1889 
1464 1885 1890 1889 766 
1465 766 1889 1894 1893 
1466 1889 764 1891 1894 
1467 1894 1891 493 1892 
1468 1893 1894 1892 765 
1469 761 1886 1896 1879 
1470 1886 766 1893 1896 
1471 1896 1893 765 1895 
1472 1879 1896 1895 495 
1473 495 1895 1900 1899 
1474 1895 765 1897 1900 
1475 1900 1897 770 1898 
1476 1899 1900 1898 769 
1477 765 1892 1903 1897 
1478 1892 493 1901 1903 
1479 1903 1901 767 1902 
1480 1897 1903 1902 770 
1481 770 1902 1907 1906 
1482 1902 767 1904 1907 
1483 1907 1904 433 1905 
1484 1906 1907 1905 768 
1485 769 1898 1910 1909 
1486 1898 770 1906 1910 
1487 1910 1906 768 1908 
1488 1909 1910 1908 494 
1489 464 1883 1913 1389 
1490 1883 762 1911 1913 
1491 1913 1911 772 1912 
1492 1389 1913 1912 643 
1493 762 1880 1915 1911 
1494 1880 495 1899 1915 
1495 1915 1899 769 1914 
1496 1911 1915 1914 772 
1497 772 1914 1918 1917 
1498 1914 769 1909 1918 
1499 1918 1909 494 1916 
1500 1917 1918 1916 771 
1501 643 1912 1920 1392 
1502 1912 772 1917 1920 
1503 1920 1917 771 1919 
1504 1392 1920 1919 424 
1505 236 237 1923 1888 
1506 237 238 1921 1923 
1507 1923 1921 775 1922 
1508 1888 1923 1922 764 
1509 238 239 1926 1921 
1510 239 240 1924 1926 
1511 1926 1924 773 1925 
1512 1921 1926 1925 775 
1513 775 1925 1930 1929 
1514 1925 773 1927 1930 
1515 1930 1927 498 1928 
1516 1929 1930 1928 774 
1517 764 1922 1932 1891 
1518 1922 775 1929 1932 
1519 1932 1929 774 1931 
1520 1891 1932 1931 493 
1521 240 241 1935 1924 
1522 241 242 1933 1935 
1523 1935 1933 778 1934 
1524 1924 1935 1934 773 
1525 242 243 1938 1933 
1526 243 244 1936 1938 
1527 1938 1936 776 1937 
1528 1933 1938 1937 778 
1529 778 1937 1942 1941 
1530 1937 776 1939 1942 
1531 1942 1939 496 1940 
1532 1941 1942 1940 777 
1533 773 1934 1944 1927 
1534 1934 778 1941 1944 
1535 1944 1941 777 1943 
1536 1927 1944 1943 498 
1537 498 1943 1948 1947 
1538 1943 777 1945 1948 
1539 1948 1945 782 1946 
1540 1947 1948 1946 781 
1541 777 1940 1951 1945 
1542 1940 496 1949 1951 
1543 1951 1949 779 1950 
1544 1945 1951 1950 782 
1545 782 1950 1955 1954 
1546 1950 779 1952 1955 
1547 1955 1952 431 1953 
1548 1954 1955 1953 780 
1549 781 1946 1958 1957 
1550 1946 782 1954 1958 
1551 1958 1954 780 1956 
1552 1957 1958 1956 497 
1553 493 1931 1961 1901 
1554 1931 774 1959 1961 
1555 1961 1959 784 1960 
1556 1901 1961 1960 767 
1557 774 1928 1963 1959 
1558 1928 498 1947 1963 
1559 1963 1947 781 1962 
1560 1959 1963 1962 784 
1561 784 1962 1966 1965 
1562 1962 781 1957 1966 
1563 1966 1957 497 1964 
1564 1965 1966 1964 783 
1565 767 1960 1968 1904 
1566 1960 784 1965 1968 
1567 1968 1965 783 1967 
1568 1904 1968 1967 433 
1569 433 1967 1972 1971 
1570 1967 783 1969 1972 
1571 1972 1969 788 1970 
1572 1971 1972 1970 787 
1573 783 1964 1975 1969 
1574 1964 497 1973 1975 
1575 1975 1973 785 1974 
1576 1969 1975 1974 788 
1577 788 1974 1979 1978 
1578 1974 785 1976 1979 
1579 1979 1976 502 1977 
1580 1978 1979 1977 786 
1581 787 1970 1982 1981 
1582 1970 788 1978 1982 
1583 1982 1978 786 1980 
1584 1981 1982 1980 501 
1585 497 1956 1985 1973 
1586 1956 780 1983 1985 
1587 1985 1983 791 1984 
1588 1973 1985 1984 785 
1589 780 1953 1988 1983 
1590 1953 431 1986 1988 
1591 1988 1986 789 1987 
1592 1983 1988 1987 791 
1593 791 1987 1992 1991 
1594 1987 789 1989 1992 
1595 1992 1989 499 1990 
1596 1991 1992 1990 790 
1597 785 1984 1994 1976 
1598 1984 791 1991 1994 
1599 1994 1991 790 1993 
1600 1976 1994 1993 502 
1601 502 1993 1998 1997 
1602 1993 790 1995 1998 
1603 1998 1995 795 1996 
1604 1997 1998 1996 794 
1605 790 1990 2001 1995 
1606 1990 499 1999 2001 
1607 2001 1999 792 2000 
1608 1995 2001 2000 795 
1609 795 2000 2005 2004 
1610 2000 792 2002 2005 
1611 2005 2002 419 2003 
1612 2004 2005 2003 793 
1613 794 1996 2008 2007 
1614 1996 795 2004 2008 
1615 2008 2004 793 2006 
1616 2007 2008 2006 500 
1617 501 1980 2012 2011 
1618 1980 786 2009 2012 
1619 2012 2009 798 2010 
1620 2011 2012 2010 797 
1621 786 1977 2014 2009 
1622 1977 502 1997 2014 
1623 2014 1997 794 2013 
1624 2009 2014 2013 798 
1625 798 2013 2017 2016 
1626 2013 794 2007 2017 
1627 2017 2007 500 2015 
1628 2016 2017 2015 796 
1629 797 2010 2020 2019 
1630 2010 798 2016 2020 
1631 2020 2016 796 2018 
1632 2019 2020 2018 432 
1633 424 1919 2023 1426 
1634 1919 771 2021 2023 
1635 2023 2021 801 2022 
1636 1426 2023 2022 653 
1637 771 1916 2026 2021 
1638 1916 494 2024 2026 
1639 2026 2024 799 2025 
1640 2021 2026 2025 801 
1641 801 2025 2030 2029 
1642 2025 799 2027 2030 
1643 2030 2027 504 2028 
1644 2029 2030 2028 800 
1645 653 2022 2032 1429 
1646 2022 801 2029 2032 
1647 2032 2029 800 2031 
1648 1429 2032 2031 467 
1649 494 1908 2035 2024 
1650 1908 768 2033 2035 
1651 2035 2033 803 2034 
1652 2024 2035 2034 799 
1653 768 1905 2037 2033 
1654 1905 433 1971 2037 
1655 2037 1971 787 2036 
1656 2033 2037 2036 803 
1657 803 2036 2040 2039 
1658 2036 787 1981 2040 
1659 2040 1981 501 2038 
1660 2039 2040 2038 802 
1661 799 2034 2042 2027 
1662 2034 803 2039 2042 
1663 2042 2039 802 2041 
1664 2027 2042 2041 504 
1665 504 2041 2046 2045 
1666 2041 802 2043 2046 
1667 2046 2043 806 2044 
1668 2045 2046 2044 805 
1669 802 2038 2048 2043 
1670 2038 501 2011 2048 
1671 2048 2011 797 2047 
1672 2043 2048 2047 806 
1673 806 2047 2051 2050 
1674 2047 797 2019 2051 
1675 2051 2019 432 2049 
1676 2050 2051 2049 804 
1677 805 2044 2054 2053 
1678 2044 806 2050 2054 
1679 2054 2050 804 2052 
1680 2053 2054 2052 503 
1681 467 2031 2057 1439 
1682 2031 800 2055 2057 
1683 2057 2055 808 2056 
1684 1439 2057 2056 656 
1685 800 2028 2059 2055 
1686 2028 504 2045 2059 
1687 2059 2045 805 2058 
1688 2055 2059 2058 808 
1689 808 2058 2062 2061 
1690 2058 805 2053 2062 
1691 2062 2053 503 2060 
1692 2061 2062 2060 807 
1693 656 2056 2064 1442 
1694 2056 808 2061 2064 
1695 2064 2061 807 2063 
1696 1442 2064 2063 416 
1697 244 245 2067 1936 
1698 245 246 2065 2067 
1699 2067 2065 811 2066 
1700 1936 2067 2066 776 
1701 246 247 2070 2065 
1702 247 248 2068 2070 
1703 2070 2068 809 2069 
1704 2065 2070 2069 811 
1705 811 2069 2074 2073 
1706 2069 809 2071 2074 
1707 2074 2071 507 2072 
1708 2073 2074 2072 810 
1709 776 2066 2076 1939 
1710 2066 811 2073 2076 
1711 2076 2073 810 2075 
1712 1939 2076 2075 496 
1713 248 249 2079 2068 
1714 249 250 2077 2079 
1715 2079 2077 814 2078 
1716 2068 2079 2078 809 
1717 250 251 2082 2077 
1718 251 252 2080 2082 
1719 2082 2080 812 2081 
1720 2077 2082 2081 814 
1721 814 2081 2086 2085 
1722 2081 812 2083 2086 
1723 2086 2083 505 2084 
1724 2085 2086 2084 813 
1725 809 2078 2088 2071 
1726 2078 814 2085 2088 
1727 2088 2085 813 2087 
1728 2071 2088 2087 507 
1729 507 2087 2092 2091 
1730 2087 813 2089 2092 
1731 2092 2089 818 2090 
1732 2091 2092 2090 817 
1733 813 2084 2095 2089 
1734 2084 505 2093 2095 
1735 2095 2093 815 2094 
1736 2089 2095 2094 818 
1737 818 2094 2099 2098 
1738 2094 815 2096 2099 
1739 2099 2096 436 2097 
1740 2098 2099 2097 816 
1741 817 2090 2102 2101 
1742 2090 818 2098 2102 
1743 2102 2098 816 2100 
1744 2101 2102 2100 506 
1745 496 2075 2105 1949 
1746 2075 810 2103 2105 
1747 2105 2103 820 2104 
1748 1949 2105 2104 779 
1749 810 2072 2107 2103 
1750 2072 507 2091 2107 
1751 2107 2091 817 2106 
1752 2103 2107 2106 820 
1753 820 2106 2110 2109 
1754 2106 817 2101 2110 
1755 2110 2101 506 2108 
1756 2109 2110 2108 819 
1757 779 2104 2112 1952 
1758 2104 820 2109 2112 
1759 2112 2109 819 2111 
1760 1952 2112 2111 431 
1761 252 253 2115 2080 
1762 253 254 2113 2115 
1763 2115 2113 823 2114 
1764 2080 2115 2114 812 
1765 254 255 2118 2113 
1766 255 256 2116 2118 
1767 2118 2116 821 2117 
1768 2113 2118 2117 823 
1769 823 2117 2122 2121 
1770 2117 821 2119 2122 
1771 2122 2119 510 2120 
1772 2121 2122 2120 822 
1773 812 2114 2124 2083 
1774 2114 823 2121 2124 
1775 2124 2121 822 2123 
1776 2083 2124 2123 505 
1777 256 257 2127 2116 
1778 257 258 2125 2127 
1779 2127 2125 826 2126 
1780 2116 2127 2126 821 
1781 258 259 2130 2125 
1782 259 260 2128 2130 
1783 2130 2128 824 2129 
1784 2125 2130 2129 826 
1785 826 2129 2134 2133 
1786 2129 824 2131 2134 
1787 2134 2131 508 2132 
1788 2133 2134 2132 825 
1789 821 2126 2136 2119 
1790 2126 826 2133 2136 
1791 2136 2133 825 2135 
1792 2119 2136 2135 510 
1793 510 2135 2140 2139 
1794 2135 825 2137 2140 
1795 2140 2137 830 2138 
1796 2139 2140 2138 829 
1797 825 2132 2143 2137 
1798 2132 508 2141 2143 
1799 2143 2141 827 2142 
1800 2137 2143 2142 830 
1801 830 2142 2147 2146 
1802 2142 827 2144 2147 
1803 2147 2144 434 2145 
1804 2146 2147 2145 828 
1805 829 2138 2150 2149 
1806 2138 830 2146 2150 
1807 2150 2146 828 2148 
1808 2149 2150 2148 509 
1809 505 2123 2153 2093 
1810 2123 822 2151 2153 
1811 2153 2151 832 2152 
1812 2093 2153 2152 815 
1813 822 2120 2155 2151 
1814 2120 510 2139 2155 
1815 2155 2139 829 2154 
1816 2151 2155 2154 832 
1817 832 2154 2158 2157 
1818 2154 829 2149 2158 
1819 2158 2149 509 2156 
1820 2157 2158 2156 831 
1821 815 2152 2160 2096 
1822 2152 832 2157 2160 
1823 2160 2157 831 2159 
1824 2096 2160 2159 436 
1825 436 2159 2164 2163 
1826 2159 831 2161 2164 
1827 2164 2161 836 2162 
1828 2163 2164 2162 835 
1829 831 2156 2167 2161 
1830 2156 509 2165 2167 
1831 2167 2165 833 2166 
1832 2161 2167 2166 836 
1833 836 2166 2171 2170 
1834 2166 833 2168 2171 
1835 2171 2168 514 2169 
1836 2170 2171 2169 834 
1837 835 2162 2174 2173 
1838 2162 836 2170 2174 
1839 2174 2170 834 2172 
1840 2173 2174 2172 513 
1841 509 2148 2177 2165 
1842 2148 828 2175 2177 
1843 2177 2175 839 2176 
1844 2165 2177 2176 833 
1845 828 2145 2180 2175 
1846 2145 434 2178 2180 
1847 2180 2178 837 2179 
1848 2175 2180 2179 839 
1849 839 2179 2184 2183 
1850 2179 837 2181 2184 
1851 2184 2181 511 2182 
1852 2183 2184 2182 838 
1853 833 2176 2186 2168 
1854 2176 839 2183 2186 
1855 2186 2183 838 2185 
1856 2168 2186 2185 514 
1857 514 2185 2190 2189 
1858 2185 838 2187 2190 
1859 2190 2187 843 2188 
1860 2189 2190 2188 842 
1861 838 2182 2193 2187 
1862 2182 511 2191 2193 
1863 2193 2191 840 2192 
1864 2187 2193 2192 843 
1865 843 2192 2197 2196 
1866 2192 840 2194 2197 
1867 2197 2194 418 2195 
1868 2196 2197 2195 841 
1869 842 2188 2200 2199 
1870 2188 843 2196 2200 
1871 2200 2196 841 2198 
1872 2199 2200 2198 512 
1873 513 2172 2204 2203 
1874 2172 834 2201 2204 
1875 2204 2201 846 2202 
1876 2203 2204 2202 845 
1877 834 2169 2206 2201 
1878 2169 514 2189 2206 
1879 2206 2189 842 2205 
1880 2201 2206 2205 846 
1881 846 2205 2209 2208 
1882 2205 842 2199 2209 
1883 2209 2199 512 2207 
1884 2208 2209 2207 844 
1885 845 2202 2212 2211 
1886 2202 846 2208 2212 
1887 2212 2208 844 2210 
1888 2211 2212 2210 435 
1889 431 2111 2215 1986 
1890 2111 819 2213 2215 
1891 2215 2213 849 2214 
1892 1986 2215 2214 789 
1893 819 2108 2218 2213 
1894 2108 506 2216 2218 
1895 2218 2216 847 2217 
1896 2213 2218 2217 849 
1897 849 2217 2222 2221 
1898 2217 847 2219 2222 
1899 2222 2219 516 2220 
1900 2221 2222 2220 848 
1901 789 2214 2224 1989 
1902 2214 849 2221 2224 
1903 2224 2221 848 2223 
1904 1989 2224 2223 499 
1905 506 2100 2227 2216 
1906 2100 816 2225 2227 
1907 2227 2225 851 2226 
1908 2216 2227 2226 847 
1909 816 2097 2229 2225 
1910 2097 436 2163 2229 
1911 2229 2163 835 2228 
1912 2225 2229 2228 851 
1913 851 2228 2232 2231 
1914 2228 835 2173 2232 
1915 2232 2173 513 2230 
1916 2231 2232 2230 850 
1917 847 2226 2234 2219 
1918 2226 851 2231 2234 
1919 2234 2231 850 2233 
1920 2219 2234 2233 516 
1921 516 2233 2238 2237 
1922 2233 850 2235 2238 
1923 2238 2235 854 2236 
1924 2237 2238 2236 853 
1925 850 2230 2240 2235 
1926 2230 513 2203 2240 
1927 2240 2203 845 2239 
1928 2235 2240 2239 854 
1929 854 2239 2243 2242 
1930 2239 845 2211 2243 
1931 2243 2211 435 2241 
1932 2242 2243 2241 852 
1933 853 2236 2246 2245 
1934 2236 854 2242 2246 
1935 2246 2242 852 2244 
1936 2245 2246 2244 515 
1937 499 2223 2249 1999 
1938 2223 848 2247 2249 
1939 2249 2247 856 2248 
1940 1999 2249 2248 792 
1941 848 2220 2251 2247 
1942 2220 516 2237 2251 
1943 2251 2237 853 2250 
1944 2247 2251 2250 856 
1945 856 2250 2254 2253 
1946 2250 853 2245 2254 
1947 2254 2245 515 2252 
1948 2253 2254 2252 855 
1949 792 2248 2256 2002 
1950 2248 856 2253 2256 
1951 2256 2253 855 2255 
1952 2002 2256 2255 419 
1953 419 2255 2260 2259 
1954 2255 855 2257 2260 
1955 2260 2257 860 2258 
1956 2259 2260 2258 859 
1957 855 2252 2263 2257 
1958 2252 515 2261 2263 
1959 2263 2261 857 2262 
1960 2257 2263 2262 860 
1961 860 2262 2267 2266 
1962 2262 857 2264 2267 
1963 2267 2264 520 2265 
1964 2266 2267 2265 858 
1965 859 2258 2270 2269 
1966 2258 860 2266 2270 
1967 2270 2266 858 2268 
1968 2269 2270 2268 519 
1969 515 2244 2273 2261 
1970 2244 852 2271 2273 
1971 2273 2271 863 2272 
1972 2261 2273 2272 857 
1973 852 2241 2276 2271 
1974 2241 435 2274 2276 
1975 2276 2274 861 2275 
1976 2271 2276 2275 863 
1977 863 2275 2280 2279 
1978 2275 861 2277 2280 
1979 2280 2277 517 2278 
1980 2279 2280 2278 862 
1981 857 2272 2282 2264 
1982 2272 863 2279 2282 
1983 2282 2279 862 2281 
1984 2264 2282 2281 520 
1985 520 2281 2286 2285 
1986 2281 862 2283 2286 
1987 2286 2283 867 2284 
1988 2285 2286 2284 866 
1989 862 2278 2289 2283 
1990 2278 517 2287 2289 
1991 2289 2287 864 2288 
1992 2283 2289 2288 867 
1993 867 2288 2293 2292 
1994 2288 864 2290 2293 
1995 2293 2290 439 2291 
1996 2292 2293 2291 865 
1997 866 2284 2296 2295 
1998 2284 867 2292 2296 
1999 2296 2292 865 2294 
2000 2295 2296 2294 518 
2001 519 2268 2300 2299 
2002 2268 858 2297 2300 
2003 2300 2297 870 2298 
2004 2299 2300 2298 869 
2005 858 2265 2302 2297 
2006 2265 520 2285 2302 
2007 2302 2285 866 2301 
2008 2297 2302 2301 870 
2009 870 2301 2305 2304 
2010 2301 866 2295 2305 
2011 2305 2295 518 2303 
2012 2304 2305 2303 868 
2013 869 2298 2308 2307 
2014 2298 870 2304 2308 
2015 2308 2304 868 2306 
2016 2307 2308 2306 438 
2017 435 2210 2311 2274 
2018 2210 844 2309 2311 
2019 2311 2309 873 2310 
2020 2274 2311 2310 861 
2021 844 2207 2314 2309 
2022 2207 512 2312 2314 
2023 2314 2312 871 2313 
2024 2309 2314 2313 873 
2025 873 2313 2318 2317 
2026 2313 871 2315 2318 
2027 2318 2315 523 2316 
2028 2317 2318 2316 872 
2029 861 2310 2320 2277 
2030 2310 873 2317 2320 
2031 2320 2317 872 2319 
2032 2277 2320 2319 517 
2033 512 2198 2323 2312 
2034 2198 841 2321 2323 
2035 2323 2321 876 2322 
2036 2312 2323 2322 871 
2037 841 2195 2326 2321 
2038 2195 418 2324 2326 
2039 2326 2324 874 2325 
2040 2321 2326 2325 876 
2041 876 2325 2330 2329 
2042 2325 874 2327 2330 
2043 2330 2327 521 2328 
2044 2329 2330 2328 875 
2045 871 2322 2332 2315 
2046 2322 876 2329 2332 
2047 2332 2329 875 2331 
2048 2315 2332 2331 523 
2049 523 2331 2336 2335 
2050 2331 875 2333 2336 
2051 2336 2333 880 2334 
2052 2335 2336 2334 879 
2053 875 2328 2339 2333 
2054 2328 521 2337 2339 
2055 2339 2337 877 2338 
2056 2333 2339 2338 880 
2057 880 2338 2343 2342 
2058 2338 877 2340 2343 
2059 2343 2340 437 2341 
2060 2342 2343 2341 878 
2061 879 2334 2346 2345 
2062 2334 880 2342 2346 
2063 2346 2342 878 2344 
2064 2345 2346 2344 522 
2065 517 2319 2349 2287 
2066 2319 872 2347 2349 
2067 2349 2347 882 2348 
2068 2287 2349 2348 864 
2069 872 2316 2351 2347 
2070 2316 523 2335 2351 
2071 2351 2335 879 2350 
2072 2347 2351 2350 882 
2073 882 2350 2354 2353 
2074 2350 879 2345 2354 
2075 2354 2345 522 2352 
2076 2353 2354 2352 881 
2077 864 2348 2356 2290 
2078 2348 882 2353 2356 
2079 2356 2353 881 2355 
2080 2290 2356 2355 439 
2081 439 2355 2360 2359 
2082 2355 881 2357 2360 
2083 2360 2357 886 2358 
2084 2359 2360 2358 885 
2085 881 2352 2363 2357 
2086 2352 522 2361 2363 
2087 2363 2361 883 2362 
2088 2357 2363 2362 886 
2089 886 2362 2367 2366 
2090 2362 883 2364 2367 
2091 2367 2364 526 2365 
2092 2366 2367 2365 884 
2093 885 2358 2370 2369 
2094 2358 886 2366 2370 
2095 2370 2366 884 2368 
2096 2369 2370 2368 525 
2097 522 2344 2373 2361 
2098 2344 878 2371 2373 
2099 2373 2371 889 2372 
2100 2361 2373 2372 883 
2101 878 2341 2376 2371 
2102 2341 437 2374 2376 
2103 2376 2374 887 2375 
2104 2371 2376 2375 889 
2105 889 2375 2380 2379 
2106 2375 887 2377 2380 
2107 2380 2377 524 2378 
2108 2379 2380 2378 888 
2109 883 2372 2382 2364 
2110 2372 889 2379 2382 
2111 2382 2379 888 2381 
2112 2364 2382 2381 526 
2113 526 2381 2386 2385 
2114 2381 888 2383 2386 
2115 2386 2383 892 2384 
2116 2385 2386 2384 891 
2117 888 2378 2389 2383 
2118 2378 524 2387 2389 
2119 2389 2387 890 2388 
2120 2383 2389 2388 892 
2121 892 2388 2392 2391 
2122 2388 890 2390 2392 
2123 2392 2390 165 164 
2124 2391 2392 164 163 
2125 891 2384 2394 2393 
2126 2384 892 2391 2394 
2127 2394 2391 163 162 
2128 2393 2394 162 161 
2129 525 2368 2398 2397 
2130 2368 884 2395 2398 
2131 2398 2395 894 2396 
2132 2397 2398 2396 893 
2133 884 2365 2400 2395 
2134 2365 526 2385 2400 
2135 2400 2385 891 2399 
2136 2395 2400 2399 894 
2137 894 2399 2402 2401 
2138 2399 891 2393 2402 
2139 2402 2393 161 160 
2140 2401 2402 160 159 
2141 893 2396 2404 2403 
2142 2396 894 2401 2404 
2143 2404 2401 159 158 
2144 2403 2404 158 157 
2145 438 2306 2408 2407 
2146 2306 868 2405 2408 
2147 2408 2405 898 2406 
2148 2407 2408 2406 897 
2149 868 2303 2411 2405 
2150 2303 518 2409 2411 
2151 2411 2409 895 2410 
2152 2405 2411 2410 898 
2153 898 2410 2415 2414 
2154 2410 895 2412 2415 
2155 2415 2412 528 2413 
2156 2414 2415 2413 896 
2157 897 2406 2418 2417 
2158 2406 898 2414 2418 
2159 2418 2414 896 2416 
2160 2417 2418 2416 527 
2161 518 2294 2421 2409 
2162 2294 865 2419 2421 
2163 2421 2419 900 2420 
2164 2409 2421 2420 895 
2165 865 2291 2423 2419 
2166 2291 439 2359 2423 
2167 2423 2359 885 2422 
2168 2419 2423 2422 900 
2169 900 2422 2426 2425 
2170 2422 885 2369 2426 
2171 2426 2369 525 2424 
2172 2425 2426 2424 899 
2173 895 2420 2428 2412 
2174 2420 900 2425 2428 
2175 2428 2425 899 2427 
2176 2412 2428 2427 528 
2177 528 2427 2432 2431 
2178 2427 899 2429 2432 
2179 2432 2429 902 2430 
2180 2431 2432 2430 901 
2181 899 2424 2434 2429 
2182 2424 525 2397 2434 
2183 2434 2397 893 2433 
2184 2429 2434 2433 902 
2185 902 2433 2436 2435 
2186 2433 893 2403 2436 
2187 2436 2403 157 156 
2188 2435 2436 156 155 
2189 901 2430 2438 2437 
2190 2430 902 2435 2438 
2191 2438 2435 155 154 
2192 2437 2438 154 153 
2193 527 2416 2442 2441 
2194 2416 896 2439 2442 
2195 2442 2439 904 2440 
2196 2441 2442 2440 903 
2197 896 2413 2444 2439 
2198 2413 528 2431 2444 
2199 2444 2431 901 2443 
2200 2439 2444 2443 904 
2201 904 2443 2446 2445 
2202 2443 901 2437 2446 
2203 2446 2437 153 152 
2204 2445 2446 152 151 
2205 903 2440 2448 2447 
2206 2440 904 2445 2448 
2207 2448 2445 151 150 
2208 2447 2448 150 149 
2209 416 2063 2451 1572 
2210 2063 807 2449 2451 
2211 2451 2449 907 2450 
2212 1572 2451 2450 690 
2213 807 2060 2454 2449 
2214 2060 503 2452 2454 
2215 2454 2452 905 2453 
2216 2449 2454 2453 907 
2217 907 2453 2458 2457 
2218 2453 905 2455 2458 
2219 2458 2455 531 2456 
2220 2457 2458 2456 906 
2221 690 2450 2460 1575 
2222 2450 907 2457 2460 
2223 2460 2457 906 2459 
2224 1575 2460 2459 477 
2225 503 2052 2463 2452 
2226 2052 804 2461 2463 
2227 2463 2461 910 2462 
2228 2452 2463 2462 905 
2229 804 2049 2466 2461 
2230 2049 432 2464 2466 
2231 2466 2464 908 2465 
2232 2461 2466 2465 910 
2233 910 2465 2470 2469 
2234 2465 908 2467 2470 
2235 2470 2467 529 2468 
2236 2469 2470 2468 909 
2237 905 2462 2472 2455 
2238 2462 910 2469 2472 
2239 2472 2469 909 2471 
2240 2455 2472 2471 531 
2241 531 2471 2476 2475 
2242 2471 909 2473 2476 
2243 2476 2473 914 2474 
2244 2475 2476 2474 913 
2245 909 2468 2479 2473 
2246 2468 529 2477 2479 
2247 2479 2477 911 2478 
2248 2473 2479 2478 914 
2249 914 2478 2483 2482 
2250 2478 911 2480 2483 
2251 2483 2480 440 2481 
2252 2482 2483 2481 912 
2253 913 2474 2486 2485 
2254 2474 914 2482 2486 
2255 2486 2482 912 2484 
2256 2485 2486 2484 530 
2257 477 2459 2489 1585 
2258 2459 906 2487 2489 
2259 2489 2487 916 2488 
2260 1585 2489 2488 693 
2261 906 2456 2491 2487 
2262 2456 531 2475 2491 
2263 2491 2475 913 2490 
2264 2487 2491 2490 916 
2265 916 2490 2494 2493 
2266 2490 913 2485 2494 
2267 2494 2485 530 2492 
2268 2493 2494 2492 915 
2269 693 2488 2496 1588 
2270 2488 916 2493 2496 
2271 2496 2493 915 2495 
2272 1588 2496 2495 427 
2273 432 2018 2499 2464 
2274 2018 796 2497 2499 
2275 2499 2497 919 2498 
2276 2464 2499 2498 908 
2277 796 2015 2502 2497 
2278 2015 500 2500 2502 
2279 2502 2500 917 2501 
2280 2497 2502 2501 919 
2281 919 2501 2506 2505 
2282 2501 917 2503 2506 
2283 2506 2503 533 2504 
2284 2505 2506 2504 918 
2285 908 2498 2508 2467 
2286 2498 919 2505 2508 
2287 2508 2505 918 2507 
2288 2467 2508 2507 529 
2289 500 2006 2511 2500 
2290 2006 793 2509 2511 
2291 2511 2509 921 2510 
2292 2500 2511 2510 917 
2293 793 2003 2513 2509 
2294 2003 419 2259 2513 
2295 2513 2259 859 2512 
2296 2509 2513 2512 921 
2297 921 2512 2516 2515 
2298 2512 859 2269 2516 
2299 2516 2269 519 2514 
2300 2515 2516 2514 920 
2301 917 2510 2518 2503 
2302 2510 921 2515 2518 
2303 2518 2515 920 2517 
2304 2503 2518 2517 533 
2305 533 2517 2522 2521 
2306 2517 920 2519 2522 
2307 2522 2519 924 2520 
2308 2521 2522 2520 923 
2309 920 2514 2524 2519 
2310 2514 519 2299 2524 
2311 2524 2299 869 2523 
2312 2519 2524 2523 924 
2313 924 2523 2527 2526 
2314 2523 869 2307 2527 
2315 2527 2307 438 2525 
2316 2526 2527 2525 922 
2317 923 2520 2530 2529 
2318 2520 924 2526 2530 
2319 2530 2526 922 2528 
2320 2529 2530 2528 532 
2321 529 2507 2533 2477 
2322 2507 918 2531 2533 
2323 2533 2531 926 2532 
2324 2477 2533 2532 911 
2325 918 2504 2535 2531 
2326 2504 533 2521 2535 
2327 2535 2521 923 2534 
2328 2531 2535 2534 926 
2329 926 2534 2538 2537 
2330 2534 923 2529 2538 
2331 2538 2529 532 2536 
2332 2537 2538 2536 925 
2333 911 2532 2540 2480 
2334 2532 926 2537 2540 
2335 2540 2537 925 2539 
2336 2480 2540 2539 440 
2337 440 2539 2544 2543 
2338 2539 925 2541 2544 
2339 2544 2541 930 2542 
2340 2543 2544 2542 929 
2341 925 2536 2547 2541 
2342 2536 532 2545 2547 
2343 2547 2545 927 2546 
2344 2541 2547 2546 930 
2345 930 2546 2551 2550 
2346 2546 927 2548 2551 
2347 2551 2548 535 2549 
2348 2550 2551 2549 928 
2349 929 2542 2554 2553 
2350 2542 930 2550 2554 
2351 2554 2550 928 2552 
2352 2553 2554 2552 534 
2353 532 2528 2557 2545 
2354 2528 922 2555 2557 
2355 2557 2555 932 2556 
2356 2545 2557 2556 927 
2357 922 2525 2559 2555 
2358 2525 438 2407 2559 
2359 2559 2407 897 2558 
2360 2555 2559 2558 932 
2361 932 2558 2562 2561 
2362 2558 897 2417 2562 
2363 2562 2417 527 2560 
2364 2561 2562 2560 931 
2365 927 2556 2564 2548 
2366 2556 932 2561 2564 
2367 2564 2561 931 2563 
2368 2548 2564 2563 535 
2369 535 2563 2568 2567 
2370 2563 931 2565 2568 
2371 2568 2565 934 2566 
2372 2567 2568 2566 933 
2373 931 2560 2570 2565 
2374 2560 527 2441 2570 
2375 2570 2441 903 2569 
2376 2565 2570 2569 934 
2377 934 2569 2572 2571 
2378 2569 903 2447 2572 
2379 2572 2447 149 148 
2380 2571 2572 148 147 
2381 933 2566 2574 2573 
2382 2566 934 2571 2574 
2383 2574 2571 147 146 
2384 2573 2574 146 145 
2385 534 2552 2578 2577 
2386 2552 928 2575 2578 
2387 2578 2575 936 2576 
2388 2577 2578 2576 935 
2389 928 2549 2580 2575 
2390 2549 535 2567 2580 
2391 2580 2567 933 2579 
2392 2575 2580 2579 936 
2393 936 2579 2582 2581 
2394 2579 933 2573 2582 
2395 2582 2573 145 144 
2396 2581 2582 144 143 
2397 935 2576 2584 2583 
2398 2576 936 2581 2584 
2399 2584 2581 143 142 
2400 2583 2584 142 141 
2401 427 2495 2587 1622 
2402 2495 915 2585 2587 
2403 2587 2585 939 2586 
2404 1622 2587 2586 703 
2405 915 2492 2590 2585 
2406 2492 530 2588 2590 
2407 2590 2588 937 2589 
2408 2585 2590 2589 939 
2409 939 2589 2594 2593 
2410 2589 937 2591 2594 
2411 2594 2591 536 2592 
2412 2593 2594 2592 938 
2413 703 2586 2596 1625 
2414 2586 939 2593 2596 
2415 2596 2593 938 2595 
2416 1625 2596 2595 480 
2417 530 2484 2599 2588 
2418 2484 912 2597 2599 
2419 2599 2597 941 2598 
2420 2588 2599 2598 937 
2421 912 2481 2601 2597 
2422 2481 440 2543 2601 
2423 2601 2543 929 2600 
2424 2597 2601 2600 941 
2425 941 2600 2604 2603 
2426 2600 929 2553 2604 
2427 2604 2553 534 2602 
2428 2603 2604 2602 940 
2429 937 2598 2606 2591 
2430 2598 941 2603 2606 
2431 2606 2603 940 2605 
2432 2591 2606 2605 536 
2433 536 2605 2610 2609 
2434 2605 940 2607 2610 
2435 2610 2607 943 2608 
2436 2609 2610 2608 942 
2437 940 2602 2612 2607 
2438 2602 534 2577 2612 
2439 2612 2577 935 2611 
2440 2607 2612 2611 943 
2441 943 2611 2614 2613 
2442 2611 935 2583 2614 
2443 2614 2583 141 140 
2444 2613 2614 140 139 
2445 942 2608 2616 2615 
2446 2608 943 2613 2616 
2447 2616 2613 139 138 
2448 2615 2616 138 137 
2449 480 2595 2619 1635 
2450 2595 938 2617 2619 
2451 2619 2617 944 2618 
2452 1635 2619 2618 706 
2453 938 2592 2621 2617 
2454 2592 536 2609 2621 
2455 2621 2609 942 2620 
2456 2617 2621 2620 944 
2457 944 2620 2623 2622 
2458 2620 942 2615 2623 
2459 2623 2615 137 136 
2460 2622 2623 136 135 
2461 706 2618 2624 1638 
2462 2618 944 2622 2624 
2463 2624 2622 135 134 
2464 1638 2624 134 133 
2465 260 261 2627 2128 
2466 261 262 2625 2627 
2467 2627 2625 947 2626 
2468 2128 2627 2626 824 
2469 262 263 2630 2625 
2470 263 264 2628 2630 
2471 2630 2628 945 2629 
2472 2625 2630 2629 947 
2473 947 2629 2634 2633 
2474 2629 945 2631 2634 
2475 2634 2631 539 2632 
2476 2633 2634 2632 946 
2477 824 2626 2636 2131 
2478 2626 947 2633 2636 
2479 2636 2633 946 2635 
2480 2131 2636 2635 508 
2481 264 265 2639 2628 
2482 265 266 2637 2639 
2483 2639 2637 950 2638 
2484 2628 2639 2638 945 
2485 266 267 2642 2637 
2486 267 268 2640 2642 
2487 2642 2640 948 2641 
2488 2637 2642 2641 950 
2489 950 2641 2646 2645 
2490 2641 948 2643 2646 
2491 2646 2643 537 2644 
2492 2645 2646 2644 949 
2493 945 2638 2648 2631 
2494 2638 950 2645 2648 
2495 2648 2645 949 2647 
2496 2631 2648 2647 539 
2497 539 2647 2652 2651 
2498 2647 949 2649 2652 
2499 2652 2649 954 2650 
2500 2651 2652 2650 953 
2501 949 2644 2655 2649 
2502 2644 537 2653 2655 
2503 2655 2653 951 2654 
2504 2649 2655 2654 954 
2505 954 2654 2659 2658 
2506 2654 951 2656 2659 
2507 2659 2656 443 2657 
2508 2658 2659 2657 952 
2509 953 2650 2662 2661 
2510 2650 954 2658 2662 
2511 2662 2658 952 2660 
2512 2661 2662 2660 538 
2513 508 2635 2665 2141 
2514 2635 946 2663 2665 
2515 2665 2663 956 2664 
2516 2141 2665 2664 827 
2517 946 2632 2667 2663 
2518 2632 539 2651 2667 
2519 2667 2651 953 2666 
2520 2663 2667 2666 956 
2521 956 2666 2670 2669 
2522 2666 953 2661 2670 
2523 2670 2661 538 2668 
2524 2669 2670 2668 955 
2525 827 2664 2672 2144 
2526 2664 956 2669 2672 
2527 2672 2669 955 2671 
2528 2144 2672 2671 434 
2529 268 269 2675 2640 
2530 269 270 2673 2675 
2531 2675 2673 959 2674 
2532 2640 2675 2674 948 
2533 270 271 2678 2673 
2534 271 272 2676 2678 
2535 2678 2676 957 2677 
2536 2673 2678 2677 959 
2537 959 2677 2682 2681 
2538 2677 957 2679 2682 
2539 2682 2679 542 2680 
2540 2681 2682 2680 958 
2541 948 2674 2684 2643 
2542 2674 959 2681 2684 
2543 2684 2681 958 2683 
2544 2643 2684 2683 537 
2545 272 273 2687 2676 
2546 273 274 2685 2687 
2547 2687 2685 962 2686 
2548 2676 2687 2686 957 
2549 274 275 2690 2685 
2550 275 276 2688 2690 
2551 2690 2688 960 2689 
2552 2685 2690 2689 962 
2553 962 2689 2694 2693 
2554 2689 960 2691 2694 
2555 2694 2691 540 2692 
2556 2693 2694 2692 961 
2557 957 2686 2696 2679 
2558 2686 962 2693 2696 
2559 2696 2693 961 2695 
2560 2679 2696 2695 542 
2561 542 2695 2700 2699 
2562 2695 961 2697 2700 
2563 2700 2697 966 2698 
2564 2699 2700 2698 965 
2565 961 2692 2703 2697 
2566 2692 540 2701 2703 
2567 2703 2701 963 2702 
2568 2697 2703 2702 966 
2569 966 2702 2707 2706 
2570 2702 963 2704 2707 
2571 2707 2704 441 2705 
2572 2706 2707 2705 964 
2573 965 2698 2710 2709 
2574 2698 966 2706 2710 
2575 2710 2706 964 2708 
2576 2709 2710 2708 541 
2577 537 2683 2713 2653 
2578 2683 958 2711 2713 
2579 2713 2711 968 2712 
2580 2653 2713 2712 951 
2581 958 2680 2715 2711 
2582 2680 542 2699 2715 
2583 2715 2699 965 2714 
2584 2711 2715 2714 968 
2585 968 2714 2718 2717 
2586 2714 965 2709 2718 
2587 2718 2709 541 2716 
2588 2717 2718 2716 967 
2589 951 2712 2720 2656 
2590 2712 968 2717 2720 
2591 2720 2717 967 2719 
2592 2656 2720 2719 443 
2593 443 2719 2724 2723 
2594 2719 967 2721 2724 
2595 2724 2721 972 2722 
2596 2723 2724 2722 971 
2597 967 2716 2727 2721 
2598 2716 541 2725 2727 
2599 2727 2725 969 2726 
2600 2721 2727 2726 972 
2601 972 2726 2731 2730 
2602 2726 969 2728 2731 
2603 2731 2728 546 2729 
2604 2730 2731 2729 970 
2605 971 2722 2734 2733 
2606 2722 972 2730 2734 
2607 2734 2730 970 2732 
2608 2733 2734 2732 545 
2609 541 2708 2737 2725 
2610 2708 964 2735 2737 
2611 2737 2735 975 2736 
2612 2725 2737 2736 969 
2613 964 2705 2740 2735 
2614 2705 441 2738 2740 
2615 2740 2738 973 2739 
2616 2735 2740 2739 975 
2617 975 2739 2744 2743 
2618 2739 973 2741 2744 
2619 2744 2741 543 2742 
2620 2743 2744 2742 974 
2621 969 2736 2746 2728 
2622 2736 975 2743 2746 
2623 2746 2743 974 2745 
2624 2728 2746 2745 546 
2625 546 2745 2750 2749 
2626 2745 974 2747 2750 
2627 2750 2747 979 2748 
2628 2749 2750 2748 978 
2629 974 2742 2753 2747 
2630 2742 543 2751 2753 
2631 2753 2751 976 2752 
2632 2747 2753 2752 979 
2633 979 2752 2757 2756 
2634 2752 976 2754 2757 
2635 2757 2754 420 2755 
2636 2756 2757 2755 977 
2637 978 2748 2760 2759 
2638 2748 979 2756 2760 
2639 2760 2756 977 2758 
2640 2759 2760 2758 544 
2641 545 2732 2764 2763 
2642 2732 970 2761 2764 
2643 2764 2761 982 2762 
2644 2763 2764 2762 981 
2645 970 2729 2766 2761 
2646 2729 546 2749 2766 
2647 2766 2749 978 2765 
2648 2761 2766 2765 982 
2649 982 2765 2769 2768 
2650 2765 978 2759 2769 
2651 2769 2759 544 2767 
2652 2768 2769 2767 980 
2653 981 2762 2772 2771 
2654 2762 982 2768 2772 
2655 2772 2768 980 2770 
2656 2771 2772 2770 442 
2657 434 2671 2775 2178 
2658 2671 955 2773 2775 
2659 2775 2773 985 2774 
2660 2178 2775 2774 837 
2661 955 2668 2778 2773 
2662 2668 538 2776 2778 
2663 2778 2776 983 2777 
2664 2773 2778 2777 985 
2665 985 2777 2782 2781 
2666 2777 983 2779 2782 
2667 2782 2779 548 2780 
2668 2781 2782 2780 984 
2669 837 2774 2784 2181 
2670 2774 985 2781 2784 
2671 2784 2781 984 2783 
2672 2181 2784 2783 511 
2673 538 2660 2787 2776 
2674 2660 952 2785 2787 
2675 2787 2785 987 2786 
2676 2776 2787 2786 983 
2677 952 2657 2789 2785 
2678 2657 443 2723 2789 
2679 2789 2723 971 2788 
2680 2785 2789 2788 987 
2681 987 2788 2792 2791 
2682 2788 971 2733 2792 
2683 2792 2733 545 2790 
2684 2791 2792 2790 986 
2685 983 2786 2794 2779 
2686 2786 987 2791 2794 
2687 2794 2791 986 2793 
2688 2779 2794 2793 548 
2689 548 2793 2798 2797 
2690 2793 986 2795 2798 
2691 2798 2795 990 2796 
2692 2797 2798 2796 989 
2693 986 2790 2800 2795 
2694 2790 545 2763 2800 
2695 2800 2763 981 2799 
2696 2795 2800 2799 990 
2697 990 2799 2803 2802 
2698 2799 981 2771 2803 
2699 2803 2771 442 2801 
2700 2802 2803 2801 988 
2701 989 2796 2806 2805 
2702 2796 990 2802 2806 
2703 2806 2802 988 2804 
2704 2805 2806 2804 547 
2705 511 2783 2809 2191 
2706 2783 984 2807 2809 
2707 2809 2807 992 2808 
2708 2191 2809 2808 840 
2709 984 2780 2811 2807 
2710 2780 548 2797 2811 
2711 2811 2797 989 2810 
2712 2807 2811 2810 992 
2713 992 2810 2814 2813 
2714 2810 989 2805 2814 
2715 2814 2805 547 2812 
2716 2813 2814 2812 991 
2717 840 2808 2816 2194 
2718 2808 992 2813 2816 
2719 2816 2813 991 2815 
2720 2194 2816 2815 418 
2721 276 277 2819 2688 
2722 277 278 2817 2819 
2723 2819 2817 995 2818 
2724 2688 2819 2818 960 
2725 278 279 2822 2817 
2726 279 280 2820 2822 
2727 2822 2820 993 2821 
2728 2817 2822 2821 995 
2729 995 2821 2826 2825 
2730 2821 993 2823 2826 
2731 2826 2823 551 2824 
2732 2825 2826 2824 994 
2733 960 2818 2828 2691 
2734 2818 995 2825 2828 
2735 2828 2825 994 2827 
2736 2691 2828 2827 540 
2737 280 281 2831 2820 
2738 281 282 2829 2831 
2739 2831 2829 998 2830 
2740 2820 2831 2830 993 
2741 282 283 2834 2829 
2742 283 284 2832 2834 
2743 2834 2832 996 2833 
2744 2829 2834 2833 998 
2745 998 2833 2838 2837 
2746 2833 996 2835 2838 
2747 2838 2835 549 2836 
2748 2837 2838 2836 997 
2749 993 2830 2840 2823 
2750 2830 998 2837 2840 
2751 2840 2837 997 2839 
2752 2823 2840 2839 551 
2753 551 2839 2844 2843 
2754 2839 997 2841 2844 
2755 2844 2841 1002 2842 
2756 2843 2844 2842 1001 
2757 997 2836 2847 2841 
2758 2836 549 2845 2847 
2759 2847 2845 999 2846 
2760 2841 2847 2846 1002 
2761 1002 2846 2851 2850 
2762 2846 999 2848 2851 
2763 2851 2848 445 2849 
2764 2850 2851 2849 1000 
2765 1001 2842 2854 2853 
2766 2842 1002 2850 2854 
2767 2854 2850 1000 2852 
2768 2853 2854 2852 550 
2769 540 2827 2857 2701 
2770 2827 994 2855 2857 
2771 2857 2855 1004 2856 
2772 2701 2857 2856 963 
2773 994 2824 2859 2855 
2774 2824 551 2843 2859 
2775 2859 2843 1001 2858 
2776 2855 2859 2858 1004 
2777 1004 2858 2862 2861 
2778 2858 1001 2853 2862 
2779 2862 2853 550 2860 
2780 2861 2862 2860 1003 
2781 963 2856 2864 2704 
2782 2856 1004 2861 2864 
2783 2864 2861 1003 2863 
2784 2704 2864 2863 441 
2785 284 285 2867 2832 
2786 285 286 2865 2867 
2787 2867 2865 1007 2866 
2788 2832 2867 2866 996 
2789 286 287 2870 2865 
2790 287 288 2868 2870 
2791 2870 2868 1005 2869 
2792 2865 2870 2869 1007 
2793 1007 2869 2874 2873 
2794 2869 1005 2871 2874 
2795 2874 2871 553 2872 
2796 2873 2874 2872 1006 
2797 996 2866 2876 2835 
2798 2866 1007 2873 2876 
2799 2876 2873 1006 2875 
2800 2835 2876 2875 549 
2801 288 289 2879 2868 
2802 289 290 2877 2879 
2803 2879 2877 1009 2878 
2804 2868 2879 2878 1005 
2805 290 291 2881 2877 
2806 291 3 415 2881 
2807 2881 415 414 2880 
2808 2877 2881 2880 1009 
2809 1009 2880 2884 2883 
2810 2880 414 413 2884 
2811 2884 413 412 2882 
2812 2883 2884 2882 1008 
2813 1005 2878 2886 2871 
2814 2878 1009 2883 2886 
2815 2886 2883 1008 2885 
2816 2871 2886 2885 553 
2817 553 2885 2890 2889 
2818 2885 1008 2887 2890 
2819 2890 2887 1012 2888 
2820 2889 2890 2888 1011 
2821 1008 2882 2892 2887 
2822 2882 412 411 2892 
2823 2892 411 410 2891 
2824 2887 2892 2891 1012 
2825 1012 2891 2895 2894 
2826 2891 410 409 2895 
2827 2895 409 408 2893 
2828 2894 2895 2893 1010 
2829 1011 2888 2898 2897 
2830 2888 1012 2894 2898 
2831 2898 2894 1010 2896 
2832 2897 2898 2896 552 
2833 549 2875 2901 2845 
2834 2875 1006 2899 2901 
2835 2901 2899 1014 2900 
2836 2845 2901 2900 999 
2837 1006 2872 2903 2899 
2838 2872 553 2889 2903 
2839 2903 2889 1011 2902 
2840 2899 2903 2902 1014 
2841 1014 2902 2906 2905 
2842 2902 1011 2897 2906 
2843 2906 2897 552 2904 
2844 2905 2906 2904 1013 
2845 999 2900 2908 2848 
2846 2900 1014 2905 2908 
2847 2908 2905 1013 2907 
2848 2848 2908 2907 445 
2849 445 2907 2912 2911 
2850 2907 1013 2909 2912 
2851 2912 2909 1018 2910 
2852 2911 2912 2910 1017 
2853 1013 2904 2915 2909 
2854 2904 552 2913 2915 
2855 2915 2913 1015 2914 
2856 2909 2915 2914 1018 
2857 1018 2914 2919 2918 
2858 2914 1015 2916 2919 
2859 2919 2916 556 2917 
2860 2918 2919 2917 1016 
2861 1017 2910 2922 2921 
2862 2910 1018 2918 2922 
2863 2922 2918 1016 2920 
2864 2921 2922 2920 555 
2865 552 2896 2925 2913 
2866 2896 1010 2923 2925 
2867 2925 2923 1020 2924 
2868 2913 2925 2924 1015 
2869 1010 2893 2927 2923 
2870 2893 408 407 2927 
2871 2927 407 406 2926 
2872 2923 2927 2926 1020 
2873 1020 2926 2930 2929 
2874 2926 406 405 2930 
2875 2930 405 404 2928 
2876 2929 2930 2928 1019 
2877 1015 2924 2932 2916 
2878 2924 1020 2929 2932 
2879 2932 2929 1019 2931 
2880 2916 2932 2931 556 
2881 556 2931 2936 2935 
2882 2931 1019 2933 2936 
2883 2936 2933 1023 2934 
2884 2935 2936 2934 1022 
2885 1019 2928 2938 2933 
2886 2928 404 403 2938 
2887 2938 403 402 2937 
2888 2933 2938 2937 1023 
2889 1023 2937 2941 2940 
2890 2937 402 401 2941 
2891 2941 401 400 2939 
2892 2940 2941 2939 1021 
2893 1022 2934 2944 2943 
2894 2934 1023 2940 2944 
2895 2944 2940 1021 2942 
2896 2943 2944 2942 554 
2897 555 2920 2948 2947 
2898 2920 1016 2945 2948 
2899 2948 2945 1026 2946 
2900 2947 2948 2946 1025 
2901 1016 2917 2950 2945 
2902 2917 556 2935 2950 
2903 2950 2935 1022 2949 
2904 2945 2950 2949 1026 
2905 1026 2949 2953 2952 
2906 2949 1022 2943 2953 
2907 2953 2943 554 2951 
2908 2952 2953 2951 1024 
2909 1025 2946 2956 2955 
2910 2946 1026 2952 2956 
2911 2956 2952 1024 2954 
2912 2955 2956 2954 444 
2913 441 2863 2959 2738 
2914 2863 1003 2957 2959 
2915 2959 2957 1029 2958 
2916 2738 2959 2958 973 
2917 1003 2860 2962 2957 
2918 2860 550 2960 2962 
2919 2962 2960 1027 2961 
2920 2957 2962 2961 1029 
2921 1029 2961 2966 2965 
2922 2961 1027 2963 2966 
2923 2966 2963 558 2964 
2924 2965 2966 2964 1028 
2925 973 2958 2968 2741 
2926 2958 1029 2965 2968 
2927 2968 2965 1028 2967 
2928 2741 2968 2967 543 
2929 550 2852 2971 2960 
2930 2852 1000 2969 2971 
2931 2971 2969 1031 2970 
2932 2960 2971 2970 1027 
2933 1000 2849 2973 2969 
2934 2849 445 2911 2973 
2935 2973 2911 1017 2972 
2936 2969 2973 2972 1031 
2937 1031 2972 2976 2975 
2938 2972 1017 2921 2976 
2939 2976 2921 555 2974 
2940 2975 2976 2974 1030 
2941 1027 2970 2978 2963 
2942 2970 1031 2975 2978 
2943 2978 2975 1030 2977 
2944 2963 2978 2977 558 
2945 558 2977 2982 2981 
2946 2977 1030 2979 2982 
2947 2982 2979 1034 2980 
2948 2981 2982 2980 1033 
2949 1030 2974 2984 2979 
2950 2974 555 2947 2984 
2951 2984 2947 1025 2983 
2952 2979 2984 2983 1034 
2953 1034 2983 2987 2986 
2954 2983 1025 2955 2987 
2955 2987 2955 444 2985 
2956 2986 2987 2985 1032 
2957 1033 2980 2990 2989 
2958 2980 1034 2986 2990 
2959 2990 2986 1032 2988 
2960 2989 2990 2988 557 
2961 543 2967 2993 2751 
2962 2967 1028 2991 2993 
2963 2993 2991 1036 2992 
2964 2751 2993 2992 976 
2965 1028 2964 2995 2991 
2966 2964 558 2981 2995 
2967 2995 2981 1033 2994 
2968 2991 2995 2994 1036 
2969 1036 2994 2998 2997 
2970 2994 1033 2989 2998 
2971 2998 2989 557 2996 
2972 2997 2998 2996 1035 
2973 976 2992 3000 2754 
2974 2992 1036 2997 3000 
2975 3000 2997 1035 2999 
2976 2754 3000 2999 420 
2977 420 2999 3004 3003 
2978 2999 1035 3001 3004 
2979 3004 3001 1040 3002 
2980 3003 3004 3002 1039 
2981 1035 2996 3007 3001 
2982 2996 557 3005 3007 
2983 3007 3005 1037 3006 
2984 3001 3007 3006 1040 
2985 1040 3006 3011 3010 
2986 3006 1037 3008 3011 
2987 3011 3008 562 3009 
2988 3010 3011 3009 1038 
2989 1039 3002 3014 3013 
2990 3002 1040 3010 3014 
2991 3014 3010 1038 3012 
2992 3013 3014 3012 561 
2993 557 2988 3017 3005 
2994 2988 1032 3015 3017 
2995 3017 3015 1043 3016 
2996 3005 3017 3016 1037 
2997 1032 2985 3020 3015 
2998 2985 444 3018 3020 
2999 3020 3018 1041 3019 
3000 3015 3020 3019 1043 
3001 1043 3019 3024 3023 
3002 3019 1041 3021 3024 
3003 3024 3021 559 3022 
3004 3023 3024 3022 1042 
3005 1037 3016 3026 3008 
3006 3016 1043 3023 3026 
3007 3026 3023 1042 3025 
3008 3008 3026 3025 562 
3009 562 3025 3030 3029 
3010 3025 1042 3027 3030 
3011 3030 3027 1047 3028 
3012 3029 3030 3028 1046 
3013 1042 3022 3033 3027 
3014 3022 559 3031 3033 
3015 3033 3031 1044 3032 
3016 3027 3033 3032 1047 
3017 1047 3032 3037 3036 
3018 3032 1044 3034 3037 
3019 3037 3034 447 3035 
3020 3036 3037 3035 1045 
3021 1046 3028 3040 3039 
3022 3028 1047 3036 3040 
3023 3040 3036 1045 3038 
3024 3039 3040 3038 560 
3025 561 3012 3044 3043 
3026 3012 1038 3041 3044 
3027 3044 3041 1050 3042 
3028 3043 3044 3042 1049 
3029 1038 3009 3046 3041 
3030 3009 562 3029 3046 
3031 3046 3029 1046 3045 
3032 3041 3046 3045 1050 
3033 1050 3045 3049 3048 
3034 3045 1046 3039 3049 
3035 3049 3039 560 3047 
3036 3048 3049 3047 1048 
3037 1049 3042 3052 3051 
3038 3042 1050 3048 3052 
3039 3052 3048 1048 3050 
3040 3051 3052 3050 446 
3041 444 2954 3055 3018 
3042 2954 1024 3053 3055 
3043 3055 3053 1053 3054 
3044 3018 3055 3054 1041 
3045 1024 2951 3058 3053 
3046 2951 554 3056 3058 
3047 3058 3056 1051 3057 
3048 3053 3058 3057 1053 
3049 1053 3057 3062 3061 
3050 3057 1051 3059 3062 
3051 3062 3059 564 3060 
3052 3061 3062 3060 1052 
3053 1041 3054 3064 3021 
3054 3054 1053 3061 3064 
3055 3064 3061 1052 3063 
3056 3021 3064 3063 559 
3057 554 2942 3067 3056 
3058 2942 1021 3065 3067 
3059 3067 3065 1055 3066 
3060 3056 3067 3066 1051 
3061 1021 2939 3069 3065 
3062 2939 400 399 3069 
3063 3069 399 398 3068 
3064 3065 3069 3068 1055 
3065 1055 3068 3072 3071 
3066 3068 398 397 3072 
3067 3072 397 396 3070 
3068 3071 3072 3070 1054 
3069 1051 3066 3074 3059 
3070 3066 1055 3071 3074 
3071 3074 3071 1054 3073 
3072 3059 3074 3073 564 
3073 564 3073 3078 3077 
3074 3073 1054 3075 3078 
3075 3078 3075 1058 3076 
3076 3077 3078 3076 1057 
3077 1054 3070 3080 3075 
3078 3070 396 395 3080 
3079 3080 395 394 3079 
3080 3075 3080 3079 1058 
3081 1058 3079 3083 3082 
3082 3079 394 393 3083 
3083 3083 393 392 3081 
3084 3082 3083 3081 1056 
3085 1057 3076 3086 3085 
3086 3076 1058 3082 3086 
3087 3086 3082 1056 3084 
3088 3085 3086 3084 563 
3089 559 3063 3089 3031 
3090 3063 1052 3087 3089 
3091 3089 3087 1060 3088 
3092 3031 3089 3088 1044 
3093 1052 3060 3091 3087 
3094 3060 564 3077 3091 
3095 3091 3077 1057 3090 
3096 3087 3091 3090 1060 
3097 1060 3090 3094 3093 
3098 3090 1057 3085 3094 
3099 3094 3085 563 3092 
3100 3093 3094 3092 1059 
3101 1044 3088 3096 3034 
3102 3088 1060 3093 3096 
3103 3096 3093 1059 3095 
3104 3034 3096 3095 447 
3105 447 3095 3100 3099 
3106 3095 1059 3097 3100 
3107 3100 3097 1064 3098 
3108 3099 3100 3098 1063 
3109 1059 3092 3103 3097 
3110 3092 563 3101 3103 
3111 3103 3101 1061 3102 
3112 3097 3103 3102 1064 
3113 1064 3102 3107 3106 
3114 3102 1061 3104 3107 
3115 3107 3104 566 3105 
3116 3106 3107 3105 1062 
3117 1063 3098 3110 3109 
3118 3098 1064 3106 3110 
3119 3110 3106 1062 3108 
3120 3109 3110 3108 565 
3121 563 3084 3113 3101 
3122 3084 1056 3111 3113 
3123 3113 3111 1066 3112 
3124 3101 3113 3112 1061 
3125 1056 3081 3115 3111 
3126 3081 392 391 3115 
3127 3115 391 390 3114 
3128 3111 3115 3114 1066 
3129 1066 3114 3118 3117 
3130 3114 390 389 3118 
3131 3118 389 388 3116 
3132 3117 3118 3116 1065 
3133 1061 3112 3120 3104 
3134 3112 1066 3117 3120 
3135 3120 3117 1065 3119 
3136 3104 3120 3119 566 
3137 566 3119 3124 3123 
3138 3119 1065 3121 3124 
3139 3124 3121 1068 3122 
3140 3123 3124 3122 1067 
3141 1065 3116 3126 3121 
3142 3116 388 387 3126 
3143 3126 387 386 3125 
3144 3121 3126 3125 1068 
3145 1068 3125 3128 3127 
3146 3125 386 385 3128 
3147 3128 385 2 196 
3148 3127 3128 196 195 
3149 1067 3122 3130 3129 
3150 3122 1068 3127 3130 
3151 3130 3127 195 194 
3152 3129 3130 194 193 
3153 565 3108 3134 3133 
3154 3108 1062 3131 3134 
3155 3134 3131 1070 3132 
3156 3133 3134 3132 1069 
3157 1062 3105 3136 3131 
3158 3105 566 3123 3136 
3159 3136 3123 1067 3135 
3160 3131 3136 3135 1070 
3161 1070 3135 3138 3137 
3162 3135 1067 3129 3138 
3163 3138 3129 193 192 
3164 3137 3138 192 191 
3165 1069 3132 3140 3139 
3166 3132 1070 3137 3140 
3167 3140 3137 191 190 
3168 3139 3140 190 189 
3169 446 3050 3144 3143 
3170 3050 1048 3141 3144 
3171 3144 3141 1074 3142 
3172 3143 3144 3142 1073 
3173 1048 3047 3147 3141 
3174 3047 560 3145 3147 
3175 3147 3145 1071 3146 
3176 3141 3147 3146 1074 
3177 1074 3146 3151 3150 
3178 3146 1071 3148 3151 
3179 3151 3148 568 3149 
3180 3150 3151 3149 1072 
3181 1073 3142 3154 3153 
3182 3142 1074 3150 3154 
3183 3154 3150 1072 3152 
3184 3153 3154 3152 567 
3185 560 3038 3157 3145 
3186 3038 1045 3155 3157 
3187 3157 3155 1076 3156 
3188 3145 3157 3156 1071 
3189 1045 3035 3159 3155 
3190 3035 447 3099 3159 
3191 3159 3099 1063 3158 
3192 3155 3159 3158 1076 
3193 1076 3158 3162 3161 
3194 3158 1063 3109 3162 
3195 3162 3109 565 3160 
3196 3161 3162 3160 1075 
3197 1071 3156 3164 3148 
3198 3156 1076 3161 3164 
3199 3164 3161 1075 3163 
3200 3148 3164 3163 568 
3201 568 3163 3168 3167 
3202 3163 1075 3165 3168 
3203 3168 3165 1078 3166 
3204 3167 3168 3166 1077 
3205 1075 3160 3170 3165 
3206 3160 565 3133 3170 
3207 3170 3133 1069 3169 
3208 3165 3170 3169 1078 
3209 1078 3169 3172 3171 
3210 3169 1069 3139 3172 
3211 3172 3139 189 188 
3212 3171 3172 188 187 
3213 1077 3166 3174 3173 
3214 3166 1078 3171 3174 
3215 3174 3171 187 186 
3216 3173 3174 186 185 
3217 567 3152 3178 3177 
3218 3152 1072 3175 3178 
3219 3178 3175 1080 3176 
3220 3177 3178 3176 1079 
3221 1072 3149 3180 3175 
3222 3149 568 3167 3180 
3223 3180 3167 1077 3179 
3224 3175 3180 3179 1080 
3225 1080 3179 3182 3181 
3226 3179 1077 3173 3182 
3227 3182 3173 185 184 
3228 3181 3182 184 183 
3229 1079 3176 3184 3183 
3230 3176 1080 3181 3184 
3231 3184 3181 183 182 
3232 3183 3184 182 181 
3233 418 2815 3187 2324 
3234 2815 991 3185 3187 
3235 3187 3185 1083 3186 
3236 2324 3187 3186 874 
3237 991 2812 3190 3185 
3238 2812 547 3188 3190 
3239 3190 3188 1081 3189 
3240 3185 3190 3189 1083 
3241 1083 3189 3194 3193 
3242 3189 1081 3191 3194 
3243 3194 3191 571 3192 
3244 3193 3194 3192 1082 
3245 874 3186 3196 2327 
3246 3186 1083 3193 3196 
3247 3196 3193 1082 3195 
3248 2327 3196 3195 521 
3249 547 2804 3199 3188 
3250 2804 988 3197 3199 
3251 3199 3197 1086 3198 
3252 3188 3199 3198 1081 
3253 988 2801 3202 3197 
3254 2801 442 3200 3202 
3255 3202 3200 1084 3201 
3256 3197 3202 3201 1086 
3257 1086 3201 3206 3205 
3258 3201 1084 3203 3206 
3259 3206 3203 569 3204 
3260 3205 3206 3204 1085 
3261 1081 3198 3208 3191 
3262 3198 1086 3205 3208 
3263 3208 3205 1085 3207 
3264 3191 3208 3207 571 
3265 571 3207 3212 3211 
3266 3207 1085 3209 3212 
3267 3212 3209 1090 3210 
3268 3211 3212 3210 1089 
3269 1085 3204 3215 3209 
3270 3204 569 3213 3215 
3271 3215 3213 1087 3214 
3272 3209 3215 3214 1090 
3273 1090 3214 3219 3218 
3274 3214 1087 3216 3219 
3275 3219 3216 448 3217 
3276 3218 3219 3217 1088 
3277 1089 3210 3222 3221 
3278 3210 1090 3218 3222 
3279 3222 3218 1088 3220 
3280 3221 3222 3220 570 
3281 521 3195 3225 2337 
3282 3195 1082 3223 3225 
3283 3225 3223 1092 3224 
3284 2337 3225 3224 877 
3285 1082 3192 3227 3223 
3286 3192 571 3211 3227 
3287 3227 3211 1089 3226 
3288 3223 3227 3226 1092 
3289 1092 3226 3230 3229 
3290 3226 1089 3221 3230 
3291 3230 3221 570 3228 
3292 3229 3230 3228 1091 
3293 877 3224 3232 2340 
3294 3224 1092 3229 3232 
3295 3232 3229 1091 3231 
3296 2340 3232 3231 437 
3297 442 2770 3235 3200 
3298 2770 980 3233 3235 
3299 3235 3233 1095 3234 
3300 3200 3235 3234 1084 
3301 980 2767 3238 3233 
3302 2767 544 3236 3238 
3303 3238 3236 1093 3237 
3304 3233 3238 3237 1095 
3305 1095 3237 3242 3241 
3306 3237 1093 3239 3242 
3307 3242 3239 573 3240 
3308 3241 3242 3240 1094 
3309 1084 3234 3244 3203 
3310 3234 1095 3241 3244 
3311 3244 3241 1094 3243 
3312 3203 3244 3243 569 
3313 544 2758 3247 3236 
3314 2758 977 3245 3247 
3315 3247 3245 1097 3246 
3316 3236 3247 3246 1093 
3317 977 2755 3249 3245 
3318 2755 420 3003 3249 
3319 3249 3003 1039 3248 
3320 3245 3249 3248 1097 
3321 1097 3248 3252 3251 
3322 3248 1039 3013 3252 
3323 3252 3013 561 3250 
3324 3251 3252 3250 1096 
3325 1093 3246 3254 3239 
3326 3246 1097 3251 3254 
3327 3254 3251 1096 3253 
3328 3239 3254 3253 573 
3329 573 3253 3258 3257 
3330 3253 1096 3255 3258 
3331 3258 3255 1100 3256 
3332 3257 3258 3256 1099 
3333 1096 3250 3260 3255 
3334 3250 561 3043 3260 
3335 3260 3043 1049 3259 
3336 3255 3260 3259 1100 
3337 1100 3259 3263 3262 
3338 3259 1049 3051 3263 
3339 3263 3051 446 3261 
3340 3262 3263 3261 1098 
3341 1099 3256 3266 3265 
3342 3256 1100 3262 3266 
3343 3266 3262 1098 3264 
3344 3265 3266 3264 572 
3345 569 3243 3269 3213 
3346 3243 1094 3267 3269 
3347 3269 3267 1102 3268 
3348 3213 3269 3268 1087 
3349 1094 3240 3271 3267 
3350 3240 573 3257 3271 
3351 3271 3257 1099 3270 
3352 3267 3271 3270 1102 
3353 1102 3270 3274 3273 
3354 3270 1099 3265 3274 
3355 3274 3265 572 3272 
3356 3273 3274 3272 1101 
3357 1087 3268 3276 3216 
3358 3268 1102 3273 3276 
3359 3276 3273 1101 3275 
3360 3216 3276 3275 448 
3361 448 3275 3280 3279 
3362 3275 1101 3277 3280 
3363 3280 3277 1106 3278 
3364 3279 3280 3278 1105 
3365 1101 3272 3283 3277 
3366 3272 572 3281 3283 
3367 3283 3281 1103 3282 
3368 3277 3283 3282 1106 
3369 1106 3282 3287 3286 
3370 3282 1103 3284 3287 
3371 3287 3284 575 3285 
3372 3286 3287 3285 1104 
3373 1105 3278 3290 3289 
3374 3278 1106 3286 3290 
3375 3290 3286 1104 3288 
3376 3289 3290 3288 574 
3377 572 3264 3293 3281 
3378 3264 1098 3291 3293 
3379 3293 3291 1108 3292 
3380 3281 3293 3292 1103 
3381 1098 3261 3295 3291 
3382 3261 446 3143 3295 
3383 3295 3143 1073 3294 
3384 3291 3295 3294 1108 
3385 1108 3294 3298 3297 
3386 3294 1073 3153 3298 
3387 3298 3153 567 3296 
3388 3297 3298 3296 1107 
3389 1103 3292 3300 3284 
3390 3292 1108 3297 3300 
3391 3300 3297 1107 3299 
3392 3284 3300 3299 575 
3393 575 3299 3304 3303 
3394 3299 1107 3301 3304 
3395 3304 3301 1110 3302 
3396 3303 3304 3302 1109 
3397 1107 3296 3306 3301 
3398 3296 567 3177 3306 
3399 3306 3177 1079 3305 
3400 3301 3306 3305 1110 
3401 1110 3305 3308 3307 
3402 3305 1079 3183 3308 
3403 3308 3183 181 180 
3404 3307 3308 180 179 
3405 1109 3302 3310 3309 
3406 3302 1110 3307 3310 
3407 3310 3307 179 178 
3408 3309 3310 178 177 
3409 574 3288 3314 3313 
3410 3288 1104 3311 3314 
3411 3314 3311 1112 3312 
3412 3313 3314 3312 1111 
3413 1104 3285 3316 3311 
3414 3285 575 3303 3316 
3415 3316 3303 1109 3315 
3416 3311 3316 3315 1112 
3417 1112 3315 3318 3317 
3418 3315 1109 3309 3318 
3419 3318 3309 177 176 
3420 3317 3318 176 175 
3421 1111 3312 3320 3319 
3422 3312 1112 3317 3320 
3423 3320 3317 175 174 
3424 3319 3320 174 173 
3425 437 3231 3323 2374 
3426 3231 1091 3321 3323 
3427 3323 3321 1115 3322 
3428 2374 3323 3322 887 
3429 1091 3228 3326 3321 
3430 3228 570 3324 3326 
3431 3326 3324 1113 3325 
3432 3321 3326 3325 1115 
3433 1115 3325 3330 3329 
3434 3325 1113 3327 3330 
3435 3330 3327 576 3328 
3436 3329 3330 3328 1114 
3437 887 3322 3332 2377 
3438 3322 1115 3329 3332 
3439 3332 3329 1114 3331 
3440 2377 3332 3331 524 
3441 570 3220 3335 3324 
3442 3220 1088 3333 3335 
3443 3335 3333 1117 3334 
3444 3324 3335 3334 1113 
3445 1088 3217 3337 3333 
3446 3217 448 3279 3337 
3447 3337 3279 1105 3336 
3448 3333 3337 3336 1117 
3449 1117 3336 3340 3339 
3450 3336 1105 3289 3340 
3451 3340 3289 574 3338 
3452 3339 3340 3338 1116 
3453 1113 3334 3342 3327 
3454 3334 1117 3339 3342 
3455 3342 3339 1116 3341 
3456 3327 3342 3341 576 
3457 576 3341 3346 3345 
3458 3341 1116 3343 3346 
3459 3346 3343 1119 3344 
3460 3345 3346 3344 1118 
3461 1116 3338 3348 3343 
3462 3338 574 3313 3348 
3463 3348 3313 1111 3347 
3464 3343 3348 3347 1119 
3465 1119 3347 3350 3349 
3466 3347 1111 3319 3350 
3467 3350 3319 173 172 
3468 3349 3350 172 171 
3469 1118 3344 3352 3351 
3470 3344 1119 3349 3352 
3471 3352 3349 171 170 
3472 3351 3352 170 169 
3473 524 3331 3355 2387 
3474 3331 1114 3353 3355 
3475 3355 3353 1120 3354 
3476 2387 3355 3354 890 
3477 1114 3328 3357 3353 
3478 3328 576 3345 3357 
3479 3357 3345 1118 3356 
3480 3353 3357 3356 1120 
3481 1120 3356 3359 3358 
3482 3356 1118 3351 3359 
3483 3359 3351 169 168 
3484 3358 3359 168 167 
3485 890 3354 3360 2390 
3486 3354 1120 3358 3360 
3487 3360 3358 167 166 
3488 2390 3360 166 165 
2 2 3 3072
3489 5 102 4068 323 
3490 102 103 4066 4068 
3491 4068 4066 3524 4067 
3492 323 4068 4067 324 
3493 103 104 4071 4066 
3494 104 105 4069 4071 
3495 4071 4069 3522 4070 
3496 4066 4071 4070 3524 
3497 3524 4070 4075 4074 
3498 4070 3522 4072 4075 
3499 4075 4072 3396 4073 
3500 4074 4075 4073 3523 
3501 324 4067 4077 325 
3502 4067 3524 4074 4077 
3503 4077 4074 3523 4076 
3504 325 4077 4076 326 
3505 105 106 4080 4069 
3506 106 107 4078 4080 
3507 4080 4078 3527 4079 
3508 4069 4080 4079 3522 
3509 107 108 4083 4078 
3510 108 109 4081 4083 
3511 4083 4081 3525 4082 
3512 4078 4083 4082 3527 
3513 3527 4082 4087 4086 
3514 4082 3525 4084 4087 
3515 4087 4084 3394 4085 
3516 4086 4087 4085 3526 
3517 3522 4079 4089 4072 
3518 4079 3527 4086 4089 
3519 4089 4086 3526 4088 
3520 4072 4089 4088 3396 
3521 3396 4088 4093 4092 
3522 4088 3526 4090 4093 
3523 4093 4090 3531 4091 
3524 4092 4093 4091 3530 
3525 3526 4085 4096 4090 
3526 4085 3394 4094 4096 
3527 4096 4094 3528 4095 
3528 4090 4096 4095 3531 
3529 3531 4095 4100 4099 
3530 4095 3528 4097 4100 
3531 4100 4097 3368 4098 
3532 4099 4100 4098 3529 
3533 3530 4091 4103 4102 
3534 4091 3531 4099 4103 
3535 4103 4099 3529 4101 
3536 4102 4103 4101 3395 
3537 326 4076 4106 327 
3538 4076 3523 4104 4106 
3539 4106 4104 3533 4105 
3540 327 4106 4105 328 
3541 3523 4073 4108 4104 
3542 4073 3396 4092 4108 
3543 4108 4092 3530 4107 
3544 4104 4108 4107 3533 
3545 3533 4107 4111 4110 
3546 4107 3530 4102 4111 
3547 4111 4102 3395 4109 
3548 4110 4111 4109 3532 
3549 328 4105 4113 329 
3550 4105 3533 4110 4113 
3551 4113 4110 3532 4112 
3552 329 4113 4112 330 
3553 109 110 4116 4081 
3554 110 111 4114 4116 
3555 4116 4114 3536 4115 
3556 4081 4116 4115 3525 
3557 111 112 4119 4114 
3558 112 113 4117 4119 
3559 4119 4117 3534 4118 
3560 4114 4119 4118 3536 
3561 3536 4118 4123 4122 
3562 4118 3534 4120 4123 
3563 4123 4120 3399 4121 
3564 4122 4123 4121 3535 
3565 3525 4115 4125 4084 
3566 4115 3536 4122 4125 
3567 4125 4122 3535 4124 
3568 4084 4125 4124 3394 
3569 113 114 4128 4117 
3570 114 115 4126 4128 
3571 4128 4126 3539 4127 
3572 4117 4128 4127 3534 
3573 115 116 4131 4126 
3574 116 117 4129 4131 
3575 4131 4129 3537 4130 
3576 4126 4131 4130 3539 
3577 3539 4130 4135 4134 
3578 4130 3537 4132 4135 
3579 4135 4132 3397 4133 
3580 4134 4135 4133 3538 
3581 3534 4127 4137 4120 
3582 4127 3539 4134 4137 
3583 4137 4134 3538 4136 
3584 4120 4137 4136 3399 
3585 3399 4136 4141 4140 
3586 4136 3538 4138 4141 
3587 4141 4138 3543 4139 
3588 4140 4141 4139 3542 
3589 3538 4133 4144 4138 
3590 4133 3397 4142 4144 
3591 4144 4142 3540 4143 
3592 4138 4144 4143 3543 
3593 3543 4143 4148 4147 
3594 4143 3540 4145 4148 
3595 4148 4145 3366 4146 
3596 4147 4148 4146 3541 
3597 3542 4139 4151 4150 
3598 4139 3543 4147 4151 
3599 4151 4147 3541 4149 
3600 4150 4151 4149 3398 
3601 3394 4124 4154 4094 
3602 4124 3535 4152 4154 
3603 4154 4152 3545 4153 
3604 4094 4154 4153 3528 
3605 3535 4121 4156 4152 
3606 4121 3399 4140 4156 
3607 4156 4140 3542 4155 
3608 4152 4156 4155 3545 
3609 3545 4155 4159 4158 
3610 4155 3542 4150 4159 
3611 4159 4150 3398 4157 
3612 4158 4159 4157 3544 
3613 3528 4153 4161 4097 
3614 4153 3545 4158 4161 
3615 4161 4158 3544 4160 
3616 4097 4161 4160 3368 
3617 3368 4160 4165 4164 
3618 4160 3544 4162 4165 
3619 4165 4162 3549 4163 
3620 4164 4165 4163 3548 
3621 3544 4157 4168 4162 
3622 4157 3398 4166 4168 
3623 4168 4166 3546 4167 
3624 4162 4168 4167 3549 
3625 3549 4167 4172 4171 
3626 4167 3546 4169 4172 
3627 4172 4169 3403 4170 
3628 4171 4172 4170 3547 
3629 3548 4163 4175 4174 
3630 4163 3549 4171 4175 
3631 4175 4171 3547 4173 
3632 4174 4175 4173 3402 
3633 3398 4149 4178 4166 
3634 4149 3541 4176 4178 
3635 4178 4176 3552 4177 
3636 4166 4178 4177 3546 
3637 3541 4146 4181 4176 
3638 4146 3366 4179 4181 
3639 4181 4179 3550 4180 
3640 4176 4181 4180 3552 
3641 3552 4180 4185 4184 
3642 4180 3550 4182 4185 
3643 4185 4182 3400 4183 
3644 4184 4185 4183 3551 
3645 3546 4177 4187 4169 
3646 4177 3552 4184 4187 
3647 4187 4184 3551 4186 
3648 4169 4187 4186 3403 
3649 3403 4186 4191 4190 
3650 4186 3551 4188 4191 
3651 4191 4188 3556 4189 
3652 4190 4191 4189 3555 
3653 3551 4183 4194 4188 
3654 4183 3400 4192 4194 
3655 4194 4192 3553 4193 
3656 4188 4194 4193 3556 
3657 3556 4193 4198 4197 
3658 4193 3553 4195 4198 
3659 4198 4195 3362 4196 
3660 4197 4198 4196 3554 
3661 3555 4189 4201 4200 
3662 4189 3556 4197 4201 
3663 4201 4197 3554 4199 
3664 4200 4201 4199 3401 
3665 3402 4173 4205 4204 
3666 4173 3547 4202 4205 
3667 4205 4202 3559 4203 
3668 4204 4205 4203 3558 
3669 3547 4170 4207 4202 
3670 4170 3403 4190 4207 
3671 4207 4190 3555 4206 
3672 4202 4207 4206 3559 
3673 3559 4206 4210 4209 
3674 4206 3555 4200 4210 
3675 4210 4200 3401 4208 
3676 4209 4210 4208 3557 
3677 3558 4203 4213 4212 
3678 4203 3559 4209 4213 
3679 4213 4209 3557 4211 
3680 4212 4213 4211 3367 
3681 330 4112 4216 331 
3682 4112 3532 4214 4216 
3683 4216 4214 3562 4215 
3684 331 4216 4215 332 
3685 3532 4109 4219 4214 
3686 4109 3395 4217 4219 
3687 4219 4217 3560 4218 
3688 4214 4219 4218 3562 
3689 3562 4218 4223 4222 
3690 4218 3560 4220 4223 
3691 4223 4220 3405 4221 
3692 4222 4223 4221 3561 
3693 332 4215 4225 333 
3694 4215 3562 4222 4225 
3695 4225 4222 3561 4224 
3696 333 4225 4224 334 
3697 3395 4101 4228 4217 
3698 4101 3529 4226 4228 
3699 4228 4226 3564 4227 
3700 4217 4228 4227 3560 
3701 3529 4098 4230 4226 
3702 4098 3368 4164 4230 
3703 4230 4164 3548 4229 
3704 4226 4230 4229 3564 
3705 3564 4229 4233 4232 
3706 4229 3548 4174 4233 
3707 4233 4174 3402 4231 
3708 4232 4233 4231 3563 
3709 3560 4227 4235 4220 
3710 4227 3564 4232 4235 
3711 4235 4232 3563 4234 
3712 4220 4235 4234 3405 
3713 3405 4234 4239 4238 
3714 4234 3563 4236 4239 
3715 4239 4236 3567 4237 
3716 4238 4239 4237 3566 
3717 3563 4231 4241 4236 
3718 4231 3402 4204 4241 
3719 4241 4204 3558 4240 
3720 4236 4241 4240 3567 
3721 3567 4240 4244 4243 
3722 4240 3558 4212 4244 
3723 4244 4212 3367 4242 
3724 4243 4244 4242 3565 
3725 3566 4237 4247 4246 
3726 4237 3567 4243 4247 
3727 4247 4243 3565 4245 
3728 4246 4247 4245 3404 
3729 334 4224 4250 335 
3730 4224 3561 4248 4250 
3731 4250 4248 3569 4249 
3732 335 4250 4249 336 
3733 3561 4221 4252 4248 
3734 4221 3405 4238 4252 
3735 4252 4238 3566 4251 
3736 4248 4252 4251 3569 
3737 3569 4251 4255 4254 
3738 4251 3566 4246 4255 
3739 4255 4246 3404 4253 
3740 4254 4255 4253 3568 
3741 336 4249 4257 337 
3742 4249 3569 4254 4257 
3743 4257 4254 3568 4256 
3744 337 4257 4256 338 
3745 117 118 4260 4129 
3746 118 119 4258 4260 
3747 4260 4258 3572 4259 
3748 4129 4260 4259 3537 
3749 119 120 4263 4258 
3750 120 121 4261 4263 
3751 4263 4261 3570 4262 
3752 4258 4263 4262 3572 
3753 3572 4262 4267 4266 
3754 4262 3570 4264 4267 
3755 4267 4264 3408 4265 
3756 4266 4267 4265 3571 
3757 3537 4259 4269 4132 
3758 4259 3572 4266 4269 
3759 4269 4266 3571 4268 
3760 4132 4269 4268 3397 
3761 121 122 4272 4261 
3762 122 123 4270 4272 
3763 4272 4270 3575 4271 
3764 4261 4272 4271 3570 
3765 123 124 4275 4270 
3766 124 125 4273 4275 
3767 4275 4273 3573 4274 
3768 4270 4275 4274 3575 
3769 3575 4274 4279 4278 
3770 4274 3573 4276 4279 
3771 4279 4276 3406 4277 
3772 4278 4279 4277 3574 
3773 3570 4271 4281 4264 
3774 4271 3575 4278 4281 
3775 4281 4278 3574 4280 
3776 4264 4281 4280 3408 
3777 3408 4280 4285 4284 
3778 4280 3574 4282 4285 
3779 4285 4282 3579 4283 
3780 4284 4285 4283 3578 
3781 3574 4277 4288 4282 
3782 4277 3406 4286 4288 
3783 4288 4286 3576 4287 
3784 4282 4288 4287 3579 
3785 3579 4287 4292 4291 
3786 4287 3576 4289 4292 
3787 4292 4289 3371 4290 
3788 4291 4292 4290 3577 
3789 3578 4283 4295 4294 
3790 4283 3579 4291 4295 
3791 4295 4291 3577 4293 
3792 4294 4295 4293 3407 
3793 3397 4268 4298 4142 
3794 4268 3571 4296 4298 
3795 4298 4296 3581 4297 
3796 4142 4298 4297 3540 
3797 3571 4265 4300 4296 
3798 4265 3408 4284 4300 
3799 4300 4284 3578 4299 
3800 4296 4300 4299 3581 
3801 3581 4299 4303 4302 
3802 4299 3578 4294 4303 
3803 4303 4294 3407 4301 
3804 4302 4303 4301 3580 
3805 3540 4297 4305 4145 
3806 4297 3581 4302 4305 
3807 4305 4302 3580 4304 
3808 4145 4305 4304 3366 
3809 125 126 4308 4273 
3810 126 127 4306 4308 
3811 4308 4306 3584 4307 
3812 4273 4308 4307 3573 
3813 127 128 4311 4306 
3814 128 129 4309 4311 
3815 4311 4309 3582 4310 
3816 4306 4311 4310 3584 
3817 3584 4310 4315 4314 
3818 4310 3582 4312 4315 
3819 4315 4312 3411 4313 
3820 4314 4315 4313 3583 
3821 3573 4307 4317 4276 
3822 4307 3584 4314 4317 
3823 4317 4314 3583 4316 
3824 4276 4317 4316 3406 
3825 129 130 4320 4309 
3826 130 131 4318 4320 
3827 4320 4318 3587 4319 
3828 4309 4320 4319 3582 
3829 131 132 4323 4318 
3830 132 133 4321 4323 
3831 4323 4321 3585 4322 
3832 4318 4323 4322 3587 
3833 3587 4322 4327 4326 
3834 4322 3585 4324 4327 
3835 4327 4324 3409 4325 
3836 4326 4327 4325 3586 
3837 3582 4319 4329 4312 
3838 4319 3587 4326 4329 
3839 4329 4326 3586 4328 
3840 4312 4329 4328 3411 
3841 3411 4328 4333 4332 
3842 4328 3586 4330 4333 
3843 4333 4330 3591 4331 
3844 4332 4333 4331 3590 
3845 3586 4325 4336 4330 
3846 4325 3409 4334 4336 
3847 4336 4334 3588 4335 
3848 4330 4336 4335 3591 
3849 3591 4335 4340 4339 
3850 4335 3588 4337 4340 
3851 4340 4337 3369 4338 
3852 4339 4340 4338 3589 
3853 3590 4331 4343 4342 
3854 4331 3591 4339 4343 
3855 4343 4339 3589 4341 
3856 4342 4343 4341 3410 
3857 3406 4316 4346 4286 
3858 4316 3583 4344 4346 
3859 4346 4344 3593 4345 
3860 4286 4346 4345 3576 
3861 3583 4313 4348 4344 
3862 4313 3411 4332 4348 
3863 4348 4332 3590 4347 
3864 4344 4348 4347 3593 
3865 3593 4347 4351 4350 
3866 4347 3590 4342 4351 
3867 4351 4342 3410 4349 
3868 4350 4351 4349 3592 
3869 3576 4345 4353 4289 
3870 4345 3593 4350 4353 
3871 4353 4350 3592 4352 
3872 4289 4353 4352 3371 
3873 3371 4352 4357 4356 
3874 4352 3592 4354 4357 
3875 4357 4354 3597 4355 
3876 4356 4357 4355 3596 
3877 3592 4349 4360 4354 
3878 4349 3410 4358 4360 
3879 4360 4358 3594 4359 
3880 4354 4360 4359 3597 
3881 3597 4359 4364 4363 
3882 4359 3594 4361 4364 
3883 4364 4361 3415 4362 
3884 4363 4364 4362 3595 
3885 3596 4355 4367 4366 
3886 4355 3597 4363 4367 
3887 4367 4363 3595 4365 
3888 4366 4367 4365 3414 
3889 3410 4341 4370 4358 
3890 4341 3589 4368 4370 
3891 4370 4368 3600 4369 
3892 4358 4370 4369 3594 
3893 3589 4338 4373 4368 
3894 4338 3369 4371 4373 
3895 4373 4371 3598 4372 
3896 4368 4373 4372 3600 
3897 3600 4372 4377 4376 
3898 4372 3598 4374 4377 
3899 4377 4374 3412 4375 
3900 4376 4377 4375 3599 
3901 3594 4369 4379 4361 
3902 4369 3600 4376 4379 
3903 4379 4376 3599 4378 
3904 4361 4379 4378 3415 
3905 3415 4378 4383 4382 
3906 4378 3599 4380 4383 
3907 4383 4380 3604 4381 
3908 4382 4383 4381 3603 
3909 3599 4375 4386 4380 
3910 4375 3412 4384 4386 
3911 4386 4384 3601 4385 
3912 4380 4386 4385 3604 
3913 3604 4385 4390 4389 
3914 4385 3601 4387 4390 
3915 4390 4387 3361 4388 
3916 4389 4390 4388 3602 
3917 3603 4381 4393 4392 
3918 4381 3604 4389 4393 
3919 4393 4389 3602 4391 
3920 4392 4393 4391 3413 
3921 3414 4365 4397 4396 
3922 4365 3595 4394 4397 
3923 4397 4394 3607 4395 
3924 4396 4397 4395 3606 
3925 3595 4362 4399 4394 
3926 4362 3415 4382 4399 
3927 4399 4382 3603 4398 
3928 4394 4399 4398 3607 
3929 3607 4398 4402 4401 
3930 4398 3603 4392 4402 
3931 4402 4392 3413 4400 
3932 4401 4402 4400 3605 
3933 3606 4395 4405 4404 
3934 4395 3607 4401 4405 
3935 4405 4401 3605 4403 
3936 4404 4405 4403 3370 
3937 3366 4304 4408 4179 
3938 4304 3580 4406 4408 
3939 4408 4406 3610 4407 
3940 4179 4408 4407 3550 
3941 3580 4301 4411 4406 
3942 4301 3407 4409 4411 
3943 4411 4409 3608 4410 
3944 4406 4411 4410 3610 
3945 3610 4410 4415 4414 
3946 4410 3608 4412 4415 
3947 4415 4412 3417 4413 
3948 4414 4415 4413 3609 
3949 3550 4407 4417 4182 
3950 4407 3610 4414 4417 
3951 4417 4414 3609 4416 
3952 4182 4417 4416 3400 
3953 3407 4293 4420 4409 
3954 4293 3577 4418 4420 
3955 4420 4418 3612 4419 
3956 4409 4420 4419 3608 
3957 3577 4290 4422 4418 
3958 4290 3371 4356 4422 
3959 4422 4356 3596 4421 
3960 4418 4422 4421 3612 
3961 3612 4421 4425 4424 
3962 4421 3596 4366 4425 
3963 4425 4366 3414 4423 
3964 4424 4425 4423 3611 
3965 3608 4419 4427 4412 
3966 4419 3612 4424 4427 
3967 4427 4424 3611 4426 
3968 4412 4427 4426 3417 
3969 3417 4426 4431 4430 
3970 4426 3611 4428 4431 
3971 4431 4428 3615 4429 
3972 4430 4431 4429 3614 
3973 3611 4423 4433 4428 
3974 4423 3414 4396 4433 
3975 4433 4396 3606 4432 
3976 4428 4433 4432 3615 
3977 3615 4432 4436 4435 
3978 4432 3606 4404 4436 
3979 4436 4404 3370 4434 
3980 4435 4436 4434 3613 
3981 3614 4429 4439 4438 
3982 4429 3615 4435 4439 
3983 4439 4435 3613 4437 
3984 4438 4439 4437 3416 
3985 3400 4416 4442 4192 
3986 4416 3609 4440 4442 
3987 4442 4440 3617 4441 
3988 4192 4442 4441 3553 
3989 3609 4413 4444 4440 
3990 4413 3417 4430 4444 
3991 4444 4430 3614 4443 
3992 4440 4444 4443 3617 
3993 3617 4443 4447 4446 
3994 4443 3614 4438 4447 
3995 4447 4438 3416 4445 
3996 4446 4447 4445 3616 
3997 3553 4441 4449 4195 
3998 4441 3617 4446 4449 
3999 4449 4446 3616 4448 
4000 4195 4449 4448 3362 
4001 3362 4448 4453 4452 
4002 4448 3616 4450 4453 
4003 4453 4450 3621 4451 
4004 4452 4453 4451 3620 
4005 3616 4445 4456 4450 
4006 4445 3416 4454 4456 
4007 4456 4454 3618 4455 
4008 4450 4456 4455 3621 
4009 3621 4455 4460 4459 
4010 4455 3618 4457 4460 
4011 4460 4457 3421 4458 
4012 4459 4460 4458 3619 
4013 3620 4451 4463 4462 
4014 4451 3621 4459 4463 
4015 4463 4459 3619 4461 
4016 4462 4463 4461 3420 
4017 3416 4437 4466 4454 
4018 4437 3613 4464 4466 
4019 4466 4464 3624 4465 
4020 4454 4466 4465 3618 
4021 3613 4434 4469 4464 
4022 4434 3370 4467 4469 
4023 4469 4467 3622 4468 
4024 4464 4469 4468 3624 
4025 3624 4468 4473 4472 
4026 4468 3622 4470 4473 
4027 4473 4470 3418 4471 
4028 4472 4473 4471 3623 
4029 3618 4465 4475 4457 
4030 4465 3624 4472 4475 
4031 4475 4472 3623 4474 
4032 4457 4475 4474 3421 
4033 3421 4474 4479 4478 
4034 4474 3623 4476 4479 
4035 4479 4476 3628 4477 
4036 4478 4479 4477 3627 
4037 3623 4471 4482 4476 
4038 4471 3418 4480 4482 
4039 4482 4480 3625 4481 
4040 4476 4482 4481 3628 
4041 3628 4481 4486 4485 
4042 4481 3625 4483 4486 
4043 4486 4483 3374 4484 
4044 4485 4486 4484 3626 
4045 3627 4477 4489 4488 
4046 4477 3628 4485 4489 
4047 4489 4485 3626 4487 
4048 4488 4489 4487 3419 
4049 3420 4461 4493 4492 
4050 4461 3619 4490 4493 
4051 4493 4490 3631 4491 
4052 4492 4493 4491 3630 
4053 3619 4458 4495 4490 
4054 4458 3421 4478 4495 
4055 4495 4478 3627 4494 
4056 4490 4495 4494 3631 
4057 3631 4494 4498 4497 
4058 4494 3627 4488 4498 
4059 4498 4488 3419 4496 
4060 4497 4498 4496 3629 
4061 3630 4491 4501 4500 
4062 4491 3631 4497 4501 
4063 4501 4497 3629 4499 
4064 4500 4501 4499 3373 
4065 3370 4403 4504 4467 
4066 4403 3605 4502 4504 
4067 4504 4502 3634 4503 
4068 4467 4504 4503 3622 
4069 3605 4400 4507 4502 
4070 4400 3413 4505 4507 
4071 4507 4505 3632 4506 
4072 4502 4507 4506 3634 
4073 3634 4506 4511 4510 
4074 4506 3632 4508 4511 
4075 4511 4508 3424 4509 
4076 4510 4511 4509 3633 
4077 3622 4503 4513 4470 
4078 4503 3634 4510 4513 
4079 4513 4510 3633 4512 
4080 4470 4513 4512 3418 
4081 3413 4391 4516 4505 
4082 4391 3602 4514 4516 
4083 4516 4514 3637 4515 
4084 4505 4516 4515 3632 
4085 3602 4388 4519 4514 
4086 4388 3361 4517 4519 
4087 4519 4517 3635 4518 
4088 4514 4519 4518 3637 
4089 3637 4518 4523 4522 
4090 4518 3635 4520 4523 
4091 4523 4520 3422 4521 
4092 4522 4523 4521 3636 
4093 3632 4515 4525 4508 
4094 4515 3637 4522 4525 
4095 4525 4522 3636 4524 
4096 4508 4525 4524 3424 
4097 3424 4524 4529 4528 
4098 4524 3636 4526 4529 
4099 4529 4526 3641 4527 
4100 4528 4529 4527 3640 
4101 3636 4521 4532 4526 
4102 4521 3422 4530 4532 
4103 4532 4530 3638 4531 
4104 4526 4532 4531 3641 
4105 3641 4531 4536 4535 
4106 4531 3638 4533 4536 
4107 4536 4533 3372 4534 
4108 4535 4536 4534 3639 
4109 3640 4527 4539 4538 
4110 4527 3641 4535 4539 
4111 4539 4535 3639 4537 
4112 4538 4539 4537 3423 
4113 3418 4512 4542 4480 
4114 4512 3633 4540 4542 
4115 4542 4540 3643 4541 
4116 4480 4542 4541 3625 
4117 3633 4509 4544 4540 
4118 4509 3424 4528 4544 
4119 4544 4528 3640 4543 
4120 4540 4544 4543 3643 
4121 3643 4543 4547 4546 
4122 4543 3640 4538 4547 
4123 4547 4538 3423 4545 
4124 4546 4547 4545 3642 
4125 3625 4541 4549 4483 
4126 4541 3643 4546 4549 
4127 4549 4546 3642 4548 
4128 4483 4549 4548 3374 
4129 3374 4548 4553 4552 
4130 4548 3642 4550 4553 
4131 4553 4550 3647 4551 
4132 4552 4553 4551 3646 
4133 3642 4545 4556 4550 
4134 4545 3423 4554 4556 
4135 4556 4554 3644 4555 
4136 4550 4556 4555 3647 
4137 3647 4555 4560 4559 
4138 4555 3644 4557 4560 
4139 4560 4557 3427 4558 
4140 4559 4560 4558 3645 
4141 3646 4551 4563 4562 
4142 4551 3647 4559 4563 
4143 4563 4559 3645 4561 
4144 4562 4563 4561 3426 
4145 3423 4537 4566 4554 
4146 4537 3639 4564 4566 
4147 4566 4564 3650 4565 
4148 4554 4566 4565 3644 
4149 3639 4534 4569 4564 
4150 4534 3372 4567 4569 
4151 4569 4567 3648 4568 
4152 4564 4569 4568 3650 
4153 3650 4568 4573 4572 
4154 4568 3648 4570 4573 
4155 4573 4570 3425 4571 
4156 4572 4573 4571 3649 
4157 3644 4565 4575 4557 
4158 4565 3650 4572 4575 
4159 4575 4572 3649 4574 
4160 4557 4575 4574 3427 
4161 3427 4574 4579 4578 
4162 4574 3649 4576 4579 
4163 4579 4576 3653 4577 
4164 4578 4579 4577 3652 
4165 3649 4571 4582 4576 
4166 4571 3425 4580 4582 
4167 4582 4580 3651 4581 
4168 4576 4582 4581 3653 
4169 3653 4581 4585 4584 
4170 4581 3651 4583 4585 
4171 4585 4583 38 37 
4172 4584 4585 37 36 
4173 3652 4577 4587 4586 
4174 4577 3653 4584 4587 
4175 4587 4584 36 35 
4176 4586 4587 35 34 
4177 3426 4561 4591 4590 
4178 4561 3645 4588 4591 
4179 4591 4588 3655 4589 
4180 4590 4591 4589 3654 
4181 3645 4558 4593 4588 
4182 4558 3427 4578 4593 
4183 4593 4578 3652 4592 
4184 4588 4593 4592 3655 
4185 3655 4592 4595 4594 
4186 4592 3652 4586 4595 
4187 4595 4586 34 33 
4188 4594 4595 33 32 
4189 3654 4589 4597 4596 
4190 4589 3655 4594 4597 
4191 4597 4594 32 31 
4192 4596 4597 31 30 
4193 3373 4499 4601 4600 
4194 4499 3629 4598 4601 
4195 4601 4598 3659 4599 
4196 4600 4601 4599 3658 
4197 3629 4496 4604 4598 
4198 4496 3419 4602 4604 
4199 4604 4602 3656 4603 
4200 4598 4604 4603 3659 
4201 3659 4603 4608 4607 
4202 4603 3656 4605 4608 
4203 4608 4605 3429 4606 
4204 4607 4608 4606 3657 
4205 3658 4599 4611 4610 
4206 4599 3659 4607 4611 
4207 4611 4607 3657 4609 
4208 4610 4611 4609 3428 
4209 3419 4487 4614 4602 
4210 4487 3626 4612 4614 
4211 4614 4612 3661 4613 
4212 4602 4614 4613 3656 
4213 3626 4484 4616 4612 
4214 4484 3374 4552 4616 
4215 4616 4552 3646 4615 
4216 4612 4616 4615 3661 
4217 3661 4615 4619 4618 
4218 4615 3646 4562 4619 
4219 4619 4562 3426 4617 
4220 4618 4619 4617 3660 
4221 3656 4613 4621 4605 
4222 4613 3661 4618 4621 
4223 4621 4618 3660 4620 
4224 4605 4621 4620 3429 
4225 3429 4620 4625 4624 
4226 4620 3660 4622 4625 
4227 4625 4622 3663 4623 
4228 4624 4625 4623 3662 
4229 3660 4617 4627 4622 
4230 4617 3426 4590 4627 
4231 4627 4590 3654 4626 
4232 4622 4627 4626 3663 
4233 3663 4626 4629 4628 
4234 4626 3654 4596 4629 
4235 4629 4596 30 29 
4236 4628 4629 29 28 
4237 3662 4623 4631 4630 
4238 4623 3663 4628 4631 
4239 4631 4628 28 27 
4240 4630 4631 27 26 
4241 3428 4609 4635 4634 
4242 4609 3657 4632 4635 
4243 4635 4632 3665 4633 
4244 4634 4635 4633 3664 
4245 3657 4606 4637 4632 
4246 4606 3429 4624 4637 
4247 4637 4624 3662 4636 
4248 4632 4637 4636 3665 
4249 3665 4636 4639 4638 
4250 4636 3662 4630 4639 
4251 4639 4630 26 25 
4252 4638 4639 25 24 
4253 3664 4633 4641 4640 
4254 4633 3665 4638 4641 
4255 4641 4638 24 23 
4256 4640 4641 23 22 
4257 338 4256 4644 339 
4258 4256 3568 4642 4644 
4259 4644 4642 3668 4643 
4260 339 4644 4643 340 
4261 3568 4253 4647 4642 
4262 4253 3404 4645 4647 
4263 4647 4645 3666 4646 
4264 4642 4647 4646 3668 
4265 3668 4646 4651 4650 
4266 4646 3666 4648 4651 
4267 4651 4648 3432 4649 
4268 4650 4651 4649 3667 
4269 340 4643 4653 341 
4270 4643 3668 4650 4653 
4271 4653 4650 3667 4652 
4272 341 4653 4652 342 
4273 3404 4245 4656 4645 
4274 4245 3565 4654 4656 
4275 4656 4654 3671 4655 
4276 4645 4656 4655 3666 
4277 3565 4242 4659 4654 
4278 4242 3367 4657 4659 
4279 4659 4657 3669 4658 
4280 4654 4659 4658 3671 
4281 3671 4658 4663 4662 
4282 4658 3669 4660 4663 
4283 4663 4660 3430 4661 
4284 4662 4663 4661 3670 
4285 3666 4655 4665 4648 
4286 4655 3671 4662 4665 
4287 4665 4662 3670 4664 
4288 4648 4665 4664 3432 
4289 3432 4664 4669 4668 
4290 4664 3670 4666 4669 
4291 4669 4666 3675 4667 
4292 4668 4669 4667 3674 
4293 3670 4661 4672 4666 
4294 4661 3430 4670 4672 
4295 4672 4670 3672 4671 
4296 4666 4672 4671 3675 
4297 3675 4671 4676 4675 
4298 4671 3672 4673 4676 
4299 4676 4673 3375 4674 
4300 4675 4676 4674 3673 
4301 3674 4667 4679 4678 
4302 4667 3675 4675 4679 
4303 4679 4675 3673 4677 
4304 4678 4679 4677 3431 
4305 342 4652 4682 343 
4306 4652 3667 4680 4682 
4307 4682 4680 3677 4681 
4308 343 4682 4681 344 
4309 3667 4649 4684 4680 
4310 4649 3432 4668 4684 
4311 4684 4668 3674 4683 
4312 4680 4684 4683 3677 
4313 3677 4683 4687 4686 
4314 4683 3674 4678 4687 
4315 4687 4678 3431 4685 
4316 4686 4687 4685 3676 
4317 344 4681 4689 345 
4318 4681 3677 4686 4689 
4319 4689 4686 3676 4688 
4320 345 4689 4688 346 
4321 3367 4211 4692 4657 
4322 4211 3557 4690 4692 
4323 4692 4690 3680 4691 
4324 4657 4692 4691 3669 
4325 3557 4208 4695 4690 
4326 4208 3401 4693 4695 
4327 4695 4693 3678 4694 
4328 4690 4695 4694 3680 
4329 3680 4694 4699 4698 
4330 4694 3678 4696 4699 
4331 4699 4696 3434 4697 
4332 4698 4699 4697 3679 
4333 3669 4691 4701 4660 
4334 4691 3680 4698 4701 
4335 4701 4698 3679 4700 
4336 4660 4701 4700 3430 
4337 3401 4199 4704 4693 
4338 4199 3554 4702 4704 
4339 4704 4702 3682 4703 
4340 4693 4704 4703 3678 
4341 3554 4196 4706 4702 
4342 4196 3362 4452 4706 
4343 4706 4452 3620 4705 
4344 4702 4706 4705 3682 
4345 3682 4705 4709 4708 
4346 4705 3620 4462 4709 
4347 4709 4462 3420 4707 
4348 4708 4709 4707 3681 
4349 3678 4703 4711 4696 
4350 4703 3682 4708 4711 
4351 4711 4708 3681 4710 
4352 4696 4711 4710 3434 
4353 3434 4710 4715 4714 
4354 4710 3681 4712 4715 
4355 4715 4712 3685 4713 
4356 4714 4715 4713 3684 
4357 3681 4707 4717 4712 
4358 4707 3420 4492 4717 
4359 4717 4492 3630 4716 
4360 4712 4717 4716 3685 
4361 3685 4716 4720 4719 
4362 4716 3630 4500 4720 
4363 4720 4500 3373 4718 
4364 4719 4720 4718 3683 
4365 3684 4713 4723 4722 
4366 4713 3685 4719 4723 
4367 4723 4719 3683 4721 
4368 4722 4723 4721 3433 
4369 3430 4700 4726 4670 
4370 4700 3679 4724 4726 
4371 4726 4724 3687 4725 
4372 4670 4726 4725 3672 
4373 3679 4697 4728 4724 
4374 4697 3434 4714 4728 
4375 4728 4714 3684 4727 
4376 4724 4728 4727 3687 
4377 3687 4727 4731 4730 
4378 4727 3684 4722 4731 
4379 4731 4722 3433 4729 
4380 4730 4731 4729 3686 
4381 3672 4725 4733 4673 
4382 4725 3687 4730 4733 
4383 4733 4730 3686 4732 
4384 4673 4733 4732 3375 
4385 3375 4732 4737 4736 
4386 4732 3686 4734 4737 
4387 4737 4734 3691 4735 
4388 4736 4737 4735 3690 
4389 3686 4729 4740 4734 
4390 4729 3433 4738 4740 
4391 4740 4738 3688 4739 
4392 4734 4740 4739 3691 
4393 3691 4739 4744 4743 
4394 4739 3688 4741 4744 
4395 4744 4741 3436 4742 
4396 4743 4744 4742 3689 
4397 3690 4735 4747 4746 
4398 4735 3691 4743 4747 
4399 4747 4743 3689 4745 
4400 4746 4747 4745 3435 
4401 3433 4721 4750 4738 
4402 4721 3683 4748 4750 
4403 4750 4748 3693 4749 
4404 4738 4750 4749 3688 
4405 3683 4718 4752 4748 
4406 4718 3373 4600 4752 
4407 4752 4600 3658 4751 
4408 4748 4752 4751 3693 
4409 3693 4751 4755 4754 
4410 4751 3658 4610 4755 
4411 4755 4610 3428 4753 
4412 4754 4755 4753 3692 
4413 3688 4749 4757 4741 
4414 4749 3693 4754 4757 
4415 4757 4754 3692 4756 
4416 4741 4757 4756 3436 
4417 3436 4756 4761 4760 
4418 4756 3692 4758 4761 
4419 4761 4758 3695 4759 
4420 4760 4761 4759 3694 
4421 3692 4753 4763 4758 
4422 4753 3428 4634 4763 
4423 4763 4634 3664 4762 
4424 4758 4763 4762 3695 
4425 3695 4762 4765 4764 
4426 4762 3664 4640 4765 
4427 4765 4640 22 21 
4428 4764 4765 21 20 
4429 3694 4759 4767 4766 
4430 4759 3695 4764 4767 
4431 4767 4764 20 19 
4432 4766 4767 19 18 
4433 3435 4745 4771 4770 
4434 4745 3689 4768 4771 
4435 4771 4768 3697 4769 
4436 4770 4771 4769 3696 
4437 3689 4742 4773 4768 
4438 4742 3436 4760 4773 
4439 4773 4760 3694 4772 
4440 4768 4773 4772 3697 
4441 3697 4772 4775 4774 
4442 4772 3694 4766 4775 
4443 4775 4766 18 17 
4444 4774 4775 17 16 
4445 3696 4769 4777 4776 
4446 4769 3697 4774 4777 
4447 4777 4774 16 15 
4448 4776 4777 15 14 
4449 346 4688 4780 347 
4450 4688 3676 4778 4780 
4451 4780 4778 3700 4779 
4452 347 4780 4779 348 
4453 3676 4685 4783 4778 
4454 4685 3431 4781 4783 
4455 4783 4781 3698 4782 
4456 4778 4783 4782 3700 
4457 3700 4782 4787 4786 
4458 4782 3698 4784 4787 
4459 4787 4784 3437 4785 
4460 4786 4787 4785 3699 
4461 348 4779 4789 349 
4462 4779 3700 4786 4789 
4463 4789 4786 3699 4788 
4464 349 4789 4788 350 
4465 3431 4677 4792 4781 
4466 4677 3673 4790 4792 
4467 4792 4790 3702 4791 
4468 4781 4792 4791 3698 
4469 3673 4674 4794 4790 
4470 4674 3375 4736 4794 
4471 4794 4736 3690 4793 
4472 4790 4794 4793 3702 
4473 3702 4793 4797 4796 
4474 4793 3690 4746 4797 
4475 4797 4746 3435 4795 
4476 4796 4797 4795 3701 
4477 3698 4791 4799 4784 
4478 4791 3702 4796 4799 
4479 4799 4796 3701 4798 
4480 4784 4799 4798 3437 
4481 3437 4798 4803 4802 
4482 4798 3701 4800 4803 
4483 4803 4800 3704 4801 
4484 4802 4803 4801 3703 
4485 3701 4795 4805 4800 
4486 4795 3435 4770 4805 
4487 4805 4770 3696 4804 
4488 4800 4805 4804 3704 
4489 3704 4804 4807 4806 
4490 4804 3696 4776 4807 
4491 4807 4776 14 13 
4492 4806 4807 13 12 
4493 3703 4801 4809 4808 
4494 4801 3704 4806 4809 
4495 4809 4806 12 11 
4496 4808 4809 11 10 
4497 350 4788 4812 351 
4498 4788 3699 4810 4812 
4499 4812 4810 3705 4811 
4500 351 4812 4811 352 
4501 3699 4785 4814 4810 
4502 4785 3437 4802 4814 
4503 4814 4802 3703 4813 
4504 4810 4814 4813 3705 
4505 3705 4813 4816 4815 
4506 4813 3703 4808 4816 
4507 4816 4808 10 9 
4508 4815 4816 9 8 
4509 352 4811 4817 353 
4510 4811 3705 4815 4817 
4511 4817 4815 8 7 
4512 353 4817 7 4 
4513 133 134 4820 4321 
4514 134 135 4818 4820 
4515 4820 4818 3708 4819 
4516 4321 4820 4819 3585 
4517 135 136 4823 4818 
4518 136 137 4821 4823 
4519 4823 4821 3706 4822 
4520 4818 4823 4822 3708 
4521 3708 4822 4827 4826 
4522 4822 3706 4824 4827 
4523 4827 4824 3440 4825 
4524 4826 4827 4825 3707 
4525 3585 4819 4829 4324 
4526 4819 3708 4826 4829 
4527 4829 4826 3707 4828 
4528 4324 4829 4828 3409 
4529 137 138 4832 4821 
4530 138 139 4830 4832 
4531 4832 4830 3711 4831 
4532 4821 4832 4831 3706 
4533 139 140 4835 4830 
4534 140 141 4833 4835 
4535 4835 4833 3709 4834 
4536 4830 4835 4834 3711 
4537 3711 4834 4839 4838 
4538 4834 3709 4836 4839 
4539 4839 4836 3438 4837 
4540 4838 4839 4837 3710 
4541 3706 4831 4841 4824 
4542 4831 3711 4838 4841 
4543 4841 4838 3710 4840 
4544 4824 4841 4840 3440 
4545 3440 4840 4845 4844 
4546 4840 3710 4842 4845 
4547 4845 4842 3715 4843 
4548 4844 4845 4843 3714 
4549 3710 4837 4848 4842 
4550 4837 3438 4846 4848 
4551 4848 4846 3712 4847 
4552 4842 4848 4847 3715 
4553 3715 4847 4852 4851 
4554 4847 3712 4849 4852 
4555 4852 4849 3378 4850 
4556 4851 4852 4850 3713 
4557 3714 4843 4855 4854 
4558 4843 3715 4851 4855 
4559 4855 4851 3713 4853 
4560 4854 4855 4853 3439 
4561 3409 4828 4858 4334 
4562 4828 3707 4856 4858 
4563 4858 4856 3717 4857 
4564 4334 4858 4857 3588 
4565 3707 4825 4860 4856 
4566 4825 3440 4844 4860 
4567 4860 4844 3714 4859 
4568 4856 4860 4859 3717 
4569 3717 4859 4863 4862 
4570 4859 3714 4854 4863 
4571 4863 4854 3439 4861 
4572 4862 4863 4861 3716 
4573 3588 4857 4865 4337 
4574 4857 3717 4862 4865 
4575 4865 4862 3716 4864 
4576 4337 4865 4864 3369 
4577 141 142 4868 4833 
4578 142 143 4866 4868 
4579 4868 4866 3720 4867 
4580 4833 4868 4867 3709 
4581 143 144 4871 4866 
4582 144 145 4869 4871 
4583 4871 4869 3718 4870 
4584 4866 4871 4870 3720 
4585 3720 4870 4875 4874 
4586 4870 3718 4872 4875 
4587 4875 4872 3443 4873 
4588 4874 4875 4873 3719 
4589 3709 4867 4877 4836 
4590 4867 3720 4874 4877 
4591 4877 4874 3719 4876 
4592 4836 4877 4876 3438 
4593 145 146 4880 4869 
4594 146 147 4878 4880 
4595 4880 4878 3723 4879 
4596 4869 4880 4879 3718 
4597 147 148 4883 4878 
4598 148 149 4881 4883 
4599 4883 4881 3721 4882 
4600 4878 4883 4882 3723 
4601 3723 4882 4887 4886 
4602 4882 3721 4884 4887 
4603 4887 4884 3441 4885 
4604 4886 4887 4885 3722 
4605 3718 4879 4889 4872 
4606 4879 3723 4886 4889 
4607 4889 4886 3722 4888 
4608 4872 4889 4888 3443 
4609 3443 4888 4893 4892 
4610 4888 3722 4890 4893 
4611 4893 4890 3727 4891 
4612 4892 4893 4891 3726 
4613 3722 4885 4896 4890 
4614 4885 3441 4894 4896 
4615 4896 4894 3724 4895 
4616 4890 4896 4895 3727 
4617 3727 4895 4900 4899 
4618 4895 3724 4897 4900 
4619 4900 4897 3376 4898 
4620 4899 4900 4898 3725 
4621 3726 4891 4903 4902 
4622 4891 3727 4899 4903 
4623 4903 4899 3725 4901 
4624 4902 4903 4901 3442 
4625 3438 4876 4906 4846 
4626 4876 3719 4904 4906 
4627 4906 4904 3729 4905 
4628 4846 4906 4905 3712 
4629 3719 4873 4908 4904 
4630 4873 3443 4892 4908 
4631 4908 4892 3726 4907 
4632 4904 4908 4907 3729 
4633 3729 4907 4911 4910 
4634 4907 3726 4902 4911 
4635 4911 4902 3442 4909 
4636 4910 4911 4909 3728 
4637 3712 4905 4913 4849 
4638 4905 3729 4910 4913 
4639 4913 4910 3728 4912 
4640 4849 4913 4912 3378 
4641 3378 4912 4917 4916 
4642 4912 3728 4914 4917 
4643 4917 4914 3733 4915 
4644 4916 4917 4915 3732 
4645 3728 4909 4920 4914 
4646 4909 3442 4918 4920 
4647 4920 4918 3730 4919 
4648 4914 4920 4919 3733 
4649 3733 4919 4924 4923 
4650 4919 3730 4921 4924 
4651 4924 4921 3447 4922 
4652 4923 4924 4922 3731 
4653 3732 4915 4927 4926 
4654 4915 3733 4923 4927 
4655 4927 4923 3731 4925 
4656 4926 4927 4925 3446 
4657 3442 4901 4930 4918 
4658 4901 3725 4928 4930 
4659 4930 4928 3736 4929 
4660 4918 4930 4929 3730 
4661 3725 4898 4933 4928 
4662 4898 3376 4931 4933 
4663 4933 4931 3734 4932 
4664 4928 4933 4932 3736 
4665 3736 4932 4937 4936 
4666 4932 3734 4934 4937 
4667 4937 4934 3444 4935 
4668 4936 4937 4935 3735 
4669 3730 4929 4939 4921 
4670 4929 3736 4936 4939 
4671 4939 4936 3735 4938 
4672 4921 4939 4938 3447 
4673 3447 4938 4943 4942 
4674 4938 3735 4940 4943 
4675 4943 4940 3740 4941 
4676 4942 4943 4941 3739 
4677 3735 4935 4946 4940 
4678 4935 3444 4944 4946 
4679 4946 4944 3737 4945 
4680 4940 4946 4945 3740 
4681 3740 4945 4950 4949 
4682 4945 3737 4947 4950 
4683 4950 4947 3364 4948 
4684 4949 4950 4948 3738 
4685 3739 4941 4953 4952 
4686 4941 3740 4949 4953 
4687 4953 4949 3738 4951 
4688 4952 4953 4951 3445 
4689 3446 4925 4957 4956 
4690 4925 3731 4954 4957 
4691 4957 4954 3743 4955 
4692 4956 4957 4955 3742 
4693 3731 4922 4959 4954 
4694 4922 3447 4942 4959 
4695 4959 4942 3739 4958 
4696 4954 4959 4958 3743 
4697 3743 4958 4962 4961 
4698 4958 3739 4952 4962 
4699 4962 4952 3445 4960 
4700 4961 4962 4960 3741 
4701 3742 4955 4965 4964 
4702 4955 3743 4961 4965 
4703 4965 4961 3741 4963 
4704 4964 4965 4963 3377 
4705 3369 4864 4968 4371 
4706 4864 3716 4966 4968 
4707 4968 4966 3746 4967 
4708 4371 4968 4967 3598 
4709 3716 4861 4971 4966 
4710 4861 3439 4969 4971 
4711 4971 4969 3744 4970 
4712 4966 4971 4970 3746 
4713 3746 4970 4975 4974 
4714 4970 3744 4972 4975 
4715 4975 4972 3449 4973 
4716 4974 4975 4973 3745 
4717 3598 4967 4977 4374 
4718 4967 3746 4974 4977 
4719 4977 4974 3745 4976 
4720 4374 4977 4976 3412 
4721 3439 4853 4980 4969 
4722 4853 3713 4978 4980 
4723 4980 4978 3748 4979 
4724 4969 4980 4979 3744 
4725 3713 4850 4982 4978 
4726 4850 3378 4916 4982 
4727 4982 4916 3732 4981 
4728 4978 4982 4981 3748 
4729 3748 4981 4985 4984 
4730 4981 3732 4926 4985 
4731 4985 4926 3446 4983 
4732 4984 4985 4983 3747 
4733 3744 4979 4987 4972 
4734 4979 3748 4984 4987 
4735 4987 4984 3747 4986 
4736 4972 4987 4986 3449 
4737 3449 4986 4991 4990 
4738 4986 3747 4988 4991 
4739 4991 4988 3751 4989 
4740 4990 4991 4989 3750 
4741 3747 4983 4993 4988 
4742 4983 3446 4956 4993 
4743 4993 4956 3742 4992 
4744 4988 4993 4992 3751 
4745 3751 4992 4996 4995 
4746 4992 3742 4964 4996 
4747 4996 4964 3377 4994 
4748 4995 4996 4994 3749 
4749 3750 4989 4999 4998 
4750 4989 3751 4995 4999 
4751 4999 4995 3749 4997 
4752 4998 4999 4997 3448 
4753 3412 4976 5002 4384 
4754 4976 3745 5000 5002 
4755 5002 5000 3753 5001 
4756 4384 5002 5001 3601 
4757 3745 4973 5004 5000 
4758 4973 3449 4990 5004 
4759 5004 4990 3750 5003 
4760 5000 5004 5003 3753 
4761 3753 5003 5007 5006 
4762 5003 3750 4998 5007 
4763 5007 4998 3448 5005 
4764 5006 5007 5005 3752 
4765 3601 5001 5009 4387 
4766 5001 3753 5006 5009 
4767 5009 5006 3752 5008 
4768 4387 5009 5008 3361 
4769 149 150 5012 4881 
4770 150 151 5010 5012 
4771 5012 5010 3756 5011 
4772 4881 5012 5011 3721 
4773 151 152 5015 5010 
4774 152 153 5013 5015 
4775 5015 5013 3754 5014 
4776 5010 5015 5014 3756 
4777 3756 5014 5019 5018 
4778 5014 3754 5016 5019 
4779 5019 5016 3452 5017 
4780 5018 5019 5017 3755 
4781 3721 5011 5021 4884 
4782 5011 3756 5018 5021 
4783 5021 5018 3755 5020 
4784 4884 5021 5020 3441 
4785 153 154 5024 5013 
4786 154 155 5022 5024 
4787 5024 5022 3759 5023 
4788 5013 5024 5023 3754 
4789 155 156 5027 5022 
4790 156 157 5025 5027 
4791 5027 5025 3757 5026 
4792 5022 5027 5026 3759 
4793 3759 5026 5031 5030 
4794 5026 3757 5028 5031 
4795 5031 5028 3450 5029 
4796 5030 5031 5029 3758 
4797 3754 5023 5033 5016 
4798 5023 3759 5030 5033 
4799 5033 5030 3758 5032 
4800 5016 5033 5032 3452 
4801 3452 5032 5037 5036 
4802 5032 3758 5034 5037 
4803 5037 5034 3763 5035 
4804 5036 5037 5035 3762 
4805 3758 5029 5040 5034 
4806 5029 3450 5038 5040 
4807 5040 5038 3760 5039 
4808 5034 5040 5039 3763 
4809 3763 5039 5044 5043 
4810 5039 3760 5041 5044 
4811 5044 5041 3381 5042 
4812 5043 5044 5042 3761 
4813 3762 5035 5047 5046 
4814 5035 3763 5043 5047 
4815 5047 5043 3761 5045 
4816 5046 5047 5045 3451 
4817 3441 5020 5050 4894 
4818 5020 3755 5048 5050 
4819 5050 5048 3765 5049 
4820 4894 5050 5049 3724 
4821 3755 5017 5052 5048 
4822 5017 3452 5036 5052 
4823 5052 5036 3762 5051 
4824 5048 5052 5051 3765 
4825 3765 5051 5055 5054 
4826 5051 3762 5046 5055 
4827 5055 5046 3451 5053 
4828 5054 5055 5053 3764 
4829 3724 5049 5057 4897 
4830 5049 3765 5054 5057 
4831 5057 5054 3764 5056 
4832 4897 5057 5056 3376 
4833 157 158 5060 5025 
4834 158 159 5058 5060 
4835 5060 5058 3768 5059 
4836 5025 5060 5059 3757 
4837 159 160 5063 5058 
4838 160 161 5061 5063 
4839 5063 5061 3766 5062 
4840 5058 5063 5062 3768 
4841 3768 5062 5067 5066 
4842 5062 3766 5064 5067 
4843 5067 5064 3455 5065 
4844 5066 5067 5065 3767 
4845 3757 5059 5069 5028 
4846 5059 3768 5066 5069 
4847 5069 5066 3767 5068 
4848 5028 5069 5068 3450 
4849 161 162 5072 5061 
4850 162 163 5070 5072 
4851 5072 5070 3771 5071 
4852 5061 5072 5071 3766 
4853 163 164 5075 5070 
4854 164 165 5073 5075 
4855 5075 5073 3769 5074 
4856 5070 5075 5074 3771 
4857 3771 5074 5079 5078 
4858 5074 3769 5076 5079 
4859 5079 5076 3453 5077 
4860 5078 5079 5077 3770 
4861 3766 5071 5081 5064 
4862 5071 3771 5078 5081 
4863 5081 5078 3770 5080 
4864 5064 5081 5080 3455 
4865 3455 5080 5085 5084 
4866 5080 3770 5082 5085 
4867 5085 5082 3775 5083 
4868 5084 5085 5083 3774 
4869 3770 5077 5088 5082 
4870 5077 3453 5086 5088 
4871 5088 5086 3772 5087 
4872 5082 5088 5087 3775 
4873 3775 5087 5092 5091 
4874 5087 3772 5089 5092 
4875 5092 5089 3379 5090 
4876 5091 5092 5090 3773 
4877 3774 5083 5095 5094 
4878 5083 3775 5091 5095 
4879 5095 5091 3773 5093 
4880 5094 5095 5093 3454 
4881 3450 5068 5098 5038 
4882 5068 3767 5096 5098 
4883 5098 5096 3777 5097 
4884 5038 5098 5097 3760 
4885 3767 5065 5100 5096 
4886 5065 3455 5084 5100 
4887 5100 5084 3774 5099 
4888 5096 5100 5099 3777 
4889 3777 5099 5103 5102 
4890 5099 3774 5094 5103 
4891 5103 5094 3454 5101 
4892 5102 5103 5101 3776 
4893 3760 5097 5105 5041 
4894 5097 3777 5102 5105 
4895 5105 5102 3776 5104 
4896 5041 5105 5104 3381 
4897 3381 5104 5109 5108 
4898 5104 3776 5106 5109 
4899 5109 5106 3781 5107 
4900 5108 5109 5107 3780 
4901 3776 5101 5112 5106 
4902 5101 3454 5110 5112 
4903 5112 5110 3778 5111 
4904 5106 5112 5111 3781 
4905 3781 5111 5116 5115 
4906 5111 3778 5113 5116 
4907 5116 5113 3459 5114 
4908 5115 5116 5114 3779 
4909 3780 5107 5119 5118 
4910 5107 3781 5115 5119 
4911 5119 5115 3779 5117 
4912 5118 5119 5117 3458 
4913 3454 5093 5122 5110 
4914 5093 3773 5120 5122 
4915 5122 5120 3784 5121 
4916 5110 5122 5121 3778 
4917 3773 5090 5125 5120 
4918 5090 3379 5123 5125 
4919 5125 5123 3782 5124 
4920 5120 5125 5124 3784 
4921 3784 5124 5129 5128 
4922 5124 3782 5126 5129 
4923 5129 5126 3456 5127 
4924 5128 5129 5127 3783 
4925 3778 5121 5131 5113 
4926 5121 3784 5128 5131 
4927 5131 5128 3783 5130 
4928 5113 5131 5130 3459 
4929 3459 5130 5135 5134 
4930 5130 3783 5132 5135 
4931 5135 5132 3788 5133 
4932 5134 5135 5133 3787 
4933 3783 5127 5138 5132 
4934 5127 3456 5136 5138 
4935 5138 5136 3785 5137 
4936 5132 5138 5137 3788 
4937 3788 5137 5142 5141 
4938 5137 3785 5139 5142 
4939 5142 5139 3363 5140 
4940 5141 5142 5140 3786 
4941 3787 5133 5145 5144 
4942 5133 3788 5141 5145 
4943 5145 5141 3786 5143 
4944 5144 5145 5143 3457 
4945 3458 5117 5149 5148 
4946 5117 3779 5146 5149 
4947 5149 5146 3791 5147 
4948 5148 5149 5147 3790 
4949 3779 5114 5151 5146 
4950 5114 3459 5134 5151 
4951 5151 5134 3787 5150 
4952 5146 5151 5150 3791 
4953 3791 5150 5154 5153 
4954 5150 3787 5144 5154 
4955 5154 5144 3457 5152 
4956 5153 5154 5152 3789 
4957 3790 5147 5157 5156 
4958 5147 3791 5153 5157 
4959 5157 5153 3789 5155 
4960 5156 5157 5155 3380 
4961 3376 5056 5160 4931 
4962 5056 3764 5158 5160 
4963 5160 5158 3794 5159 
4964 4931 5160 5159 3734 
4965 3764 5053 5163 5158 
4966 5053 3451 5161 5163 
4967 5163 5161 3792 5162 
4968 5158 5163 5162 3794 
4969 3794 5162 5167 5166 
4970 5162 3792 5164 5167 
4971 5167 5164 3461 5165 
4972 5166 5167 5165 3793 
4973 3734 5159 5169 4934 
4974 5159 3794 5166 5169 
4975 5169 5166 3793 5168 
4976 4934 5169 5168 3444 
4977 3451 5045 5172 5161 
4978 5045 3761 5170 5172 
4979 5172 5170 3796 5171 
4980 5161 5172 5171 3792 
4981 3761 5042 5174 5170 
4982 5042 3381 5108 5174 
4983 5174 5108 3780 5173 
4984 5170 5174 5173 3796 
4985 3796 5173 5177 5176 
4986 5173 3780 5118 5177 
4987 5177 5118 3458 5175 
4988 5176 5177 5175 3795 
4989 3792 5171 5179 5164 
4990 5171 3796 5176 5179 
4991 5179 5176 3795 5178 
4992 5164 5179 5178 3461 
4993 3461 5178 5183 5182 
4994 5178 3795 5180 5183 
4995 5183 5180 3799 5181 
4996 5182 5183 5181 3798 
4997 3795 5175 5185 5180 
4998 5175 3458 5148 5185 
4999 5185 5148 3790 5184 
5000 5180 5185 5184 3799 
5001 3799 5184 5188 5187 
5002 5184 3790 5156 5188 
5003 5188 5156 3380 5186 
5004 5187 5188 5186 3797 
5005 3798 5181 5191 5190 
5006 5181 3799 5187 5191 
5007 5191 5187 3797 5189 
5008 5190 5191 5189 3460 
5009 3444 5168 5194 4944 
5010 5168 3793 5192 5194 
5011 5194 5192 3801 5193 
5012 4944 5194 5193 3737 
5013 3793 5165 5196 5192 
5014 5165 3461 5182 5196 
5015 5196 5182 3798 5195 
5016 5192 5196 5195 3801 
5017 3801 5195 5199 5198 
5018 5195 3798 5190 5199 
5019 5199 5190 3460 5197 
5020 5198 5199 5197 3800 
5021 3737 5193 5201 4947 
5022 5193 3801 5198 5201 
5023 5201 5198 3800 5200 
5024 4947 5201 5200 3364 
5025 3364 5200 5205 5204 
5026 5200 3800 5202 5205 
5027 5205 5202 3805 5203 
5028 5204 5205 5203 3804 
5029 3800 5197 5208 5202 
5030 5197 3460 5206 5208 
5031 5208 5206 3802 5207 
5032 5202 5208 5207 3805 
5033 3805 5207 5212 5211 
5034 5207 3802 5209 5212 
5035 5212 5209 3465 5210 
5036 5211 5212 5210 3803 
5037 3804 5203 5215 5214 
5038 5203 3805 5211 5215 
5039 5215 5211 3803 5213 
5040 5214 5215 5213 3464 
5041 3460 5189 5218 5206 
5042 5189 3797 5216 5218 
5043 5218 5216 3808 5217 
5044 5206 5218 5217 3802 
5045 3797 5186 5221 5216 
5046 5186 3380 5219 5221 
5047 5221 5219 3806 5220 
5048 5216 5221 5220 3808 
5049 3808 5220 5225 5224 
5050 5220 3806 5222 5225 
5051 5225 5222 3462 5223 
5052 5224 5225 5223 3807 
5053 3802 5217 5227 5209 
5054 5217 3808 5224 5227 
5055 5227 5224 3807 5226 
5056 5209 5227 5226 3465 
5057 3465 5226 5231 5230 
5058 5226 3807 5228 5231 
5059 5231 5228 3812 5229 
5060 5230 5231 5229 3811 
5061 3807 5223 5234 5228 
5062 5223 3462 5232 5234 
5063 5234 5232 3809 5233 
5064 5228 5234 5233 3812 
5065 3812 5233 5238 5237 
5066 5233 3809 5235 5238 
5067 5238 5235 3384 5236 
5068 5237 5238 5236 3810 
5069 3811 5229 5241 5240 
5070 5229 3812 5237 5241 
5071 5241 5237 3810 5239 
5072 5240 5241 5239 3463 
5073 3464 5213 5245 5244 
5074 5213 3803 5242 5245 
5075 5245 5242 3815 5243 
5076 5244 5245 5243 3814 
5077 3803 5210 5247 5242 
5078 5210 3465 5230 5247 
5079 5247 5230 3811 5246 
5080 5242 5247 5246 3815 
5081 3815 5246 5250 5249 
5082 5246 3811 5240 5250 
5083 5250 5240 3463 5248 
5084 5249 5250 5248 3813 
5085 3814 5243 5253 5252 
5086 5243 3815 5249 5253 
5087 5253 5249 3813 5251 
5088 5252 5253 5251 3383 
5089 3380 5155 5256 5219 
5090 5155 3789 5254 5256 
5091 5256 5254 3818 5255 
5092 5219 5256 5255 3806 
5093 3789 5152 5259 5254 
5094 5152 3457 5257 5259 
5095 5259 5257 3816 5258 
5096 5254 5259 5258 3818 
5097 3818 5258 5263 5262 
5098 5258 3816 5260 5263 
5099 5263 5260 3468 5261 
5100 5262 5263 5261 3817 
5101 3806 5255 5265 5222 
5102 5255 3818 5262 5265 
5103 5265 5262 3817 5264 
5104 5222 5265 5264 3462 
5105 3457 5143 5268 5257 
5106 5143 3786 5266 5268 
5107 5268 5266 3821 5267 
5108 5257 5268 5267 3816 
5109 3786 5140 5271 5266 
5110 5140 3363 5269 5271 
5111 5271 5269 3819 5270 
5112 5266 5271 5270 3821 
5113 3821 5270 5275 5274 
5114 5270 3819 5272 5275 
5115 5275 5272 3466 5273 
5116 5274 5275 5273 3820 
5117 3816 5267 5277 5260 
5118 5267 3821 5274 5277 
5119 5277 5274 3820 5276 
5120 5260 5277 5276 3468 
5121 3468 5276 5281 5280 
5122 5276 3820 5278 5281 
5123 5281 5278 3825 5279 
5124 5280 5281 5279 3824 
5125 3820 5273 5284 5278 
5126 5273 3466 5282 5284 
5127 5284 5282 3822 5283 
5128 5278 5284 5283 3825 
5129 3825 5283 5288 5287 
5130 5283 3822 5285 5288 
5131 5288 5285 3382 5286 
5132 5287 5288 5286 3823 
5133 3824 5279 5291 5290 
5134 5279 3825 5287 5291 
5135 5291 5287 3823 5289 
5136 5290 5291 5289 3467 
5137 3462 5264 5294 5232 
5138 5264 3817 5292 5294 
5139 5294 5292 3827 5293 
5140 5232 5294 5293 3809 
5141 3817 5261 5296 5292 
5142 5261 3468 5280 5296 
5143 5296 5280 3824 5295 
5144 5292 5296 5295 3827 
5145 3827 5295 5299 5298 
5146 5295 3824 5290 5299 
5147 5299 5290 3467 5297 
5148 5298 5299 5297 3826 
5149 3809 5293 5301 5235 
5150 5293 3827 5298 5301 
5151 5301 5298 3826 5300 
5152 5235 5301 5300 3384 
5153 3384 5300 5305 5304 
5154 5300 3826 5302 5305 
5155 5305 5302 3831 5303 
5156 5304 5305 5303 3830 
5157 3826 5297 5308 5302 
5158 5297 3467 5306 5308 
5159 5308 5306 3828 5307 
5160 5302 5308 5307 3831 
5161 3831 5307 5312 5311 
5162 5307 3828 5309 5312 
5163 5312 5309 3471 5310 
5164 5311 5312 5310 3829 
5165 3830 5303 5315 5314 
5166 5303 3831 5311 5315 
5167 5315 5311 3829 5313 
5168 5314 5315 5313 3470 
5169 3467 5289 5318 5306 
5170 5289 3823 5316 5318 
5171 5318 5316 3834 5317 
5172 5306 5318 5317 3828 
5173 3823 5286 5321 5316 
5174 5286 3382 5319 5321 
5175 5321 5319 3832 5320 
5176 5316 5321 5320 3834 
5177 3834 5320 5325 5324 
5178 5320 3832 5322 5325 
5179 5325 5322 3469 5323 
5180 5324 5325 5323 3833 
5181 3828 5317 5327 5309 
5182 5317 3834 5324 5327 
5183 5327 5324 3833 5326 
5184 5309 5327 5326 3471 
5185 3471 5326 5331 5330 
5186 5326 3833 5328 5331 
5187 5331 5328 3837 5329 
5188 5330 5331 5329 3836 
5189 3833 5323 5334 5328 
5190 5323 3469 5332 5334 
5191 5334 5332 3835 5333 
5192 5328 5334 5333 3837 
5193 3837 5333 5337 5336 
5194 5333 3835 5335 5337 
5195 5337 5335 70 69 
5196 5336 5337 69 68 
5197 3836 5329 5339 5338 
5198 5329 3837 5336 5339 
5199 5339 5336 68 67 
5200 5338 5339 67 66 
5201 3470 5313 5343 5342 
5202 5313 3829 5340 5343 
5203 5343 5340 3839 5341 
5204 5342 5343 5341 3838 
5205 3829 5310 5345 5340 
5206 5310 3471 5330 5345 
5207 5345 5330 3836 5344 
5208 5340 5345 5344 3839 
5209 3839 5344 5347 5346 
5210 5344 3836 5338 5347 
5211 5347 5338 66 65 
5212 5346 5347 65 64 
5213 3838 5341 5349 5348 
5214 5341 3839 5346 5349 
5215 5349 5346 64 63 
5216 5348 5349 63 62 
5217 3383 5251 5353 5352 
5218 5251 3813 5350 5353 
5219 5353 5350 3843 5351 
5220 5352 5353 5351 3842 
5221 3813 5248 5356 5350 
5222 5248 3463 5354 5356 
5223 5356 5354 3840 5355 
5224 5350 5356 5355 3843 
5225 3843 5355 5360 5359 
5226 5355 3840 5357 5360 
5227 5360 5357 3473 5358 
5228 5359 5360 5358 3841 
5229 3842 5351 5363 5362 
5230 5351 3843 5359 5363 
5231 5363 5359 3841 5361 
5232 5362 5363 5361 3472 
5233 3463 5239 5366 5354 
5234 5239 3810 5364 5366 
5235 5366 5364 3845 5365 
5236 5354 5366 5365 3840 
5237 3810 5236 5368 5364 
5238 5236 3384 5304 5368 
5239 5368 5304 3830 5367 
5240 5364 5368 5367 3845 
5241 3845 5367 5371 5370 
5242 5367 3830 5314 5371 
5243 5371 5314 3470 5369 
5244 5370 5371 5369 3844 
5245 3840 5365 5373 5357 
5246 5365 3845 5370 5373 
5247 5373 5370 3844 5372 
5248 5357 5373 5372 3473 
5249 3473 5372 5377 5376 
5250 5372 3844 5374 5377 
5251 5377 5374 3847 5375 
5252 5376 5377 5375 3846 
5253 3844 5369 5379 5374 
5254 5369 3470 5342 5379 
5255 5379 5342 3838 5378 
5256 5374 5379 5378 3847 
5257 3847 5378 5381 5380 
5258 5378 3838 5348 5381 
5259 5381 5348 62 61 
5260 5380 5381 61 60 
5261 3846 5375 5383 5382 
5262 5375 3847 5380 5383 
5263 5383 5380 60 59 
5264 5382 5383 59 58 
5265 3472 5361 5387 5386 
5266 5361 3841 5384 5387 
5267 5387 5384 3849 5385 
5268 5386 5387 5385 3848 
5269 3841 5358 5389 5384 
5270 5358 3473 5376 5389 
5271 5389 5376 3846 5388 
5272 5384 5389 5388 3849 
5273 3849 5388 5391 5390 
5274 5388 3846 5382 5391 
5275 5391 5382 58 57 
5276 5390 5391 57 56 
5277 3848 5385 5393 5392 
5278 5385 3849 5390 5393 
5279 5393 5390 56 55 
5280 5392 5393 55 54 
5281 3361 5008 5396 4517 
5282 5008 3752 5394 5396 
5283 5396 5394 3852 5395 
5284 4517 5396 5395 3635 
5285 3752 5005 5399 5394 
5286 5005 3448 5397 5399 
5287 5399 5397 3850 5398 
5288 5394 5399 5398 3852 
5289 3852 5398 5403 5402 
5290 5398 3850 5400 5403 
5291 5403 5400 3476 5401 
5292 5402 5403 5401 3851 
5293 3635 5395 5405 4520 
5294 5395 3852 5402 5405 
5295 5405 5402 3851 5404 
5296 4520 5405 5404 3422 
5297 3448 4997 5408 5397 
5298 4997 3749 5406 5408 
5299 5408 5406 3855 5407 
5300 5397 5408 5407 3850 
5301 3749 4994 5411 5406 
5302 4994 3377 5409 5411 
5303 5411 5409 3853 5410 
5304 5406 5411 5410 3855 
5305 3855 5410 5415 5414 
5306 5410 3853 5412 5415 
5307 5415 5412 3474 5413 
5308 5414 5415 5413 3854 
5309 3850 5407 5417 5400 
5310 5407 3855 5414 5417 
5311 5417 5414 3854 5416 
5312 5400 5417 5416 3476 
5313 3476 5416 5421 5420 
5314 5416 3854 5418 5421 
5315 5421 5418 3859 5419 
5316 5420 5421 5419 3858 
5317 3854 5413 5424 5418 
5318 5413 3474 5422 5424 
5319 5424 5422 3856 5423 
5320 5418 5424 5423 3859 
5321 3859 5423 5428 5427 
5322 5423 3856 5425 5428 
5323 5428 5425 3385 5426 
5324 5427 5428 5426 3857 
5325 3858 5419 5431 5430 
5326 5419 3859 5427 5431 
5327 5431 5427 3857 5429 
5328 5430 5431 5429 3475 
5329 3422 5404 5434 4530 
5330 5404 3851 5432 5434 
5331 5434 5432 3861 5433 
5332 4530 5434 5433 3638 
5333 3851 5401 5436 5432 
5334 5401 3476 5420 5436 
5335 5436 5420 3858 5435 
5336 5432 5436 5435 3861 
5337 3861 5435 5439 5438 
5338 5435 3858 5430 5439 
5339 5439 5430 3475 5437 
5340 5438 5439 5437 3860 
5341 3638 5433 5441 4533 
5342 5433 3861 5438 5441 
5343 5441 5438 3860 5440 
5344 4533 5441 5440 3372 
5345 3377 4963 5444 5409 
5346 4963 3741 5442 5444 
5347 5444 5442 3864 5443 
5348 5409 5444 5443 3853 
5349 3741 4960 5447 5442 
5350 4960 3445 5445 5447 
5351 5447 5445 3862 5446 
5352 5442 5447 5446 3864 
5353 3864 5446 5451 5450 
5354 5446 3862 5448 5451 
5355 5451 5448 3478 5449 
5356 5450 5451 5449 3863 
5357 3853 5443 5453 5412 
5358 5443 3864 5450 5453 
5359 5453 5450 3863 5452 
5360 5412 5453 5452 3474 
5361 3445 4951 5456 5445 
5362 4951 3738 5454 5456 
5363 5456 5454 3866 5455 
5364 5445 5456 5455 3862 
5365 3738 4948 5458 5454 
5366 4948 3364 5204 5458 
5367 5458 5204 3804 5457 
5368 5454 5458 5457 3866 
5369 3866 5457 5461 5460 
5370 5457 3804 5214 5461 
5371 5461 5214 3464 5459 
5372 5460 5461 5459 3865 
5373 3862 5455 5463 5448 
5374 5455 3866 5460 5463 
5375 5463 5460 3865 5462 
5376 5448 5463 5462 3478 
5377 3478 5462 5467 5466 
5378 5462 3865 5464 5467 
5379 5467 5464 3869 5465 
5380 5466 5467 5465 3868 
5381 3865 5459 5469 5464 
5382 5459 3464 5244 5469 
5383 5469 5244 3814 5468 
5384 5464 5469 5468 3869 
5385 3869 5468 5472 5471 
5386 5468 3814 5252 5472 
5387 5472 5252 3383 5470 
5388 5471 5472 5470 3867 
5389 3868 5465 5475 5474 
5390 5465 3869 5471 5475 
5391 5475 5471 3867 5473 
5392 5474 5475 5473 3477 
5393 3474 5452 5478 5422 
5394 5452 3863 5476 5478 
5395 5478 5476 3871 5477 
5396 5422 5478 5477 3856 
5397 3863 5449 5480 5476 
5398 5449 3478 5466 5480 
5399 5480 5466 3868 5479 
5400 5476 5480 5479 3871 
5401 3871 5479 5483 5482 
5402 5479 3868 5474 5483 
5403 5483 5474 3477 5481 
5404 5482 5483 5481 3870 
5405 3856 5477 5485 5425 
5406 5477 3871 5482 5485 
5407 5485 5482 3870 5484 
5408 5425 5485 5484 3385 
5409 3385 5484 5489 5488 
5410 5484 3870 5486 5489 
5411 5489 5486 3875 5487 
5412 5488 5489 5487 3874 
5413 3870 5481 5492 5486 
5414 5481 3477 5490 5492 
5415 5492 5490 3872 5491 
5416 5486 5492 5491 3875 
5417 3875 5491 5496 5495 
5418 5491 3872 5493 5496 
5419 5496 5493 3480 5494 
5420 5495 5496 5494 3873 
5421 3874 5487 5499 5498 
5422 5487 3875 5495 5499 
5423 5499 5495 3873 5497 
5424 5498 5499 5497 3479 
5425 3477 5473 5502 5490 
5426 5473 3867 5500 5502 
5427 5502 5500 3877 5501 
5428 5490 5502 5501 3872 
5429 3867 5470 5504 5500 
5430 5470 3383 5352 5504 
5431 5504 5352 3842 5503 
5432 5500 5504 5503 3877 
5433 3877 5503 5507 5506 
5434 5503 3842 5362 5507 
5435 5507 5362 3472 5505 
5436 5506 5507 5505 3876 
5437 3872 5501 5509 5493 
5438 5501 3877 5506 5509 
5439 5509 5506 3876 5508 
5440 5493 5509 5508 3480 
5441 3480 5508 5513 5512 
5442 5508 3876 5510 5513 
5443 5513 5510 3879 5511 
5444 5512 5513 5511 3878 
5445 3876 5505 5515 5510 
5446 5505 3472 5386 5515 
5447 5515 5386 3848 5514 
5448 5510 5515 5514 3879 
5449 3879 5514 5517 5516 
5450 5514 3848 5392 5517 
5451 5517 5392 54 53 
5452 5516 5517 53 52 
5453 3878 5511 5519 5518 
5454 5511 3879 5516 5519 
5455 5519 5516 52 51 
5456 5518 5519 51 50 
5457 3479 5497 5523 5522 
5458 5497 3873 5520 5523 
5459 5523 5520 3881 5521 
5460 5522 5523 5521 3880 
5461 3873 5494 5525 5520 
5462 5494 3480 5512 5525 
5463 5525 5512 3878 5524 
5464 5520 5525 5524 3881 
5465 3881 5524 5527 5526 
5466 5524 3878 5518 5527 
5467 5527 5518 50 49 
5468 5526 5527 49 48 
5469 3880 5521 5529 5528 
5470 5521 3881 5526 5529 
5471 5529 5526 48 47 
5472 5528 5529 47 46 
5473 3372 5440 5532 4567 
5474 5440 3860 5530 5532 
5475 5532 5530 3884 5531 
5476 4567 5532 5531 3648 
5477 3860 5437 5535 5530 
5478 5437 3475 5533 5535 
5479 5535 5533 3882 5534 
5480 5530 5535 5534 3884 
5481 3884 5534 5539 5538 
5482 5534 3882 5536 5539 
5483 5539 5536 3481 5537 
5484 5538 5539 5537 3883 
5485 3648 5531 5541 4570 
5486 5531 3884 5538 5541 
5487 5541 5538 3883 5540 
5488 4570 5541 5540 3425 
5489 3475 5429 5544 5533 
5490 5429 3857 5542 5544 
5491 5544 5542 3886 5543 
5492 5533 5544 5543 3882 
5493 3857 5426 5546 5542 
5494 5426 3385 5488 5546 
5495 5546 5488 3874 5545 
5496 5542 5546 5545 3886 
5497 3886 5545 5549 5548 
5498 5545 3874 5498 5549 
5499 5549 5498 3479 5547 
5500 5548 5549 5547 3885 
5501 3882 5543 5551 5536 
5502 5543 3886 5548 5551 
5503 5551 5548 3885 5550 
5504 5536 5551 5550 3481 
5505 3481 5550 5555 5554 
5506 5550 3885 5552 5555 
5507 5555 5552 3888 5553 
5508 5554 5555 5553 3887 
5509 3885 5547 5557 5552 
5510 5547 3479 5522 5557 
5511 5557 5522 3880 5556 
5512 5552 5557 5556 3888 
5513 3888 5556 5559 5558 
5514 5556 3880 5528 5559 
5515 5559 5528 46 45 
5516 5558 5559 45 44 
5517 3887 5553 5561 5560 
5518 5553 3888 5558 5561 
5519 5561 5558 44 43 
5520 5560 5561 43 42 
5521 3425 5540 5564 4580 
5522 5540 3883 5562 5564 
5523 5564 5562 3889 5563 
5524 4580 5564 5563 3651 
5525 3883 5537 5566 5562 
5526 5537 3481 5554 5566 
5527 5566 5554 3887 5565 
5528 5562 5566 5565 3889 
5529 3889 5565 5568 5567 
5530 5565 3887 5560 5568 
5531 5568 5560 42 41 
5532 5567 5568 41 40 
5533 3651 5563 5569 4583 
5534 5563 3889 5567 5569 
5535 5569 5567 40 39 
5536 4583 5569 39 38 
5537 165 166 5572 5073 
5538 166 167 5570 5572 
5539 5572 5570 3892 5571 
5540 5073 5572 5571 3769 
5541 167 168 5575 5570 
5542 168 169 5573 5575 
5543 5575 5573 3890 5574 
5544 5570 5575 5574 3892 
5545 3892 5574 5579 5578 
5546 5574 3890 5576 5579 
5547 5579 5576 3484 5577 
5548 5578 5579 5577 3891 
5549 3769 5571 5581 5076 
5550 5571 3892 5578 5581 
5551 5581 5578 3891 5580 
5552 5076 5581 5580 3453 
5553 169 170 5584 5573 
5554 170 171 5582 5584 
5555 5584 5582 3895 5583 
5556 5573 5584 5583 3890 
5557 171 172 5587 5582 
5558 172 173 5585 5587 
5559 5587 5585 3893 5586 
5560 5582 5587 5586 3895 
5561 3895 5586 5591 5590 
5562 5586 3893 5588 5591 
5563 5591 5588 3482 5589 
5564 5590 5591 5589 3894 
5565 3890 5583 5593 5576 
5566 5583 3895 5590 5593 
5567 5593 5590 3894 5592 
5568 5576 5593 5592 3484 
5569 3484 5592 5597 5596 
5570 5592 3894 5594 5597 
5571 5597 5594 3899 5595 
5572 5596 5597 5595 3898 
5573 3894 5589 5600 5594 
5574 5589 3482 5598 5600 
5575 5600 5598 3896 5599 
5576 5594 5600 5599 3899 
5577 3899 5599 5604 5603 
5578 5599 3896 5601 5604 
5579 5604 5601 3388 5602 
5580 5603 5604 5602 3897 
5581 3898 5595 5607 5606 
5582 5595 3899 5603 5607 
5583 5607 5603 3897 5605 
5584 5606 5607 5605 3483 
5585 3453 5580 5610 5086 
5586 5580 3891 5608 5610 
5587 5610 5608 3901 5609 
5588 5086 5610 5609 3772 
5589 3891 5577 5612 5608 
5590 5577 3484 5596 5612 
5591 5612 5596 3898 5611 
5592 5608 5612 5611 3901 
5593 3901 5611 5615 5614 
5594 5611 3898 5606 5615 
5595 5615 5606 3483 5613 
5596 5614 5615 5613 3900 
5597 3772 5609 5617 5089 
5598 5609 3901 5614 5617 
5599 5617 5614 3900 5616 
5600 5089 5617 5616 3379 
5601 173 174 5620 5585 
5602 174 175 5618 5620 
5603 5620 5618 3904 5619 
5604 5585 5620 5619 3893 
5605 175 176 5623 5618 
5606 176 177 5621 5623 
5607 5623 5621 3902 5622 
5608 5618 5623 5622 3904 
5609 3904 5622 5627 5626 
5610 5622 3902 5624 5627 
5611 5627 5624 3487 5625 
5612 5626 5627 5625 3903 
5613 3893 5619 5629 5588 
5614 5619 3904 5626 5629 
5615 5629 5626 3903 5628 
5616 5588 5629 5628 3482 
5617 177 178 5632 5621 
5618 178 179 5630 5632 
5619 5632 5630 3907 5631 
5620 5621 5632 5631 3902 
5621 179 180 5635 5630 
5622 180 181 5633 5635 
5623 5635 5633 3905 5634 
5624 5630 5635 5634 3907 
5625 3907 5634 5639 5638 
5626 5634 3905 5636 5639 
5627 5639 5636 3485 5637 
5628 5638 5639 5637 3906 
5629 3902 5631 5641 5624 
5630 5631 3907 5638 5641 
5631 5641 5638 3906 5640 
5632 5624 5641 5640 3487 
5633 3487 5640 5645 5644 
5634 5640 3906 5642 5645 
5635 5645 5642 3911 5643 
5636 5644 5645 5643 3910 
5637 3906 5637 5648 5642 
5638 5637 3485 5646 5648 
5639 5648 5646 3908 5647 
5640 5642 5648 5647 3911 
5641 3911 5647 5652 5651 
5642 5647 3908 5649 5652 
5643 5652 5649 3386 5650 
5644 5651 5652 5650 3909 
5645 3910 5643 5655 5654 
5646 5643 3911 5651 5655 
5647 5655 5651 3909 5653 
5648 5654 5655 5653 3486 
5649 3482 5628 5658 5598 
5650 5628 3903 5656 5658 
5651 5658 5656 3913 5657 
5652 5598 5658 5657 3896 
5653 3903 5625 5660 5656 
5654 5625 3487 5644 5660 
5655 5660 5644 3910 5659 
5656 5656 5660 5659 3913 
5657 3913 5659 5663 5662 
5658 5659 3910 5654 5663 
5659 5663 5654 3486 5661 
5660 5662 5663 5661 3912 
5661 3896 5657 5665 5601 
5662 5657 3913 5662 5665 
5663 5665 5662 3912 5664 
5664 5601 5665 5664 3388 
5665 3388 5664 5669 5668 
5666 5664 3912 5666 5669 
5667 5669 5666 3917 5667 
5668 5668 5669 5667 3916 
5669 3912 5661 5672 5666 
5670 5661 3486 5670 5672 
5671 5672 5670 3914 5671 
5672 5666 5672 5671 3917 
5673 3917 5671 5676 5675 
5674 5671 3914 5673 5676 
5675 5676 5673 3491 5674 
5676 5675 5676 5674 3915 
5677 3916 5667 5679 5678 
5678 5667 3917 5675 5679 
5679 5679 5675 3915 5677 
5680 5678 5679 5677 3490 
5681 3486 5653 5682 5670 
5682 5653 3909 5680 5682 
5683 5682 5680 3920 5681 
5684 5670 5682 5681 3914 
5685 3909 5650 5685 5680 
5686 5650 3386 5683 5685 
5687 5685 5683 3918 5684 
5688 5680 5685 5684 3920 
5689 3920 5684 5689 5688 
5690 5684 3918 5686 5689 
5691 5689 5686 3488 5687 
5692 5688 5689 5687 3919 
5693 3914 5681 5691 5673 
5694 5681 3920 5688 5691 
5695 5691 5688 3919 5690 
5696 5673 5691 5690 3491 
5697 3491 5690 5695 5694 
5698 5690 3919 5692 5695 
5699 5695 5692 3924 5693 
5700 5694 5695 5693 3923 
5701 3919 5687 5698 5692 
5702 5687 3488 5696 5698 
5703 5698 5696 3921 5697 
5704 5692 5698 5697 3924 
5705 3924 5697 5702 5701 
5706 5697 3921 5699 5702 
5707 5702 5699 3365 5700 
5708 5701 5702 5700 3922 
5709 3923 5693 5705 5704 
5710 5693 3924 5701 5705 
5711 5705 5701 3922 5703 
5712 5704 5705 5703 3489 
5713 3490 5677 5709 5708 
5714 5677 3915 5706 5709 
5715 5709 5706 3927 5707 
5716 5708 5709 5707 3926 
5717 3915 5674 5711 5706 
5718 5674 3491 5694 5711 
5719 5711 5694 3923 5710 
5720 5706 5711 5710 3927 
5721 3927 5710 5714 5713 
5722 5710 3923 5704 5714 
5723 5714 5704 3489 5712 
5724 5713 5714 5712 3925 
5725 3926 5707 5717 5716 
5726 5707 3927 5713 5717 
5727 5717 5713 3925 5715 
5728 5716 5717 5715 3387 
5729 3379 5616 5720 5123 
5730 5616 3900 5718 5720 
5731 5720 5718 3930 5719 
5732 5123 5720 5719 3782 
5733 3900 5613 5723 5718 
5734 5613 3483 5721 5723 
5735 5723 5721 3928 5722 
5736 5718 5723 5722 3930 
5737 3930 5722 5727 5726 
5738 5722 3928 5724 5727 
5739 5727 5724 3493 5725 
5740 5726 5727 5725 3929 
5741 3782 5719 5729 5126 
5742 5719 3930 5726 5729 
5743 5729 5726 3929 5728 
5744 5126 5729 5728 3456 
5745 3483 5605 5732 5721 
5746 5605 3897 5730 5732 
5747 5732 5730 3932 5731 
5748 5721 5732 5731 3928 
5749 3897 5602 5734 5730 
5750 5602 3388 5668 5734 
5751 5734 5668 3916 5733 
5752 5730 5734 5733 3932 
5753 3932 5733 5737 5736 
5754 5733 3916 5678 5737 
5755 5737 5678 3490 5735 
5756 5736 5737 5735 3931 
5757 3928 5731 5739 5724 
5758 5731 3932 5736 5739 
5759 5739 5736 3931 5738 
5760 5724 5739 5738 3493 
5761 3493 5738 5743 5742 
5762 5738 3931 5740 5743 
5763 5743 5740 3935 5741 
5764 5742 5743 5741 3934 
5765 3931 5735 5745 5740 
5766 5735 3490 5708 5745 
5767 5745 5708 3926 5744 
5768 5740 5745 5744 3935 
5769 3935 5744 5748 5747 
5770 5744 3926 5716 5748 
5771 5748 5716 3387 5746 
5772 5747 5748 5746 3933 
5773 3934 5741 5751 5750 
5774 5741 3935 5747 5751 
5775 5751 5747 3933 5749 
5776 5750 5751 5749 3492 
5777 3456 5728 5754 5136 
5778 5728 3929 5752 5754 
5779 5754 5752 3937 5753 
5780 5136 5754 5753 3785 
5781 3929 5725 5756 5752 
5782 5725 3493 5742 5756 
5783 5756 5742 3934 5755 
5784 5752 5756 5755 3937 
5785 3937 5755 5759 5758 
5786 5755 3934 5750 5759 
5787 5759 5750 3492 5757 
5788 5758 5759 5757 3936 
5789 3785 5753 5761 5139 
5790 5753 3937 5758 5761 
5791 5761 5758 3936 5760 
5792 5139 5761 5760 3363 
5793 181 182 5764 5633 
5794 182 183 5762 5764 
5795 5764 5762 3940 5763 
5796 5633 5764 5763 3905 
5797 183 184 5767 5762 
5798 184 185 5765 5767 
5799 5767 5765 3938 5766 
5800 5762 5767 5766 3940 
5801 3940 5766 5771 5770 
5802 5766 3938 5768 5771 
5803 5771 5768 3496 5769 
5804 5770 5771 5769 3939 
5805 3905 5763 5773 5636 
5806 5763 3940 5770 5773 
5807 5773 5770 3939 5772 
5808 5636 5773 5772 3485 
5809 185 186 5776 5765 
5810 186 187 5774 5776 
5811 5776 5774 3943 5775 
5812 5765 5776 5775 3938 
5813 187 188 5779 5774 
5814 188 189 5777 5779 
5815 5779 5777 3941 5778 
5816 5774 5779 5778 3943 
5817 3943 5778 5783 5782 
5818 5778 3941 5780 5783 
5819 5783 5780 3494 5781 
5820 5782 5783 5781 3942 
5821 3938 5775 5785 5768 
5822 5775 3943 5782 5785 
5823 5785 5782 3942 5784 
5824 5768 5785 5784 3496 
5825 3496 5784 5789 5788 
5826 5784 3942 5786 5789 
5827 5789 5786 3947 5787 
5828 5788 5789 5787 3946 
5829 3942 5781 5792 5786 
5830 5781 3494 5790 5792 
5831 5792 5790 3944 5791 
5832 5786 5792 5791 3947 
5833 3947 5791 5796 5795 
5834 5791 3944 5793 5796 
5835 5796 5793 3390 5794 
5836 5795 5796 5794 3945 
5837 3946 5787 5799 5798 
5838 5787 3947 5795 5799 
5839 5799 5795 3945 5797 
5840 5798 5799 5797 3495 
5841 3485 5772 5802 5646 
5842 5772 3939 5800 5802 
5843 5802 5800 3949 5801 
5844 5646 5802 5801 3908 
5845 3939 5769 5804 5800 
5846 5769 3496 5788 5804 
5847 5804 5788 3946 5803 
5848 5800 5804 5803 3949 
5849 3949 5803 5807 5806 
5850 5803 3946 5798 5807 
5851 5807 5798 3495 5805 
5852 5806 5807 5805 3948 
5853 3908 5801 5809 5649 
5854 5801 3949 5806 5809 
5855 5809 5806 3948 5808 
5856 5649 5809 5808 3386 
5857 189 190 5812 5777 
5858 190 191 5810 5812 
5859 5812 5810 3952 5811 
5860 5777 5812 5811 3941 
5861 191 192 5815 5810 
5862 192 193 5813 5815 
5863 5815 5813 3950 5814 
5864 5810 5815 5814 3952 
5865 3952 5814 5819 5818 
5866 5814 3950 5816 5819 
5867 5819 5816 3498 5817 
5868 5818 5819 5817 3951 
5869 3941 5811 5821 5780 
5870 5811 3952 5818 5821 
5871 5821 5818 3951 5820 
5872 5780 5821 5820 3494 
5873 193 194 5824 5813 
5874 194 195 5822 5824 
5875 5824 5822 3954 5823 
5876 5813 5824 5823 3950 
5877 195 196 5826 5822 
5878 196 2 384 5826 
5879 5826 384 383 5825 
5880 5822 5826 5825 3954 
5881 3954 5825 5829 5828 
5882 5825 383 382 5829 
5883 5829 382 381 5827 
5884 5828 5829 5827 3953 
5885 3950 5823 5831 5816 
5886 5823 3954 5828 5831 
5887 5831 5828 3953 5830 
5888 5816 5831 5830 3498 
5889 3498 5830 5835 5834 
5890 5830 3953 5832 5835 
5891 5835 5832 3957 5833 
5892 5834 5835 5833 3956 
5893 3953 5827 5837 5832 
5894 5827 381 380 5837 
5895 5837 380 379 5836 
5896 5832 5837 5836 3957 
5897 3957 5836 5840 5839 
5898 5836 379 378 5840 
5899 5840 378 377 5838 
5900 5839 5840 5838 3955 
5901 3956 5833 5843 5842 
5902 5833 3957 5839 5843 
5903 5843 5839 3955 5841 
5904 5842 5843 5841 3497 
5905 3494 5820 5846 5790 
5906 5820 3951 5844 5846 
5907 5846 5844 3959 5845 
5908 5790 5846 5845 3944 
5909 3951 5817 5848 5844 
5910 5817 3498 5834 5848 
5911 5848 5834 3956 5847 
5912 5844 5848 5847 3959 
5913 3959 5847 5851 5850 
5914 5847 3956 5842 5851 
5915 5851 5842 3497 5849 
5916 5850 5851 5849 3958 
5917 3944 5845 5853 5793 
5918 5845 3959 5850 5853 
5919 5853 5850 3958 5852 
5920 5793 5853 5852 3390 
5921 3390 5852 5857 5856 
5922 5852 3958 5854 5857 
5923 5857 5854 3963 5855 
5924 5856 5857 5855 3962 
5925 3958 5849 5860 5854 
5926 5849 3497 5858 5860 
5927 5860 5858 3960 5859 
5928 5854 5860 5859 3963 
5929 3963 5859 5864 5863 
5930 5859 3960 5861 5864 
5931 5864 5861 3501 5862 
5932 5863 5864 5862 3961 
5933 3962 5855 5867 5866 
5934 5855 3963 5863 5867 
5935 5867 5863 3961 5865 
5936 5866 5867 5865 3500 
5937 3497 5841 5870 5858 
5938 5841 3955 5868 5870 
5939 5870 5868 3965 5869 
5940 5858 5870 5869 3960 
5941 3955 5838 5872 5868 
5942 5838 377 376 5872 
5943 5872 376 375 5871 
5944 5868 5872 5871 3965 
5945 3965 5871 5875 5874 
5946 5871 375 374 5875 
5947 5875 374 373 5873 
5948 5874 5875 5873 3964 
5949 3960 5869 5877 5861 
5950 5869 3965 5874 5877 
5951 5877 5874 3964 5876 
5952 5861 5877 5876 3501 
5953 3501 5876 5881 5880 
5954 5876 3964 5878 5881 
5955 5881 5878 3968 5879 
5956 5880 5881 5879 3967 
5957 3964 5873 5883 5878 
5958 5873 373 372 5883 
5959 5883 372 371 5882 
5960 5878 5883 5882 3968 
5961 3968 5882 5886 5885 
5962 5882 371 370 5886 
5963 5886 370 369 5884 
5964 5885 5886 5884 3966 
5965 3967 5879 5889 5888 
5966 5879 3968 5885 5889 
5967 5889 5885 3966 5887 
5968 5888 5889 5887 3499 
5969 3500 5865 5893 5892 
5970 5865 3961 5890 5893 
5971 5893 5890 3971 5891 
5972 5892 5893 5891 3970 
5973 3961 5862 5895 5890 
5974 5862 3501 5880 5895 
5975 5895 5880 3967 5894 
5976 5890 5895 5894 3971 
5977 3971 5894 5898 5897 
5978 5894 3967 5888 5898 
5979 5898 5888 3499 5896 
5980 5897 5898 5896 3969 
5981 3970 5891 5901 5900 
5982 5891 3971 5897 5901 
5983 5901 5897 3969 5899 
5984 5900 5901 5899 3389 
5985 3386 5808 5904 5683 
5986 5808 3948 5902 5904 
5987 5904 5902 3974 5903 
5988 5683 5904 5903 3918 
5989 3948 5805 5907 5902 
5990 5805 3495 5905 5907 
5991 5907 5905 3972 5906 
5992 5902 5907 5906 3974 
5993 3974 5906 5911 5910 
5994 5906 3972 5908 5911 
5995 5911 5908 3503 5909 
5996 5910 5911 5909 3973 
5997 3918 5903 5913 5686 
5998 5903 3974 5910 5913 
5999 5913 5910 3973 5912 
6000 5686 5913 5912 3488 
6001 3495 5797 5916 5905 
6002 5797 3945 5914 5916 
6003 5916 5914 3976 5915 
6004 5905 5916 5915 3972 
6005 3945 5794 5918 5914 
6006 5794 3390 5856 5918 
6007 5918 5856 3962 5917 
6008 5914 5918 5917 3976 
6009 3976 5917 5921 5920 
6010 5917 3962 5866 5921 
6011 5921 5866 3500 5919 
6012 5920 5921 5919 3975 
6013 3972 5915 5923 5908 
6014 5915 3976 5920 5923 
6015 5923 5920 3975 5922 
6016 5908 5923 5922 3503 
6017 3503 5922 5927 5926 
6018 5922 3975 5924 5927 
6019 5927 5924 3979 5925 
6020 5926 5927 5925 3978 
6021 3975 5919 5929 5924 
6022 5919 3500 5892 5929 
6023 5929 5892 3970 5928 
6024 5924 5929 5928 3979 
6025 3979 5928 5932 5931 
6026 5928 3970 5900 5932 
6027 5932 5900 3389 5930 
6028 5931 5932 5930 3977 
6029 3978 5925 5935 5934 
6030 5925 3979 5931 5935 
6031 5935 5931 3977 5933 
6032 5934 5935 5933 3502 
6033 3488 5912 5938 5696 
6034 5912 3973 5936 5938 
6035 5938 5936 3981 5937 
6036 5696 5938 5937 3921 
6037 3973 5909 5940 5936 
6038 5909 3503 5926 5940 
6039 5940 5926 3978 5939 
6040 5936 5940 5939 3981 
6041 3981 5939 5943 5942 
6042 5939 3978 5934 5943 
6043 5943 5934 3502 5941 
6044 5942 5943 5941 3980 
6045 3921 5937 5945 5699 
6046 5937 3981 5942 5945 
6047 5945 5942 3980 5944 
6048 5699 5945 5944 3365 
6049 3365 5944 5949 5948 
6050 5944 3980 5946 5949 
6051 5949 5946 3985 5947 
6052 5948 5949 5947 3984 
6053 3980 5941 5952 5946 
6054 5941 3502 5950 5952 
6055 5952 5950 3982 5951 
6056 5946 5952 5951 3985 
6057 3985 5951 5956 5955 
6058 5951 3982 5953 5956 
6059 5956 5953 3507 5954 
6060 5955 5956 5954 3983 
6061 3984 5947 5959 5958 
6062 5947 3985 5955 5959 
6063 5959 5955 3983 5957 
6064 5958 5959 5957 3506 
6065 3502 5933 5962 5950 
6066 5933 3977 5960 5962 
6067 5962 5960 3988 5961 
6068 5950 5962 5961 3982 
6069 3977 5930 5965 5960 
6070 5930 3389 5963 5965 
6071 5965 5963 3986 5964 
6072 5960 5965 5964 3988 
6073 3988 5964 5969 5968 
6074 5964 3986 5966 5969 
6075 5969 5966 3504 5967 
6076 5968 5969 5967 3987 
6077 3982 5961 5971 5953 
6078 5961 3988 5968 5971 
6079 5971 5968 3987 5970 
6080 5953 5971 5970 3507 
6081 3507 5970 5975 5974 
6082 5970 3987 5972 5975 
6083 5975 5972 3992 5973 
6084 5974 5975 5973 3991 
6085 3987 5967 5978 5972 
6086 5967 3504 5976 5978 
6087 5978 5976 3989 5977 
6088 5972 5978 5977 3992 
6089 3992 5977 5982 5981 
6090 5977 3989 5979 5982 
6091 5982 5979 3392 5980 
6092 5981 5982 5980 3990 
6093 3991 5973 5985 5984 
6094 5973 3992 5981 5985 
6095 5985 5981 3990 5983 
6096 5984 5985 5983 3505 
6097 3506 5957 5989 5988 
6098 5957 3983 5986 5989 
6099 5989 5986 3995 5987 
6100 5988 5989 5987 3994 
6101 3983 5954 5991 5986 
6102 5954 3507 5974 5991 
6103 5991 5974 3991 5990 
6104 5986 5991 5990 3995 
6105 3995 5990 5994 5993 
6106 5990 3991 5984 5994 
6107 5994 5984 3505 5992 
6108 5993 5994 5992 3993 
6109 3994 5987 5997 5996 
6110 5987 3995 5993 5997 
6111 5997 5993 3993 5995 
6112 5996 5997 5995 3391 
6113 3389 5899 6000 5963 
6114 5899 3969 5998 6000 
6115 6000 5998 3998 5999 
6116 5963 6000 5999 3986 
6117 3969 5896 6003 5998 
6118 5896 3499 6001 6003 
6119 6003 6001 3996 6002 
6120 5998 6003 6002 3998 
6121 3998 6002 6007 6006 
6122 6002 3996 6004 6007 
6123 6007 6004 3509 6005 
6124 6006 6007 6005 3997 
6125 3986 5999 6009 5966 
6126 5999 3998 6006 6009 
6127 6009 6006 3997 6008 
6128 5966 6009 6008 3504 
6129 3499 5887 6012 6001 
6130 5887 3966 6010 6012 
6131 6012 6010 4000 6011 
6132 6001 6012 6011 3996 
6133 3966 5884 6014 6010 
6134 5884 369 368 6014 
6135 6014 368 367 6013 
6136 6010 6014 6013 4000 
6137 4000 6013 6017 6016 
6138 6013 367 366 6017 
6139 6017 366 365 6015 
6140 6016 6017 6015 3999 
6141 3996 6011 6019 6004 
6142 6011 4000 6016 6019 
6143 6019 6016 3999 6018 
6144 6004 6019 6018 3509 
6145 3509 6018 6023 6022 
6146 6018 3999 6020 6023 
6147 6023 6020 4003 6021 
6148 6022 6023 6021 4002 
6149 3999 6015 6025 6020 
6150 6015 365 364 6025 
6151 6025 364 363 6024 
6152 6020 6025 6024 4003 
6153 4003 6024 6028 6027 
6154 6024 363 362 6028 
6155 6028 362 361 6026 
6156 6027 6028 6026 4001 
6157 4002 6021 6031 6030 
6158 6021 4003 6027 6031 
6159 6031 6027 4001 6029 
6160 6030 6031 6029 3508 
6161 3504 6008 6034 5976 
6162 6008 3997 6032 6034 
6163 6034 6032 4005 6033 
6164 5976 6034 6033 3989 
6165 3997 6005 6036 6032 
6166 6005 3509 6022 6036 
6167 6036 6022 4002 6035 
6168 6032 6036 6035 4005 
6169 4005 6035 6039 6038 
6170 6035 4002 6030 6039 
6171 6039 6030 3508 6037 
6172 6038 6039 6037 4004 
6173 3989 6033 6041 5979 
6174 6033 4005 6038 6041 
6175 6041 6038 4004 6040 
6176 5979 6041 6040 3392 
6177 3392 6040 6045 6044 
6178 6040 4004 6042 6045 
6179 6045 6042 4009 6043 
6180 6044 6045 6043 4008 
6181 4004 6037 6048 6042 
6182 6037 3508 6046 6048 
6183 6048 6046 4006 6047 
6184 6042 6048 6047 4009 
6185 4009 6047 6052 6051 
6186 6047 4006 6049 6052 
6187 6052 6049 3511 6050 
6188 6051 6052 6050 4007 
6189 4008 6043 6055 6054 
6190 6043 4009 6051 6055 
6191 6055 6051 4007 6053 
6192 6054 6055 6053 3510 
6193 3508 6029 6058 6046 
6194 6029 4001 6056 6058 
6195 6058 6056 4011 6057 
6196 6046 6058 6057 4006 
6197 4001 6026 6060 6056 
6198 6026 361 360 6060 
6199 6060 360 359 6059 
6200 6056 6060 6059 4011 
6201 4011 6059 6063 6062 
6202 6059 359 358 6063 
6203 6063 358 357 6061 
6204 6062 6063 6061 4010 
6205 4006 6057 6065 6049 
6206 6057 4011 6062 6065 
6207 6065 6062 4010 6064 
6208 6049 6065 6064 3511 
6209 3511 6064 6069 6068 
6210 6064 4010 6066 6069 
6211 6069 6066 4013 6067 
6212 6068 6069 6067 4012 
6213 4010 6061 6071 6066 
6214 6061 357 356 6071 
6215 6071 356 355 6070 
6216 6066 6071 6070 4013 
6217 4013 6070 6073 6072 
6218 6070 355 354 6073 
6219 6073 354 1 101 
6220 6072 6073 101 100 
6221 4012 6067 6075 6074 
6222 6067 4013 6072 6075 
6223 6075 6072 100 99 
6224 6074 6075 99 98 
6225 3510 6053 6079 6078 
6226 6053 4007 6076 6079 
6227 6079 6076 4015 6077 
6228 6078 6079 6077 4014 
6229 4007 6050 6081 6076 
6230 6050 3511 6068 6081 
6231 6081 6068 4012 6080 
6232 6076 6081 6080 4015 
6233 4015 6080 6083 6082 
6234 6080 4012 6074 6083 
6235 6083 6074 98 97 
6236 6082 6083 97 96 
6237 4014 6077 6085 6084 
6238 6077 4015 6082 6085 
6239 6085 6082 96 95 
6240 6084 6085 95 94 
6241 3391 5995 6089 6088 
6242 5995 3993 6086 6089 
6243 6089 6086 4019 6087 
6244 6088 6089 6087 4018 
6245 3993 5992 6092 6086 
6246 5992 3505 6090 6092 
6247 6092 6090 4016 6091 
6248 6086 6092 6091 4019 
6249 4019 6091 6096 6095 
6250 6091 4016 6093 6096 
6251 6096 6093 3513 6094 
6252 6095 6096 6094 4017 
6253 4018 6087 6099 6098 
6254 6087 4019 6095 6099 
6255 6099 6095 4017 6097 
6256 6098 6099 6097 3512 
6257 3505 5983 6102 6090 
6258 5983 3990 6100 6102 
6259 6102 6100 4021 6101 
6260 6090 6102 6101 4016 
6261 3990 5980 6104 6100 
6262 5980 3392 6044 6104 
6263 6104 6044 4008 6103 
6264 6100 6104 6103 4021 
6265 4021 6103 6107 6106 
6266 6103 4008 6054 6107 
6267 6107 6054 3510 6105 
6268 6106 6107 6105 4020 
6269 4016 6101 6109 6093 
6270 6101 4021 6106 6109 
6271 6109 6106 4020 6108 
6272 6093 6109 6108 3513 
6273 3513 6108 6113 6112 
6274 6108 4020 6110 6113 
6275 6113 6110 4023 6111 
6276 6112 6113 6111 4022 
6277 4020 6105 6115 6110 
6278 6105 3510 6078 6115 
6279 6115 6078 4014 6114 
6280 6110 6115 6114 4023 
6281 4023 6114 6117 6116 
6282 6114 4014 6084 6117 
6283 6117 6084 94 93 
6284 6116 6117 93 92 
6285 4022 6111 6119 6118 
6286 6111 4023 6116 6119 
6287 6119 6116 92 91 
6288 6118 6119 91 90 
6289 3512 6097 6123 6122 
6290 6097 4017 6120 6123 
6291 6123 6120 4025 6121 
6292 6122 6123 6121 4024 
6293 4017 6094 6125 6120 
6294 6094 3513 6112 6125 
6295 6125 6112 4022 6124 
6296 6120 6125 6124 4025 
6297 4025 6124 6127 6126 
6298 6124 4022 6118 6127 
6299 6127 6118 90 89 
6300 6126 6127 89 88 
6301 4024 6121 6129 6128 
6302 6121 4025 6126 6129 
6303 6129 6126 88 87 
6304 6128 6129 87 86 
6305 3363 5760 6132 5269 
6306 5760 3936 6130 6132 
6307 6132 6130 4028 6131 
6308 5269 6132 6131 3819 
6309 3936 5757 6135 6130 
6310 5757 3492 6133 6135 
6311 6135 6133 4026 6134 
6312 6130 6135 6134 4028 
6313 4028 6134 6139 6138 
6314 6134 4026 6136 6139 
6315 6139 6136 3516 6137 
6316 6138 6139 6137 4027 
6317 3819 6131 6141 5272 
6318 6131 4028 6138 6141 
6319 6141 6138 4027 6140 
6320 5272 6141 6140 3466 
6321 3492 5749 6144 6133 
6322 5749 3933 6142 6144 
6323 6144 6142 4031 6143 
6324 6133 6144 6143 4026 
6325 3933 5746 6147 6142 
6326 5746 3387 6145 6147 
6327 6147 6145 4029 6146 
6328 6142 6147 6146 4031 
6329 4031 6146 6151 6150 
6330 6146 4029 6148 6151 
6331 6151 6148 3514 6149 
6332 6150 6151 6149 4030 
6333 4026 6143 6153 6136 
6334 6143 4031 6150 6153 
6335 6153 6150 4030 6152 
6336 6136 6153 6152 3516 
6337 3516 6152 6157 6156 
6338 6152 4030 6154 6157 
6339 6157 6154 4035 6155 
6340 6156 6157 6155 4034 
6341 4030 6149 6160 6154 
6342 6149 3514 6158 6160 
6343 6160 6158 4032 6159 
6344 6154 6160 6159 4035 
6345 4035 6159 6164 6163 
6346 6159 4032 6161 6164 
6347 6164 6161 3393 6162 
6348 6163 6164 6162 4033 
6349 4034 6155 6167 6166 
6350 6155 4035 6163 6167 
6351 6167 6163 4033 6165 
6352 6166 6167 6165 3515 
6353 3466 6140 6170 5282 
6354 6140 4027 6168 6170 
6355 6170 6168 4037 6169 
6356 5282 6170 6169 3822 
6357 4027 6137 6172 6168 
6358 6137 3516 6156 6172 
6359 6172 6156 4034 6171 
6360 6168 6172 6171 4037 
6361 4037 6171 6175 6174 
6362 6171 4034 6166 6175 
6363 6175 6166 3515 6173 
6364 6174 6175 6173 4036 
6365 3822 6169 6177 5285 
6366 6169 4037 6174 6177 
6367 6177 6174 4036 6176 
6368 5285 6177 6176 3382 
6369 3387 5715 6180 6145 
6370 5715 3925 6178 6180 
6371 6180 6178 4040 6179 
6372 6145 6180 6179 4029 
6373 3925 5712 6183 6178 
6374 5712 3489 6181 6183 
6375 6183 6181 4038 6182 
6376 6178 6183 6182 4040 
6377 4040 6182 6187 6186 
6378 6182 4038 6184 6187 
6379 6187 6184 3518 6185 
6380 6186 6187 6185 4039 
6381 4029 6179 6189 6148 
6382 6179 4040 6186 6189 
6383 6189 6186 4039 6188 
6384 6148 6189 6188 3514 
6385 3489 5703 6192 6181 
6386 5703 3922 6190 6192 
6387 6192 6190 4042 6191 
6388 6181 6192 6191 4038 
6389 3922 5700 6194 6190 
6390 5700 3365 5948 6194 
6391 6194 5948 3984 6193 
6392 6190 6194 6193 4042 
6393 4042 6193 6197 6196 
6394 6193 3984 5958 6197 
6395 6197 5958 3506 6195 
6396 6196 6197 6195 4041 
6397 4038 6191 6199 6184 
6398 6191 4042 6196 6199 
6399 6199 6196 4041 6198 
6400 6184 6199 6198 3518 
6401 3518 6198 6203 6202 
6402 6198 4041 6200 6203 
6403 6203 6200 4045 6201 
6404 6202 6203 6201 4044 
6405 4041 6195 6205 6200 
6406 6195 3506 5988 6205 
6407 6205 5988 3994 6204 
6408 6200 6205 6204 4045 
6409 4045 6204 6208 6207 
6410 6204 3994 5996 6208 
6411 6208 5996 3391 6206 
6412 6207 6208 6206 4043 
6413 4044 6201 6211 6210 
6414 6201 4045 6207 6211 
6415 6211 6207 4043 6209 
6416 6210 6211 6209 3517 
6417 3514 6188 6214 6158 
6418 6188 4039 6212 6214 
6419 6214 6212 4047 6213 
6420 6158 6214 6213 4032 
6421 4039 6185 6216 6212 
6422 6185 3518 6202 6216 
6423 6216 6202 4044 6215 
6424 6212 6216 6215 4047 
6425 4047 6215 6219 6218 
6426 6215 4044 6210 6219 
6427 6219 6210 3517 6217 
6428 6218 6219 6217 4046 
6429 4032 6213 6221 6161 
6430 6213 4047 6218 6221 
6431 6221 6218 4046 6220 
6432 6161 6221 6220 3393 
6433 3393 6220 6225 6224 
6434 6220 4046 6222 6225 
6435 6225 6222 4051 6223 
6436 6224 6225 6223 4050 
6437 4046 6217 6228 6222 
6438 6217 3517 6226 6228 
6439 6228 6226 4048 6227 
6440 6222 6228 6227 4051 
6441 4051 6227 6232 6231 
6442 6227 4048 6229 6232 
6443 6232 6229 3520 6230 
6444 6231 6232 6230 4049 
6445 4050 6223 6235 6234 
6446 6223 4051 6231 6235 
6447 6235 6231 4049 6233 
6448 6234 6235 6233 3519 
6449 3517 6209 6238 6226 
6450 6209 4043 6236 6238 
6451 6238 6236 4053 6237 
6452 6226 6238 6237 4048 
6453 4043 6206 6240 6236 
6454 6206 3391 6088 6240 
6455 6240 6088 4018 6239 
6456 6236 6240 6239 4053 
6457 4053 6239 6243 6242 
6458 6239 4018 6098 6243 
6459 6243 6098 3512 6241 
6460 6242 6243 6241 4052 
6461 4048 6237 6245 6229 
6462 6237 4053 6242 6245 
6463 6245 6242 4052 6244 
6464 6229 6245 6244 3520 
6465 3520 6244 6249 6248 
6466 6244 4052 6246 6249 
6467 6249 6246 4055 6247 
6468 6248 6249 6247 4054 
6469 4052 6241 6251 6246 
6470 6241 3512 6122 6251 
6471 6251 6122 4024 6250 
6472 6246 6251 6250 4055 
6473 4055 6250 6253 6252 
6474 6250 4024 6128 6253 
6475 6253 6128 86 85 
6476 6252 6253 85 84 
6477 4054 6247 6255 6254 
6478 6247 4055 6252 6255 
6479 6255 6252 84 83 
6480 6254 6255 83 82 
6481 3519 6233 6259 6258 
6482 6233 4049 6256 6259 
6483 6259 6256 4057 6257 
6484 6258 6259 6257 4056 
6485 4049 6230 6261 6256 
6486 6230 3520 6248 6261 
6487 6261 6248 4054 6260 
6488 6256 6261 6260 4057 
6489 4057 6260 6263 6262 
6490 6260 4054 6254 6263 
6491 6263 6254 82 81 
6492 6262 6263 81 80 
6493 4056 6257 6265 6264 
6494 6257 4057 6262 6265 
6495 6265 6262 80 79 
6496 6264 6265 79 78 
6497 3382 6176 6268 5319 
6498 6176 4036 6266 6268 
6499 6268 6266 4060 6267 
6500 5319 6268 6267 3832 
6501 4036 6173 6271 6266 
6502 6173 3515 6269 6271 
6503 6271 6269 4058 6270 
6504 6266 6271 6270 4060 
6505 4060 6270 6275 6274 
6506 6270 4058 6272 6275 
6507 6275 6272 3521 6273 
6508 6274 6275 6273 4059 
6509 3832 6267 6277 5322 
6510 6267 4060 6274 6277 
6511 6277 6274 4059 6276 
6512 5322 6277 6276 3469 
6513 3515 6165 6280 6269 
6514 6165 4033 6278 6280 
6515 6280 6278 4062 6279 
6516 6269 6280 6279 4058 
6517 4033 6162 6282 6278 
6518 6162 3393 6224 6282 
6519 6282 6224 4050 6281 
6520 6278 6282 6281 4062 
6521 4062 6281 6285 6284 
6522 6281 4050 6234 6285 
6523 6285 6234 3519 6283 
6524 6284 6285 6283 4061 
6525 4058 6279 6287 6272 
6526 6279 4062 6284 6287 
6527 6287 6284 4061 6286 
6528 6272 6287 6286 3521 
6529 3521 6286 6291 6290 
6530 6286 4061 6288 6291 
6531 6291 6288 4064 6289 
6532 6290 6291 6289 4063 
6533 4061 6283 6293 6288 
6534 6283 3519 6258 6293 
6535 6293 6258 4056 6292 
6536 6288 6293 6292 4064 
6537 4064 6292 6295 6294 
6538 6292 4056 6264 6295 
6539 6295 6264 78 77 
6540 6294 6295 77 76 
6541 4063 6289 6297 6296 
6542 6289 4064 6294 6297 
6543 6297 6294 76 75 
6544 6296 6297 75 74 
6545 3469 6276 6300 5332 
6546 6276 4059 6298 6300 
6547 6300 6298 4065 6299 
6548 5332 6300 6299 3835 
6549 4059 6273 6302 6298 
6550 6273 3521 6290 6302 
6551 6302 6290 4063 6301 
6552 6298 6302 6301 4065 
6553 4065 6301 6304 6303 
6554 6301 4063 6296 6304 
6555 6304 6296 74 73 
6556 6303 6304 73 72 
6557 3835 6299 6305 5335 
6558 6299 4065 6303 6305 
6559 6305 6303 72 71 
6560 5335 6305 71 70 
$EndElements
