$MeshFormat
4.1 0 8
$EndMeshFormat
$PhysicalNames
4
0 6 "pin"
1 3 "Inner"
1 4 "Outer"
2 5 "circplate"
$EndPhysicalNames
$Entities
3 2 1 0
1 0 0 0 1 6 
2 1 0 0 0 
3 3 0 0 0 
1 -1.0000001 -1.0000001 -1e-07 1.0000001 1.0000001 1e-07 1 3 2 2 -2 
2 -3.0000001 -3.0000001 -1e-07 3.0000001 3.0000001 1e-07 1 4 2 3 -3 
1 -3.0000001 -3.0000001 -1e-07 3.0000001 3.0000001 1e-07 1 5 2 1 -2 
$EndEntities
$Nodes
6 2003 1 2003
0 1 0 1
1
0 0 0
0 2 0 1
2
1 0 0
0 3 0 1
3
3 0 0
1 1 0 98
4
5
6
7
8
9
10
11
12
13
14
15
16
17
18
19
20
21
22
23
24
25
26
27
28
29
30
31
32
33
34
35
36
37
38
39
40
41
42
43
44
45
46
47
48
49
50
51
52
53
54
55
56
57
58
59
60
61
62
63
64
65
66
67
68
69
70
71
72
73
74
75
76
77
78
79
80
81
82
83
84
85
86
87
88
89
90
91
92
93
94
95
96
97
98
99
100
101
0.9979866764718844 0.06342391965656459 0
0.9919548128307952 0.1265924535737494 0
0.9819286972627067 0.1892512443604104 0
0.9679487013963561 0.2511479871810795 0
0.9500711177409452 0.3120334456984875 0
0.9283679330160725 0.371662455660328 0
0.9029265382866209 0.4297949120891721 0
0.8738493770697846 0.4861967361004693 0
0.8412535328311808 0.5406408174555981 0
0.8052702575310582 0.5929079290546411 0
0.7660444431189775 0.64278760968654 0
0.7237340381050695 0.6900790114821127 0
0.6785094115571313 0.7345917086575341 0
0.6305526670845216 0.7761464642917575 0
0.5800569095711973 0.8145759520503364 0
0.5272254676105013 0.8497254299495151 0
0.4722710747726815 0.8814533634475826 0
0.415415013001885 0.909631995354519 0
0.3568862215918702 0.9341478602651073 0
0.2969203753282732 0.9549022414440744 0
0.2357589355094253 0.9718115683235421 0
0.1736481776669282 0.9848077530122085 0
0.1108381999010087 0.9938384644612545 0
0.04758191582373997 0.9988673391830081 0
-0.01586596383481047 0.999874127673875 0
-0.07924995685679098 0.9968547759519422 0
-0.1423148382732876 0.9898214418809324 0
-0.2048066680651933 0.9788024462147782 0
-0.2664738136900376 0.9638421585599414 0
-0.3270679633174242 0.9450008187146676 0
-0.3863451256931313 0.9223542941045803 0
-0.4440666126057765 0.8959937742913346 0
-0.5000000000000021 0.8660254037844374 0
-0.5539200638661125 0.8325698546347698 0
-0.6056096871376686 0.7957618405308307 0
-0.6548607339452867 0.7557495743542568 0
-0.7014748877063226 0.7126941713788615 0
-0.7452644496757561 0.6667690005162901 0
-0.7860530947427886 0.6181589862206037 0
-0.8236765814298337 0.5670598638627694 0
-0.857983413234978 0.5136773915734048 0
-0.8888354486549245 0.4582265217274085 0
-0.9161084574320704 0.400930535406612 0
-0.939692620785909 0.3420201433256672 0
-0.9594929736144979 0.281732556841428 0
-0.9754297868854074 0.2203105327865391 0
-0.9874388886763945 0.1580013959733486 0
-0.9954719225730847 0.09505604330418155 0
-0.9994965423831852 0.03172793349806632 0
-0.9994965423831851 -0.03172793349806919 0
-0.9954719225730845 -0.09505604330418396 0
-0.9874388886763941 -0.1580013959733518 0
-0.9754297868854067 -0.2203105327865419 0
-0.9594929736144969 -0.2817325568414311 0
-0.939692620785908 -0.3420201433256699 0
-0.9161084574320688 -0.4009305354066154 0
-0.8888354486549227 -0.4582265217274119 0
-0.8579834132349761 -0.513677391573408 0
-0.8236765814298321 -0.5670598638627717 0
-0.7860530947427863 -0.6181589862206066 0
-0.7452644496757533 -0.6667690005162932 0
-0.7014748877063196 -0.7126941713788645 0
-0.6548607339452832 -0.7557495743542599 0
-0.6056096871376645 -0.7957618405308338 0
-0.5539200638661075 -0.8325698546347732 0
-0.4999999999999981 -0.8660254037844397 0
-0.4440666126057716 -0.8959937742913371 0
-0.386345125693127 -0.922354294104582 0
-0.3270679633174194 -0.9450008187146692 0
-0.2664738136900329 -0.9638421585599426 0
-0.2048066680651888 -0.9788024462147791 0
-0.1423148382732835 -0.989821441880933 0
-0.07924995685678612 -0.9968547759519425 0
-0.01586596383480672 -0.9998741276738751 0
0.04758191582374416 -0.9988673391830079 0
0.1108381999010126 -0.993838464461254 0
0.1736481776669317 -0.9848077530122078 0
0.2357589355094283 -0.9718115683235414 0
0.2969203753282766 -0.9549022414440733 0
0.3568862215918725 -0.9341478602651064 0
0.4154150130018877 -0.9096319953545178 0
0.4722710747726837 -0.8814533634475815 0
0.5272254676105032 -0.8497254299495139 0
0.5800569095711987 -0.8145759520503354 0
0.6305526670845228 -0.7761464642917566 0
0.678509411557133 -0.7345917086575325 0
0.7237340381050708 -0.6900790114821114 0
0.7660444431189785 -0.6427876096865389 0
0.8052702575310587 -0.5929079290546402 0
0.8412535328311812 -0.5406408174555974 0
0.8738493770697849 -0.4861967361004688 0
0.9029265382866214 -0.4297949120891711 0
0.9283679330160723 -0.3716624556603281 0
0.9500711177409454 -0.3120334456984871 0
0.967948701396356 -0.2511479871810802 0
0.9819286972627066 -0.1892512443604106 0
0.9919548128307953 -0.126592453573749 0
0.9979866764718844 -0.06342391965656452 0
1 2 0 98
102
103
104
105
106
107
108
109
110
111
112
113
114
115
116
117
118
119
120
121
122
123
124
125
126
127
128
129
130
131
132
133
134
135
136
137
138
139
140
141
142
143
144
145
146
147
148
149
150
151
152
153
154
155
156
157
158
159
160
161
162
163
164
165
166
167
168
169
170
171
172
173
174
175
176
177
178
179
180
181
182
183
184
185
186
187
188
189
190
191
192
193
194
195
196
197
198
199
2.993960029415653 0.1902717589696938 0
2.975864438492386 0.3797773607212483 0
2.94578609178812 0.5677537330812313 0
2.903846104189069 0.7534439615432384 0
2.850213353222836 0.9361003370954624 0
2.785103799048217 1.114987366980984 0
2.708779614859863 1.289384736267516 0
2.621548131209354 1.458590208301408 0
2.523760598493542 1.621922452366794 0
2.415810772593175 1.778723787163923 0
2.298133329356932 1.92836282905962 0
2.171202114315208 2.070237034446338 0
2.035528234671395 2.203775125972602 0
1.891658001253565 2.328439392875272 0
1.740170728713592 2.443727856151009 0
1.581676402831504 2.549176289848545 0
1.416813224318045 2.644360090342748 0
1.246245039005656 2.728895986063557 0
1.070658664775611 2.802443580795321 0
0.8907611259848203 2.864706724332223 0
0.7072768065282773 2.915434704970626 0
0.520944533000786 2.954423259036625 0
0.332514599703028 2.981515393383763 0
0.1427457474712219 2.996602017549024 0
-0.04759789150442942 2.999622383021625 0
-0.2377498705703709 2.990564327855826 0
-0.4269445148198616 2.969464325642797 0
-0.6144200041955787 2.936407338644335 0
-0.7994214410701116 2.891526475679824 0
-0.9812038899522713 2.835002456144003 0
-1.159035377079393 2.767062882313741 0
-1.332199837817329 2.687981322874004 0
-1.500000000000007 2.598076211353312 0
-1.661760191598338 2.497709563904309 0
-1.816829061413008 2.38728552159249 0
-1.964582201835862 2.267248723062769 0
-2.104424663118971 2.138082514136582 0
-2.235793349027271 2.000307001548867 0
-2.358159284228369 1.854476958661808 0
-2.471029744289504 1.701179591588303 0
-2.573950239704937 1.54103217472021 0
-2.666506345964776 1.374679565182221 0
-2.748325372296214 1.20279160621983 0
-2.819077862357729 1.026060429976995 0
-2.878478920843496 0.8451976705242775 0
-2.926289360656224 0.6609315983596095 0
-2.962316666029185 0.4740041879200352 0
-2.986415767719255 0.2851681299125354 0
-2.998489627149556 0.09518380049418965 0
-2.998489627149555 -0.09518380049421687 0
-2.986415767719253 -0.2851681299125638 0
-2.962316666029181 -0.474004187920066 0
-2.926289360656218 -0.660931598359636 0
-2.878478920843488 -0.8451976705243035 0
-2.81907786235772 -1.02606042997702 0
-2.748325372296202 -1.202791606219856 0
-2.666506345964763 -1.374679565182245 0
-2.573950239704924 -1.541032174720231 0
-2.47102974428949 -1.701179591588324 0
-2.358159284228354 -1.854476958661826 0
-2.235793349027253 -2.000307001548887 0
-2.104424663118953 -2.138082514136599 0
-1.964582201835843 -2.267248723062786 0
-1.816829061412987 -2.387285521592506 0
-1.661760191598318 -2.497709563904323 0
-1.499999999999987 -2.598076211353323 0
-1.33219983781731 -2.687981322874014 0
-1.159035377079371 -2.76706288231375 0
-0.9812038899522532 -2.83500245614401 0
-0.7994214410700911 -2.89152647567983 0
-0.6144200041955585 -2.936407338644339 0
-0.4269445148198425 -2.9694643256428 0
-0.2377498705703531 -2.990564327855828 0
-0.04759789150441217 -2.999622383021625 0
0.1427457474712378 -2.996602017549024 0
0.3325145997030431 -2.981515393383761 0
0.5209445330008005 -2.954423259036623 0
0.7072768065282903 -2.915434704970623 0
0.8907611259848323 -2.864706724332219 0
1.070658664775625 -2.802443580795317 0
1.246245039005665 -2.728895986063552 0
1.416813224318056 -2.644360090342742 0
1.581676402831514 -2.549176289848539 0
1.740170728713598 -2.443727856151004 0
1.891658001253572 -2.328439392875266 0
2.035528234671399 -2.203775125972598 0
2.171202114315214 -2.070237034446333 0
2.298133329356937 -1.928362829059615 0
2.415810772593178 -1.778723787163919 0
2.523760598493545 -1.62192245236679 0
2.621548131209356 -1.458590208301404 0
2.708779614859864 -1.289384736267513 0
2.785103799048218 -1.114987366980982 0
2.850213353222837 -0.9361003370954587 0
2.903846104189069 -0.7534439615432382 0
2.94578609178812 -0.5677537330812319 0
2.975864438492386 -0.3797773607212471 0
2.993960029415653 -0.1902717589696936 0
2 1 0 1804
200
201
202
203
204
205
206
207
208
209
210
211
212
213
214
215
216
217
218
219
220
221
222
223
224
225
226
227
228
229
230
231
232
233
234
235
236
237
238
239
240
241
242
243
244
245
246
247
248
249
250
251
252
253
254
255
256
257
258
259
260
261
262
263
264
265
266
267
268
269
270
271
272
273
274
275
276
277
278
279
280
281
282
283
284
285
286
287
288
289
290
291
292
293
294
295
296
297
298
299
300
301
302
303
304
305
306
307
308
309
310
311
312
313
314
315
316
317
318
319
320
321
322
323
324
325
326
327
328
329
330
331
332
333
334
335
336
337
338
339
340
341
342
343
344
345
346
347
348
349
350
351
352
353
354
355
356
357
358
359
360
361
362
363
364
365
366
367
368
369
370
371
372
373
374
375
376
377
378
379
380
381
382
383
384
385
386
387
388
389
390
391
392
393
394
395
396
397
398
399
400
401
402
403
404
405
406
407
408
409
410
411
412
413
414
415
416
417
418
419
420
421
422
423
424
425
426
427
428
429
430
431
432
433
434
435
436
437
438
439
440
441
442
443
444
445
446
447
448
449
450
451
452
453
454
455
456
457
458
459
460
461
462
463
464
465
466
467
468
469
470
471
472
473
474
475
476
477
478
479
480
481
482
483
484
485
486
487
488
489
490
491
492
493
494
495
496
497
498
499
500
501
502
503
504
505
506
507
508
509
510
511
512
513
514
515
516
517
518
519
520
521
522
523
524
525
526
527
528
529
530
531
532
533
534
535
536
537
538
539
540
541
542
543
544
545
546
547
548
549
550
551
552
553
554
555
556
557
558
559
560
561
562
563
564
565
566
567
568
569
570
571
572
573
574
575
576
577
578
579
580
581
582
583
584
585
586
587
588
589
590
591
592
593
594
595
596
597
598
599
600
601
602
603
604
605
606
607
608
609
610
611
612
613
614
615
616
617
618
619
620
621
622
623
624
625
626
627
628
629
630
631
632
633
634
635
636
637
638
639
640
641
642
643
644
645
646
647
648
649
650
651
652
653
654
655
656
657
658
659
660
661
662
663
664
665
666
667
668
669
670
671
672
673
674
675
676
677
678
679
680
681
682
683
684
685
686
687
688
689
690
691
692
693
694
695
696
697
698
699
700
701
702
703
704
705
706
707
708
709
710
711
712
713
714
715
716
717
718
719
720
721
722
723
724
725
726
727
728
729
730
731
732
733
734
735
736
737
738
739
740
741
742
743
744
745
746
747
748
749
750
751
752
753
754
755
756
757
758
759
760
761
762
763
764
765
766
767
768
769
770
771
772
773
774
775
776
777
778
779
780
781
782
783
784
785
786
787
788
789
790
791
792
793
794
795
796
797
798
799
800
801
802
803
804
805
806
807
808
809
810
811
812
813
814
815
816
817
818
819
820
821
822
823
824
825
826
827
828
829
830
831
832
833
834
835
836
837
838
839
840
841
842
843
844
845
846
847
848
849
850
851
852
853
854
855
856
857
858
859
860
861
862
863
864
865
866
867
868
869
870
871
872
873
874
875
876
877
878
879
880
881
882
883
884
885
886
887
888
889
890
891
892
893
894
895
896
897
898
899
900
901
902
903
904
905
906
907
908
909
910
911
912
913
914
915
916
917
918
919
920
921
922
923
924
925
926
927
928
929
930
931
932
933
934
935
936
937
938
939
940
941
942
943
944
945
946
947
948
949
950
951
952
953
954
955
956
957
958
959
960
961
962
963
964
965
966
967
968
969
970
971
972
973
974
975
976
977
978
979
980
981
982
983
984
985
986
987
988
989
990
991
992
993
994
995
996
997
998
999
1000
1001
1002
1003
1004
1005
1006
1007
1008
1009
1010
1011
1012
1013
1014
1015
1016
1017
1018
1019
1020
1021
1022
1023
1024
1025
1026
1027
1028
1029
1030
1031
1032
1033
1034
1035
1036
1037
1038
1039
1040
1041
1042
1043
1044
1045
1046
1047
1048
1049
1050
1051
1052
1053
1054
1055
1056
1057
1058
1059
1060
1061
1062
1063
1064
1065
1066
1067
1068
1069
1070
1071
1072
1073
1074
1075
1076
1077
1078
1079
1080
1081
1082
1083
1084
1085
1086
1087
1088
1089
1090
1091
1092
1093
1094
1095
1096
1097
1098
1099
1100
1101
1102
1103
1104
1105
1106
1107
1108
1109
1110
1111
1112
1113
1114
1115
1116
1117
1118
1119
1120
1121
1122
1123
1124
1125
1126
1127
1128
1129
1130
1131
1132
1133
1134
1135
1136
1137
1138
1139
1140
1141
1142
1143
1144
1145
1146
1147
1148
1149
1150
1151
1152
1153
1154
1155
1156
1157
1158
1159
1160
1161
1162
1163
1164
1165
1166
1167
1168
1169
1170
1171
1172
1173
1174
1175
1176
1177
1178
1179
1180
1181
1182
1183
1184
1185
1186
1187
1188
1189
1190
1191
1192
1193
1194
1195
1196
1197
1198
1199
1200
1201
1202
1203
1204
1205
1206
1207
1208
1209
1210
1211
1212
1213
1214
1215
1216
1217
1218
1219
1220
1221
1222
1223
1224
1225
1226
1227
1228
1229
1230
1231
1232
1233
1234
1235
1236
1237
1238
1239
1240
1241
1242
1243
1244
1245
1246
1247
1248
1249
1250
1251
1252
1253
1254
1255
1256
1257
1258
1259
1260
1261
1262
1263
1264
1265
1266
1267
1268
1269
1270
1271
1272
1273
1274
1275
1276
1277
1278
1279
1280
1281
1282
1283
1284
1285
1286
1287
1288
1289
1290
1291
1292
1293
1294
1295
1296
1297
1298
1299
1300
1301
1302
1303
1304
1305
1306
1307
1308
1309
1310
1311
1312
1313
1314
1315
1316
1317
1318
1319
1320
1321
1322
1323
1324
1325
1326
1327
1328
1329
1330
1331
1332
1333
1334
1335
1336
1337
1338
1339
1340
1341
1342
1343
1344
1345
1346
1347
1348
1349
1350
1351
1352
1353
1354
1355
1356
1357
1358
1359
1360
1361
1362
1363
1364
1365
1366
1367
1368
1369
1370
1371
1372
1373
1374
1375
1376
1377
1378
1379
1380
1381
1382
1383
1384
1385
1386
1387
1388
1389
1390
1391
1392
1393
1394
1395
1396
1397
1398
1399
1400
1401
1402
1403
1404
1405
1406
1407
1408
1409
1410
1411
1412
1413
1414
1415
1416
1417
1418
1419
1420
1421
1422
1423
1424
1425
1426
1427
1428
1429
1430
1431
1432
1433
1434
1435
1436
1437
1438
1439
1440
1441
1442
1443
1444
1445
1446
1447
1448
1449
1450
1451
1452
1453
1454
1455
1456
1457
1458
1459
1460
1461
1462
1463
1464
1465
1466
1467
1468
1469
1470
1471
1472
1473
1474
1475
1476
1477
1478
1479
1480
1481
1482
1483
1484
1485
1486
1487
1488
1489
1490
1491
1492
1493
1494
1495
1496
1497
1498
1499
1500
1501
1502
1503
1504
1505
1506
1507
1508
1509
1510
1511
1512
1513
1514
1515
1516
1517
1518
1519
1520
1521
1522
1523
1524
1525
1526
1527
1528
1529
1530
1531
1532
1533
1534
1535
1536
1537
1538
1539
1540
1541
1542
1543
1544
1545
1546
1547
1548
1549
1550
1551
1552
1553
1554
1555
1556
1557
1558
1559
1560
1561
1562
1563
1564
1565
1566
1567
1568
1569
1570
1571
1572
1573
1574
1575
1576
1577
1578
1579
1580
1581
1582
1583
1584
1585
1586
1587
1588
1589
1590
1591
1592
1593
1594
1595
1596
1597
1598
1599
1600
1601
1602
1603
1604
1605
1606
1607
1608
1609
1610
1611
1612
1613
1614
1615
1616
1617
1618
1619
1620
1621
1622
1623
1624
1625
1626
1627
1628
1629
1630
1631
1632
1633
1634
1635
1636
1637
1638
1639
1640
1641
1642
1643
1644
1645
1646
1647
1648
1649
1650
1651
1652
1653
1654
1655
1656
1657
1658
1659
1660
1661
1662
1663
1664
1665
1666
1667
1668
1669
1670
1671
1672
1673
1674
1675
1676
1677
1678
1679
1680
1681
1682
1683
1684
1685
1686
1687
1688
1689
1690
1691
1692
1693
1694
1695
1696
1697
1698
1699
1700
1701
1702
1703
1704
1705
1706
1707
1708
1709
1710
1711
1712
1713
1714
1715
1716
1717
1718
1719
1720
1721
1722
1723
1724
1725
1726
1727
1728
1729
1730
1731
1732
1733
1734
1735
1736
1737
1738
1739
1740
1741
1742
1743
1744
1745
1746
1747
1748
1749
1750
1751
1752
1753
1754
1755
1756
1757
1758
1759
1760
1761
1762
1763
1764
1765
1766
1767
1768
1769
1770
1771
1772
1773
1774
1775
1776
1777
1778
1779
1780
1781
1782
1783
1784
1785
1786
1787
1788
1789
1790
1791
1792
1793
1794
1795
1796
1797
1798
1799
1800
1801
1802
1803
1804
1805
1806
1807
1808
1809
1810
1811
1812
1813
1814
1815
1816
1817
1818
1819
1820
1821
1822
1823
1824
1825
1826
1827
1828
1829
1830
1831
1832
1833
1834
1835
1836
1837
1838
1839
1840
1841
1842
1843
1844
1845
1846
1847
1848
1849
1850
1851
1852
1853
1854
1855
1856
1857
1858
1859
1860
1861
1862
1863
1864
1865
1866
1867
1868
1869
1870
1871
1872
1873
1874
1875
1876
1877
1878
1879
1880
1881
1882
1883
1884
1885
1886
1887
1888
1889
1890
1891
1892
1893
1894
1895
1896
1897
1898
1899
1900
1901
1902
1903
1904
1905
1906
1907
1908
1909
1910
1911
1912
1913
1914
1915
1916
1917
1918
1919
1920
1921
1922
1923
1924
1925
1926
1927
1928
1929
1930
1931
1932
1933
1934
1935
1936
1937
1938
1939
1940
1941
1942
1943
1944
1945
1946
1947
1948
1949
1950
1951
1952
1953
1954
1955
1956
1957
1958
1959
1960
1961
1962
1963
1964
1965
1966
1967
1968
1969
1970
1971
1972
1973
1974
1975
1976
1977
1978
1979
1980
1981
1982
1983
1984
1985
1986
1987
1988
1989
1990
1991
1992
1993
1994
1995
1996
1997
1998
1999
2000
2001
2002
2003
1.012009355943205 -0.2974121927068751 0
-0.3757025137956388 -0.984692948908065 0
0.4047482477150244 -0.9762322707051146 0
0.643424988265113 -0.8341163045689338 0
-1.040453110143106 -0.2045551565777643 0
-0.8867152681196224 -0.5552866477207878 0
-0.04158109643166571 -1.064085058862292 0
-1.045967680086409 0.1334855310627603 0
-0.614134640675707 -0.8566392930574791 0
0.8259155313745613 -0.6465099424021475 0
-0.9846934305296723 0.3961755364484942 0
-0.8491179761592851 0.6251923202916132 0
-0.6651096868115437 0.8189402207777133 0
1.05392006386611 -0.03345554914966716 0
0.7335065491786031 0.7416922903423253 0
0.5292661581035802 0.9117853034669506 0
-0.3134954065686936 1.004648937782117 0
0.077360264172031 1.061751002169979 0
0.905010646320155 0.5356638884995272 0
1.009069138585647 0.2973404332842883 0
0.1564813307992216 -1.054683653792866 0
-0.7691658321149804 -0.7189014577110444 0
0.9395571294630373 -0.4845525509496418 0
-0.9777321375518192 -0.3914142308232234 0
-0.1168734435438364 1.047953898309776 0
0.3448771198008829 0.996456997078298 0
-0.4993715739554769 0.9267772998752795 0
1.423020893672765 -2.457857269776139 0
1.98615113132653 -2.027553443807753 0
-0.636334921257233 -2.749270838076818 0
0.7697586300346956 -2.722740926320861 0
-1.337944159690172 -2.508537810991022 0
2.808742822149326 -0.4606936284417797 0
-2.046586924479874 1.944060216494202 0
2.233124036024764 1.750982843855837 0
2.826815575290493 0.2680225168712222 0
2.609568705521493 1.14239044625261 0
-2.828976397106309 -0.002663296725376767 0
1.720072146355272 2.255368839299697 0
-2.482873496705327 1.377575196621659 0
-2.751238752457264 0.71206614825368 0
0.5629088713560111 2.766806023983074 0
-2.489141140678493 -1.385909083985899 0
-2.727615090552088 -0.7261037387400465 0
0.04842119894330483 -2.839028241632866 0
-0.6601992791712961 2.742264602241304 0
-1.922436514796322 -2.085517303136944 0
2.443380412575127 -1.454655240557739 0
-1.5093978369015 2.405342300797143 0
-0.1325896065126871 2.803740474152565 0
1.260879853757584 2.540150712973366 0
2.662737863847121 -0.969157324093923 0
-0.1863632992146391 -1.037994741742567 0
-1.051613138550466 -0.06595149867193864 0
-0.4941437467345384 -0.9286367950727806 0
0.6428019889883698 0.8374052402355299 0
1.037078133013677 0.1658444730521703 0
0.8271632254802133 0.6490569644556284 0
0.966267118425071 0.4225649021394987 0
-0.9259594436058495 0.5078330344216432 0
1.04181034841258 -0.166430318411401 0
0.2775810073293584 -1.006382879087967 0
-0.7656991189396759 0.7278808174101054 0
-1.020654413433345 0.2648232299619601 0
0.5272254676105032 -0.913181296945649 0
0.7350922431860321 -0.7548199733585899 0
0.2159585826808362 1.032099154807781 0
-2.642021698018661 -1.046734165963255 0
-2.282469992325774 -1.683203980699019 0
-2.804018020557628 -0.3348412860192438 0
-1.01757118234281 2.642701837128001 0
1.094757766465694 -2.613607522787818 0
-2.821334499436792 0.3602522617287382 0
1.714915434619533 -2.259693889956158 0
-1.004319438376276 -2.634207304141751 0
-2.6375178715758 1.05228843787018 0
1.99412432261107 2.021210798179685 0
2.834802773736352 -0.09267917544198077 0
2.730258700913725 0.8069830316318598 0
0.4032670897645587 -2.804784217140927 0
-2.269668362328028 1.698144152823136 0
-0.3140740547587081 -2.816166958569297 0
2.434373102960172 1.461397213050476 0
-1.660512266199705 -2.315083864574643 0
2.227380839295421 -1.751631652816781 0
-1.781736084173285 2.202389285981546 0
0.234845223507472 2.823528334514561 0
0.9246408885821066 2.6799589185991 0
0.9916792973909253 -0.3610807889804099 0
1.057697457104473 -0.3484507283112316 0
1.078210322858234 -0.2812276013971756 0
1.127044433256886 -0.3346901481061854 0
1.147721337774704 -0.2627095521806985 0
1.200632906620591 -0.320843170154236 0
1.223407408542265 -0.2448185711395876 0
1.27855648064918 -0.3062123868451533 0
1.305167231856833 -0.2280357397899474 0
1.251832581834233 -0.3841253370524981 0
1.359989014758005 -0.2939632743145139 0
1.389855204122219 -0.2086214480552979 0
1.449077442729817 -0.2794893440247937 0
1.479809881438446 -0.1853260657547333 0
1.545126670267398 -0.2585756780907049 0
1.576325708241675 -0.1643968243169426 0
1.511258123432218 -0.3545349282528153 0
1.612199559967164 -0.3325349659665258 0
1.575835214631609 -0.4338499623434057 0
1.684776748687637 -0.4101097887343153 0
1.645054084436216 -0.5177971571923454 0
1.508330444029857 -0.08942522938834238 0
1.607072338320284 -0.06791648947309917 0
1.537486759476942 0.007532131806886747 0
1.63838822097542 0.03030474428473446 0
1.566904254491025 0.1075145052173258 0
1.670375771400697 0.1310668089115569 0
1.596979556008036 0.2103538467409608 0
1.709145441382728 0.2318357314307874 0
1.632072489684692 0.3120571578121893 0
1.738372816755399 0.05340615685300107 0
1.745775099185692 0.3370986289690818 0
1.669414067518665 0.4158988712256525 0
1.775901057716242 0.4491591381070453 0
1.678773863178272 0.5335171382013417 0
1.757646828177911 -0.4945068149641932 0
1.717033792194364 -0.6025340726217406 0
1.604447705913729 -0.6248672155068521 0
1.678386203428277 -0.7122194332632176 0
1.565485591216343 -0.7317296263998205 0
1.640049253648173 -0.8223994722938692 0
1.525092258730564 -0.8415272677489622 0
1.599201369974434 -0.9329694379669079 0
1.483580447421949 -0.9510611635740166 0
1.558095680671917 -1.045316857615327 0
1.4401925356232 -1.064212343782669 0
1.516465448499473 -1.159533991941692 0
1.396618365416226 -1.178606711357551 0
1.852911917777909 0.363959070425469 0
1.804562788084176 0.5619786795505068 0
1.720469147688969 0.6499410571043766 0
1.602161413549628 0.6339461949411914 0
1.637994672102482 0.7387159037945217 0
1.524873955316236 0.7174765615016904 0
1.556169698870332 0.8220821885471057 0
1.446948825314001 0.7976310222998334 0
1.477308854756836 0.9051301235554426 0
1.368142654628954 0.8792888903541876 0
1.396746582293256 0.9898037405621162 0
1.511620652214815 1.011439026455924 0
1.429373925909527 1.100982072770526 0
1.314247503553536 1.073215279268006 0
1.344836901565331 1.183279009608861 0
1.232825549176702 1.154595120775793 0
1.262231223073849 1.265103680068917 0
1.15374503384605 1.234632441805153 0
1.179769862409227 1.347289020860459 0
1.074938250354774 1.318525803538843 0
1.096731379757031 1.430016284770148 0
0.9883896077399582 1.402499652137409 0
1.011520255610507 1.513297789481877 0
0.8999855456658151 1.483451670886495 0
0.9259376462063207 1.597466473770707 0
0.81408283244816 1.568592195614473 0
0.8378038338795678 1.681631292837048 0
0.7242556665878067 1.654471567562562 0
0.7497915013165554 1.764539257403977 0
0.6335419740689567 1.740312225348342 0
0.6039837680223904 1.625979316053279 0
0.5165612550279914 1.70573872247571 0
0.5450871474261784 1.82420439308057 0
0.4264014463806275 1.78876434269996 0
0.4020919727306053 1.669818055711296 0
0.3107590063835137 1.750623689006631 0
1.322169590778345 -1.085042877161286 0
1.278047008824606 -1.196933398560644 0
1.353015985500397 -1.291866056181242 0
1.227176476432589 -1.308600056707184 0
1.30677331695516 -1.406126823424968 0
1.184360979659644 -1.421950089126292 0
1.107399329579949 -1.325194174715747 0
1.064309652443225 -1.436920742578568 0
1.138127607394446 -1.536113938034796 0
1.014931324654612 -1.54913602169933 0
0.943240829028494 -1.452175857401444 0
0.8941061792674591 -1.56123619296833 0
0.8237205828024522 -1.465837376238687 0
0.7732005081524641 -1.573317671604054 0
0.8447487484778423 -1.671866734312296 0
0.7235048868310594 -1.682230379008884 0
0.6538129666147844 -1.584205708574434 0
0.6037905872939776 -1.690688741363788 0
0.5368178478084602 -1.593634318962182 0
0.4866405603478743 -1.698837902508641 0
0.4189353052260534 -1.604277457693506 0
0.3710418175270258 -1.70751909561205 0
0.305524235222595 -1.611975210964655 0
0.2571853910372504 -1.715126323910264 0
0.1924428929018121 -1.620055597001372 0
0.1442034530669966 -1.723853300800598 0
0.07942900454887178 -1.631055539588688 0
0.03533670026352188 -1.730355455945814 0
-0.03253883591347614 -1.63903437506037 0
-0.07781485813275324 -1.756693955306934 0
-0.146208033932757 -1.650628931351841 0
-0.1954891419707596 -1.750451742544626 0
-0.2615303334931162 -1.656818320467311 0
-0.311136576308216 -1.760770947873818 0
-0.3749468216127793 -1.664005033240264 0
-0.4276988124975669 -1.769828714856763 0
-0.4961534176226112 -1.666786894532515 0
-0.5474876030812921 -1.780285400406133 0
-0.619985258458832 -1.681572107728278 0
0.0943321394892888 -1.839840602614913 0
0.4336565352444788 -1.805500683076987 0
-0.6697980513642566 -1.791228002503344 0
-0.7391561286886951 -1.688552467170405 0
-0.6843417797382619 -1.578372150623812 0
-0.8070956123214301 -1.585008512902396 0
-0.8612880007247621 -1.695692793881341 0
-0.9280712924333944 -1.591526054207959 0
-0.8737103986979681 -1.4829565495843 0
-0.9927015009775171 -1.487980027141166 0
-0.9357517923736307 -1.384507686854931 0
-1.054215900115112 -1.387045614994352 0
-1.112460906047532 -1.49205011483008 0
-1.175222271732519 -1.388480901067205 0
-1.11444836289802 -1.285808849225665 0
-1.235720623729474 -1.285284293995239 0
-1.176611726637639 -1.183911841102428 0
-1.301534583536345 -1.183772939626511 0
-1.23934439296334 -1.0837910630803 0
-1.360862812152841 -1.082656468845189 0
-1.29892131109246 -0.9851867794666345 0
-1.412712097345364 -0.9842462570063751 0
-1.356299267539905 -0.8878441642542033 0
-1.468953087422655 -0.8879864437879031 0
-1.413477663068877 -0.7911424541383489 0
-1.525541087395904 -0.7910699747198252 0
-1.471179929089992 -0.692801795830465 0
-1.583533958682458 -0.6941680404062951 0
-1.52851690841286 -0.5950026716489768 0
-1.640800779157041 -0.5964946430373618 0
-1.585622585469959 -0.4969095022298405 0
-1.695033176959836 -0.4954016951102164 0
-1.646189168529054 -0.3950910517232328 0
-1.755907550084096 -0.3946041458733782 0
-1.708591229586074 -0.2942069143205297 0
-1.824721493909889 -0.2955884411212715 0
-1.767123182274263 -0.1922481292395456 0
-1.525513977230238 -0.9789600536588264 0
-1.693553832719035 -0.6945037036362915 0
-1.372351670481643 -1.295509122599237 0
-1.885234754884476 -0.1946360035400714 0
-1.820075134856269 -0.08930624321534528 0
-1.709894986090602 -0.0936426248759326 0
-1.762968098713541 0.01718104380004649 0
-1.8784840299103 0.00573581096310489 0
-1.820241715560378 0.1225015143625642 0
-1.695271100359349 0.1325267477423474 0
-1.761233641384815 0.2339470512321779 0
-1.881317563404524 0.2336108175535392 0
-1.814014923877303 0.3383542493464929 0
-1.69489540632897 0.3347097957292977 0
-1.746632965733325 0.4398660634191773 0
-1.633127046499195 0.4374369862560519 0
-1.682262074141252 0.5393711523184057 0
-1.565997555409379 0.5331844428934726 0
-1.618196216265003 0.6361236436881201 0
-1.504504168373053 0.6296718914114376 0
-1.55527295046848 0.7310491297494527 0
-1.443761519614901 0.7250208081920005 0
-1.493952064888004 0.825242826679821 0
-1.383364528468706 0.8191369038681723 0
-1.433453986844189 0.9161420308134324 0
-1.321661424925474 0.913186919992438 0
-1.379188981885132 1.006635535089954 0
-1.260908238633643 1.006475666924689 0
-1.320018294641027 1.103087699966119 0
-1.199785053867102 1.100379676194517 0
-1.252558967670974 1.200740308026348 0
-1.137767255218209 1.196071343987574 0
-1.189436105210304 1.296870009978234 0
-1.074068362747348 1.291898014756223 0
-1.12729361850639 1.39567317233021 0
-1.008870808988886 1.389857681472289 0
-1.063453750636043 1.496515826391923 0
-0.9418411366983992 1.490237730222391 0
-1.54648093505992 0.9249832302883062 0
-1.377392814317822 1.209847555342926 0
-0.9978563916901899 1.600593095009959 0
-0.8736447278535381 1.592472338701337 0
-1.734716487797481 0.6442055129333807 0
-0.244530139412492 -1.858230592247005 0
0.3353979624191044 1.872895439969144 0
0.2171019280960032 1.833027300636072 0
0.192262493131136 1.710942371720154 0
0.09987794117334325 1.793043826487597 0
0.07308917392941319 1.673913722943864 0
-0.01637470885628548 1.754033976212098 0
1.212287849441315 1.4636747221913 0
-0.03650723245415172 1.635656060740231 0
-0.8181780306463823 1.480974776685607 0
1.450837193951071 1.22073766919528 0
0.004626903204144445 1.875506300071659 0
-0.1096216560639259 1.834282210490672 0
1.738485795379084 0.7742730496098795 0
-1.187673638473822 1.499340352557843 0
1.756506216037997 -0.7927858179501149 0
-1.864498630736191 -0.4110608322993735 0
-0.9300781707703144 1.707052001597001 0
0.9527979722346499 1.717742093014621 0
0.7944764165503725 -1.784409533780428 0
-1.937359438523701 0.3491544638086663 0
-0.5999710376648834 -1.895310675011215 0
-0.0915780784860841 1.962781644008906 0
-0.2131470647807008 1.918288956186597 0
0.8845150817683187 1.369093509217583 0
-0.3226040867863488 -1.562672172696365 0
1.64073090628082 -1.140156254738472 0
1.532837239735665 0.285704878193202 0
0.460312305145715 -1.487505207108408 0
-1.530201779143813 -0.3888435590752235 0
1.420160125121833 0.6990806860362114 0
1.129198206935627 1.125007457026257 0
-1.521173460566722 0.4384646043334752 0
-1.026899994719395 1.195045982629784 0
-1.124589759608091 -1.084077199733878 0
0.04769964540057871 1.559513027339609 0
-0.05781263570364193 1.52208208907885 0
-0.192543886654356 2.053034665314637 0
-0.3238167841214848 2.007730482406007 0
-0.09620245355348787 -1.549994470700483 0
1.796215083354926 -0.3843712925842043 0
1.871554893934783 -0.4772458269625396 0
1.913766786373205 -0.3579189613247178 0
1.998323814994686 -0.4513324534449596 0
2.040936154297643 -0.3249496329990845 0
-1.363460481403753 -0.6925173761417582 0
0.1284276930389557 -1.529934077620662 0
-1.25324203729314 -0.8867798786525296 0
-0.07381509517451654 2.090075637829005 0
-1.39275716544561 0.6264408075518084 0
-1.154407019402167 1.00641045813628 0
-1.261605106290205 0.80343160401461 0
1.46860877492265 0.08014763941325447 0
-0.7512174474328824 1.583119870383578 0
-0.6955486822121426 1.477559165515963 0
1.459731146089927 -0.7537359224670624 0
-0.8211909274899637 -1.378991461973033 0
0.8720238682238164 -1.360994196039644 0
-0.2988486041561028 2.148160829093126 0
-0.4376102062164163 2.099405134524944 0
-0.1425230959037281 1.595775089098293 0
-0.1628543905849517 1.490051325433459 0
2.130747255211078 -0.4270925443524569 0
2.174031916056761 -0.2969937973097114 0
2.081742075187059 -0.5621380154886944 0
0.024520541602601 1.453605852755736 0
-0.6306012819003265 1.582679729374717 0
-0.9872962979611788 -1.703715008801193 0
-1.236529169064505 -1.496867391373454 0
1.205049718216158 -1.106174830822928 0
1.090355630906032 -1.650914694464322 0
-0.5816926844752922 1.472504092230712 0
-0.6421785601074156 1.377732860506224 0
-0.5361972028819172 1.372408386593145 0
-0.5948282965234805 1.285394086029549 0
1.430895926839765 -1.389977778020733 0
-0.9196403129291922 -1.812673124944616 0
-1.049835263546968 -1.821097316399308 0
-0.9774713404563922 -1.936892564873715 0
-2.008327779532783 0.2347796714813403 0
-2.070023005230059 0.3581067223679739 0
-2.144441277726349 0.2325549945891963 0
1.216257566295056 -1.63916173699648 0
1.167483712804489 -1.760273656309609 0
1.30172539526507 -1.745861731324393 0
-1.060159026391809 1.71378289267308 0
-0.9894601340785655 1.828347398442285 0
-1.129271064592763 1.833456844397063 0
-1.05226091329216 1.951691768873327 0
-1.120903479719499 -1.945250135903154 0
-2.212747320729596 0.3597921919573704 0
-2.132359798284398 0.4867967768954286 0
2.222819596387824 -0.5314869186801581 0
2.174431766417451 -0.6712619965029099 0
-0.4949888068035337 1.27986285671786 0
1.102642406524908 -0.4025756375708537 0
-0.687534726263863 1.687632723640216 0
1.248178679714142 -1.874043696658946 0
2.081247970225082 -0.1934484903955409 0
2.216838013560021 -0.1638988139427107 0
2.121288192838795 -0.05955964577284652 0
2.25984333674746 -0.0286860557037701 0
0.124013363189451 1.486505550916551 0
0.1013145361833131 1.38761683544868 0
0.1954131984448303 1.415957892224305 0
0.00393400787746232 1.359116110550447 0
-2.290309282439297 0.2375584173352468 0
-2.217985071965202 0.1087592903112159 0
1.245431067042848 -1.000911852716418 0
1.144502884377556 -1.016396888061053 0
1.175841338589525 -0.9215060637137097 0
1.077942345697069 -0.9394258067994069 0
1.113150239751568 -0.8466494201568932 0
1.044617118256619 -1.042731725774517 0
0.9815549291888045 -0.9571041313636223 0
0.9450386292898798 -1.043792750385427 0
-1.0387835450017 -2.067869778408791 0
-0.8798221923736854 -1.286130998021664 0
-0.7746905302138446 -1.282125577555742 0
-0.8286034031417058 -1.195034974332446 0
-0.7299390994149503 -1.189473195236269 0
-0.6756978888917941 -1.271572733545121 0
-0.7842210066297294 -1.109176622764371 0
-0.6360771089845488 -1.185337059603611 0
-0.5828297635560843 -1.262713777679365 0
0.7601486984856077 -1.373864055880601 0
1.247882250312762 -0.1676479343031986 0
-0.4093400145828266 2.245722989736616 0
-0.5505221767604874 2.195596175617903 0
-0.2673356084237801 2.294787522380923 0
-1.197182264387499 1.958147348680432 0
-1.274769739969193 1.835421889376467 0
-1.111988185064555 2.100772566673573 0
0.1741019415831552 1.323560410744361 0
0.263776787180721 1.350312430138754 0
0.8890339012741363 -0.971136221758398 0
0.8552148948889363 -1.054955321202021 0
1.391310639445015 -1.856690174144106 0
2.161961275979643 0.07659018046227624 0
2.300534821452885 0.1098743768299343 0
2.202719840622887 0.2186743065478131 0
-0.515322221335229 1.585314234689965 0
2.344827946793624 0.2509274600373477 0
2.244999525760523 0.3621958310398962 0
-0.6954057376945715 1.289868696988897 0
-0.6481273322957105 1.199663908578077 0
2.313493186186727 -0.2689143890315326 0
0.9178197725793354 -0.8909815383023765 0
-0.5433233409677797 -1.180662308208926 0
-0.4912112810426563 -1.255778095151096 0
-2.28171601682841 0.4889977648407743 0
-2.199856096319025 0.6165368564231372 0
2.394288296336085 0.3949585383988494 0
2.28986498204868 0.5052953272166057 0
-0.5298645334156957 -1.338464577790145 0
-1.187617764252448 -2.077643359806826 0
-1.271345893554345 -1.950495577270053 0
2.324058242064477 -0.6392593340999291 0
2.272434845885944 -0.7841427232660018 0
-1.346347512323439 1.964340228383175 0
-1.421641240386867 1.840180949516743 0
1.474099779301437 -0.4501426556192819 0
-0.4377825717955732 1.360317032604791 0
-0.3994538581583393 1.271229399333663 0
-0.4527256067150271 1.19656844150671 0
-2.368901739255806 0.1117708645397316 0
-2.292597130737604 -0.02416568913413544 0
1.113297068473702 -1.883828044808414 0
1.190685686164338 -2.007040842593308 0
1.048919250056567 -2.017974065626579 0
0.2425322722566548 1.261911297628121 0
0.3297605702332114 1.287278666121478 0
0.3525357751204596 1.375823073020367 0
0.4191010331355766 1.312031007101002 0
0.3884580986665935 1.21205665959365 0
0.4832216306110883 1.245384659786741 0
0.5084309151770253 1.337122000418206 0
0.5731869456387889 1.269569417320118 0
0.5483610076694204 1.181102986959136 0
0.6362644761745899 1.203365304268107 0
0.6113968336899694 1.118400196855754 0
0.6973602506785777 1.139016154698564 0
-0.9198879405483619 1.945906566310999 0
-0.8936828623972496 -2.057757768155633 0
0.2406599629799766 1.959097863583241 0
0.3671345919301394 1.999543401302166 0
0.2671000256935489 2.09038532290294 0
0.4015057179825163 2.133307548992565 0
0.2946271096719058 2.229740991246465 0
0.4334446482356815 2.275736893056137 0
0.5423989147242362 2.173982902846645 0
0.576585715584789 2.321047329492647 0
0.6846453381333363 2.216874944343312 0
1.438778531873766 -1.727118251932175 0
1.538603911031609 -1.8380823454211 0
1.589230738916921 -1.701411468246476 0
-0.4379325255041018 -1.32820841598762 0
-0.4001628339851536 -1.247726641643291 0
-0.3473903346661747 -1.316838095571206 0
-0.311084781003152 -1.238946406558749 0
-0.2589392582413513 -1.308963607316844 0
-0.7447317716333977 1.204349677267383 0
-0.7020105455278437 1.120336204210796 0
2.122557294011993 -0.811023837033003 0
2.219990313209326 -0.9275153759841333 0
2.069380718764415 -0.9527650792767423 0
2.165301369404823 -1.070152875389565 0
0.6729460344887438 1.056037827598591 0
0.7570723806643637 1.076002117601825 0
1.677334785532101 -0.1438284993320569 0
1.131519841039399 -2.145147408742694 0
0.9807136518851464 -2.161500309920032 0
2.020702335156186 -1.098071432914828 0
-0.2238120290826676 -1.231296528521324 0
-0.171775437196722 -1.302233837657643 0
-0.3796330546506922 2.397355546986367 0
-0.7936599111425801 1.123389243318543 0
-0.7505650560279741 1.04436539396437 0
-0.8389773529243982 1.046145100794442 0
-0.7981691297513744 0.9698306698805419 0
-0.8855178713278851 0.9713669493291828 0
0.8011951931858806 -0.985638112349675 0
0.7680741122750371 -1.066277939582261 0
-0.954559574122658 -2.191391616482077 0
-0.8026813864236793 -2.182410505097789 0
2.111805246282434 -1.21397099283366 0
1.960994535181721 -1.23987098435029 0
0.3229283792158745 2.378386180658438 0
0.600899368423122 1.361645239895207 0
0.1793700465474698 2.314975511331661 0
-0.3354715884973293 1.868915758317717 0
0.5277356852593219 1.09818979294103 0
-0.5944386519193245 -1.106676120322915 0
0.7335768795475803 0.9937845796876827 0
0.8175154662190883 1.012160742482656 0
0.8422925537942563 1.097543974953031 0
0.9005351239625718 1.030212234827546 0
0.8766994616085545 0.9471919927297253 0
0.9580955695447009 0.9626456179931011 0
0.9350347552699007 0.8821977209944168 0
1.019252136582622 0.8992598679811395 0
0.9938900222211978 0.8179498794993697 0
1.080155083445917 0.8357773601422885 0
1.05319274932675 0.7528674787891355 0
1.13996293525 0.7628116585541475 0
1.111196304671503 0.6851175958490762 0
2.403535703174308 0.01489138877589564 0
-0.3617721303066392 1.188292450118122 0
-0.3113814700235839 1.260498856279075 0
-0.2734617244711874 1.180686471780529 0
-0.222697782772109 1.248669763258459 0
1.206091991312628 -0.8294452275860313 0
1.145506298455061 -0.7565057469806685 0
-0.8747589889263481 -1.113336499317886 0
-0.8309696731661128 -1.031228895677174 0
-0.1374304977236293 -1.223751461229467 0
-0.08743877441575816 -1.292334488877728 0
2.058753394365054 -1.359623438732376 0
1.905790832455751 -1.385465611982477 0
0.7146266229590278 -0.9994707701620519 0
0.681117673974783 -1.077921413410743 0
0.1582496567132602 1.235609942857936 0
-0.8449221592712918 0.8972334406291222 0
-0.929636945399466 0.899205948210927 0
-0.05440393398563006 -1.21622121797717 0
-0.005058388211354148 -1.282653787424368 0
0.02798917160780211 -1.208005033440379 0
0.07926684422385091 -1.276493771401741 0
-2.447533392258699 -0.02084891446441775 0
-2.370571754215686 -0.15501004775865 0
-0.666119165403137 1.039508401388956 0
-0.5778324484697743 2.048354136035125 0
-0.8901305355773463 0.826243405338185 0
-0.973184795919958 0.8281781409208328 0
-2.352032305742256 0.62040843824074 0
-2.269039898114174 0.7498417679976017 0
-2.117007164034403 0.7428367823684229 0
-2.184695016032024 0.8768911144990864 0
-2.035185143879711 0.8670244817479725 0
-2.101101279923525 1.001583644185341 0
-1.953208867727803 0.9916453141338076 0
-2.01839930235906 1.125289688406549 0
-1.871689636928805 1.115553303506641 0
-1.936457103969206 1.24850699631721 0
-1.79013873955893 1.238720115920436 0
-1.854304356584433 1.371164727926108 0
-1.707427384608321 1.359412340362661 0
-1.772512910309883 1.494355124975357 0
-1.624605449000949 1.482466039131411 0
-1.691066107632897 1.615508603634758 0
-2.081171036971932 1.256330426020778 0
-2.216529441095852 -0.1596362691524087 0
-2.292300949329991 -0.2896571585350171 0
1.236258789784585 -0.7394837497805821 0
1.170750146414646 -0.6737885539057805 0
1.086357145184157 -0.6868290379220212 0
1.262962807789644 -0.6470959922609654 0
1.110323310755466 -0.6091636398266004 0
-0.2328053759631614 2.448720059340585 0
-0.7331522431791181 -1.020550915339867 0
-0.7909630572421505 -0.951427368992987 0
-0.8745733211931384 -0.9554634676023963 0
-1.843745918712655 1.629969720490084 0
-1.764392114534057 1.751371809722276 0
1.279409562599662 -2.127240483462684 0
-0.2476095544139144 1.555502208582966 0
-0.3525968945132086 2.555755769747671 0
-2.252698068010641 1.013484628781914 0
2.143420123777183 0.472445631359289 0
2.184074325342418 0.6166664676515359 0
2.332309131948831 0.6508485938533493 0
2.224248268715693 0.764399782095403 0
-0.3577383690341637 -1.172162982234643 0
0.7317290181595432 -1.142695834929429 0
0.6478268941427385 -1.153807656694962 0
0.594302866234116 -1.088360465687171 0
0.5605034674751788 -1.166064482015309 0
-2.423904419772851 0.4940099422271004 0
0.9005675769272071 -1.124332887467518 0
1.100354885459122 0.9211276319941415 0
-0.6940027865827824 2.14398909856348 0
-0.6669437009831786 2.295476931111912 0
-0.8149399574779664 2.241284824473957 0
1.030980416161831 -0.6211106984737155 0
1.004315341489689 -0.6988780921125702 0
0.6189524887742253 -1.230917767938737 0
0.5259930394770503 -1.244905601525456 0
0.4743206300899852 -1.17466852431753 0
0.4380796174489514 -1.252441708428424 0
0.3899143856368386 -1.182178836693909 0
0.3528018385503662 -1.259160751351491 0
0.3052097940272309 -1.189613947792912 0
0.2634282299068142 -1.265433600126538 0
0.3157355102938865 -1.338681042883775 0
0.2198343137440739 -1.195828183761052 0
0.5868873307528182 -1.326589553669147 0
0.2233498642370875 -1.345144067846756 0
2.381602247616736 0.8031121748523009 0
2.266886416399415 0.91317669135105 0
2.115601018625023 0.8755839991845263 0
2.155743956496905 1.023195030630819 0
2.009070490933103 0.9833227223132267 0
2.047583714445756 1.129904909488952 0
1.903532890280054 1.090760625097642 0
1.941197301835534 1.234972603311888 0
1.797086738623255 1.197309029768314 0
1.83222025853569 1.341228683003772 0
1.97767562100606 1.379577627720012 0
1.870880785307447 1.487157690277164 0
1.722601863374882 1.447177378412082 0
1.760784795412815 1.592111351861498 0
1.614866240564403 1.551129529227674 0
1.65119989266354 1.696933878789974 0
1.505740920423111 1.655291976207456 0
1.542400525893364 1.804323422249847 0
1.396110304339504 1.760029617580448 0
1.431632013281608 1.909706747332323 0
1.285328680394591 1.864566399610942 0
1.320966660461783 2.013233121629735 0
1.173310642904358 1.969593505930749 0
1.205815575987249 2.115188047914707 0
1.057384756387683 2.071180151468898 0
1.088201012607231 2.227338266983149 0
-0.4705852425464713 -1.410876228193087 0
-0.5080732678920533 -1.103109521480633 0
1.361568643744215 2.163785044509079 0
1.028021463020447 0.6703420351464995 0
1.084446473846226 0.6055069363879203 0
1.16647392365476 0.6203864987162617 0
1.139400261131034 0.5406694921434875 0
1.223281697039476 0.556333342705308 0
1.194630581852925 0.4733635172467886 0
1.280460208842455 0.4904723541796793 0
1.250956701146231 0.4054180050076772 0
1.33880977045753 0.4231423782571488 0
1.30521635237611 0.3398424192000402 0
1.221259745710487 0.3224765020760345 0
1.273526517416605 0.258371212271942 0
-2.446898097860538 -0.2882337214522481 0
-2.36803483245491 -0.4222564587034101 0
-2.21436210805071 -0.4212071426125771 0
-2.287595671031641 -0.553022648027454 0
-2.137419450656739 -0.5491307695126425 0
-2.208556272500678 -0.6808531356819284 0
-2.060939913286052 -0.6768667866042725 0
-2.130877067967746 -0.8069023654094435 0
-1.98539962366116 -0.8030618579224069 0
-2.054410550240894 -0.9315269256281414 0
-1.902839715397177 -0.9286943665605989 0
-1.970319543184568 -1.059478854680001 0
-2.130315495954457 -1.058442039195827 0
-2.044800115075343 -1.188121494848125 0
-1.886972284889505 -1.187119259476324 0
-1.964870627544128 -1.324121465136695 0
-1.810415771265975 -1.313605406761744 0
-1.880402555169014 -1.457901924253802 0
-1.730789385391993 -1.441929411256005 0
-1.798381351951085 -1.578618604208156 0
-1.648261582592359 -1.569257401959535 0
-1.719554308855542 -1.702944228725208 0
-1.882393172620188 -1.721963098997859 0
-2.277715037318281 -0.806760605022189 0
-1.56846697029727 -1.695497416482765 0
-1.636535885051934 -1.834079171228494 0
-1.660274756264307 -1.31035921926096 0
-0.8324772758780916 -0.8812084007641255 0
-0.9166211581252904 -0.8796610688098611 0
0.9111419219906778 0.8011887647411473 0
-1.341470991678328 -2.086067687327597 0
1.987590028297208 -0.0853242588037431 0
-2.525206291506468 0.1178682102395168 0
-0.8693180688192681 -2.320813151509395 0
-0.7144125199629102 -2.307818253243098 0
-2.119313060714723 -1.34259263130716 0
1.192496157062435 0.2428244183745605 0
1.244918234446351 0.1770173649531122 0
2.321032479999691 -1.044375193788223 0
0.723281174396125 2.367625010691019 0
-0.9344479044810944 0.7564156812907962 0
-1.016274583493645 0.7583125101980986 0
-0.9778799075705523 0.687335406295056 0
-1.059114855607028 0.6892526891000789 0
-1.056835063922059 0.8308392662755483 0
-0.9575675139883024 -0.9489887519469932 0
-0.9978211325707805 -0.8755374289256522 0
-0.9573196709755029 -0.8039489078078511 0
-1.042466750453857 -0.8023326076844305 0
-0.9978616076800571 -0.7307581760667446 0
-1.082479953218685 -0.727681536591859 0
-1.037125108782813 -0.6578723310161108 0
-1.120488015850778 -0.652927465937709 0
-1.076965905211392 -0.5835174290170569 0
-1.158949391658288 -0.5783833350347373 0
-1.117754592998863 -0.5078301665856225 0
-1.200798597164506 -0.5051181340939153 0
-1.157952117180347 -0.4333668246731209 0
-1.242021702003503 -0.431205958491385 0
-1.197642026727712 -0.359784473050209 0
-1.28221395209137 -0.356377780007188 0
-1.237665200308707 -0.2840759442787706 0
-1.324355195769161 -0.2805550844257791 0
-1.277283438563295 -0.2038599290808886 0
-1.366849190211607 -0.2026562228348876 0
-1.318513603794733 -0.1240983929654378 0
-1.410728632945403 -0.1230273166034814 0
-1.361931490428074 -0.04581351490988899 0
-1.270760717958023 -0.04819843632438891 0
-1.311700813422531 0.03168151721577795 0
-1.402737086956126 0.03469102927177125 0
-1.352765482053314 0.1105243045665074 0
-1.262433036283806 0.1083701360231249 0
-1.301476192327298 0.1865311505715439 0
-1.391674485059316 0.1919395607247363 0
-1.33932374033387 0.2662882417942499 0
-1.25079797160284 0.2593383674787785 0
-1.286670643552389 0.3384516607150524 0
-1.201259029983283 0.3290605281828821 0
-1.236368775193045 0.4041776660297008 0
-1.284526954347305 -0.5073915103834336 0
-1.152510561819403 0.3976528015619951 0
-1.192522053359968 0.4799086568315054 0
-1.460332486662963 -0.2028067226072073 0
-1.104970716370526 0.465189401636908 0
0.22113859505379 1.511735604012528 0
2.221854583791221 1.182755050492784 0
-1.647444999981692 1.225267698806074 0
-0.41074416749156 1.120086197988623 0
-0.49462730126052 1.123994869463067 0
-1.498826990549587 1.973071856326654 0
0.9283944087252259 1.109573390396136 0
-0.2107450493127075 -1.383536457618028 0
0.04368515795859206 -1.351626262352545 0
1.691662429599351 -1.817815788858664 0
1.751151202978973 -1.674296760063774 0
-1.020120060270651 0.6163756490795859 0
-1.099386194492154 0.6138399009837043 0
2.064106675697111 0.1834054951458441 0
-0.6411067565043848 -2.143465565456204 0
-0.5597617028057621 -2.289161091469734 0
-0.4839742033685855 -2.145151272789664 0
-0.4083109705897865 -2.277088349083749 0
-0.4724860013417112 -2.419058011052386 0
-0.3179656337338675 -2.402452356130192 0
-0.2529502390847042 -2.259035404441328 0
-0.1641360325098987 -2.384628718662627 0
-0.1031053760205073 -2.244631629088613 0
-0.01286637848065704 -2.367696909099345 0
0.04666472721318218 -2.229664248262423 0
0.1372238604608982 -2.350717034297025 0
0.1964242557147069 -2.213265322460473 0
0.2868739416891494 -2.333766912973518 0
0.3437666922452837 -2.192415771743012 0
0.436214833499621 -2.316186932705946 0
0.493053753706206 -2.174316819305011 0
0.5858167402819853 -2.299010957743671 0
-0.04127285763234646 -2.112081253506729 0
0.5263400598282154 -2.442506223651169 0
0.6492533984257376 -2.165520521648037 0
0.2202801366846088 -2.49526325201828 0
0.2458105221521165 -2.074333826029406 0
0.6800427860006112 -2.435829361307113 0
-1.191057696970791 -0.2090290987433794 0
1.652441127813439 -1.552133441986818 0
0.918755538795509 -2.017110592256669 0
-0.7937716140526818 1.289382642336064 0
-1.322076963830811 0.4184897694558445 0
1.909077373502886 1.63727094725356 0
-2.42596431463949 0.7585418910315515 0
-0.9164308744742019 -0.7330138955542026 0
1.687077341930165 1.852938508849301 0
-1.020240980375339 -2.347012080726759 0
-1.166801297898715 0.2521819752343918 0
2.005436413060878 -1.506885320472175 0
0.2073538335210887 2.482071637982755 0
-1.810773840207614 0.9815036403514471 0
-0.08314515369139146 -2.51526609888472 0
1.473946081740874 1.511343166564315 0
0.6432972359374759 2.072691401186941 0
0.7276209004885441 1.22137364102811 0
-1.344237529378652 1.715058078090541 0
1.111474816225597 0.4592563856964612 0
-1.166566023597175 -0.7179695483728845 0
1.765806048862781 1.053330261559603 0
0.5315635796773939 1.431201155303739 0
-0.7877785446195568 2.398042652112562 0
-0.938733616264131 2.341326534677113 0
-2.443542757467027 -0.5599524558750374 0
0.5568437394921022 -2.041357621026343 0
-1.107709214525418 -0.3587196097225915 0
1.369838286758417 0.5087613775744836 0
-0.2506256050507089 1.33735658804056 0
-0.1699794285864913 1.317942396265848 0
-0.1362213439024706 1.236773189002199 0
0.7454426914158021 -0.9214907532049307 0
1.249539363294214 1.722740621137693 0
1.331301687870044 0.2036686252576413 0
1.305000876651311 0.1182269107265634 0
1.213557330119045 0.09995975008472116 0
1.270838270300362 0.03754202864951956 0
-0.9694518390860375 0.9786955897596933 0
0.2218718065976527 1.17809498049545 0
-1.142599308906692 0.6881186924717404 0
-1.18715954396942 0.61998599899888 0
1.0569657585173 -0.5448179887315011 0
1.143477238168799 -0.5327235800534929 0
-1.501377053963305 -1.560216557201147 0
-1.424845495651919 -1.683607413506324 0
2.51522374191036 0.2585092150147799 0
2.547802751696234 0.4308459502513691 0
-0.7556379468060153 -0.8793112116636436 0
2.424789349659055 -0.7564525681675726 0
2.477646680616896 -0.6048898149331711 0
1.18344156367487 0.02336596459815126 0
1.07099646127583 -2.289532677857403 0
-0.6355006152081072 2.452719253713832 0
-0.7814402840607804 -2.451590821345823 0
-0.2306963217040325 1.66830087311401 0
-1.506706560817853 -0.1196585529223861 0
1.59811966375334 -1.258870826715059 0
0.3555716275679153 2.533786591343609 0
0.6556581927877283 0.9753787421667235 0
0.2794314968239751 -1.424593365156444 0
1.431083488665572 0.4398618016223527 0
-1.035622708486237 -0.511651453125057 0
-1.122682510339851 -1.70693483389914 0
-1.948464921091844 0.7261500296284171 0
1.479098265975724 -1.966750415282586 0
-0.1294416342767543 2.343571605396082 0
-0.08629175574287541 2.496306077116771 0
-1.40349390213378 2.125045983012342 0
0.6113438099098948 2.474009795082475 0
-1.430619902510701 0.2745138482855407 0
-1.488684308266677 0.1965635182148691 0
0.4266411571508206 -1.107155048856581 0
1.245232258629638 0.6446990079550332 0
1.927460883285013 -0.9838183601783602 0
0.7915984979102975 2.118113818419414 0
-0.5594818269583094 -1.417285638953564 0
0.8678118223449588 1.180604787129707 0
1.142552578429888 0.3055277372812182 0
1.835286344826466 -0.2573966632006047 0
-0.4576118999872678 1.054475693555698 0
2.04190101139597 0.582657811856922 0
0.9561910248350123 -0.6332256937223144 0
0.9283999384169924 -0.706118417791101 0
-1.259626911862153 -2.224577499795211 0
-1.923207547646571 -0.6775273384881363 0
1.143222780487572 0.08143721429179163 0
0.6313910495308859 1.454636555745127 0
1.300740144981181 -0.8111449520437337 0
-0.3336639483539163 1.624835105757155 0
-0.7585835745522903 0.8999608550839836 0
-1.372712431665638 -0.3494902760401343 0
-0.5569073109550015 -1.036404294098527 0
-1.081457589914913 -0.8702647723862392 0
-0.3517200308350795 1.511901323344138 0
0.1424813481630448 1.156410500862755 0
0.08393696492280471 1.205874586990628 0
2.588934950585345 -0.7219321657640323 0
1.974932251200485 0.8435703755658774 0
1.723123917932938 -1.250347834540265 0
0.9735490163149878 -0.7714434012744998 0
1.84920876783933 -1.797567015113374 0
-0.3892572907246641 -2.545537179735922 0
1.667144099712668 1.158000405320122 0
-0.1910210056077447 -1.158592611140866 0
2.485644106294345 0.6868203988137419 0
2.1531789984919 -1.477752592301429 0
0.9112321372811659 -2.298583832095074 0
0.9177682074848604 -1.773622318757323 0
-0.7153866542037397 -1.908682659058183 0
-0.5369805888981868 1.056809790613387 0
1.384902885503629 -1.507101485973342 0
0.7010975380127825 1.384105824102869 0
1.232182260433333 -0.03927599807148122 0
1.310688168093806 -0.0405578331897157 0
0.7097222410164864 0.930653890405354 0
1.463773314152911 0.5293677012467145 0
1.026370284599336 1.924453109383502 0
-1.558733820877247 -0.2028196623782234 0
-0.8830932658418921 1.119437003411598 0
-1.420590928311432 -1.956211116890709 0
-1.489103875803321 -2.101788047545159 0
1.003354346635928 0.5901503163893869 0
0.9507511362928462 0.6620177238296735 0
-1.537346110040389 0.2749306908983474 0
0.8107484350941081 -1.283062647139863 0
-0.47989365830112 -1.025674662964332 0
1.160304013688753 -0.0511617109680686 0
0.2571592401670813 -1.125646252221943 0
0.891814560428657 -0.7728562737575071 0
0.6652474063058346 -0.9414693546261557 0
-0.5159609230673882 -1.507639636247569 0
2.411496852953223 0.9667162339696102 0
-1.54583916310726 1.602968273285397 0
-1.476561756183768 1.476575128313923 0
1.764015650783131 -1.130468250888983 0
0.7271545037884151 1.977922852387882 0
0.1447145470474576 2.038697706868921 0
0.9152317545469474 -1.270625946255574 0
-0.7092755550103991 1.995757295917328 0
-0.6019182094462495 1.909047816667851 0
-0.7296099582044752 1.863896319989948 0
0.9589968387159121 1.202366206329344 0
-2.074619829440826 -0.4245810649275889 0
0.1028209715358525 -1.194550491955345 0
0.06291629627006498 -1.134007035994085 0
-2.610692584038359 -0.01960784597487276 0
0.698344106420556 -2.028844378604256 0
0.6164503326374821 -1.913131382236022 0
1.12416887002781 0.2233827267665378 0
-1.231404433848748 0.699536114111338 0
1.80477611962626 -1.95931860535188 0
-0.6331387273077375 -1.036664719909695 0
-0.5957908436783547 -0.9671583917884681 0
-0.9393730340784353 0.6185062859464752 0
-1.929445328449765 1.775948923763699 0
-1.99887968750537 1.6397823625555 0
-1.825043111181477 1.920446919440915 0
-0.8384102026144423 0.7549102735797449 0
-0.5432810856309609 -2.564297944526067 0
-1.064306828762124 0.3823004984228022 0
-0.4340257700751946 -1.08169948910088 0
0.3719392261968408 -1.413314286336582 0
1.656743234586056 -1.349386206426307 0
-1.611070373030749 2.129402111591214 0
-0.7612490200701524 2.560222876756773 0
2.005785149421503 0.4697144542556426 0
0.183006640966237 -1.126856651498886 0
-0.7831598355733359 -0.8173029266501067 0
0.7877881108210271 2.547716578210656 0
0.8584398417519526 2.405181958705078 0
-0.7110835319498373 -0.8165506416611964 0
0.6305366706377051 -2.591402930998695 0
0.4637346792650243 -2.60739546689299 0
1.168020977337538 0.3888383631636652 0
1.09683190506853 0.3682893976075702 0
-0.6140284799639975 1.112167431921623 0
0.1703733933819621 -1.259073699286067 0
-1.592837149521039 0.1754089258799937 0
-1.537693399120585 0.1031735407794641 0
-1.570585807435986 1.84464343172931 0
1.169708532601353 0.1608313749463195 0
0.9683797528656802 0.7382467049747367 0
0.8991456740123148 0.723243034601697 0
0.8353083285505473 0.7752910081182746 0
-0.7114109651275642 0.9699355485324256 0
-0.6307551232971255 0.9651283811412833 0
-0.6709775798806267 -0.9663943000781733 0
0.5851155305846087 1.025942803309753 0
0.5002520075230547 1.01833454942829 0
0.4496212978868704 1.073659808959713 0
0.4415712671313993 1.007289313146244 0
-1.121670300909479 0.3200859090203027 0
-0.8048085959430099 0.8332338550256683 0
-0.2760876701148493 -1.16420156351437 0
-0.3194913105611007 -1.106992223977459 0
-2.687761523839452 0.1277208312759198 0
-2.59489802922193 0.2583545921768703 0
-2.721262283782701 -0.1617581461298487 0
1.407055823693784 -0.8580286189453258 0
1.363610781369457 -0.9735239687050702 0
0.342368550121751 -1.120746640167157 0
1.522389337524268 0.4559918724654367 0
0.828394023216566 -0.9066046934244576 0
0.7753508307531188 -0.8445284125289487 0
0.1787315376223862 -1.435347081638407 0
-0.2431214323216375 -1.090557030641224 0
-1.026027392822536 0.4561073858319741 0
-1.054292237862381 0.5285425243368217 0
-0.6706146322692443 0.8955625947758209 0
-1.277850616874497 0.6115096222389452 0
-1.457495312306866 0.5314880345993007 0
-1.34172767341867 0.5166572515104946 0
-1.184291314361129 -0.9758140190579027 0
-1.082107749118604 -1.003164177922745 0
-1.022555689606051 -1.074796846967403 0
0.2378843732416259 -1.522633381325135 0
2.082133720686449 0.3353230575142399 0
-1.079289211487201 -0.4391468591117975 0
-0.08147381333456072 1.316126853496941 0
-0.04480150518747838 1.224802718331887 0
-0.1055174691663833 1.163559256088799 0
-0.03968380363928138 1.137991547106372 0
-1.310030409959695 -0.7902032335887333 0
-0.5958520647986517 0.8995335417022924 0
-1.215044844113151 0.1808866036933493 0
-1.179135514619477 0.1069970643970966 0
-1.224406627636308 0.03142991673110786 0
-1.13100773025855 0.03376240932695752 0
-1.1855551253295 -0.03749635142300905 0
-1.219462122698851 -0.1217418650364235 0
-1.142436306063386 -0.1515445954607 0
-1.139171553200207 0.1784745010414371 0
1.009212373917104 -0.8571636558128719 0
-1.113040311589705 -0.2149309949771915 0
-1.153563897105155 -0.284974861315596 0
-1.080776079175301 -0.2760977955879841 0
0.9718996077788093 -0.5522988173920789 0
-0.1886294439507758 1.173128096053695 0
-0.2383907514715289 1.10387559609158 0
-0.3262399959150556 1.116832681001544 0
-0.8635490985026822 -0.8014309165986585 0
0.01466218856774817 -1.541898339331536 0
-0.04835275199577425 -1.453955848948858 0
-1.213035115957802 0.909564190936922 0
-1.153889072850701 0.8273167420259703 0
-0.1085374616064463 -1.155663443826847 0
-0.02344838904913077 -1.142281189254185 0
1.837348355684753 -1.529640394775543 0
1.872591531384564 0.953284579612144 0
1.726019552218476 0.9185971672145793 0
-2.002731663074131 -0.5543939481955132 0
-1.866329289784991 -0.5522182566665904 0
-0.9614731605217799 2.184871092524224 0
-1.091899760319901 2.274524545748982 0
-1.246823568990172 2.206724133536187 0
-1.223796018498875 2.373303734496544 0
-1.065634969586647 2.446085237634561 0
-1.886748636136419 0.8594109295659044 0
-1.743760598044811 0.8538784981030659 0
0.5107512327691346 -1.098348612663664 0
0.5495167475540091 -1.024617195545587 0
0.465551892347333 -1.023680214586428 0
0.6314919112585762 -1.013367260856487 0
-0.7587974365036206 -1.478137563682166 0
-0.9582994564633041 -0.6642988834788561 0
-0.8827568683237653 -0.6722243208365817 0
-0.9994634315261381 -0.5905299496966292 0
-0.9577944366912806 -0.5205616228004499 0
0.1029495814546309 -2.095904571064952 0
0.0194372330972566 -1.957916176986553 0
-0.1190990281332494 -1.99954564519692 0
0.1601891205878765 -1.954402285317299 0
0.2905750891888957 -1.941651328144614 0
0.3879900016427322 -2.036550446595061 0
-1.710103295112589 1.091300722409321 0
-1.567438919632301 1.105893609967415 0
-1.51017787882912 1.212108317502561 0
-1.563636861571565 1.350146924933606 0
-1.428407617021231 1.335000486499985 0
-1.340162736081617 1.459905155662367 0
0.3003091402718498 1.201978432864372 0
0.2769647160979132 1.125256079082655 0
1.344423767582404 0.7775398733036949 0
1.265238112695184 0.8610906273136159 0
-0.2082836320790742 -1.557982144700226 0
0.9061549150153508 -0.5769264571854297 0
-0.08305419043105239 1.415103234172812 0
-0.2606009005453786 -1.47050436088926 0
-1.09335851196973 1.100409190760411 0
-0.8911642173952451 0.6866913272643548 0
1.00237830147547 -2.443997080882339 0
1.16679439227332 -2.421676522684296 0
0.9052574809731828 -2.589218880626857 0
-0.685161139572568 -1.107979772196121 0
-0.3727475038402142 1.047192504728566 0
2.640589908279014 -0.5601379534609781 0
2.525730905104499 -0.4448443111411499 0
1.351316283802868 1.605436824452308 0
-2.047382088355526 0.6127896972076395 0
-1.911469193813044 0.5791352703782434 0
-1.994211221551536 0.4720612070516075 0
0.8549918451250617 0.8613572373253684 0
0.7771326173181043 0.8352780465493436 0
0.783954483647511 0.9193369557965518 0
0.5773321974769368 -1.494268542063397 0
0.6917243034919042 -1.468992750546627 0
-0.07303219991714728 -1.878794999524026 0
1.051704089701889 0.514713021858862 0
0.9733689629629055 0.5256167828132592 0
-1.582218038852826 -1.435756449248216 0
-1.515109192319268 -1.306530954132438 0
-1.595591452592754 -1.186733758530829 0
-1.438171152721385 -1.421785679590521 0
-1.453795104283681 -1.172655308873225 0
-1.73517741152736 -1.188126405627343 0
-1.670335792248982 -1.095151326141436 0
-1.797747924407387 -1.048315304964479 0
-1.771138751799899 -0.8994266465650328 0
-1.855126310906597 -0.7988599080755425 0
2.078607741812048 0.7301544787933444 0
1.950364986973584 0.7064950833230262 0
-0.99186007126258 -1.286805743444036 0
-1.044768948510286 -1.175501449719823 0
-2.138670858329562 -0.2939616903901226 0
-2.077969526409653 -0.1714508145511372 0
-2.145854031998559 -0.03241277741827343 0
-1.989240965203341 -0.2978508475184309 0
-2.077175649520662 0.1042742498379411 0
1.145053020961049 1.828726374837116 0
1.104128712009542 1.689658500793814 0
-1.331790561757111 0.7141793099961457 0
0.9434869090030135 2.177122199540388 0
-0.4223334431204049 0.9923508320732805 0
1.208627864761618 1.046443983627982 0
1.291367368375432 0.9644958094878551 0
0.4624616375391155 1.158616758643919 0
0.3923512209687229 1.116514052454969 0
2.02676057077253 0.04701289651946095 0
1.915052623588725 0.1431424682847002 0
1.901895710271128 0.009091133113990854 0
1.875391653950375 -0.1261095733753987 0
1.963761172878983 0.2744061884370206 0
-0.8397767919252214 -0.7277387812287889 0
-0.3801847026538643 -1.471886810344934 0
1.498013636795183 0.1806839236381849 0
1.422495854377497 0.2609689315267567 0
-1.48033604901168 -0.4982159463669498 0
-1.423337994094225 -0.5971339138997819 0
0.379936730292238 -1.049585025568057 0
1.584633337783729 1.405433631726042 0
1.441186606747229 1.371094674236488 0
1.696566929501392 1.299346592622531 0
1.49373452842662 -0.6466498107624201 0
1.381540033821242 -0.6671598272694125 0
1.427598182636979 -0.5554923359979443 0
1.977698171765857 -0.8445814319843218 0
2.029822096747134 -0.7016129575258635 0
1.886650980092197 -0.7243848223831848 0
-0.5504707407299714 1.187444756728211 0
-1.6733026450879 0.9673608013346562 0
0.07912703788869573 1.134369970974192 0
0.9864519124009751 -1.346658390498114 0
1.024210419599936 -1.247249870598152 0
1.146176845195431 -1.20269159064336 0
-0.1843443784958042 -2.122656728595743 0
-0.2589234616419535 -1.992515814401945 0
-0.3308516496769979 -2.132308903566047 0
-0.3966066448811542 -1.997405852083852 0
0.01813290410220366 -1.044639513851688 0
-0.3125614692901778 -1.00346205504911 0
-0.1157383556748195 -1.046981700299522 0
0.7089158854392101 0.7947062297398525 0
-1.003690130816487 0.3320555461814492 0
-0.2485962300346272 1.024727617077349 0
1.048066426542063 -0.1000965758082703 0
1.097919549843454 -0.1385213282796726 0
0.01553931729784327 1.045200951513658 0
0.785525668582755 -0.7029955916982626 0
0.8051102201060902 -0.7735761925404543 0
0.7091046776443182 -0.8165154530260791 0
1.023831080124285 0.2326794838529702 0
-0.8126181765878655 0.6799337875471186 0
-1.055227369217277 0.06857734318052658 0
1.050153025837623 0.03267440593861721 0
-0.9548319631872481 0.4528196137938202 0
0.8680841574205476 0.5955597545473249 0
1.446814991831605 -0.01753113144048007 0
1.422612814599386 -0.1162845739537299 0
-0.5611205320118111 -0.9062863794660116 0
-0.4407050748250662 -0.9654872012857858 0
0.5829562774841331 -0.8752891482720897 0
0.4675307870317709 -0.9457773495432388 0
-0.7139915885075864 0.7727199899073185 0
0.786864362146424 0.7119108790369495 0
-1.032551183423936 0.1996548666580422 0
0.9893724782425073 0.3622566925203607 0
0.5853436315343308 0.8770898917913611 0
-1.042487457987866 -0.1331446106655025 0
-1.058152383154291 0.000181117261571047 0
1.044268052597098 0.09970970851342367 0
1.040600212284698 0.4258168989521689 0
-0.4585118240599387 1.957775990589635 0
-0.4784891804796007 1.811557086910829 0
-1.088640321066783 0.2425660174009461 0
0.06407721909493833 -1.451964456807198 0
-0.9981822744948411 -0.3313223586349671 0
0.9675138426093843 -0.424656696116137 0
1.008044963925935 -0.4818226766183712 0
-0.04354411605472345 1.062908425906635 0
-0.1836035803774331 1.041552910283518 0
0.1501871822780217 1.044881992495501 0
0.2805922160515512 1.014657332511797 0
0.07649967280180762 -1.062059707000499 0
0.2254742166652403 -1.030456864849798 0
0.07477285820778565 1.293440987578525 0
-0.718340520753454 -1.373075848140519 0
0.8899840755019364 1.999721594558721 0
0.9219622376443023 1.850362822575837 0
-0.4446263143940227 -1.165055440536228 0
1.949269736442596 -0.5826286455832226 0
1.536794915891099 -0.5381331895703748 0
1.374822504039662 -0.4607380354727588 0
1.316415306563997 -0.5508975256463694 0
1.226989894540624 -0.5562306812515907 0
1.211821786984123 -0.4763667956913835 0
1.368934974135016 0.03831007214996858 0
-0.8773296297561223 1.370864867001286 0
-0.964404184063587 1.288052739933249 0
0.7025776825258222 -1.287187701944511 0
1.416354339597418 -0.3676845742151402 0
0.1982958132871888 1.100345263801044 0
1.095391383467777 -0.2093887130877165 0
1.164053757922957 -0.1772528490471417 0
-1.132554288485158 0.538285391349687 0
0.4973001891904321 2.037827758208093 0
1.925204069672162 -1.652785728215047 0
2.025536455109223 -1.776198935793369 0
-0.4607857133367561 1.472490203852286 0
1.239007257907666 0.7531722658930794 0
-0.5352512421356463 -2.019854780993512 0
0.5196641796131757 -1.407867124803121 0
-1.200730401853991 1.716197168119157 0
-1.913019752618313 2.078745569475936 0
-0.9294401277182344 -1.196092284187352 0
1.028542851023743 -0.2323066473358063 0
-1.325349420669509 -0.5930810244380128 0
-1.260134051662135 -0.6834035550657939 0
1.517390435183886 -1.479334355640328 0
-1.197050976167447 2.559132047202027 0
-1.651258226183895 0.008938562182697538 0
-0.9824178864827519 0.554172761711901 0
0.3268200089367103 1.070487174851486 0
0.8595166542588611 -1.888006994668439 0
0.4867992498567735 1.596093826545713 0
0.3868600873427494 1.562729267106957 0
0.2811342738036481 1.617288149744326 0
-0.1567519195440021 -1.465527012132632 0
0.3442395946237573 -1.512273286791133 0
-0.3194990413768313 1.740286951983795 0
0.2232227028017387 2.633207014630855 0
0.3813234666457117 2.69796256936944 0
0.07778082648798458 2.722703871870622 0
-2.097683285592071 1.766697064086785 0
-0.8904719500762219 0.568012060840994 0
0.7916240879419428 1.44899578118024 0
-1.508901745331997 -0.2917618195183703 0
0.8124748787721574 -2.133443072423277 0
0.483244288170271 -1.929795022827062 0
1.952382565308704 -0.220769067544091 0
1.345920972722462 1.464815385525805 0
0.8542993420646324 -0.7062060518621593 0
-1.439692057524085 1.106489783973487 0
-1.817787514451231 0.7453585950846459 0
-0.9831455527386946 1.095282723815525 0
1.045777906705375 -1.149311888900115 0
-0.4482495364299862 -2.700986714510138 0
-1.108092593430096 0.9139525523201742 0
-0.7577382495238253 -2.034392034691514 0
-0.8395293838709159 2.071794106954303 0
0.6671202173364724 -1.374125697536009 0
1.116630206213169 1.016328946757203 0
1.029492632403838 1.095384334124138 0
-0.2759295773038878 1.438781477322842 0
-2.001244448634603 -0.04595549461193987 0
0.6702844044655492 1.852232754056724 0
1.632872999709976 1.033336869060212 0
-1.348580798215049 -1.815135117943445 0
0.587439359754292 -0.9471686789824288 0
0.5894180302560476 0.9435213367364826 0
2.373389789786851 -0.4889540983083369 0
-1.361765106925867 -1.534929202399159 0
-1.274481429374841 -1.659125518631207 0
1.058605628851905 -0.7679424943445869 0
-0.9437265158287661 -0.4533320190457005 0
0.1516581041746655 1.594924766426445 0
-0.6812928928389053 -0.8855689736154899 0
0.6716079071023122 -1.793583103869558 0
-0.8515690602568958 2.701989992964372 0
-2.524606151502583 -0.4237307853325433 0
-2.611712946996521 -0.5621696841059793 0
-2.531382334365405 -0.7007183545670751 0
-2.602051067304652 -0.8588281391784808 0
-2.470282279171984 -0.9675342632441506 0
-2.466472290656572 -1.12937493416614 0
-2.313803557580971 -1.054430073197827 0
-2.324149699969402 -1.219859458871741 0
-2.784450091022152 -0.5295605601076108 0
-2.608916421749369 -0.2856858617275556 0
-0.1309651274309476 -2.833444411630417 0
-0.1856938562870042 -2.672172368356229 0
0.2275983181250545 -2.830209206032121 0
0.1412187599580067 -2.666898379184297 0
0.5825864015385124 -2.766030250893453 0
-1.181890021980437 -2.587978155182351 0
-1.18580497441682 -2.394581360425577 0
1.564900313344838 -2.359544794539961 0
1.548884426630207 -2.189408764257131 0
1.685698475283741 -2.09499196602784 0
1.850636292795284 -2.141810353938649 0
1.861217058319013 2.141173094248057 0
1.702152128527401 2.067150757484882 0
1.551884510307037 2.1749766829531 0
1.572406182546293 2.365151723215636 0
1.422642423284729 2.460728080006462 0
1.286792392201702 2.397280195464486 0
1.130091114184872 2.410102476039189 0
1.100233920205645 2.615740826285681 0
2.117911734929766 1.883145062512015 0
1.951270243120045 1.821503814806253 0
2.825748727475608 -0.2749924177691283 0
2.678300729968875 -0.1769624285206506 0
2.67905803390961 -0.002406878550076376 0
2.835555261407082 0.08898192324552603 0
2.523698556216083 1.304177638750988 0
2.420404532811249 1.146371588891343 0
2.34342790333017 1.613332147343356 0
2.271950142465457 1.452405241330119 0
-0.844762991080391 -2.716775744270933 0
-2.391583774136358 1.536861423974372 0
-2.220258503976758 1.522751194002443 0
-2.564069467804587 1.215532310316789 0
-2.388386467064912 1.237032895399529 0
-2.699840690510908 0.8838387207631485 0
-2.52468463396257 0.9010583755281255 0
-2.793668243246149 0.5384354208593137 0
-2.642032700189011 0.5939808374456693 0
-1.491925052993682 -2.38834573073915 0
-1.793974416511924 -2.208200794461106 0
-1.74554208711985 -1.997571399624128 0
-1.888780926320286 -1.902782630065791 0
-2.048622815351294 -1.957348567884669 0
-2.170054238815671 -1.82812457657315 0
-2.072665427026898 -1.665824018436238 0
-2.20183108774351 -1.518129909374801 0
-2.38196337172264 -1.533655425623606 0
-2.036272509541806 -1.501122405852932 0
2.354501836168942 -1.605381643836951 0
-1.649731260540477 2.312056778621881 0
-1.255909663668931 0.5257845716441979 0
2.679292711098905 0.9768995497184145 0
1.333122617588291 -0.1300377802215756 0
-1.112556131138169 -0.04098133030500736 0
0.03213985861886128 2.378781699322288 0
0.07190987193909423 2.24136831832153 0
0.7581400085747445 2.742210546831924 0
-0.4375367379075453 1.676103549956532 0
-0.5656082527607361 1.688952244820431 0
2.021459163383308 1.533303542849968 0
2.065309251919128 1.690183854613669 0
1.724348371267573 -0.3000119337718287 0
2.514199893038295 -0.09929331825237361 0
2.536976851085155 -0.2750090219008908 0
-0.4323827059919781 -1.576825366526774 0
2.67869515609039 0.1706833176242974 0
-0.7480321963825927 1.383410412796008 0
-0.02506903272443059 -2.672766178364266 0
-2.30814029555595 1.387198666823586 0
-0.1190460476523359 -1.375465213680589 0
0.1344336541233037 -1.35255147264785 0
0.4682464549625805 0.944781473253698 0
1.831964317386171 1.940489598571282 0
1.581007775921489 1.965298236386997 0
1.077381418403059 -0.4719514694848315 0
-2.428042135781159 1.062937328090863 0
1.203575095800599 -0.1064071345568248 0
2.341553368951334 1.311965835559487 0
-0.2006908087718544 2.605737103782364 0
-0.3236434827978096 2.720475963172442 0
-0.4864697436651903 2.664531530647563 0
2.541356971364719 0.08522259546163675 0
1.209414636970823 1.593669004913965 0
-0.1534138027140594 1.10504962484 0
-1.10600213256857 0.1138567792024176 0
1.837760571465416 0.2455125160016272 0
0.3056023559064763 -2.649855131734615 0
-0.6291299514329973 -2.4377643146977 0
2.093163044400966 -1.625867275678944 0
2.668398469814932 -0.3599882230730729 0
1.034159897659781 -0.4150896661803058 0
-1.204782444724507 -1.819594351707978 0
2.812091850889387 0.4414335972310198 0
2.75322275178354 0.6173885671933479 0
2.527236939380437 -1.299549053922197 0
2.359839587896387 -1.310646115748729 0
2.6017295580077 -1.140001292697434 0
2.486253789035795 -1.012978605053917 0
0.9675105320760009 -1.662063669216909 0
0.2857751780464032 1.439627488559387 0
-1.052287852938974 -1.596530022197851 0
-0.9321604589456223 -1.035586440721807 0
-2.347520677756676 0.8937925176548572 0
-1.679081287582134 0.7402935542011747 0
-0.1244713734351844 1.712331866257037 0
-0.6219879964008386 -1.346200273736454 0
2.083542009205228 1.274004627237581 0
-2.361637357681293 -0.6852954358496693 0
0.7018850831409954 1.543202109854964 0
-2.441796355056927 0.2454919799250511 0
0.4669364283917652 2.427374987401999 0
-0.3428927086504453 1.349297485268993 0
-1.303293332442565 -1.403809431837469 0
1.474542410490439 -1.275456305007824 0
-1.944465197760542 0.1091577615977583 0
2.552331762153093 0.8503566135823121 0
-1.794693133415583 0.5504262129613736 0
-1.866396812819082 0.4548329111609268 0
0.8127795517418032 -1.13409852393293 0
-0.8069003385413478 1.690970754209268 0
-1.107772291671853 -2.217179282607539 0
-1.274555496180653 1.596818691137074 0
-1.999677989441425 1.379183693647202 0
-2.209519620064263 -0.9300106522869975 0
-2.165369940577702 1.134736201547371 0
0.06706764918664523 -2.504818328643739 0
-0.5223797439026393 2.347430885287223 0
-1.37440287209018 0.3477712830682325 0
-1.412803176139485 0.4351245466639497 0
1.795944809809335 1.738960617859514 0
0.4559106817964856 1.910349454779811 0
-2.531671573216619 -0.1544476851165105 0
0.3731743344788492 -2.474162319996086 0
1.273471860030427 -0.9061409791968579 0
-0.8372756755030045 1.204144192174166 0
0.3238361795080966 -1.813385177263656 0
0.5492317017993992 -1.805256139313676 0
-0.2485962300346218 -1.02472761707735 0
2.375278394210118 -0.8982242466611924 0
-0.9109014832078919 2.500161625313946 0
1.334060182100061 -1.988084132728262 0
0.442229139088176 1.402931945421936 0
-0.7927823595689854 -1.802636045035449 0
-1.454050217423569 -0.04233123259361009 0
-1.552660867388712 -0.00461380554493111 0
2.438923715351848 0.5407753164179692 0
-0.477972827709375 -1.887984714512233 0
0.6621806843294693 1.289650254543052 0
-1.615308413521875 0.8404680067260795 0
-1.655442644306106 1.977980824080636 0
-1.582449217091538 -0.8825497547237801 0
1.677434530421993 -1.026882883026521 0
1.261865172116942 -1.522601292939586 0
-1.91934397089789 1.503148481259585 0
-2.297139482849644 -1.355869880310106 0
-0.1695288437451513 2.193258194442448 0
0.2117202288130675 -1.831376503008557 0
1.388350607328929 0.351127298094503 0
-1.634633829016705 -0.7874909261349282 0
0.7825999573976928 1.157187041854707 0
1.544772290733861 1.129560210961725 0
0.7396188122488382 -1.896308700513923 0
2.354264537400346 -0.128666496371803 0
-1.444101096202802 0.1124260174888683 0
1.715028560596083 -0.9125565286594378 0
0.1221486885346885 1.915890820800308 0
1.400256141236224 0.1394137407376101 0
-0.3528114104084595 -1.877789439329269 0
-1.012243092575034 0.9003196967475345 0
-1.302513655143494 1.301419837244528 0
-1.408919163909872 -2.229379138357134 0
2.266930662027719 -0.3986387030857798 0
-0.9372421976225718 -2.459752679605089 0
1.221904670399007 -2.268331295883062 0
1.390590796461416 -2.265027260817723 0
-1.606654259715143 -0.1020526633441049 0
-0.7091523688480635 -2.588398796636906 0
-1.126261425568177 -0.7980903146589399 0
0.4007068723540688 -1.328798952931073 0
0.4868824123336665 -1.324179046012331 0
-1.130738117537751 1.603874670981506 0
-1.241866740913006 1.39886840870976 0
1.643917597339663 -0.2362309918655963 0
1.16625570587925 0.8542512996794627 0
2.425091413746213 -1.165402884468297 0
1.88422336570742 0.4658867366971468 0
1.774008772990747 0.154154864054 0
-1.10196206726096 0.7570455826143785 0
1.706255333404355 -0.05524949858639319 0
-0.8098424906247977 -0.6725707135533843 0
-1.333488490964367 -0.4268115852969215 0
-1.381239712154055 -0.5059892712172727 0
1.173034873072098 -0.3960108913652448 0
-2.843631605033289 0.1906573346130868 0
0.7482623765909472 -2.297031928326201 0
-1.375910799893346 2.295729654767566 0
-0.5606600185593918 0.95241028166987 0
-2.357322949949078 0.3648786755652844 0
-1.414222834626559 -0.2778567239276981 0
1.307013291063065 0.5805695529934575 0
-2.588988519560992 0.7474686415534119 0
-1.408389165596409 1.588776195775208 0
0.06660355670970326 2.560155466475212 0
-0.8453305338039745 1.818923026453614 0
2.729119728109023 -0.8134294894333863 0
-1.494866813722819 -1.824949106466111 0
-0.2447108409037052 -2.530437587177514 0
-1.058146195872815 1.009264959798791 0
2.295277268490403 1.046442919067121 0
-0.5009136920408263 0.9982027703149159 0
1.277573234231927 -2.547012566268878 0
0.8431651725326955 -2.444558695647777 0
2.67451729695296 0.3358951033977456 0
1.396053231472048 0.6044542655530755 0
0.3396149338484987 -0.9967821920321422 0
-0.7275804079169232 0.8372568264263128 0
1.111278271863232 0.007478607522150153 0
1.096781789492527 0.1438399293282639 0
0.8600590153533041 -0.8358576515004104 0
0.6449191121864827 2.628681747997776 0
1.056852336372293 1.20266031825977 0
0.8235801382345161 2.261540479871322 0
2.114553747247719 -1.907581130114875 0
-1.659435665810727 -0.1954146295306005 0
-1.170514609874371 -1.596974094307566 0
-0.1578444238178294 -1.097832081825579 0
0.4634588161984467 1.496693565438798 0
0.02398966202383984 1.240902665351783 0
-0.03921235344905167 -1.355203636848645 0
1.449411920743226 2.045399966562247 0
-1.038346144896653 -0.382341793913771 0
-0.634691723160631 -1.469365630795608 0
-1.017644686652619 -0.2710594307568568 0
1.0431531016652 -1.765606053099851 0
1.289336081299487 -0.4576255193359297 0
-1.213764614419804 -0.7962105857650771 0
1.841813304333787 -0.8763261549075695 0
-1.572538257620596 -1.9778737753726 0
-0.3612061131704616 -1.05285338944318 0
2.204516567990075 -1.330401426780924 0
0.6501644932134442 0.9031635504551973 0
1.072491541115234 0.2821819487428016 0
-0.4992519791599458 2.502864928258339 0
-0.842783629846564 -1.925505699459851 0
1.564190076404991 1.264028864010365 0
0.8810133705349633 1.26365270276996 0
0.7887737842137582 1.305192477911789 0
1.3421278244417 -1.624611557872289 0
0.1670730595409283 2.169204764209693 0
1.49421171775528 0.6214813852486217 0
1.549699292221447 -1.367630732404593 0
-0.2221511743096673 1.790401102724971 0
-1.748824665492716 -0.5859462473423271 0
2.776205364623348 -0.6418278646704341 0
-2.012503316026867 -1.815208578391541 0
0.3730656043447985 1.465619758501076 0
0.50383388600963 2.588103619196395 0
1.628400762946285 -1.955571808805606 0
2.26459777755327 -1.189158248168233 0
0.5584164983543392 1.523389640906395 0
0.02591084870720601 1.995971927154358 0
1.328481833696331 -0.3783915212059989 0
-1.463419125658554 -1.058986740522985 0
-1.237627644589125 -0.5854573540822221 0
0.8890301334787389 -0.6351798929834843 0
-1.012069935472383 -0.4454590327422691 0
-1.602008901546485 -0.29468960609103 0
0.9371004660842409 0.4773799675708422 0
0.6957058792846634 -0.8749819697276567 0
1.827790570384898 -0.590482500090146 0
-1.478248533418359 0.04066910988031248 0
-0.05503755756594579 2.637728598679507 0
-1.479413101140324 0.3528436458584425 0
2.587339962223325 0.5757269444194044 0
-0.3033825756254339 -1.388965941390557 0
1.763896311497596 -0.1701790949431154 0
-1.356392578213084 2.486594211915099 0
1.417990883785622 2.306932591035004 0
-1.42502740350959 -0.4182034760227186 0
1.301681501671698 1.36701404525485 0
1.31163533364753 -0.7301181657870167 0
-2.192037380666173 -1.190924352743079 0
1.477660127662611 0.3617703249481826 0
1.360154685401836 1.281445815672879 0
1.191412357230629 0.9439563831433765 0
2.179745740944939 1.58215609203936 0
-0.5839315787025441 -1.584848304185172 0
0.1239166837383393 -1.118337558152478 0
2.40976514899915 -0.352149057281001 0
1.265490078445758 -0.09678533606855919 0
-2.663076151275875 0.4073691595475416 0
1.327746074384323 0.6852312420297371 0
0.8860021406644787 0.6542644761750835 0
-1.643248066800885 -2.147285421687468 0
-0.1768116882704706 1.393573454450868 0
-1.329468179160955 -2.348371396524022 0
2.544519012574409 -0.8620290665290038 0
-0.9120371763837815 1.042185473422088 0
1.920335865453849 0.5849710726472274 0
0.3897613554903815 1.03936434329503 0
1.144235123211849 -0.4574642596163124 0
-0.3821831695705792 1.427601558033027 0
0.589839027100756 1.94587143561667 0
-0.4847626163317598 2.820885179625758 0
-2.147481197805074 1.386450004321977 0
0.9835683034557835 -1.891024678202879 0
-2.426718437923135 -0.8171275084059759 0
1.782114400159459 -0.6878341853792794 0
2.12366190059273 1.422965391569415 0
-2.666740726365651 -0.4271976354585865 0
-0.6387436190934831 1.788595803585847 0
0.7681044704671317 -2.572479147077646 0
-1.480673377513965 1.719757777821989 0
1.594001684342643 0.9218921305507128 0
1.558248266919022 0.5445629022128481 0
1.487478590622224 -1.598618426941905 0
0.9834867250477141 2.32122659127845 0
1.79168573611222 -1.002605869040732 0
-2.072152056659023 1.511321550005453 0
0.7138088820116204 0.8657596662537604 0
-0.6085341274549384 2.584520638323562 0
1.895129635131868 -1.132911034023258 0
1.110576246287694 1.551077080876501 0
-1.805429465986842 -0.6861737991016142 0
-0.9246371610560903 1.203725271533597 0
-0.8536662400390319 -0.6154067848973745 0
-0.6542248397405357 -0.8222655088359498 0
-0.6271820496240921 -0.9166934287283274 0
-2.510017835621974 0.3725826885304822 0
-1.50992083449997 2.253515365758029 0
-1.059561783858272 0.3098531316784686 0
-0.3643978885079737 0.9823094774806422 0
1.180374536022713 0.6932374053935195 0
0.9654775841453115 2.507008479631272 0
1.432628798490069 -2.101023791016006 0
-0.5961447800286701 1.025751325641763 0
-2.5855309807797 -1.234175486087162 0
-0.9754572810403629 2.052672708926605 0
-0.09056698438101175 1.102559819525264 0
0.1253937960887205 1.097851798494699 0
-2.497676758190046 0.6161355451702962 0
-1.26262912772242 2.071773128678966 0
-2.226919549038447 1.257741455064646 0
-0.4198057303537053 1.574128883520015 0
0.9310952317161433 0.5938788237090424 0
0.04562015697302066 2.874985417379854 0
-0.3878950761992092 -1.383355098297481 0
1.101388360438464 -0.06982070225257933 0
0.294275551074471 -1.069949594843848 0
1.843291278416069 -1.278505422242097 0
2.421095836939179 0.1438850072239188 0
-1.1887530254715 -0.6436282516986694 0
1.033318622827809 0.9888667136097926 0
-1.096848795741544 -0.1089057605391367 0
0.9765215023448575 1.296276946358003 0
-1.657985562238061 -0.9694041884160579 0
-0.5363754999863527 -0.9755715863778066 0
0.4096479848046969 2.849164316965849 0
1.650534280582603 0.8351120879433598 0
-0.6182212269766442 0.8484736104842854 0
1.344178203873837 0.2827956972701766 0
-0.8531094829667139 -2.574629930209897 0
1.853484570789646 0.8230170411154946 0
-1.934023003261798 -1.585086010349797 0
-1.620659278510388 1.728478470857598 0
0.5199730267431939 -0.9704849562201422 0
1.802434635174136 -0.03447801391206629 0
0.383207847561489 -1.899680153227119 0
-1.164716722433112 -0.8774507880368133 0
-1.77456127599356 -1.831868105728296 0
-1.490141365975477 1.008579089017484 0
-1.740748197788496 -0.7913383679688013 0
1.831283859061551 0.6834459972250851 0
-0.2956745266543973 1.06025329964314 0
-1.600133085494468 0.3462569019011097 0
-2.143225121128494 1.634303511259924 0
0.6946668356488134 -1.204533371016706 0
1.020992166469743 1.613848387587504 0
-0.932953136993388 -0.6071401771901156 0
-1.071145849779063 -2.494723936292801 0
0.2597262674108399 1.068569001010953 0
2.289609815649774 -1.461464407283439 0
-0.9607368427413085 -1.119062704182854 0
0.02022692032946523 1.176032862888842 0
-0.4961441220607871 -2.838134503615108 0
1.024613830709289 1.812177659043094 0
1.572054471822672 0.3830814033315261 0
-0.08827724693495058 -1.098397302186811 0
-0.4183066260334963 -1.022081538340449 0
-1.763544890218378 2.060708602842099 0
0.8546314363471246 -0.5961022211156158 0
-2.871185238419618 -0.1779454902447153 0
-0.9877159449772591 0.4982304652336514 0
-0.6498907880064958 -2.000341143042126 0
-0.3201865069988927 2.86616408209362 0
0.8546718735817472 -1.205331459387462 0
-0.7269125064110735 -0.9402779975530732 0
-0.725952997410812 -0.7623644483722001 0
2.207598726551388 1.316345218239451 0
-0.7701844825432226 0.7839238902713986 0
1.302569690157625 -2.378787384414917 0
0.5344253964892038 0.9687532417267806 0
0.3095947477182779 1.519400053584855 0
1.748463261337743 -1.399748262081545 0
-0.1539821953837583 -1.833853629938597 0
0.4479009991286934 -1.392332923438303 0
-2.339607786411727 -0.9151726204314279 0
-0.5409228772356007 0.8990683713436858 0
2.675776942439316 0.4767334163040461 0
2.621759456673606 0.7074551111281334 0
-0.8780937940941209 1.272859851055857 0
0.9389040078917994 -0.8263545527388098 0
0.969967271492829 1.037336458190143 0
0.4021200935808011 0.9637775465660587 0
-2.292283232094572 1.141186501776865 0
-1.564211637280643 -1.076415614231309 0
-1.65325813027598 0.2482874893491371 0
0.9772055674904968 -1.111009363910262 0
-2.207797460516003 1.855313865742245 0
0.9959144509058031 0.4707109629858408 0
0.9459078435919652 -2.729003697253403 0
1.940413650703151 -1.894839303387253 0
1.375022415398074 -0.7778095108318915 0
-1.912875238045793 -0.1047059992506534 0
-0.9070110165059135 -0.5002168405735516 0
2.544194685344395 1.011497823576753 0
1.041673055059323 0.3471770742214379 0
0.01834871646639721 1.105674811088968 0
0.907206622574109 -0.5254787391275276 0
0.7711064188166215 -1.208429361058865 0
-1.27214075306969 0.4654051280071395 0
1.827050932730296 0.06995174218923725 0
0.7980981195663104 1.870290304244719 0
1.119681156224968 -1.102096766095888 0
0.6356646813237941 -0.8917715404108925 0
-1.084034352517742 -0.1679717795360672 0
1.240651024481005 2.262269914061606 0
0.8095639669959834 1.225602130138855 0
-0.2928425583936616 -1.055303549467957 0
0.8057419980991843 -1.992742747693313 0
0.04522664784668129 2.120796160308505 0
0.9521105897509378 -1.187567568735243 0
0.004931736434234123 -1.404865815764273 0
-0.05374966627029891 2.235124372665731 0
-0.4506192065403355 0.9456120674255835 0
-1.178291997831461 0.7550897470476075 0
-1.592405113279389 1.012643868293928 0
-1.080152871535256 0.1723652496671946 0
1.380337595909154 -0.04907084984697167 0
-1.541919971960792 -2.227124468211664 0
1.145448155538846 -0.1086327450208574 0
-2.722140361761468 0.2688708358684314 0
-1.451467037103968 -0.341823918131435 0
-1.789806885189113 -0.4839483146552239 0
0.3355201795486081 1.149574687625462 0
-1.198923426237034 0.5553517812082219 0
-1.69459176940797 1.858032058501038 0
-0.000348197039966647 -1.832720238075648 0
-1.118080508660943 -0.9355220178764472 0
-0.1766677027220202 -1.921840736629979 0
-1.005737456286012 -1.003098477346497 0
-0.3250292914453679 -2.660093624383283 0
-0.8071776486868042 1.938423124501858 0
0.7722082744475666 0.7749533953143194 0
0.2167941238112365 -1.086471538567449 0
-2.744722937790921 -0.9028326448920155 0
-1.969653028672909 -0.4463562023633112 0
-0.1251432537299545 1.361120547703208 0
0.7064994396566516 1.4577350677208 0
-0.5504389445229864 1.118492066667006 0
0.843728802580946 0.7021745002274828 0
1.624947470228514 -1.429646599707918 0
-0.01181478559010941 1.291475507268629 0
-1.616807167770077 0.09073732002509256 0
-0.3834175754469887 -1.115752705058478 0
-1.977769507879449 -0.1898802914959932 0
-1.040461991756592 -0.939429271067429 0
1.177770719114555 -0.6053246875299358 0
0.01806404790757715 -1.095077955782453 0
0.6015500991343993 -1.41418539915166 0
2.421790781310913 -0.2254389464493845 0
-0.5044462842088776 -1.587961652099 0
1.554942145865205 -2.061549349077834 0
-1.052753368916693 -0.3294956745103705 0
0.6772019115197688 -0.7815326677163639 0
1.27854170712909 1.530167999236476 0
-1.15137169619429 -0.09213398055285534 0
1.255486983555736 -0.5078052801200256 0
-0.7995607311088189 -0.7635431004947093 0
-1.67739111158694 -0.86604197676172 0
-0.7406090565010225 1.76713005160624 0
-2.442662381034001 -1.257842843814891 0
1.951924869619215 0.3738644828852111 0
0.1649770177012035 -1.183929110727026 0
-1.837134256911571 0.6503522221601062 0
1.088547843963708 0.06935622365224647 0
-0.4877794949617693 -0.9738425614251762 0
0.8474071065208563 1.778384768585498 0
1.60017600139258 0.466610437487361 0
-2.550180780957245 0.489756639942138 0
0.755706286838682 -0.7978703490122317 0
2.222241490776213 -1.589949424474862 0
1.070478313756473 0.2063177840753584 0
$EndNodes
$Elements
4 4005 1 4005
0 1 15 1
1 1 
1 1 1 99
2 2 4 
3 4 5 
4 5 6 
5 6 7 
6 7 8 
7 8 9 
8 9 10 
9 10 11 
10 11 12 
11 12 13 
12 13 14 
13 14 15 
14 15 16 
15 16 17 
16 17 18 
17 18 19 
18 19 20 
19 20 21 
20 21 22 
21 22 23 
22 23 24 
23 24 25 
24 25 26 
25 26 27 
26 27 28 
27 28 29 
28 29 30 
29 30 31 
30 31 32 
31 32 33 
32 33 34 
33 34 35 
34 35 36 
35 36 37 
36 37 38 
37 38 39 
38 39 40 
39 40 41 
40 41 42 
41 42 43 
42 43 44 
43 44 45 
44 45 46 
45 46 47 
46 47 48 
47 48 49 
48 49 50 
49 50 51 
50 51 52 
51 52 53 
52 53 54 
53 54 55 
54 55 56 
55 56 57 
56 57 58 
57 58 59 
58 59 60 
59 60 61 
60 61 62 
61 62 63 
62 63 64 
63 64 65 
64 65 66 
65 66 67 
66 67 68 
67 68 69 
68 69 70 
69 70 71 
70 71 72 
71 72 73 
72 73 74 
73 74 75 
74 75 76 
75 76 77 
76 77 78 
77 78 79 
78 79 80 
79 80 81 
80 81 82 
81 82 83 
82 83 84 
83 84 85 
84 85 86 
85 86 87 
86 87 88 
87 88 89 
88 89 90 
89 90 91 
90 91 92 
91 92 93 
92 93 94 
93 94 95 
94 95 96 
95 96 97 
96 97 98 
97 98 99 
98 99 100 
99 100 101 
100 101 2 
1 2 1 99
101 3 102 
102 102 103 
103 103 104 
104 104 105 
105 105 106 
106 106 107 
107 107 108 
108 108 109 
109 109 110 
110 110 111 
111 111 112 
112 112 113 
113 113 114 
114 114 115 
115 115 116 
116 116 117 
117 117 118 
118 118 119 
119 119 120 
120 120 121 
121 121 122 
122 122 123 
123 123 124 
124 124 125 
125 125 126 
126 126 127 
127 127 128 
128 128 129 
129 129 130 
130 130 131 
131 131 132 
132 132 133 
133 133 134 
134 134 135 
135 135 136 
136 136 137 
137 137 138 
138 138 139 
139 139 140 
140 140 141 
141 141 142 
142 142 143 
143 143 144 
144 144 145 
145 145 146 
146 146 147 
147 147 148 
148 148 149 
149 149 150 
150 150 151 
151 151 152 
152 152 153 
153 153 154 
154 154 155 
155 155 156 
156 156 157 
157 157 158 
158 158 159 
159 159 160 
160 160 161 
161 161 162 
162 162 163 
163 163 164 
164 164 165 
165 165 166 
166 166 167 
167 167 168 
168 168 169 
169 169 170 
170 170 171 
171 171 172 
172 172 173 
173 173 174 
174 174 175 
175 175 176 
176 176 177 
177 177 178 
178 178 179 
179 179 180 
180 180 181 
181 181 182 
182 182 183 
183 183 184 
184 184 185 
185 185 186 
186 186 187 
187 187 188 
188 188 189 
189 189 190 
190 190 191 
191 191 192 
192 192 193 
193 193 194 
194 194 195 
195 195 196 
196 196 197 
197 197 198 
198 198 199 
199 199 3 
2 1 2 3806
200 501 1745 1343 
201 1104 1747 1457 
202 1147 1149 233 
203 1150 1374 262 
204 1343 1745 1342 
205 632 1559 557 
206 1296 1820 1295 
207 1303 1305 450 
208 211 1282 1146 
209 1220 1391 1375 
210 1152 1365 210 
211 1587 1633 989 
212 1507 1621 1076 
213 1080 1634 1191 
214 1262 1264 411 
215 446 1319 507 
216 1576 1603 798 
217 1171 1974 1645 
218 411 1958 1262 
219 455 1615 1476 
220 1448 1487 954 
221 1346 1415 787 
222 1197 1571 1397 
223 259 1456 1443 
224 279 1505 1165 
225 1026 1667 1338 
226 451 1319 446 
227 1106 1790 1553 
228 1558 1559 632 
229 229 1468 1151 
230 894 1870 1541 
231 1475 1612 1021 
232 1165 1505 1164 
233 1504 1587 989 
234 1459 1940 1139 
235 988 1459 1139 
236 1071 1461 1333 
237 1476 1615 1320 
238 1645 1771 1171 
239 1541 1738 894 
240 1513 1574 1000 
241 1154 1450 519 
242 1107 1820 1296 
243 1333 1776 1071 
244 506 1737 1350 
245 487 1271 1269 
246 989 1626 1504 
247 1123 1336 854 
248 249 1580 1579 
249 966 1200 965 
250 1715 1849 1341 
251 891 1864 1545 
252 1282 1374 1150 
253 1000 1573 1513 
254 880 1309 879 
255 1226 1228 204 
256 1359 1360 970 
257 1504 1626 1568 
258 960 1474 1134 
259 1397 1571 962 
260 1350 1737 1348 
261 1645 1974 1442 
262 1000 1630 1573 
263 373 1356 375 
264 1527 1578 955 
265 1401 1928 1214 
266 995 1567 1419 
267 1144 1179 790 
268 1776 1867 1689 
269 542 1323 1142 
270 261 1849 1715 
271 1457 1747 515 
272 1443 1456 1146 
273 1191 1634 1192 
274 1174 1175 1115 
275 560 1356 373 
276 1001 1621 1507 
277 993 1816 686 
278 1156 1550 285 
279 262 1900 1150 
280 237 1190 1138 
281 1573 1630 1521 
282 1648 1747 1104 
283 1486 1766 1260 
284 287 1557 1161 
285 1553 1949 1106 
286 316 1586 319 
287 210 1199 1152 
288 904 1548 884 
289 826 1421 816 
290 1011 1167 1166 
291 1280 1449 961 
292 1265 1657 1264 
293 487 1464 476 
294 1018 1266 984 
295 132 1441 270 
296 652 1414 1347 
297 1440 1816 993 
298 660 1806 994 
299 1408 1732 1606 
300 1146 1456 211 
301 1260 1879 205 
302 1546 1548 904 
303 1545 1755 891 
304 1008 1803 1128 
305 1301 1845 218 
306 494 1487 1448 
307 1106 1418 1029 
308 1309 1310 879 
309 1214 1839 1401 
310 596 1279 1211 
311 790 1286 1144 
312 249 1772 1454 
313 1562 1776 1683 
314 1395 1558 1451 
315 1568 1626 1006 
316 853 1937 1518 
317 1128 1803 1477 
318 243 1493 1492 
319 1669 1708 1469 
320 1228 1733 204 
321 1475 1802 1612 
322 243 1494 1493 
323 202 1341 1254 
324 1606 1732 1068 
325 1579 1772 249 
326 1474 1721 1134 
327 992 1222 932 
328 1395 1451 721 
329 957 1287 1232 
330 1038 1582 1566 
331 523 1875 1773 
332 1068 1732 1123 
333 1138 1188 237 
334 1360 1432 970 
335 1277 1449 1280 
336 1536 1603 1576 
337 491 1668 1358 
338 1695 1712 1099 
339 1197 1397 537 
340 1175 1793 1115 
341 1165 1633 1587 
342 1710 1836 1697 
343 269 1500 1190 
344 1904 1972 993 
345 1082 1201 1177 
346 994 1806 1445 
347 1264 1657 411 
348 1123 1565 1336 
349 1260 1766 1054 
350 1338 1667 1337 
351 1136 1788 1137 
352 205 1879 1826 
353 450 1306 1303 
354 823 1169 827 
355 1732 1787 1123 
356 955 1709 1527 
357 1479 1592 1484 
358 270 1441 1249 
359 1364 1964 1295 
360 1432 1894 968 
361 1288 1590 1289 
362 1773 1875 1116 
363 825 1169 823 
364 1466 1708 1030 
365 1683 1776 700 
366 1300 1920 1393 
367 749 1240 1003 
368 1239 1979 206 
369 1508 1675 227 
370 1114 1845 1301 
371 1096 1198 1186 
372 232 1590 1288 
373 211 1374 1282 
374 1009 1747 1648 
375 430 1306 428 
376 1521 1561 1520 
377 984 1266 982 
378 1358 1668 1360 
379 1254 1384 202 
380 913 1469 1237 
381 1164 1505 230 
382 1439 1736 1012 
383 1225 1485 1092 
384 1259 1260 1054 
385 1826 1879 1258 
386 1136 1994 1788 
387 1198 1726 252 
388 1204 1629 996 
389 1431 1684 735 
390 1215 1736 1439 
391 1300 1393 1011 
392 1251 1649 1352 
393 1483 1613 1305 
394 1419 1567 500 
395 1116 1917 1170 
396 427 1315 525 
397 1029 1418 1027 
398 826 1472 1421 
399 1149 1435 233 
400 994 1940 1459 
401 723 1286 614 
402 1484 1592 1055 
403 206 1888 1239 
404 1096 1726 1198 
405 476 1464 474 
406 540 1204 1202 
407 1132 1811 1395 
408 1454 1846 249 
409 971 1359 970 
410 233 1455 1147 
411 1279 1968 1211 
412 1011 1393 1167 
413 700 1776 1689 
414 992 1223 1222 
415 1011 1166 862 
416 1078 1717 1043 
417 214 1964 1364 
418 1875 1917 1116 
419 1142 1946 542 
420 997 1561 1521 
421 1509 1675 1508 
422 632 1844 1558 
423 970 1432 968 
424 1245 1246 623 
425 1497 1782 881 
426 519 1906 1154 
427 1152 1831 1365 
428 883 1309 880 
429 1161 1834 287 
430 1609 1760 1079 
431 884 1548 886 
432 1395 1811 1559 
433 1143 1511 228 
434 937 1221 1219 
435 1324 1409 852 
436 557 1559 587 
437 1309 1856 1310 
438 1151 1677 229 
439 1705 1754 1089 
440 366 1760 1609 
441 1788 1994 1159 
442 922 1259 1054 
443 1490 1640 1157 
444 1369 1928 1401 
445 1366 1402 1231 
446 1141 1718 1173 
447 1375 1585 1220 
448 270 1640 1490 
449 1224 1396 1002 
450 991 1712 1695 
451 1180 1481 1051 
452 525 1315 1207 
453 559 1613 1483 
454 966 1426 1200 
455 779 1270 1126 
456 1089 1754 1288 
457 428 1306 450 
458 932 1222 934 
459 1262 1958 1299 
460 1269 1271 1270 
461 285 1890 1156 
462 1240 1904 993 
463 1075 1765 1463 
464 1308 1856 1309 
465 505 1622 1272 
466 1305 1613 450 
467 638 1912 1719 
468 1352 1947 1267 
469 372 1192 599 
470 957 1232 738 
471 519 1450 392 
472 1122 1255 750 
473 1031 1423 1274 
474 857 1174 1115 
475 1220 1554 1391 
476 1269 1464 487 
477 1270 1271 1126 
478 1514 1574 1513 
479 1406 1849 261 
480 1196 1769 1024 
481 1215 1439 536 
482 1200 1443 965 
483 1078 1996 1717 
484 1179 1828 1488 
485 1521 1630 997 
486 1347 1415 1346 
487 1240 1428 1003 
488 624 1407 752 
489 1267 1947 1268 
490 1082 1716 1201 
491 1518 1937 1517 
492 1276 1684 1431 
493 798 1915 1576 
494 217 1928 1369 
495 1271 1670 1272 
496 1219 1221 1220 
497 1514 1730 1574 
498 1406 1965 1849 
499 1687 1932 1331 
500 1254 1341 1064 
501 974 1359 971 
502 1102 1836 1710 
503 937 1219 938 
504 1518 1834 1817 
505 1202 1323 540 
506 1121 1463 1371 
507 1586 1687 1331 
508 1817 1834 1162 
509 1347 1413 652 
510 1144 1286 723 
511 1333 1867 1776 
512 394 1208 396 
513 1473 1785 1326 
514 511 1293 571 
515 1246 1247 623 
516 1247 1696 1060 
517 1372 1769 1196 
518 810 1785 1473 
519 1141 1173 905 
520 1195 1196 1024 
521 1141 2003 1718 
522 1818 1822 1066 
523 1127 1850 1822 
524 1229 1400 222 
525 1082 1177 710 
526 1388 1393 258 
527 950 1184 1152 
528 1295 1820 1364 
529 992 1227 1226 
530 1388 1927 1393 
531 1402 1584 1231 
532 1190 1632 1138 
533 1442 1676 1645 
534 752 1407 1088 
535 1314 1436 1315 
536 520 1767 443 
537 1566 1713 1038 
538 375 1356 378 
539 638 1719 1195 
540 881 1624 1497 
541 1719 1912 1121 
542 1502 1568 1006 
543 1091 1850 1127 
544 585 1351 655 
545 1165 1587 279 
546 1203 1204 540 
547 698 1180 1051 
548 255 1820 1741 
549 712 1195 1024 
550 1096 1186 704 
551 1483 1484 559 
552 1670 1682 1272 
553 534 1412 555 
554 1201 1716 212 
555 1030 1798 1466 
556 721 1752 514 
557 1287 1874 1232 
558 1470 1744 674 
559 1150 1185 763 
560 1312 1313 1073 
561 306 1413 308 
562 1067 1409 1324 
563 571 1293 582 
564 1520 1561 234 
565 1018 1460 1266 
566 1352 1649 486 
567 271 1284 1283 
568 206 1979 1361 
569 1479 1484 1037 
570 1259 1879 1260 
571 1361 1979 1405 
572 1405 1979 1137 
573 1294 1296 1295 
574 1155 1904 1091 
575 1122 1480 1255 
576 1495 1807 1494 
577 1763 1916 1306 
578 1292 1618 1617 
579 1465 1604 1251 
580 954 1903 1448 
581 1203 1629 1204 
582 603 1485 1225 
583 655 1351 958 
584 1065 1792 1431 
585 1146 1282 911 
586 1137 1979 1239 
587 222 1929 1229 
588 297 1693 1417 
589 1101 1744 1470 
590 319 1586 336 
591 822 1193 1120 
592 216 1874 1287 
593 617 1425 294 
594 740 1231 1230 
595 631 1209 967 
596 1176 1964 1386 
597 1494 1807 1493 
598 1030 1708 1669 
599 1168 1351 636 
600 1386 1971 1176 
601 300 1422 304 
602 133 1441 132 
603 750 1255 751 
604 453 1676 1442 
605 1458 1767 520 
606 1254 1866 1384 
607 1019 1228 1227 
608 941 1218 1217 
609 1338 1861 1026 
610 542 1237 1236 
611 1150 1900 1185 
612 467 1203 540 
613 1306 1916 1304 
614 1488 1897 1179 
615 229 1885 1468 
616 1293 1618 1292 
617 333 1192 372 
618 1221 1554 1220 
619 1160 1233 896 
620 205 1925 1260 
621 1137 1239 757 
622 1205 1959 1869 
623 1463 1765 209 
624 345 1327 1276 
625 1318 1320 598 
626 665 1329 1328 
627 852 1409 1109 
628 1353 1928 217 
629 904 1655 1546 
630 1205 1869 538 
631 616 1298 384 
632 378 1356 1355 
633 507 1967 1244 
634 431 1205 538 
635 396 1208 537 
636 1091 1904 1850 
637 1310 1311 879 
638 605 1225 638 
639 346 1327 345 
640 990 1264 1261 
641 1541 1794 1738 
642 1547 1655 242 
643 806 1253 1252 
644 1227 1228 1226 
645 1077 1244 1243 
646 1500 1632 1190 
647 1338 1783 1658 
648 1013 1242 1241 
649 1560 1809 1786 
650 1863 1873 1313 
651 504 1863 1242 
652 556 1279 596 
653 1250 1251 1005 
654 294 1425 292 
655 1330 1332 900 
656 1454 1703 1452 
657 734 1174 857 
658 532 1412 534 
659 1054 1210 924 
660 1451 1752 721 
661 471 1323 542 
662 1332 1333 900 
663 1267 1268 956 
664 1691 1779 1692 
665 1452 1453 286 
666 1333 1461 900 
667 1180 1902 1481 
668 284 1589 1429 
669 1004 1555 720 
670 803 1975 1411 
671 1604 1649 1251 
672 722 1328 1182 
673 1453 1757 241 
674 1006 1707 1502 
675 504 1873 1863 
676 1158 1799 1686 
677 1114 1301 1300 
678 1518 1817 853 
679 904 1782 1655 
680 898 1294 1176 
681 435 1215 536 
682 245 1490 1157 
683 949 1692 1438 
684 530 1449 1277 
685 1107 1296 724 
686 1411 1975 1153 
687 614 1286 611 
688 1073 1799 1158 
689 657 1318 598 
690 1013 1241 834 
691 298 1422 300 
692 1111 1825 1466 
693 1124 1926 1527 
694 316 1687 1586 
695 862 1166 864 
696 1095 1661 1478 
697 800 1312 1073 
698 1714 1792 1700 
699 930 1227 992 
700 837 1344 836 
701 555 1412 1349 
702 537 1208 1197 
703 1077 1243 875 
704 1280 1775 1336 
705 1163 1827 66 
706 425 1315 427 
707 537 1234 398 
708 542 1236 473 
709 1418 1667 1027 
710 1272 1682 505 
711 378 1355 1354 
712 1415 1416 787 
713 836 1344 1095 
714 1142 1323 1202 
715 1557 1720 1161 
716 777 1270 779 
717 1360 1647 1432 
718 1294 1295 1176 
719 771 1250 1005 
720 1478 1661 347 
721 1290 1462 1007 
722 885 1307 883 
723 1159 1965 220 
724 737 1663 1563 
725 271 1711 1284 
726 1322 1886 509 
727 1319 1967 507 
728 1409 1933 1410 
729 1184 1831 1152 
730 1636 1657 1265 
731 280 1876 1455 
732 1318 1476 1320 
733 134 1777 133 
734 1429 1723 284 
735 1663 1981 1563 
736 530 1277 402 
737 1302 1303 895 
738 536 1340 437 
739 138 1435 137 
740 1539 1796 1671 
741 652 1413 306 
742 1775 1847 1336 
743 740 1230 741 
744 1307 1309 883 
745 665 1955 1329 
746 518 1783 1338 
747 941 1217 942 
748 1302 1305 1303 
749 803 1411 688 
750 1237 1688 913 
751 1321 1322 1025 
752 66 1898 1163 
753 1114 1300 858 
754 1436 1883 1315 
755 1021 1795 1475 
756 1234 1397 1235 
757 548 1354 1130 
758 220 1788 1159 
759 1132 1395 1394 
760 990 1261 980 
761 541 1281 477 
762 1303 1306 1304 
763 990 1265 1264 
764 1527 1709 1124 
765 1237 1469 1236 
766 1466 1825 524 
767 582 1293 1291 
768 1034 1400 1229 
769 1484 1725 559 
770 775 1267 956 
771 1056 1995 1465 
772 669 1328 722 
773 1229 1278 1074 
774 308 1413 325 
775 210 1377 1199 
776 1106 1949 1418 
777 806 1252 807 
778 1316 1317 782 
779 1671 1950 1539 
780 905 1173 906 
781 1145 1857 1381 
782 1140 1637 1460 
783 662 1273 665 
784 1314 1315 425 
785 415 1256 416 
786 1209 1334 967 
787 814 1229 1074 
788 1128 1933 1409 
789 537 1397 1234 
790 1381 1828 1145 
791 896 1233 897 
792 746 1238 1096 
793 494 1448 371 
794 1455 1919 280 
795 572 1320 570 
796 855 1411 1153 
797 1460 1637 412 
798 844 1290 1007 
799 1778 1937 856 
800 1183 1572 1181 
801 1419 1911 995 
802 992 1226 1223 
803 527 1279 556 
804 1170 1917 457 
805 1414 1762 1735 
806 1038 1851 1582 
807 982 1266 990 
808 1156 1830 1550 
809 1414 1415 1347 
810 1541 1870 1542 
811 384 1298 385 
812 382 1354 548 
813 1412 1770 1350 
814 1252 1254 1064 
815 505 1681 1622 
816 1224 1948 1396 
817 626 1195 712 
818 1249 1640 270 
819 1127 1822 1818 
820 848 1321 1025 
821 1218 1224 1217 
822 887 1302 895 
823 920 1259 922 
824 1214 1884 1212 
825 724 1296 725 
826 730 1294 898 
827 1255 1480 1253 
828 394 1450 1208 
829 1510 1511 1143 
830 1204 1551 1202 
831 1155 1972 1904 
832 269 1810 1500 
833 1283 1285 271 
834 1263 1357 986 
835 996 1931 1204 
836 634 1209 631 
837 490 1604 1465 
838 1169 1571 827 
839 1087 1423 1031 
840 1217 1224 1002 
841 609 1408 612 
842 1211 1973 596 
843 1192 1634 599 
844 710 1177 708 
845 1770 1808 1350 
846 1345 1346 546 
847 591 1330 900 
848 1423 1881 1274 
849 313 1337 543 
850 1316 1319 1317 
851 390 1297 519 
852 1856 1916 448 
853 1027 1667 1026 
854 343 1275 521 
855 1157 1821 245 
856 1033 1426 966 
857 1328 1329 1182 
858 594 1407 624 
859 602 1225 605 
860 998 1603 1536 
861 934 1222 937 
862 1060 1842 1247 
863 1416 1417 1035 
864 1655 1782 1498 
865 947 1184 950 
866 524 1420 481 
867 301 1380 299 
868 598 1320 572 
869 1163 1898 1160 
870 1431 1833 1065 
871 653 1430 564 
872 565 1351 585 
873 802 1312 800 
874 1231 1584 1230 
875 1253 1254 1252 
876 1622 1681 1434 
877 1438 1692 1340 
878 536 1438 1340 
879 938 1219 941 
880 704 1186 690 
881 422 1314 425 
882 1380 1949 1553 
883 1341 1849 1193 
884 529 1394 721 
885 783 1316 782 
886 249 1895 1580 
887 582 1291 642 
888 535 1461 533 
889 1514 1778 856 
890 639 1411 855 
891 671 1180 698 
892 787 1781 1346 
893 1371 1719 1121 
894 533 1461 1071 
895 1005 1352 1267 
896 1257 1259 920 
897 962 1571 758 
898 1453 1858 286 
899 1289 1590 1564 
900 655 957 738 
901 1492 1499 243 
902 267 1495 1494 
903 1342 1745 1344 
904 1168 1836 1102 
905 1076 1796 1507 
906 349 1327 346 
907 406 1565 408 
908 1292 1995 1056 
909 763 1185 753 
910 441 1339 520 
911 1263 1358 1357 
912 1655 1992 242 
913 515 1855 357 
914 547 1408 609 
915 1343 1784 501 
916 527 556 526 
917 1738 1794 1113 
918 233 1435 138 
919 1004 1703 1555 
920 1092 1912 1225 
921 1452 1703 1004 
922 738 1232 740 
923 361 1609 1457 
924 1201 1216 1178 
925 751 1255 806 
926 563 565 564 
927 1002 1396 1184 
928 988 1695 1459 
929 1459 1695 1099 
930 722 1181 1180 
931 1040 1163 1160 
932 555 1349 584 
933 1354 1355 1130 
934 1168 1970 1351 
935 986 1357 976 
936 696 1348 1066 
937 1186 1187 803 
938 752 1087 1031 
939 137 1435 285 
940 1086 1844 1430 
941 225 1914 1800 
942 327 1345 546 
943 1705 1797 251 
944 585 655 654 
945 752 1031 661 
946 1177 1201 1178 
947 1052 1450 1154 
948 565 585 564 
949 855 1118 1084 
950 1177 1178 761 
951 1898 1989 1160 
952 1162 1834 1161 
953 304 1422 652 
954 855 1084 723 
955 564 1430 562 
956 228 1922 1143 
957 1462 1780 1343 
958 1297 1433 519 
959 999 1258 1257 
960 465 1203 467 
961 655 738 654 
962 609 611 610 
963 840 1344 837 
964 639 855 723 
965 911 1282 909 
966 252 1638 1198 
967 616 1472 1298 
968 552 1279 527 
969 1190 1892 269 
970 1070 1141 905 
971 652 1422 1414 
972 1034 1229 814 
973 1024 1122 750 
974 1056 1465 1250 
975 1780 1784 1343 
976 568 1592 580 
977 1072 1287 957 
978 1023 1213 1212 
979 918 1257 920 
980 292 1425 1424 
981 708 1177 761 
982 788 814 786 
983 1409 1410 1109 
984 1414 1735 1415 
985 1019 1984 1228 
986 950 1152 953 
987 1364 1820 255 
988 820 1193 822 
989 563 564 562 
990 753 1082 710 
991 545 563 562 
992 1089 1797 1705 
993 1622 1702 1272 
994 550 1394 529 
995 1422 1762 1414 
996 499 526 496 
997 336 1586 1334 
998 758 1571 1169 
999 708 761 693 
1000 638 1195 626 
1001 669 722 671 
1002 624 752 661 
1003 1517 1937 1778 
1004 898 1175 1174 
1005 1379 1380 309 
1006 1002 1184 947 
1007 945 1002 947 
1008 547 609 608 
1009 1186 1198 1187 
1010 611 613 610 
1011 1428 1589 1003 
1012 698 1051 724 
1013 601 602 600 
1014 639 723 614 
1015 1394 1395 721 
1016 791 1040 896 
1017 690 803 688 
1018 457 1974 1170 
1019 1213 1214 1212 
1020 712 1024 750 
1021 525 1206 1205 
1022 1329 1800 1182 
1023 690 1186 803 
1024 603 1225 602 
1025 1234 1235 530 
1026 746 1096 704 
1027 1083 1779 1691 
1028 867 1070 905 
1029 556 596 594 
1030 309 1380 301 
1031 429 1205 431 
1032 609 610 608 
1033 556 594 593 
1034 722 1180 671 
1035 133 1777 1441 
1036 1271 1272 1126 
1037 818 1064 820 
1038 1277 1280 516 
1039 1244 1967 1243 
1040 909 1150 763 
1041 1095 1478 1013 
1042 1498 1782 1497 
1043 1381 1857 254 
1044 834 1241 832 
1045 753 1185 1082 
1046 1097 1616 828 
1047 1242 1863 1241 
1048 1137 1788 1405 
1049 548 1117 616 
1050 1028 1078 1043 
1051 857 1114 858 
1052 755 1238 746 
1053 1040 1160 896 
1054 1315 1883 1207 
1055 916 999 918 
1056 1432 1647 512 
1057 1303 1304 895 
1058 822 1120 825 
1059 605 638 626 
1060 599 600 560 
1061 1152 1199 953 
1062 757 1239 755 
1063 814 1074 815 
1064 1429 1589 1428 
1065 1244 1954 507 
1066 1700 1792 1065 
1067 499 527 526 
1068 1337 1667 543 
1069 613 790 745 
1070 875 1243 873 
1071 1051 1107 724 
1072 1439 1764 1438 
1073 463 523 465 
1074 518 1338 1337 
1075 1393 1927 1167 
1076 741 1230 1023 
1077 965 1146 911 
1078 1268 1269 956 
1079 382 548 384 
1080 343 521 341 
1081 1397 1943 1235 
1082 419 547 421 
1083 740 1232 1231 
1084 968 1894 1470 
1085 790 791 745 
1086 1357 1359 974 
1087 427 525 429 
1088 785 786 743 
1089 212 1860 1201 
1090 485 1419 500 
1091 1160 1989 1233 
1092 909 1282 1150 
1093 728 1294 730 
1094 230 1921 1285 
1095 547 608 421 
1096 390 519 392 
1097 857 1115 1114 
1098 1219 1220 1218 
1099 467 540 469 
1100 548 616 384 
1101 1251 1352 1005 
1102 601 603 602 
1103 1072 1325 1287 
1104 1136 1137 757 
1105 339 1815 322 
1106 1746 1855 515 
1107 1064 1193 820 
1108 388 1297 390 
1109 523 1203 465 
1110 469 1323 471 
1111 730 898 732 
1112 782 1318 657 
1113 967 1331 1330 
1114 345 1275 343 
1115 594 624 595 
1116 1208 1450 1052 
1117 599 601 600 
1118 1064 1341 1193 
1119 999 1257 918 
1120 230 1812 1164 
1121 208 1828 1381 
1122 1182 1183 1181 
1123 431 538 433 
1124 788 1034 814 
1125 1233 1335 999 
1126 924 1210 926 
1127 922 1054 924 
1128 483 1420 1419 
1129 1188 1694 237 
1130 860 1300 1011 
1131 858 1300 860 
1132 1331 1332 1330 
1133 1349 1350 1348 
1134 1261 1262 986 
1135 1348 1737 1066 
1136 1326 1327 349 
1137 785 788 786 
1138 1578 1899 955 
1139 1345 1347 1346 
1140 1118 1997 1857 
1141 1941 1944 539 
1142 392 1450 394 
1143 1285 1812 230 
1144 958 1072 957 
1145 769 1250 771 
1146 1609 1969 1457 
1147 725 1296 728 
1148 1120 1159 825 
1149 898 1176 1175 
1150 897 1233 916 
1151 518 1337 315 
1152 525 1205 429 
1153 734 857 736 
1154 624 661 625 
1155 1273 1955 665 
1156 1037 1484 1483 
1157 755 1239 1238 
1158 370 1447 1446 
1159 1212 1884 1728 
1160 1036 1305 1302 
1161 1007 1343 1342 
1162 372 599 560 
1163 1073 1158 799 
1164 666 1328 669 
1165 451 1976 1319 
1166 937 1222 1221 
1167 635 636 565 
1168 807 1252 818 
1169 1055 1592 568 
1170 471 542 473 
1171 479 1281 524 
1172 1313 1799 1073 
1173 926 1019 928 
1174 487 1670 1271 
1175 345 1276 1275 
1176 396 537 398 
1177 867 905 868 
1178 926 1210 1019 
1179 353 522 351 
1180 1262 1299 1263 
1181 404 1277 516 
1182 879 1311 877 
1183 433 1215 435 
1184 543 1379 311 
1185 1281 1708 1466 
1186 435 536 437 
1187 331 1192 333 
1188 806 1255 1253 
1189 873 1135 871 
1190 355 1855 1721 
1191 1025 1583 1290 
1192 605 626 606 
1193 1342 1344 840 
1194 692 693 636 
1195 1781 1923 1346 
1196 454 1442 457 
1197 540 1323 469 
1198 1075 1463 1121 
1199 636 1351 565 
1200 400 530 402 
1201 942 1217 945 
1202 1444 1800 1329 
1203 370 1446 367 
1204 473 1236 475 
1205 477 1281 479 
1206 836 1013 834 
1207 602 605 604 
1208 1139 1140 1018 
1209 832 1090 830 
1210 732 1174 734 
1211 402 1277 404 
1212 877 1077 875 
1213 860 1011 862 
1214 475 1236 541 
1215 439 1340 1339 
1216 832 1241 1090 
1217 767 1056 769 
1218 693 1168 636 
1219 437 1340 439 
1220 1031 1274 1273 
1221 228 1511 187 
1222 398 1234 400 
1223 930 992 932 
1224 1084 1145 1144 
1225 626 712 627 
1226 612 614 611 
1227 315 1337 313 
1228 978 986 976 
1229 873 1243 1135 
1230 475 541 477 
1231 771 1005 773 
1232 400 1234 530 
1233 351 1326 349 
1234 416 1256 419 
1235 241 1757 1720 
1236 1721 1855 1134 
1237 707 708 693 
1238 538 1215 433 
1239 712 750 713 
1240 615 639 614 
1241 1563 1582 737 
1242 372 560 373 
1243 385 1298 388 
1244 311 1379 309 
1245 379 1354 382 
1246 1544 1755 1545 
1247 611 1286 613 
1248 359 515 357 
1249 980 1261 978 
1250 1288 1754 232 
1251 542 1946 1237 
1252 836 1095 1013 
1253 906 1173 1028 
1254 1179 1897 790 
1255 967 1330 629 
1256 481 1420 483 
1257 941 1219 1218 
1258 898 1174 732 
1259 1291 1292 1056 
1260 218 1768 1301 
1261 439 1339 441 
1262 584 1349 694 
1263 982 990 980 
1264 1513 1573 1512 
1265 1346 1923 546 
1266 828 1616 1124 
1267 1166 1167 1070 
1268 694 1348 696 
1269 1501 1568 1502 
1270 404 516 406 
1271 1531 1569 1532 
1272 676 1427 678 
1273 1533 1576 1534 
1274 844 1007 842 
1275 500 545 544 
1276 1056 1250 769 
1277 629 1330 591 
1278 864 1166 867 
1279 327 546 329 
1280 696 1066 703 
1281 773 1267 775 
1282 1193 1849 1120 
1283 1109 1321 850 
1284 1135 1319 1316 
1285 441 520 443 
1286 1077 1824 1244 
1287 1090 1313 1312 
1288 1074 1765 1075 
1289 325 1345 327 
1290 522 1326 351 
1291 728 1296 1294 
1292 850 1321 848 
1293 596 1407 594 
1294 775 956 777 
1295 976 1357 974 
1296 560 1934 1356 
1297 1261 1264 1262 
1298 585 654 653 
1299 1028 1043 1029 
1300 842 1342 840 
1301 1474 1853 1473 
1302 1581 1804 245 
1303 877 1311 1077 
1304 1542 1870 891 
1305 1131 1132 762 
1306 709 710 708 
1307 945 947 946 
1308 1526 1578 1527 
1309 999 1335 1258 
1310 1786 1809 1529 
1311 1496 1497 1495 
1312 556 593 526 
1313 1474 1913 1853 
1314 1043 1119 1105 
1315 738 740 739 
1316 864 867 866 
1317 889 1302 887 
1318 688 1411 640 
1319 887 895 885 
1320 578 1434 576 
1321 848 1025 846 
1322 846 1290 844 
1323 779 1126 1125 
1324 367 1446 366 
1325 669 671 670 
1326 235 1525 102 
1327 453 1442 454 
1328 1023 1230 1213 
1329 988 1018 984 
1330 978 1261 986 
1331 665 1328 666 
1332 1036 1302 889 
1333 479 524 481 
1334 947 950 948 
1335 552 1795 1279 
1336 642 1291 767 
1337 964 1428 1240 
1338 1321 1886 1322 
1339 694 1349 1348 
1340 1268 1871 1464 
1341 1005 1267 773 
1342 1025 1290 846 
1343 419 421 420 
1344 292 1424 290 
1345 382 384 383 
1346 333 372 335 
1347 613 745 744 
1348 1131 1133 1132 
1349 871 1316 783 
1350 543 1418 1379 
1351 591 900 589 
1352 938 941 940 
1353 689 690 688 
1354 1469 1708 541 
1355 711 753 710 
1356 545 562 557 
1357 1086 1802 1475 
1358 1019 1227 928 
1359 187 1511 186 
1360 1498 1992 1655 
1361 496 1487 494 
1362 1074 1075 815 
1363 814 815 786 
1364 830 1312 802 
1365 691 704 690 
1366 1439 1852 1764 
1367 916 1233 999 
1368 1791 1952 1189 
1369 365 366 363 
1370 934 937 936 
1371 182 1711 271 
1372 857 858 736 
1373 1191 1192 331 
1374 1220 1585 1218 
1375 313 543 311 
1376 551 552 527 
1377 852 1109 850 
1378 1117 1421 616 
1379 1918 1942 1467 
1380 1054 1766 1210 
1381 525 1207 1206 
1382 1167 1742 1070 
1383 1102 1970 1168 
1384 942 945 944 
1385 1007 1342 842 
1386 811 1471 1131 
1387 1262 1263 986 
1388 913 1669 1469 
1389 608 1436 1314 
1390 893 1036 889 
1391 891 1755 1542 
1392 928 1227 930 
1393 762 1394 550 
1394 799 1209 634 
1395 895 1307 885 
1396 378 1354 379 
1397 1417 1735 297 
1398 818 1252 1064 
1399 1181 1902 1180 
1400 800 1073 799 
1401 956 1270 777 
1402 461 463 462 
1403 1349 1412 1350 
1404 681 1427 1008 
1405 906 1028 1027 
1406 1424 1437 290 
1407 791 896 792 
1408 1242 1859 504 
1409 340 341 339 
1410 1696 1830 1060 
1411 671 698 672 
1412 1546 1655 1547 
1413 509 1886 1410 
1414 1317 1318 782 
1415 117 1515 116 
1416 678 1427 681 
1417 1360 1668 1647 
1418 163 1543 162 
1419 1327 1785 1276 
1420 705 746 704 
1421 463 465 464 
1422 425 427 426 
1423 410 415 414 
1424 366 1609 363 
1425 1238 1726 1096 
1426 1276 1431 1275 
1427 1023 1212 1211 
1428 102 1525 3 
1429 722 1182 1181 
1430 317 518 315 
1431 511 1618 1293 
1432 631 967 629 
1433 1280 1336 516 
1434 662 665 664 
1435 342 343 341 
1436 754 763 753 
1437 500 1567 545 
1438 594 595 593 
1439 1119 1577 1105 
1440 1572 1902 1181 
1441 666 669 668 
1442 159 1547 242 
1443 1072 1710 1325 
1444 1233 1989 1335 
1445 1008 1128 1067 
1446 375 378 377 
1447 1430 1802 1086 
1448 447 453 452 
1449 698 724 699 
1450 546 1191 329 
1451 818 820 819 
1452 1503 1587 1504 
1453 655 958 957 
1454 622 1434 578 
1455 1555 1944 1556 
1456 1329 1955 1444 
1457 388 390 389 
1458 1556 1944 1941 
1459 950 953 951 
1460 742 743 603 
1461 589 1461 535 
1462 371 1448 370 
1463 687 688 640 
1464 1086 1475 796 
1465 1122 1935 1480 
1466 1088 1353 1087 
1467 751 806 805 
1468 1229 1929 1278 
1469 369 370 367 
1470 1545 1546 268 
1471 1132 1394 762 
1472 661 1273 662 
1473 1380 1553 299 
1474 325 1413 1345 
1475 465 467 466 
1476 454 457 456 
1477 1386 1964 214 
1478 483 1419 485 
1479 277 1524 1523 
1480 267 1496 1495 
1481 329 1191 331 
1482 1010 1434 622 
1483 1800 1914 1183 
1484 416 419 418 
1485 1256 1408 547 
1486 856 1730 1514 
1487 388 1298 1297 
1488 988 1139 1018 
1489 593 1487 526 
1490 485 500 489 
1491 617 1577 1425 
1492 1350 1808 506 
1493 644 799 634 
1494 509 1878 1322 
1495 743 1485 603 
1496 764 909 763 
1497 916 918 917 
1498 831 832 830 
1499 237 1694 150 
1500 379 382 381 
1501 427 429 428 
1502 613 1286 790 
1503 969 970 968 
1504 238 1514 1513 
1505 390 392 391 
1506 563 635 565 
1507 1541 1542 246 
1508 1118 1857 1084 
1509 872 873 871 
1510 833 834 832 
1511 344 345 343 
1512 1356 1467 1355 
1513 1815 1999 322 
1514 747 755 746 
1515 1037 1483 1036 
1516 602 604 600 
1517 945 1217 1002 
1518 1476 1976 1924 
1519 458 461 460 
1520 1580 1804 1581 
1521 784 785 743 
1522 741 1023 1022 
1523 495 496 494 
1524 796 1475 552 
1525 767 1291 1056 
1526 250 1518 1517 
1527 1071 1776 1562 
1528 815 1485 786 
1529 807 818 817 
1530 1472 1980 1298 
1531 967 1334 1331 
1532 1235 1729 1570 
1533 497 499 496 
1534 155 243 154 
1535 176 244 175 
1536 130 245 129 
1537 159 242 158 
1538 1281 1466 524 
1539 835 836 834 
1540 536 1439 1438 
1541 188 228 187 
1542 198 232 197 
1543 139 233 138 
1544 112 234 111 
1545 108 236 107 
1546 184 227 183 
1547 103 235 102 
1548 116 238 115 
1549 143 239 142 
1550 147 240 146 
1551 151 237 150 
1552 172 229 171 
1553 180 230 179 
1554 168 231 167 
1555 624 625 595 
1556 874 875 873 
1557 548 1130 1117 
1558 164 246 163 
1559 192 247 191 
1560 135 248 134 
1561 681 1008 683 
1562 1258 1879 1257 
1563 123 241 122 
1564 761 1168 693 
1565 845 1574 847 
1566 1256 1732 1408 
1567 419 1256 547 
1568 1301 1920 1300 
1569 760 782 657 
1570 609 612 611 
1571 1308 1916 1856 
1572 429 431 430 
1573 467 469 468 
1574 640 1411 639 
1575 954 1487 593 
1576 243 1499 154 
1577 422 425 424 
1578 1135 1316 871 
1579 910 911 909 
1580 893 1037 1036 
1581 1253 1866 1254 
1582 767 769 768 
1583 1028 1173 1078 
1584 820 822 821 
1585 1235 1570 1449 
1586 648 1482 583 
1587 651 1010 622 
1588 385 388 387 
1589 1291 1293 1292 
1590 918 920 919 
1591 1216 1860 37 
1592 876 877 875 
1593 338 339 322 
1594 392 394 393 
1595 493 494 371 
1596 867 868 866 
1597 1090 1312 830 
1598 274 1862 1673 
1599 1031 1273 661 
1600 829 830 802 
1601 1304 1308 1307 
1602 897 916 915 
1603 1156 1890 1650 
1604 157 267 156 
1605 153 269 152 
1606 178 279 177 
1607 174 281 173 
1608 186 273 185 
1609 141 280 140 
1610 3 277 199 
1611 110 282 109 
1612 182 271 181 
1613 114 276 113 
1614 149 272 148 
1615 145 275 144 
1616 170 274 169 
1617 870 871 783 
1618 822 825 823 
1619 166 283 165 
1620 137 285 136 
1621 190 284 189 
1622 244 1568 1501 
1623 975 976 974 
1624 1544 1545 268 
1625 239 1569 1531 
1626 903 968 715 
1627 154 1499 153 
1628 1055 1725 1484 
1629 715 1470 674 
1630 160 1547 159 
1631 964 993 686 
1632 855 1153 1118 
1633 705 1570 747 
1634 1431 1792 1275 
1635 756 757 755 
1636 1595 1596 247 
1637 238 1513 1512 
1638 1533 1534 239 
1639 1503 1504 244 
1640 1084 1144 723 
1641 106 278 105 
1642 161 268 160 
1643 132 270 131 
1644 1537 1538 240 
1645 605 606 604 
1646 153 1499 269 
1647 431 433 432 
1648 469 471 470 
1649 372 373 335 
1650 307 1562 305 
1651 769 771 770 
1652 1092 1485 815 
1653 1478 1814 1242 
1654 277 1523 1522 
1655 958 1102 1072 
1656 905 906 868 
1657 635 692 636 
1658 1540 1541 246 
1659 1013 1478 1242 
1660 1250 1465 1251 
1661 273 1509 1508 
1662 1528 1529 282 
1663 1526 1527 236 
1664 394 396 395 
1665 1189 1829 1791 
1666 195 251 194 
1667 1235 1449 530 
1668 752 1088 1087 
1669 1501 1502 281 
1670 276 1521 1520 
1671 125 286 124 
1672 121 287 120 
1673 660 994 702 
1674 626 627 606 
1675 1531 1532 280 
1676 728 730 729 
1677 1512 1573 276 
1678 661 662 625 
1679 250 1517 1516 
1680 878 879 877 
1681 1564 1789 1289 
1682 1741 1820 1107 
1683 1081 1086 796 
1684 623 1838 1245 
1685 246 1543 163 
1686 350 351 349 
1687 116 1515 238 
1688 1185 1716 1082 
1689 275 1576 1533 
1690 421 1314 422 
1691 977 978 976 
1692 541 1708 1281 
1693 941 942 940 
1694 1158 1209 799 
1695 286 1454 1452 
1696 282 1578 1526 
1697 867 1166 1070 
1698 127 249 126 
1699 1496 1498 1497 
1700 119 250 118 
1701 920 922 921 
1702 725 728 727 
1703 937 938 936 
1704 1225 1912 638 
1705 365 367 366 
1706 712 713 627 
1707 973 974 971 
1708 642 767 766 
1709 3 1525 277 
1710 1093 1428 964 
1711 771 773 772 
1712 692 707 693 
1713 912 965 911 
1714 1735 1988 1415 
1715 1298 1980 1297 
1716 1467 1942 1355 
1717 1480 1866 1253 
1718 615 640 639 
1719 612 615 614 
1720 241 1858 1453 
1721 841 842 840 
1722 1209 1993 1334 
1723 361 1457 359 
1724 585 653 564 
1725 1268 1464 1269 
1726 1774 1909 1594 
1727 613 744 610 
1728 433 435 434 
1729 370 1448 1447 
1730 37 1908 1216 
1731 979 980 978 
1732 186 1511 273 
1733 730 732 731 
1734 965 1443 1146 
1735 1410 1998 509 
1736 348 349 346 
1737 378 379 377 
1738 522 1473 1326 
1739 1007 1462 1343 
1740 758 1136 757 
1741 529 721 514 
1742 811 1131 762 
1743 750 751 713 
1744 1523 1590 1522 
1745 415 416 414 
1746 1145 1179 1144 
1747 773 775 774 
1748 71 1382 201 
1749 15 1386 214 
1750 87 1383 203 
1751 19 1389 215 
1752 396 398 397 
1753 738 739 654 
1754 287 1519 120 
1755 50 1387 207 
1756 120 1519 119 
1757 608 1314 421 
1758 1202 1956 1033 
1759 1555 1556 720 
1760 843 844 842 
1761 471 473 472 
1762 369 371 370 
1763 1543 1544 162 
1764 1236 1469 541 
1765 202 1715 1341 
1766 453 454 452 
1767 707 709 708 
1768 1000 1574 845 
1769 922 924 923 
1770 1043 1105 1029 
1771 1028 1029 1027 
1772 665 666 664 
1773 500 544 489 
1774 900 1461 589 
1775 981 982 980 
1776 1249 1441 1248 
1777 457 458 456 
1778 55 1390 204 
1779 990 1266 1265 
1780 117 1516 1515 
1781 435 437 436 
1782 839 840 837 
1783 463 1875 523 
1784 268 1547 160 
1785 1135 1967 1319 
1786 48 1365 263 
1787 13 1378 257 
1788 17 1364 255 
1789 1231 1874 1366 
1790 1693 1801 1417 
1791 732 734 733 
1792 945 946 944 
1793 523 1629 1203 
1794 430 1763 1306 
1795 1140 1460 1018 
1796 644 800 799 
1797 419 420 418 
1798 352 353 351 
1799 1324 1722 1067 
1800 813 1471 811 
1801 775 777 776 
1802 1244 1824 1753 
1803 1058 1944 1555 
1804 884 885 883 
1805 1090 1863 1313 
1806 947 948 946 
1807 791 792 745 
1808 384 385 383 
1809 924 926 925 
1810 669 670 668 
1811 398 400 399 
1812 1373 2003 1742 
1813 1535 1536 275 
1814 415 1732 1256 
1815 563 1567 635 
1816 382 383 381 
1817 694 696 695 
1818 1358 1360 1359 
1819 619 762 550 
1820 760 783 782 
1821 845 846 844 
1822 473 475 474 
1823 1444 1955 1274 
1824 421 422 420 
1825 709 711 710 
1826 26 1403 217 
1827 1268 1947 1871 
1828 601 742 603 
1829 1376 1392 4 
1830 545 557 544 
1831 983 984 982 
1832 1046 1677 1588 
1833 686 1816 684 
1834 658 1806 660 
1835 1272 1702 1126 
1836 1362 1638 73 
1837 245 1821 1581 
1838 696 703 697 
1839 562 1430 632 
1840 689 691 690 
1841 687 689 688 
1842 806 807 805 
1843 620 1656 1058 
1844 1042 1482 648 
1845 1016 1245 813 
1846 1545 1548 1546 
1847 70 1382 71 
1848 14 1386 15 
1849 86 1383 87 
1850 18 1389 19 
1851 1375 1391 52 
1852 49 1387 50 
1853 400 402 401 
1854 1246 1249 1248 
1855 304 652 306 
1856 886 887 885 
1857 54 1390 55 
1858 1128 1409 1067 
1859 354 355 353 
1860 279 1587 1503 
1861 1008 1067 683 
1862 580 1592 647 
1863 882 883 880 
1864 1317 1976 1476 
1865 359 1457 515 
1866 25 1403 26 
1867 499 551 527 
1868 341 1750 339 
1869 734 736 735 
1870 463 464 462 
1871 119 1519 250 
1872 926 928 927 
1873 968 1470 715 
1874 461 462 460 
1875 47 1365 48 
1876 12 1378 13 
1877 16 1364 17 
1878 447 1724 453 
1879 671 672 670 
1880 584 694 649 
1881 340 342 341 
1882 325 327 326 
1883 1304 1307 895 
1884 1034 1575 1400 
1885 356 357 355 
1886 2 1376 4 
1887 475 477 476 
1888 888 889 887 
1889 847 848 846 
1890 425 426 424 
1891 161 1544 268 
1892 72 1362 73 
1893 437 439 438 
1894 338 340 339 
1895 858 860 859 
1896 829 831 830 
1897 831 833 832 
1898 95 1399 96 
1899 903 969 968 
1900 51 1375 52 
1901 516 1565 406 
1902 308 325 324 
1903 691 705 704 
1904 870 872 871 
1905 77 1361 78 
1906 1361 1405 78 
1907 703 717 716 
1908 327 329 328 
1909 1369 1401 28 
1910 833 835 834 
1911 1288 1289 1042 
1912 34 1832 1325 
1913 964 1240 993 
1914 1575 1591 1400 
1915 711 754 753 
1916 969 971 970 
1917 1245 1471 813 
1918 30 1402 31 
1919 1199 1200 953 
1920 1551 1956 1202 
1921 1418 1949 1379 
1922 740 741 739 
1923 465 466 464 
1924 562 632 557 
1925 1710 1945 1325 
1926 1066 1822 703 
1927 388 389 387 
1928 777 779 778 
1929 27 1369 28 
1930 896 897 792 
1931 1814 1859 1242 
1932 1580 1895 1804 
1933 355 1721 353 
1934 985 988 984 
1935 872 874 873 
1936 358 359 357 
1937 790 1897 791 
1938 1345 1413 1347 
1939 1320 1615 570 
1940 1276 1785 1684 
1941 427 428 426 
1942 96 1399 288 
1943 1310 1872 1311 
1944 390 391 389 
1945 1673 1880 274 
1946 788 1035 1034 
1947 950 951 948 
1948 439 441 440 
1949 1460 1868 1266 
1950 1038 1713 1039 
1951 818 819 817 
1952 1795 1968 1279 
1953 1317 1476 1318 
1954 290 1437 200 
1955 779 1125 780 
1956 80 1406 81 
1957 1023 1211 1022 
1958 342 344 343 
1959 402 404 403 
1960 477 479 478 
1961 928 930 929 
1962 1246 1248 1247 
1963 329 331 330 
1964 1434 1681 576 
1965 1075 1121 1092 
1966 698 699 672 
1967 742 784 743 
1968 874 876 875 
1969 890 893 889 
1970 849 850 848 
1971 270 1490 131 
1972 31 1402 1366 
1973 244 1501 175 
1974 176 1503 244 
1975 250 1516 118 
1976 184 1508 227 
1977 238 1512 115 
1978 234 1528 111 
1979 239 1531 142 
1980 231 1539 167 
1981 1506 1507 231 
1982 103 1593 235 
1983 994 1459 702 
1984 230 1505 179 
1985 1207 1883 1602 
1986 168 1506 231 
1987 198 1522 232 
1988 112 1520 234 
1989 229 1530 171 
1990 108 1526 236 
1991 240 1535 146 
1992 143 1533 239 
1993 147 1537 240 
1994 705 747 746 
1995 192 1595 247 
1996 767 768 766 
1997 135 1550 248 
1998 164 1540 246 
1999 247 1549 191 
2000 273 1510 1509 
2001 860 862 861 
2002 260 1437 1424 
2003 1278 1929 93 
2004 236 1552 107 
2005 1334 1993 336 
2006 1538 1701 240 
2007 724 725 699 
2008 635 1567 995 
2009 404 406 405 
2010 467 468 466 
2011 1524 1582 1563 
2012 360 361 359 
2013 1527 1926 236 
2014 441 443 442 
2015 754 764 763 
2016 1158 1993 1209 
2017 1427 1803 1008 
2018 429 430 428 
2019 344 346 345 
2020 973 975 974 
2021 835 837 836 
2022 769 770 768 
2023 331 333 332 
2024 533 1071 531 
2025 551 796 552 
2026 241 1557 122 
2027 296 617 294 
2028 717 749 748 
2029 392 393 391 
2030 916 917 915 
2031 1043 1717 1119 
2032 590 591 589 
2033 1358 1359 1357 
2034 784 787 785 
2035 221 1690 1335 
2036 1515 1778 1514 
2037 1400 1591 1399 
2038 1196 1719 1371 
2039 531 1562 307 
2040 851 852 850 
2041 1322 1583 1025 
2042 1334 1586 1331 
2043 522 1721 1474 
2044 961 1570 705 
2045 174 1501 281 
2046 279 1503 177 
2047 273 1508 185 
2048 110 1528 282 
2049 141 1531 280 
2050 114 1512 276 
2051 876 878 877 
2052 166 1539 283 
2053 178 1505 279 
2054 1602 1961 1207 
2055 277 1522 199 
2056 274 1506 169 
2057 276 1520 113 
2058 170 1530 274 
2059 282 1526 109 
2060 275 1533 144 
2061 145 1535 275 
2062 272 1537 148 
2063 285 1550 136 
2064 190 1549 284 
2065 283 1540 165 
2066 362 363 361 
2067 1037 1706 1479 
2068 975 977 976 
2069 1594 1910 1774 
2070 229 1677 1530 
2071 930 932 931 
2072 592 629 591 
2073 526 1487 496 
2074 764 910 909 
2075 820 821 819 
2076 918 919 917 
2077 853 1324 852 
2078 431 432 430 
2079 554 589 535 
2080 907 1759 1685 
2081 443 445 444 
2082 469 470 468 
2083 620 1058 789 
2084 1269 1270 956 
2085 333 335 334 
2086 106 1552 278 
2087 406 408 407 
2088 1546 1547 268 
2089 1588 1677 1151 
2090 493 495 494 
2091 771 772 770 
2092 479 481 480 
2093 1563 1981 1564 
2094 747 756 755 
2095 761 1836 1168 
2096 1565 1982 408 
2097 1147 1455 1148 
2098 961 1775 1280 
2099 394 395 393 
2100 445 447 446 
2101 310 311 309 
2102 786 1485 743 
2103 558 1601 1055 
2104 278 1594 105 
2105 1525 1566 1524 
2106 1289 1482 1042 
2107 277 1525 1524 
2108 248 1777 134 
2109 630 631 629 
2110 373 375 374 
2111 932 934 933 
2112 1308 1309 1307 
2113 348 350 349 
2114 1191 1923 1080 
2115 81 1406 261 
2116 597 1610 656 
2117 977 979 978 
2118 1040 1488 1163 
2119 1373 1742 219 
2120 619 811 762 
2121 839 841 840 
2122 1036 1483 1305 
2123 878 880 879 
2124 739 1612 654 
2125 647 1479 1112 
2126 364 365 363 
2127 862 864 863 
2128 1433 1906 519 
2129 1542 1543 246 
2130 1522 1590 232 
2131 250 1519 1518 
2132 495 497 496 
2133 1230 1584 1213 
2134 303 309 301 
2135 121 1557 287 
2136 1534 1569 239 
2137 433 434 432 
2138 408 410 409 
2139 841 843 842 
2140 1371 2001 1196 
2141 1504 1568 244 
2142 822 823 821 
2143 728 729 727 
2144 749 1904 1240 
2145 773 774 772 
2146 251 1597 194 
2147 238 1515 1514 
2148 1035 1575 1034 
2149 633 634 631 
2150 1524 1563 1523 
2151 920 921 919 
2152 415 1787 1732 
2153 499 1605 551 
2154 312 313 311 
2155 471 472 470 
2156 979 981 980 
2157 1509 1835 1675 
2158 1016 1246 1245 
2159 396 397 395 
2160 1563 1564 1523 
2161 910 912 911 
2162 408 1787 410 
2163 792 1602 745 
2164 235 1566 1525 
2165 1213 1839 1214 
2166 1326 1785 1327 
2167 864 866 865 
2168 481 483 482 
2169 678 681 680 
2170 775 776 774 
2171 756 758 757 
2172 314 315 313 
2173 522 1474 1473 
2174 276 1573 1521 
2175 843 845 844 
2176 1239 1888 1238 
2177 981 983 982 
2178 1529 1578 282 
2179 350 352 351 
2180 656 657 598 
2181 410 414 413 
2182 801 802 800 
2183 1389 1481 215 
2184 435 436 434 
2185 1287 1832 216 
2186 130 1490 245 
2187 1675 1901 227 
2188 1481 1741 1051 
2189 882 884 883 
2190 597 598 572 
2191 676 1631 1427 
2192 447 452 451 
2193 714 715 674 
2194 730 731 729 
2195 934 936 935 
2196 702 1459 1099 
2197 296 1553 617 
2198 938 940 939 
2199 375 377 376 
2200 643 644 634 
2201 398 399 397 
2202 906 1027 1026 
2203 720 1749 679 
2204 694 695 649 
2205 884 886 885 
2206 316 317 315 
2207 621 622 578 
2208 368 369 367 
2209 922 923 921 
2210 696 697 695 
2211 1325 1945 34 
2212 1489 1637 1140 
2213 1560 1786 1561 
2214 473 474 472 
2215 1536 1701 998 
2216 1849 1965 1120 
2217 759 760 657 
2218 379 381 380 
2219 685 686 684 
2220 607 674 569 
2221 719 1648 1104 
2222 732 733 731 
2223 610 1436 608 
2224 628 684 575 
2225 1577 1790 1105 
2226 703 716 697 
2227 845 847 846 
2228 1170 1171 1063 
2229 545 1567 563 
2230 886 888 887 
2231 681 683 682 
2232 319 320 317 
2233 237 1892 1190 
2234 454 456 455 
2235 942 944 943 
2236 758 1169 1136 
2237 162 1544 161 
2238 437 438 436 
2239 400 401 399 
2240 828 829 802 
2241 1494 1966 267 
2242 1071 1562 531 
2243 869 870 783 
2244 416 418 417 
2245 888 890 889 
2246 983 985 984 
2247 580 647 646 
2248 352 354 353 
2249 1408 1606 612 
2250 650 651 622 
2251 475 476 474 
2252 777 778 776 
2253 458 460 459 
2254 645 687 640 
2255 902 903 715 
2256 666 668 667 
2257 893 1706 1037 
2258 1536 1576 275 
2259 1022 1795 1021 
2260 118 1516 117 
2261 325 326 324 
2262 901 1189 1188 
2263 858 859 736 
2264 658 660 659 
2265 483 485 484 
2266 825 1994 1169 
2267 826 1680 1433 
2268 662 664 663 
2269 251 1598 1597 
2270 1399 1591 288 
2271 963 964 686 
2272 574 658 588 
2273 912 966 965 
2274 924 925 923 
2275 1449 1570 961 
2276 647 1112 899 
2277 601 1634 742 
2278 558 1055 568 
2279 354 356 355 
2280 1035 1978 1416 
2281 321 322 320 
2282 1033 1956 1426 
2283 356 358 357 
2284 1335 1690 1258 
2285 847 849 848 
2286 402 403 401 
2287 327 328 326 
2288 1389 1741 1481 
2289 577 673 579 
2290 673 1963 1471 
2291 329 330 328 
2292 908 1162 1161 
2293 660 702 701 
2294 734 735 733 
2295 926 927 925 
2296 959 1172 651 
2297 717 748 716 
2298 571 582 581 
2299 582 642 641 
2300 485 489 488 
2301 385 387 386 
2302 477 478 476 
2303 422 424 423 
2304 779 780 778 
2305 1058 1059 789 
2306 1416 1978 787 
2307 439 440 438 
2308 972 973 971 
2309 492 493 371 
2310 751 805 804 
2311 890 894 893 
2312 1176 1971 1175 
2313 441 442 440 
2314 1492 1493 1017 
2315 1407 1728 1088 
2316 1195 1719 1196 
2317 849 851 850 
2318 479 480 478 
2319 1421 1472 616 
2320 204 1936 1226 
2321 1093 1429 1428 
2322 1075 1092 815 
2323 551 1605 1047 
2324 1021 1612 739 
2325 358 360 359 
2326 656 1610 901 
2327 1556 1749 720 
2328 642 766 765 
2329 554 590 589 
2330 702 1099 1044 
2331 1395 1559 1558 
2332 331 332 330 
2333 1218 1585 1224 
2334 188 1723 228 
2335 337 338 322 
2336 404 405 403 
2337 807 817 816 
2338 1407 1973 1728 
2339 596 1973 1407 
2340 406 407 405 
2341 928 929 927 
2342 718 720 679 
2343 549 550 529 
2344 749 1003 748 
2345 812 813 811 
2346 914 1602 792 
2347 1340 1692 1339 
2348 524 1825 1420 
2349 333 334 332 
2350 360 362 361 
2351 1564 1590 1523 
2352 618 619 550 
2353 590 592 591 
2354 401 1905 1299 
2355 851 853 852 
2356 592 630 629 
2357 83 202 84 
2358 67 208 68 
2359 71 201 72 
2360 87 203 88 
2361 50 207 51 
2362 101 213 2 
2363 15 214 16 
2364 7 219 8 
2365 38 212 39 
2366 91 209 92 
2367 26 217 27 
2368 97 200 98 
2369 55 204 56 
2370 76 206 77 
2371 42 211 43 
2372 11 218 12 
2373 19 215 20 
2374 46 210 47 
2375 32 216 33 
2376 61 205 62 
2377 373 374 335 
2378 1580 1581 797 
2379 953 1426 951 
2380 719 1104 1079 
2381 1336 1847 854 
2382 175 1501 174 
2383 177 1503 176 
2384 243 1966 1494 
2385 185 1508 184 
2386 115 1512 114 
2387 111 1528 110 
2388 142 1531 141 
2389 167 1539 166 
2390 193 1595 192 
2391 104 1593 103 
2392 457 1917 458 
2393 1319 1976 1317 
2394 136 1550 135 
2395 179 1505 178 
2396 595 954 593 
2397 169 1506 168 
2398 171 1530 170 
2399 199 1522 198 
2400 144 1533 143 
2401 148 1537 147 
2402 146 1535 145 
2403 113 1520 112 
2404 109 1526 108 
2405 443 444 442 
2406 860 861 859 
2407 165 1540 164 
2408 191 1549 190 
2409 1266 1868 1265 
2410 107 1552 106 
2411 514 1752 503 
2412 677 1129 675 
2413 1201 1860 1216 
2414 200 1437 98 
2415 365 368 367 
2416 219 1388 8 
2417 91 1370 209 
2418 208 1381 68 
2419 42 1374 211 
2420 101 1367 213 
2421 202 1384 84 
2422 212 1385 39 
2423 46 1377 210 
2424 1147 1148 793 
2425 362 364 363 
2426 1110 1458 952 
2427 284 1723 189 
2428 528 529 514 
2429 453 1724 1676 
2430 445 446 444 
2431 838 839 837 
2432 513 514 503 
2433 1167 1927 1742 
2434 1091 1127 517 
2435 502 503 497 
2436 105 1594 104 
2437 122 1557 121 
2438 7 1373 219 
2439 76 1363 206 
2440 447 451 446 
2441 897 915 914 
2442 930 931 929 
2443 1015 1016 813 
2444 273 1511 1510 
2445 1545 1864 1548 
2446 1593 1713 235 
2447 211 1456 43 
2448 347 348 346 
2449 194 1597 193 
2450 98 1437 99 
2451 1735 1762 297 
2452 630 633 631 
2453 8 1388 9 
2454 90 1370 91 
2455 68 1381 69 
2456 41 1374 42 
2457 100 1367 101 
2458 97 288 200 
2459 379 380 377 
2460 84 1384 85 
2461 39 1385 40 
2462 45 1377 46 
2463 303 310 309 
2464 1058 1555 1059 
2465 408 409 407 
2466 987 1165 1164 
2467 1322 1823 1583 
2468 1651 1856 448 
2469 481 482 480 
2470 644 801 800 
2471 760 869 783 
2472 232 1754 197 
2473 69 254 70 
2474 99 260 100 
2475 85 264 86 
2476 44 259 45 
2477 40 262 41 
2478 13 257 14 
2479 9 258 10 
2480 17 255 18 
2481 89 265 90 
2482 48 263 49 
2483 6 1373 7 
2484 75 1363 76 
2485 375 376 374 
2486 288 289 200 
2487 1430 1844 632 
2488 32 1366 216 
2489 410 413 409 
2490 196 1754 1705 
2491 43 1456 44 
2492 310 312 311 
2493 1275 1792 521 
2494 369 492 371 
2495 215 1572 20 
2496 597 656 598 
2497 1129 1666 675 
2498 1210 1731 1019 
2499 96 288 97 
2500 454 455 452 
2501 99 1437 260 
2502 9 1388 258 
2503 265 1370 90 
2504 69 1381 254 
2505 262 1374 41 
2506 260 1367 100 
2507 416 417 414 
2508 85 1384 264 
2509 40 1385 262 
2510 1595 1685 1596 
2511 259 1377 45 
2512 1299 1958 401 
2513 881 882 880 
2514 1467 1934 604 
2515 870 1017 872 
2516 741 1022 1021 
2517 458 459 456 
2518 74 252 75 
2519 5 256 6 
2520 53 253 54 
2521 1598 1639 907 
2522 656 759 657 
2523 633 643 634 
2524 725 727 726 
2525 483 484 482 
2526 31 1366 32 
2527 862 863 861 
2528 4 1392 5 
2529 1493 1608 1017 
2530 73 1638 74 
2531 1139 1662 1140 
2532 20 1572 21 
2533 906 1026 868 
2534 52 1391 53 
2535 938 939 936 
2536 1566 1582 1524 
2537 44 1456 259 
2538 932 933 931 
2539 1959 1977 1085 
2540 104 1594 1593 
2541 619 812 811 
2542 969 972 971 
2543 1597 1685 1595 
2544 681 682 680 
2545 801 828 802 
2546 812 1045 1015 
2547 131 1490 130 
2548 59 1486 60 
2549 714 902 715 
2550 831 955 833 
2551 742 1634 1080 
2552 364 1477 365 
2553 363 1609 361 
2554 934 935 933 
2555 628 685 684 
2556 193 1597 1595 
2557 1010 1622 1434 
2558 1535 1701 1536 
2559 549 620 618 
2560 57 1398 58 
2561 607 714 674 
2562 312 314 313 
2563 534 555 553 
2564 1620 1704 508 
2565 823 827 824 
2566 314 316 315 
2567 422 423 420 
2568 256 1373 6 
2569 252 1363 75 
2570 627 809 606 
2571 385 386 383 
2572 615 645 640 
2573 621 650 622 
2574 745 1602 744 
2575 666 667 664 
2576 635 995 692 
2577 662 663 625 
2578 300 304 302 
2579 1451 1558 1081 
2580 1344 1745 1095 
2581 226 1710 1697 
2582 28 1401 29 
2583 1047 1081 796 
2584 94 222 95 
2585 58 223 59 
2586 64 221 65 
2587 29 224 30 
2588 35 226 36 
2589 685 963 686 
2590 93 1891 1278 
2591 1336 1565 516 
2592 828 1124 829 
2593 647 899 646 
2594 1024 1769 1122 
2595 78 1405 79 
2596 827 1197 1052 
2597 260 1368 1367 
2598 81 261 82 
2599 1089 1288 1042 
2600 24 266 25 
2601 599 1634 601 
2602 874 892 876 
2603 443 1767 445 
2604 1041 1042 648 
2605 1290 1986 1462 
2606 864 865 863 
2607 991 1812 1712 
2608 5 1392 256 
2609 74 1638 252 
2610 555 584 583 
2611 338 504 340 
2612 549 618 550 
2613 1117 1930 1421 
2614 683 908 682 
2615 210 1365 47 
2616 218 1378 12 
2617 902 1046 903 
2618 660 701 659 
2619 513 539 528 
2620 214 1364 16 
2621 987 991 985 
2622 1087 1840 1423 
2623 584 649 648 
2624 658 659 588 
2625 1370 1463 209 
2626 289 290 200 
2627 53 1391 253 
2628 650 959 651 
2629 835 838 837 
2630 316 319 317 
2631 620 789 706 
2632 489 508 488 
2633 963 1093 964 
2634 418 558 417 
2635 1105 1106 1029 
2636 319 321 320 
2637 975 1006 977 
2638 770 798 768 
2639 485 488 484 
2640 1016 1249 1246 
2641 213 1376 2 
2642 1051 1741 1107 
2643 265 1371 1370 
2644 389 1489 387 
2645 304 306 305 
2646 254 1382 70 
2647 257 1386 14 
2648 264 1383 86 
2649 972 1151 1094 
2650 582 641 581 
2651 1112 1113 899 
2652 780 794 793 
2653 942 943 940 
2654 255 1389 18 
2655 787 1978 785 
2656 466 490 464 
2657 201 1362 72 
2658 381 561 380 
2659 263 1387 49 
2660 839 997 841 
2661 79 220 80 
2662 22 225 23 
2663 907 1685 1598 
2664 1543 1755 1544 
2665 23 1404 24 
2666 642 765 641 
2667 207 1375 51 
2668 365 1477 368 
2669 306 308 307 
2670 206 1361 77 
2671 794 1149 1147 
2672 245 1804 129 
2673 1351 1970 958 
2674 308 324 323 
2675 528 549 529 
2676 220 1965 1406 
2677 654 1612 653 
2678 812 1015 813 
2679 1223 1987 1222 
2680 878 881 880 
2681 460 511 459 
2682 774 781 772 
2683 253 1390 54 
2684 751 804 713 
2685 702 1044 701 
2686 718 1050 1004 
2687 1171 1664 1063 
2688 217 1369 27 
2689 321 337 322 
2690 428 450 426 
2691 1283 1284 1044 
2692 260 1424 1368 
2693 882 904 884 
2694 707 1111 709 
2695 557 587 544 
2696 948 996 946 
2697 650 1060 959 
2698 1045 1157 1015 
2699 344 347 346 
2700 424 559 423 
2701 718 1004 720 
2702 963 1143 1093 
2703 766 998 765 
2704 1539 1950 283 
2705 1471 1963 1131 
2706 972 1094 973 
2707 1339 1779 520 
2708 979 989 981 
2709 744 1436 610 
2710 765 808 641 
2711 223 1486 59 
2712 508 576 488 
2713 983 987 985 
2714 869 1491 870 
2715 899 1076 646 
2716 1099 1283 1044 
2717 843 1000 845 
2718 66 1827 67 
2719 1050 1453 1452 
2720 58 1398 223 
2721 1458 1699 952 
2722 348 501 350 
2723 701 795 659 
2724 1003 1589 1098 
2725 678 680 679 
2726 807 816 805 
2727 393 412 391 
2728 272 1952 1791 
2729 647 1592 1479 
2730 513 528 514 
2731 742 1080 784 
2732 735 1833 1431 
2733 231 1796 1539 
2734 620 706 618 
2735 714 1001 902 
2736 221 1989 1898 
2737 1692 1779 1339 
2738 1185 1900 1716 
2739 888 891 890 
2740 502 513 503 
2741 780 793 778 
2742 29 1401 224 
2743 266 1403 25 
2744 293 297 295 
2745 387 510 386 
2746 497 1605 499 
2747 1391 1554 253 
2748 901 1610 1189 
2749 1552 1616 278 
2750 789 797 706 
2751 643 1646 644 
2752 374 1614 335 
2753 511 570 459 
2754 849 856 851 
2755 492 676 675 
2756 63 1690 64 
2757 434 448 432 
2758 579 621 578 
2759 656 901 759 
2760 553 554 535 
2761 577 578 576 
2762 801 1097 828 
2763 1685 1759 1596 
2764 534 535 533 
2765 1003 1098 748 
2766 1672 1789 637 
2767 1371 1463 1370 
2768 510 1100 386 
2769 812 1627 1045 
2770 827 1571 1197 
2771 908 1061 682 
2772 1722 1817 1162 
2773 869 1500 1491 
2774 577 1704 673 
2775 672 1009 670 
2776 633 1038 643 
2777 676 678 677 
2778 222 1399 95 
2779 558 567 417 
2780 484 505 482 
2781 1052 1154 824 
2782 794 1147 793 
2783 1283 1712 1285 
2784 472 486 470 
2785 697 907 695 
2786 901 1138 759 
2787 897 914 792 
2788 335 1614 334 
2789 267 1837 1496 
2790 242 1837 158 
2791 288 1591 289 
2792 399 411 397 
2793 987 1164 991 
2794 291 292 290 
2795 628 1057 685 
2796 323 531 307 
2797 668 719 667 
2798 495 502 497 
2799 492 675 493 
2800 1067 1722 683 
2801 354 498 356 
2802 1142 1202 1033 
2803 83 1715 202 
2804 581 597 572 
2805 413 512 409 
2806 571 572 570 
2807 592 737 630 
2808 224 1402 30 
2809 579 623 621 
2810 577 579 578 
2811 64 1690 221 
2812 691 961 705 
2813 645 854 687 
2814 33 1832 34 
2815 1507 1880 1001 
2816 1750 1815 339 
2817 561 573 380 
2818 446 507 444 
2819 901 1188 1138 
2820 299 1553 296 
2821 554 637 590 
2822 289 586 291 
2823 1060 1156 959 
2824 319 336 321 
2825 508 577 576 
2826 944 1062 943 
2827 1115 1845 1114 
2828 440 449 438 
2829 334 517 332 
2830 711 1030 754 
2831 580 646 607 
2832 1032 1033 966 
2833 1038 1039 643 
2834 360 509 362 
2835 1050 1452 1004 
2836 334 1049 517 
2837 79 1405 220 
2838 405 491 403 
2839 456 1615 455 
2840 300 301 299 
2841 1324 1817 1722 
2842 298 299 296 
2843 302 303 301 
2844 1151 1468 1094 
2845 1372 1985 203 
2846 478 487 476 
2847 838 1560 839 
2848 24 1404 266 
2849 376 566 374 
2850 150 1694 149 
2851 680 718 679 
2852 532 533 531 
2853 368 1631 369 
2854 574 588 575 
2855 588 628 575 
2856 1723 1922 228 
2857 413 1101 512 
2858 571 581 572 
2859 917 1085 915 
2860 725 726 699 
2861 580 607 569 
2862 908 1161 1061 
2863 574 575 573 
2864 1126 1702 1125 
2865 568 569 567 
2866 376 1103 566 
2867 511 571 570 
2868 936 1644 935 
2869 1425 1951 1368 
2870 678 679 677 
2871 157 1837 267 
2872 328 506 326 
2873 568 580 569 
2874 674 1744 569 
2875 293 294 292 
2876 558 568 567 
2877 1423 1840 1403 
2878 870 1491 1017 
2879 561 574 573 
2880 1285 1921 271 
2881 312 318 314 
2882 225 1404 23 
2883 220 1406 80 
2884 503 1605 497 
2885 1049 1155 1091 
2886 684 1748 575 
2887 764 913 910 
2888 1041 1089 1042 
2889 823 824 821 
2890 295 296 294 
2891 719 1014 667 
2892 123 1858 241 
2893 196 1705 195 
2894 1216 1697 1178 
2895 551 1047 796 
2896 149 1694 272 
2897 414 1643 413 
2898 584 648 583 
2899 1650 1890 1149 
2900 649 1041 648 
2901 866 1658 865 
2902 960 1069 726 
2903 204 1733 56 
2904 1706 1738 1112 
2905 817 826 816 
2906 534 553 535 
2907 1454 1772 1703 
2908 555 583 553 
2909 510 1445 1100 
2910 759 1632 760 
2911 240 1701 1535 
2912 604 1934 600 
2913 1491 1492 1017 
2914 741 1021 739 
2915 921 1012 919 
2916 265 1985 1372 
2917 756 962 758 
2918 225 1444 1404 
2919 468 1604 466 
2920 521 1792 1714 
2921 760 1632 869 
2922 664 1642 663 
2923 417 1643 414 
2924 645 1068 854 
2925 1480 1935 1383 
2926 574 1734 658 
2927 459 1615 456 
2928 1103 1440 566 
2929 733 810 731 
2930 37 1860 38 
2931 1200 1426 953 
2932 306 307 305 
2933 308 323 307 
2934 304 305 302 
2935 676 677 675 
2936 172 1885 229 
2937 827 1052 824 
2938 369 1631 492 
2939 543 1667 1418 
2940 1447 1727 1446 
2941 532 534 533 
2942 1583 1986 1290 
2943 151 1892 237 
2944 1172 1813 651 
2945 1322 1878 1823 
2946 300 302 301 
2947 183 1711 182 
2948 1396 1948 1387 
2949 347 1661 348 
2950 903 1588 969 
2951 298 300 299 
2952 377 1653 376 
2953 1049 1091 517 
2954 380 1653 377 
2955 303 700 310 
2956 1197 1208 1052 
2957 1248 1696 1247 
2958 1053 1194 1108 
2959 935 1048 952 
2960 861 1065 859 
2961 1148 1654 793 
2962 1047 1451 1081 
2963 865 1053 1020 
2964 1127 1652 517 
2965 1062 1063 943 
2966 927 949 925 
2967 387 1489 510 
2968 1742 2003 1141 
2969 667 1642 664 
2970 295 298 296 
2971 727 960 726 
2972 931 1083 929 
2973 125 1846 286 
2974 261 1715 82 
2975 1046 1588 903 
2976 653 1802 1430 
2977 291 293 292 
2978 286 1846 1454 
2979 644 1646 801 
2980 139 1919 233 
2981 935 952 933 
2982 1116 1170 1063 
2983 1059 1579 789 
2984 865 1020 863 
2985 1410 1886 1109 
2986 908 1722 1162 
2987 281 1885 173 
2988 1358 1960 491 
2989 912 1032 966 
2990 719 1079 1014 
2991 180 1921 230 
2992 768 1603 766 
2993 1576 1915 1534 
2994 286 1858 124 
2995 289 291 290 
2996 249 1846 126 
2997 940 1664 939 
2998 269 1892 152 
2999 1070 1742 1141 
3000 839 1560 997 
3001 1438 1764 949 
3002 619 1627 812 
3003 418 1601 558 
3004 1468 1885 281 
3005 869 1632 1500 
3006 1062 1116 1063 
3007 155 1966 243 
3008 323 532 531 
3009 1598 1685 1597 
3010 353 1721 522 
3011 618 1627 619 
3012 959 1650 1172 
3013 987 1633 1165 
3014 833 1607 835 
3015 872 1608 874 
3016 1068 1123 854 
3017 939 1644 936 
3018 1102 1710 1072 
3019 1424 1425 1368 
3020 420 1601 418 
3021 11 1768 218 
3022 489 1620 508 
3023 293 295 294 
3024 57 1733 1398 
3025 1446 1760 366 
3026 1053 1108 1020 
3027 1421 1877 816 
3028 1012 1852 1439 
3029 1482 1672 583 
3030 280 1919 140 
3031 395 1636 393 
3032 195 1705 251 
3033 1032 1142 1033 
3034 1048 1110 952 
3035 383 1599 381 
3036 1560 1561 997 
3037 271 1921 181 
3038 1182 1800 1183 
3039 1200 1893 1443 
3040 1599 1734 561 
3041 1039 1646 643 
3042 625 1600 595 
3043 65 1898 66 
3044 841 1630 843 
3045 1124 1709 829 
3046 409 1647 407 
3047 977 1626 979 
3048 381 1599 561 
3049 766 1603 998 
3050 981 1633 983 
3051 267 1966 156 
3052 1579 1580 797 
3053 566 1614 374 
3054 776 1623 774 
3055 960 1134 1069 
3056 1865 1957 794 
3057 426 1613 424 
3058 264 1480 1383 
3059 772 1625 770 
3060 1479 1706 1112 
3061 876 1624 878 
3062 1733 1984 1398 
3063 544 1620 489 
3064 1016 1640 1249 
3065 263 1396 1387 
3066 1581 1743 797 
3067 460 1618 511 
3068 258 1768 10 
3069 943 1664 940 
3070 567 1643 417 
3071 1247 1842 623 
3072 462 1618 460 
3073 424 1613 559 
3074 1040 1897 1488 
3075 1060 1830 1156 
3076 1015 1640 1016 
3077 289 1591 586 
3078 1429 1922 1723 
3079 227 1711 183 
3080 36 1908 37 
3081 1118 1889 1382 
3082 532 1770 1412 
3083 348 1661 501 
3084 695 1639 649 
3085 789 1579 797 
3086 612 1606 615 
3087 222 1400 1399 
3088 464 1617 462 
3089 127 1895 249 
3090 538 1736 1215 
3091 969 1588 972 
3092 1492 1810 1499 
3093 332 1652 330 
3094 247 1882 1549 
3095 573 1653 380 
3096 207 1585 1375 
3097 298 1762 1422 
3098 1471 1838 673 
3099 203 1769 1372 
3100 549 1656 620 
3101 1017 1608 872 
3102 595 1600 954 
3103 1140 1662 1489 
3104 1574 1730 847 
3105 570 1615 459 
3106 266 1423 1403 
3107 492 1631 676 
3108 93 1929 94 
3109 391 1637 389 
3110 713 1619 627 
3111 1482 1789 1672 
3112 423 1601 420 
3113 233 1919 1455 
3114 82 1715 83 
3115 972 1588 1151 
3116 944 1628 1062 
3117 436 1651 434 
3118 1076 1621 646 
3119 1094 1707 973 
3120 470 1649 468 
3121 217 1840 1353 
3122 1562 1683 305 
3123 955 1607 833 
3124 34 1945 35 
3125 1138 1632 759 
3126 334 1614 1049 
3127 386 1599 383 
3128 829 1709 831 
3129 692 1635 707 
3130 1577 1951 1425 
3131 466 1604 490 
3132 798 1603 768 
3133 946 1628 944 
3134 1466 1798 1111 
3135 1164 1812 991 
3136 778 1654 776 
3137 224 1584 1402 
3138 212 1716 1385 
3139 706 1627 618 
3140 397 1657 395 
3141 586 1591 1575 
3142 718 1611 1050 
3143 670 1648 668 
3144 1149 1957 1650 
3145 1674 1675 795 
3146 1014 1642 667 
3147 991 1695 985 
3148 835 1607 838 
3149 668 1648 719 
3150 1248 1777 1696 
3151 973 1707 975 
3152 801 1646 1097 
3153 874 1608 892 
3154 1232 1874 1231 
3155 205 1826 62 
3156 682 1611 680 
3157 935 1644 1048 
3158 997 1630 841 
3159 607 1621 714 
3160 1157 1640 1015 
3161 649 1639 1041 
3162 892 1624 876 
3163 663 1600 625 
3164 408 1982 1787 
3165 1558 1844 1081 
3166 413 1643 1101 
3167 438 1659 436 
3168 831 1709 955 
3169 539 1656 528 
3170 894 1738 1706 
3171 1006 1626 977 
3172 819 1680 817 
3173 646 1621 607 
3174 450 1613 426 
3175 587 1620 544 
3176 983 1633 987 
3177 985 1695 988 
3178 770 1625 798 
3179 376 1653 1103 
3180 680 1611 718 
3181 675 1666 493 
3182 1548 1864 886 
3183 808 1698 641 
3184 714 1621 1001 
3185 615 1606 645 
3186 628 1641 1057 
3187 1739 1889 1153 
3188 774 1623 781 
3189 389 1637 1489 
3190 699 1660 672 
3191 490 1617 464 
3192 781 1625 772 
3193 795 1641 659 
3194 979 1626 989 
3195 493 1666 495 
3196 627 1619 809 
3197 1538 1841 1701 
3198 1156 1650 959 
3199 843 1630 1000 
3200 878 1624 881 
3201 659 1641 588 
3202 1226 1936 1223 
3203 1099 1712 1283 
3204 995 1635 692 
3205 989 1633 981 
3206 817 1680 826 
3207 512 1647 409 
3208 975 1707 1006 
3209 1204 1931 1551 
3210 1464 1871 474 
3211 1100 1599 386 
3212 1284 1674 1044 
3213 597 1698 1610 
3214 1420 1911 1419 
3215 330 1665 328 
3216 1421 1930 1877 
3217 1199 1893 1200 
3218 1717 1996 1376 
3219 588 1641 628 
3220 736 1833 735 
3221 1896 1942 809 
3222 528 1656 549 
3223 590 1663 592 
3224 393 1636 412 
3225 581 1698 597 
3226 641 1698 581 
3227 847 1730 849 
3228 617 1790 1577 
3229 508 1704 577 
3230 865 1658 1053 
3231 996 1629 1628 
3232 754 1669 764 
3233 1448 1903 1447 
3234 821 1679 819 
3235 1100 1734 1599 
3236 1238 1888 1726 
3237 1061 1611 682 
3238 554 1672 637 
3239 480 1670 478 
3240 919 1678 917 
3241 1063 1664 943 
3242 1222 1987 1221 
3243 412 1637 391 
3244 576 1681 488 
3245 407 1668 405 
3246 1331 1932 1332 
3247 907 1639 695 
3248 1295 1964 1176 
3249 56 1733 57 
3250 215 1902 1572 
3251 510 1662 1445 
3252 793 1654 778 
3253 1154 1679 824 
3254 1332 1867 1333 
3255 517 1652 332 
3256 1356 1934 1467 
3257 553 1672 554 
3258 804 1619 713 
3259 1443 1893 259 
3260 293 1693 297 
3261 258 1920 1768 
3262 894 1706 893 
3263 486 1649 470 
3264 498 1780 1462 
3265 1697 1836 1178 
3266 899 1671 1076 
3267 434 1651 448 
3268 1601 1725 1055 
3269 910 1688 912 
3270 1010 1813 1702 
3271 1519 1834 1518 
3272 996 1628 946 
3273 1278 1765 1074 
3274 707 1635 1111 
3275 1644 1645 1048 
3276 1001 1673 902 
3277 252 1726 1363 
3278 701 1674 795 
3279 902 1673 1046 
3280 735 1684 733 
3281 1206 1977 1959 
3282 784 1781 787 
3283 495 1666 502 
3284 592 1663 737 
3285 1113 1671 899 
3286 1658 1861 1338 
3287 411 1657 397 
3288 1009 1648 670 
3289 1534 1843 1569 
3290 482 1682 480 
3291 209 1891 92 
3292 63 1826 1690 
3293 1173 1718 1078 
3294 521 1750 341 
3295 1382 1889 201 
3296 515 1747 1746 
3297 488 1681 484 
3298 637 1663 590 
3299 505 1682 482 
3300 1044 1674 701 
3301 449 1659 438 
3302 1617 1618 462 
3303 468 1649 1604 
3304 1368 1848 1367 
3305 513 1761 539 
3306 203 1985 88 
3307 1172 1957 1865 
3308 1489 1662 510 
3309 1396 1831 1184 
3310 1690 1826 1258 
3311 645 1606 1068 
3312 962 1943 1397 
3313 1108 1714 1020 
3314 1624 1907 1497 
3315 484 1681 505 
3316 1702 1813 1125 
3317 672 1660 1009 
3318 302 1683 303 
3319 1325 1832 1287 
3320 61 1925 205 
3321 1143 1758 1510 
3322 226 1945 1710 
3323 1069 1660 726 
3324 405 1668 491 
3325 251 1797 1598 
3326 189 1723 188 
3327 347 1814 1478 
3328 1062 1773 1116 
3329 583 1672 553 
3330 1473 1853 810 
3331 432 1763 430 
3332 310 1689 312 
3333 478 1670 487 
3334 929 1691 927 
3335 776 1654 1623 
3336 1392 1718 256 
3337 328 1665 506 
3338 314 1687 316 
3339 1475 1795 552 
3340 303 1683 700 
3341 604 1918 1467 
3342 1476 1924 455 
3343 321 1686 337 
3344 410 1787 415 
3345 89 1985 265 
3346 395 1657 1636 
3347 336 1686 321 
3348 726 1660 699 
3349 788 1978 1035 
3350 1739 1939 1362 
3351 445 1724 447 
3352 1378 1845 1793 
3353 235 1713 1566 
3354 1611 1757 1050 
3355 963 1758 1143 
3356 1030 1669 754 
3357 1696 1777 248 
3358 917 1678 1085 
3359 442 1753 440 
3360 1569 1805 1532 
3361 1594 1909 1593 
3362 1398 1731 223 
3363 312 1689 318 
3364 1627 1743 1045 
3365 1537 1791 1538 
3366 318 1687 314 
3367 586 1693 291 
3368 1647 1668 407 
3369 824 1679 821 
3370 567 1744 1643 
3371 764 1669 913 
3372 305 1683 302 
3373 1153 1889 1118 
3374 1048 1676 1110 
3375 1605 1752 1047 
3376 1572 1914 21 
3377 1619 1896 809 
3378 913 1688 910 
3379 882 1782 904 
3380 1486 1925 60 
3381 1540 1794 1541 
3382 1417 1801 1035 
3383 1098 1740 748 
3384 1012 1678 919 
3385 1645 1676 1048 
3386 1551 1931 951 
3387 436 1659 1651 
3388 1652 1665 330 
3389 733 1684 810 
3390 1433 1980 826 
3391 1061 1757 1611 
3392 1299 1960 1263 
3393 866 1861 1658 
3394 573 1748 1653 
3395 1691 1692 949 
3396 933 1699 931 
3397 1170 1974 1171 
3398 1555 1703 1059 
3399 1223 1936 1854 
3400 1161 1720 1061 
3401 679 1749 677 
3402 1643 1744 1101 
3403 1133 1811 1132 
3404 863 1700 861 
3405 1530 1862 274 
3406 213 1717 1376 
3407 700 1689 310 
3408 1047 1752 1451 
3409 1570 1729 747 
3410 241 1720 1557 
3411 1145 1828 1179 
3412 912 1688 1032 
3413 22 1914 225 
3414 1653 1748 1103 
3415 683 1722 908 
3416 1083 1691 929 
3417 1129 1761 1666 
3418 291 1693 293 
3419 1677 1862 1530 
3420 1335 1989 221 
3421 706 1743 1627 
3422 1675 1835 795 
3423 1010 1702 1622 
3424 780 1865 794 
3425 927 1691 949 
3426 1528 1786 1529 
3427 1105 1790 1106 
3428 559 1725 423 
3429 1057 1758 685 
3430 952 1699 933 
3431 1053 1783 1194 
3432 1679 1680 819 
3433 1393 1920 258 
3434 10 1768 11 
3435 697 1759 907 
3436 1620 1991 1704 
3437 854 1847 687 
3438 1257 1879 1259 
3439 1517 1778 1516 
3440 1561 1786 234 
3441 1731 1766 223 
3442 1020 1700 863 
3443 259 1893 1377 
3444 861 1700 1065 
3445 1111 1798 709 
3446 1378 1793 257 
3447 501 1784 350 
3448 1049 1751 1155 
3449 1382 1997 1118 
3450 931 1699 1083 
3451 197 1754 196 
3452 960 1913 1474 
3453 354 1780 498 
3454 1001 1880 1673 
3455 1097 1910 1616 
3456 423 1725 1601 
3457 461 1917 1875 
3458 480 1682 1670 
3459 849 1730 856 
3460 1882 2002 1549 
3461 756 1729 962 
3462 579 1838 623 
3463 747 1729 756 
3464 486 1947 1352 
3465 650 1842 1060 
3466 1149 1890 1435 
3467 886 1864 888 
3468 691 1775 961 
3469 1444 1881 1404 
3470 566 1751 1614 
3471 748 1740 716 
3472 1084 1857 1145 
3473 1507 1796 231 
3474 1274 1881 1444 
3475 504 1859 340 
3476 1822 1850 717 
3477 1491 1810 1492 
3478 295 1762 298 
3479 1516 1778 1515 
3480 317 1887 518 
3481 1582 1851 737 
3482 561 1734 574 
3483 255 1741 1389 
3484 1639 1797 1041 
3485 344 1814 347 
3486 1488 1828 208 
3487 1542 1755 1543 
3488 1415 1988 1416 
3489 1583 1823 498 
3490 1050 1757 1453 
3491 1169 1994 1136 
3492 323 1770 532 
3493 338 1873 504 
3494 1178 1836 761 
3495 1311 1824 1077 
3496 606 1918 604 
3497 223 1766 1486 
3498 797 1743 706 
3499 1614 1751 1049 
3500 949 1764 925 
3501 1455 1876 1148 
3502 711 1798 1030 
3503 1112 1738 1113 
3504 633 1851 1038 
3505 1581 1821 1743 
3506 1265 1868 1636 
3507 1026 1861 868 
3508 506 1808 326 
3509 677 1749 1129 
3510 623 1842 621 
3511 1470 1894 1101 
3512 1747 1938 1746 
3513 201 1739 1362 
3514 1198 1939 1187 
3515 1134 1746 1069 
3516 1094 1962 1707 
3517 498 1823 356 
3518 569 1744 567 
3519 838 1809 1560 
3520 765 1841 808 
3521 474 1871 472 
3522 1598 1797 1639 
3523 1014 1727 1642 
3524 357 1855 355 
3525 440 1753 449 
3526 234 1786 1528 
3527 455 1924 452 
3528 703 1822 717 
3529 951 1931 948 
3530 1676 1724 1110 
3531 1666 1761 502 
3532 1120 1965 1159 
3533 368 1803 1631 
3534 272 1791 1537 
3535 716 1759 697 
3536 1365 1831 263 
3537 575 1748 573 
3538 1110 1767 1458 
3539 1661 1745 501 
3540 1716 1900 1385 
3541 1241 1863 1090 
3542 685 1758 963 
3543 283 1794 1540 
3544 1559 1811 587 
3545 816 1877 805 
3546 689 1775 691 
3547 1228 1984 1733 
3548 520 1953 1458 
3549 925 1764 923 
3550 1726 1888 1363 
3551 461 1875 463 
3552 1556 1941 1749 
3553 1550 1830 248 
3554 1440 1751 566 
3555 1263 1960 1358 
3556 1020 1714 1700 
3557 1642 1756 663 
3558 891 1870 890 
3559 403 1905 401 
3560 1854 1936 1390 
3561 1703 1772 1059 
3562 1353 1840 1087 
3563 1664 1771 939 
3564 1441 1777 1248 
3565 320 1887 317 
3566 663 1756 1600 
3567 1553 1790 617 
3568 324 1770 323 
3569 263 1831 1396 
3570 737 1851 630 
3571 1379 1949 1380 
3572 448 1763 432 
3573 360 1878 509 
3574 264 1866 1480 
3575 1499 1810 269 
3576 297 1762 295 
3577 278 1910 1594 
3578 651 1813 1010 
3579 1554 1854 253 
3580 1171 1771 1664 
3581 129 1804 128 
3582 1065 1833 859 
3583 1153 1975 1739 
3584 727 1913 960 
3585 1095 1745 1661 
3586 1765 1891 209 
3587 502 1761 513 
3588 352 1780 354 
3589 951 1956 1551 
3590 808 1829 1698 
3591 1108 1815 1750 
3592 1260 1925 1486 
3593 1355 1942 1130 
3594 1377 1893 1199 
3595 1644 1771 1645 
3596 1665 1737 506 
3597 1724 1767 1110 
3598 412 1868 1460 
3599 1108 1750 1714 
3600 1109 1886 1321 
3601 921 1852 1012 
3602 1245 1838 1471 
3603 503 1752 1605 
3604 1304 1916 1308 
3605 401 1958 399 
3606 810 1853 731 
3607 709 1798 711 
3608 224 1839 1584 
3609 1477 1933 1128 
3610 1035 1801 1575 
3611 1014 1760 1727 
3612 350 1784 352 
3613 1631 1803 1427 
3614 1602 1883 744 
3615 1596 1882 247 
3616 507 1954 444 
3617 881 1782 882 
3618 1616 1926 1124 
3619 1701 1841 998 
3620 1206 1959 1205 
3621 1012 1736 1678 
3622 1080 1781 784 
3623 1079 1760 1014 
3624 1740 1759 716 
3625 1718 2003 256 
3626 1085 1977 915 
3627 1442 1974 457 
3628 1405 1788 220 
3629 62 1826 63 
3630 939 1771 1644 
3631 1584 1839 1213 
3632 1235 1943 1729 
3633 1711 1901 1284 
3634 684 1816 1748 
3635 856 1937 851 
3636 274 1880 1506 
3637 1187 1939 1739 
3638 1372 2001 265 
3639 1243 1967 1135 
3640 208 1827 1488 
3641 717 1850 749 
3642 1392 1996 1718 
3643 1059 1772 1579 
3644 914 1961 1602 
3645 266 1881 1423 
3646 1698 1829 1610 
3647 1829 2000 1791 
3648 1569 1843 1805 
3649 458 1917 461 
3650 1403 1840 217 
3651 791 1897 1040 
3652 213 1848 1717 
3653 586 1801 1693 
3654 1793 1845 1115 
3655 1183 1914 1572 
3656 207 1948 1585 
3657 1172 1865 1813 
3658 326 1808 324 
3659 1289 1789 1482 
3660 1207 1961 1206 
3661 1497 1907 1495 
3662 342 1814 344 
3663 1212 1973 1211 
3664 442 1954 1753 
3665 1734 1806 658 
3666 1746 1938 1069 
3667 1502 1962 281 
3668 1477 1803 368 
3669 853 1817 1324 
3670 826 1980 1472 
3671 509 1998 362 
3672 158 1837 157 
3673 1743 1821 1045 
3674 324 1808 1770 
3675 1727 1756 1642 
3676 1656 1944 1058 
3677 1532 1876 280 
3678 1081 1844 1086 
3679 1130 1896 1117 
3680 546 1923 1191 
3681 512 1894 1432 
3682 1841 2000 808 
3683 1737 1818 1066 
3684 1707 1962 1502 
3685 1041 1797 1089 
3686 67 1827 208 
3687 126 1846 125 
3688 1500 1810 1491 
3689 1143 1922 1093 
3690 1445 1806 1100 
3691 1187 1975 803 
3692 287 1834 1519 
3693 523 1773 1629 
3694 1493 1807 1608 
3695 1148 1819 1654 
3696 364 1933 1477 
3697 1237 1946 1688 
3698 242 1992 1837 
3699 1714 1750 521 
3700 1731 1984 1019 
3701 352 1784 1780 
3702 356 1823 358 
3703 1045 1821 1157 
3704 993 1972 1440 
3705 1445 1940 994 
3706 1593 1909 1713 
3707 1720 1757 1061 
3708 1628 1773 1062 
3709 227 1901 1711 
3710 892 1907 1624 
3711 1367 1848 213 
3712 1426 1956 951 
3713 1488 1827 1163 
3714 1401 1839 224 
3715 1575 1801 586 
3716 600 1934 560 
3717 124 1858 123 
3718 1009 1938 1747 
3719 1194 1815 1108 
3720 1103 1816 1440 
3721 1629 1773 1628 
3722 1447 1756 1727 
3723 1210 1766 1731 
3724 1534 1915 1843 
3725 1768 1920 1301 
3726 1704 1963 673 
3727 1671 1796 1076 
3728 1704 1991 1133 
3729 216 1832 33 
3730 673 1838 579 
3731 859 1833 736 
3732 687 1847 689 
3733 689 1847 1775 
3734 322 1999 320 
3735 1039 1774 1646 
3736 225 1800 1444 
3737 1654 1819 1623 
3738 248 1830 1696 
3739 1607 1809 838 
3740 1612 1802 653 
3741 1742 1927 219 
3742 1684 1785 810 
3743 868 1861 866 
3744 1101 1894 512 
3745 1529 1899 1578 
3746 1623 1805 781 
3747 1749 1941 1129 
3748 1046 1862 1677 
3749 1384 1866 264 
3750 1549 2002 284 
3751 320 1999 1887 
3752 1804 1895 128 
3753 445 1767 1724 
3754 998 1841 765 
3755 1125 1865 780 
3756 1646 1774 1097 
3757 1552 1926 1616 
3758 336 1993 1686 
3759 621 1842 650 
3760 1608 1807 892 
3761 539 1944 1656 
3762 173 1885 172 
3763 1764 1852 923 
3764 1616 1910 278 
3765 1416 1988 1417 
3766 1366 1874 216 
3767 1506 1880 1507 
3768 1727 1760 1446 
3769 340 1859 342 
3770 1658 1783 1053 
3771 152 1892 151 
3772 1596 1759 1740 
3773 281 1962 1468 
3774 1748 1816 1103 
3775 1100 1806 1734 
3776 1686 1799 337 
3777 1127 1818 1652 
3778 923 1852 921 
3779 1435 1890 285 
3780 1635 1825 1111 
3781 218 1845 1378 
3782 1274 1955 1273 
3783 1133 1963 1704 
3784 128 1895 127 
3785 731 1853 729 
3786 1088 1884 1353 
3787 630 1851 633 
3788 1457 1969 1104 
3789 342 1859 1814 
3790 804 1930 1619 
3791 1805 1843 781 
3792 1383 1935 203 
3793 1718 1996 1078 
3794 38 1860 212 
3795 1462 1986 498 
3796 1585 1948 1224 
3797 1887 1999 1194 
3798 1688 1946 1032 
3799 1363 1888 206 
3800 890 1870 894 
3801 1465 1995 490 
3802 1610 1829 1189 
3803 888 1864 891 
3804 140 1919 139 
3805 92 1891 93 
3806 1196 2001 1372 
3807 1390 1936 204 
3808 1387 1948 207 
3809 181 1921 180 
3810 253 1854 1390 
3811 337 1873 338 
3812 1652 1818 1665 
3813 1799 1873 337 
3814 518 1887 1783 
3815 1362 1939 1638 
3816 472 1871 486 
3817 1905 1960 1299 
3818 1404 1881 266 
3819 1728 1884 1088 
3820 785 1978 788 
3821 236 1926 1552 
3822 955 1899 1607 
3823 1385 1900 262 
3824 1823 1878 358 
3825 1712 1812 1285 
3826 781 1843 1625 
3827 805 1877 804 
3828 1717 1848 1119 
3829 21 1914 22 
3830 1130 1942 1896 
3831 1686 1993 1158 
3832 1728 1973 1212 
3833 1297 1980 1433 
3834 1079 1969 1609 
3835 358 1878 360 
3836 1753 1954 1244 
3837 1376 1996 1392 
3838 1674 1901 1675 
3839 1697 1908 226 
3840 1824 1872 449 
3841 156 1966 155 
3842 1131 1963 1133 
3843 1159 1994 825 
3844 744 1883 1436 
3845 1509 1983 1835 
3846 1310 1990 1872 
3847 1641 1835 1057 
3848 1665 1818 1737 
3849 1510 1983 1509 
3850 1753 1824 449 
3851 1819 1876 1532 
3852 795 1835 1641 
3853 1793 1971 257 
3854 60 1925 61 
3855 284 2002 1589 
3856 794 1957 1149 
3857 1175 1971 1793 
3858 1481 1902 215 
3859 1216 1908 1697 
3860 219 1927 1388 
3861 1121 1912 1092 
3862 1221 1987 1554 
3863 1673 1862 1046 
3864 1098 2002 1882 
3865 491 1905 403 
3866 221 1898 65 
3867 1623 1819 1805 
3868 1756 1903 1600 
3869 1148 1876 1819 
3870 1850 1904 749 
3871 1713 1909 1039 
3872 1538 2000 1841 
3873 729 1913 727 
3874 1554 1987 1854 
3875 1853 1913 729 
3876 1119 1951 1577 
3877 1678 1869 1085 
3878 1805 1819 1532 
3879 452 1924 451 
3880 226 1908 36 
3881 1093 1922 1429 
3882 265 2001 1371 
3883 1458 1953 1699 
3884 498 1986 1583 
3885 1779 1953 520 
3886 1783 1887 1194 
3887 1636 1868 412 
3888 1689 1867 318 
3889 1368 1951 1848 
3890 88 1985 89 
3891 1736 1869 1678 
3892 449 1872 1659 
3893 1313 1873 1799 
3894 1617 1995 1292 
3895 948 1931 996 
3896 1867 1932 318 
3897 1134 1855 1746 
3898 1496 1992 1498 
3899 809 1918 606 
3900 1098 1882 1740 
3901 490 1995 1617 
3902 1740 1882 1596 
3903 1332 1932 1867 
3904 1311 1872 1824 
3905 1495 1907 1807 
3906 1813 1865 1125 
3907 1679 1906 1680 
3908 538 1869 1736 
3909 1189 1952 1188 
3910 1600 1903 954 
3911 1284 1901 1674 
3912 851 1937 853 
3913 958 1970 1102 
3914 94 1929 222 
3915 1794 1950 1113 
3916 1619 1930 1896 
3917 256 2003 1373 
3918 1468 1962 1094 
3919 1139 1940 1662 
3920 1662 1940 1445 
3921 1680 1906 1433 
3922 1154 1906 1679 
3923 399 1958 411 
3924 1739 1975 1187 
3925 1188 1952 1694 
3926 35 1945 226 
3927 995 1911 1635 
3928 1022 1968 1795 
3929 444 1954 442 
3930 1032 1946 1142 
3931 1211 1968 1022 
3932 1104 1969 1079 
3933 201 1889 1739 
3934 1057 1983 1758 
3935 1694 1952 272 
3936 1113 1950 1671 
3937 1625 1915 798 
3938 1083 1953 1779 
3939 1699 1953 1083 
3940 1660 1938 1009 
3941 1650 1957 1172 
3942 1809 1899 1529 
3943 1835 1983 1057 
3944 257 1971 1386 
3945 915 1977 914 
3946 1659 1990 1651 
3947 362 1998 364 
3948 1843 1915 1625 
3949 1761 1941 539 
3950 1447 1903 1756 
3951 1635 1911 1825 
3952 1589 2002 1098 
3953 1278 1891 1765 
3954 809 1942 1918 
3955 254 1997 1382 
3956 1807 1907 892 
3957 1564 1981 1789 
3958 318 1932 1687 
3959 1837 1992 1496 
3960 1123 1982 1565 
3961 1638 1939 1198 
3962 1789 1981 637 
3963 1607 1899 1809 
3964 1069 1938 1660 
3965 203 1935 1769 
3966 1729 1943 962 
3967 448 1916 1763 
3968 1039 1909 1774 
3969 587 1991 1620 
3970 1774 1910 1097 
3971 1871 1947 486 
3972 637 1981 1663 
3973 1751 1972 1155 
3974 1825 1911 1420 
3975 1440 1972 1751 
3976 1080 1923 1781 
3977 1758 1983 1510 
3978 1398 1984 1731 
3979 1869 1959 1085 
3980 1791 2000 1538 
3981 1924 1976 451 
3982 1884 1928 1353 
3983 1651 1990 1856 
3984 1787 1982 1123 
3985 1214 1928 1884 
3986 283 1950 1794 
3987 1129 1941 1761 
3988 1769 1935 1122 
3989 1417 1988 1735 
3990 1811 1991 587 
3991 1877 1930 804 
3992 1872 1990 1659 
3993 1896 1930 1117 
3994 1194 1999 1815 
3995 364 1998 1933 
3996 808 2000 1829 
3997 1857 1997 254 
3998 1133 1991 1811 
3999 1848 1951 1119 
4000 1933 1998 1410 
4001 491 1960 1905 
4002 1856 1990 1310 
4003 1854 1987 1223 
4004 914 1977 1961 
4005 1961 1977 1206 
$EndElements
