$MeshFormat
4.1 0 8
$EndMeshFormat
$PhysicalNames
7
0 10 "pin"
0 12 "pin2"
1 6 "inner"
1 7 "bottom"
1 8 "outer"
1 9 "left"
2 11 "cylinder"
$EndPhysicalNames
$Entities
5 5 1 0
1 0 1 0 0 
2 0 3 0 0 
3 1 0 0 1 12 
4 3 0 0 0 
5 0 0 0 1 10 
1 5.551115123125783e-17 0 0 1 1 0 1 6 2 3 -1 
2 2.220446049250313e-16 0 0 3 3 0 1 8 2 4 -2 
3 0 1 0 0 3 0 1 9 2 2 -1 
4 3 0 0 3 0 0 0 2 4 -4 
5 1 0 0 3 0 0 1 7 2 4 -3 
1 0 0 0 3 3 0 1 11 4 1 -3 -2 5 
$EndEntities
$Nodes
10 9855 1 9855
0 1 0 1
1
0 1 0
0 2 0 1
2
0 3 0
0 3 0 1
3
1 0 0
0 4 0 1
4
3 0 0
0 5 0 1
5
0 0 0
1 1 0 98
6
7
8
9
10
11
12
13
14
15
16
17
18
19
20
21
22
23
24
25
26
27
28
29
30
31
32
33
34
35
36
37
38
39
40
41
42
43
44
45
46
47
48
49
50
51
52
53
54
55
56
57
58
59
60
61
62
63
64
65
66
67
68
69
70
71
72
73
74
75
76
77
78
79
80
81
82
83
84
85
86
87
88
89
90
91
92
93
94
95
96
97
98
99
100
101
102
103
0.9998741276732738 0.01586596387270226 0
0.9994965423807818 0.03172793357377957 0
0.9988673391776299 0.04758191593664102 0
0.9979866764624176 0.06342391980552756 0
0.9968547759373273 0.07924995704062536 0
0.9954719225526253 0.09505604351844217 0
0.9938384644334174 0.1108382001506117 0
0.9919548127936105 0.1265924538651221 0
0.9898214418328013 0.1423148386080466 0
0.9874388886152434 0.1580013963555159 0
0.9848077529365795 0.1736481780958412 0
0.9819286971705964 0.1892512448383242 0
0.9788024461052452 0.2048066685886682 0
0.9754297867580888 0.2203105333502452 0
0.9718115681768005 0.2357589361143028 0
0.9679487012298229 0.2511479878229148 0
0.9638421583707069 0.2664738143745033 0
0.9594929733987438 0.2817325575762189 0
0.9549022412041583 0.2969203760998486 0
0.9500711174700905 0.3120334465231787 0
0.9450008184119987 0.3270679641919287 0
0.9396926204576636 0.342020144227514 0
0.9341478599051161 0.3568862225341456 0
0.9283679326165257 0.3716624566583474 0
0.9223542936690367 0.3863451267329414 0
0.9161084569631256 0.4009305364781298 0
0.9096319948459345 0.4154150141155299 0
0.9029265377426032 0.4297949132320615 0
0.8959937737124254 0.4440666137738425 0
0.8888354480363254 0.4582265229273232 0
0.8814533627898259 0.472271076000328 0
0.8738493763793959 0.4861967373413163 0
0.8660254030603738 0.5000000012541171 0
0.8579834124608414 0.513677392866427 0
0.8497254291207386 0.5272254689462343 0
0.8412535319493107 0.5406408188278148 0
0.8325698537081599 0.5539200652588542 0
0.8236765804610658 0.5670598652699425 0
0.8145759510354661 0.5800569109963831 0
0.8052702564553595 0.5929079305156235 0
0.7957618393763193 0.6056096886546789 0
0.7860530935333997 0.6181589877584668 0
0.7761464630338198 0.6305526686329155 0
0.7660444418058405 0.6427876112514758 0
0.755749572997766 0.6548607355107605 0
0.7452644482559007 0.666769002103298 0
0.7345917071707602 0.6785094131667947 0
0.7237340365692408 0.6900790130928434 0
0.7126941697894821 0.7014748893211225 0
0.7014748860921359 0.7126941729676375 0
0.6900790098740516 0.7237340396383527 0
0.6785094099729101 0.7345917101208082 0
0.6667689989438782 0.7452644510825527 0
0.6548607323984892 0.7557495756945646 0
0.6427876081629648 0.7660444443974089 0
0.6305526655798664 0.7761464655141612 0
0.6181589847382872 0.7860530959084951 0
0.6056096856980534 0.795761841626441 0
0.5929079276477052 0.8052702585669631 0
0.5800569081794507 0.8145759530413946 0
0.5670598624730728 0.8236765823865698 0
0.553920062478178 0.8325698555581815 0
0.5406408160820017 0.8412535337139376 0
0.5272254662352124 0.8497254308028347 0
0.5136773901766984 0.8579834140711905 0
0.4999999986425792 0.8660254045681459 0
0.4861967347845287 0.8738493778019543 0
0.4722710734671371 0.8814533641470761 0
0.4582265204150631 0.8888354493314855 0
0.4440666113268835 0.8959937749251713 0
0.4297949108525324 0.9029265388752641 0
0.4154150117815288 0.909631995911837 0
0.4009305342071326 0.9161084579570168 0
0.3863451245454622 0.9223542945853027 0
0.3716624545671288 0.9283679334537234 0
0.3568862205466413 0.9341478606644315 0
0.3420201422899823 0.9396926211628674 0
0.3270679623236603 0.9450008190586127 0
0.3120334447617605 0.9500711180485961 0
0.2969203744363799 0.9549022417214026 0
0.2817325559598115 0.9594929738733639 0
0.2664738128598499 0.9638421587894637 0
0.2511479864289957 0.9679487015914949 0
0.2357589347993734 0.9718115684957989 0
0.2203105320790565 0.9754297870451993 0
0.2048066674174558 0.9788024463503121 0
0.1892512437853409 0.9819286973735423 0
0.1736481771623516 0.984807753101179 0
0.1580013954911509 0.9874388887535517 0
0.1423148378188208 0.9898214419462749 0
0.1265924531895593 0.9919548128798253 0
0.1108381995850479 0.993838464496492 0
0.0950560430079921 0.9954719226013674 0
0.07924995660127654 0.9968547759722556 0
0.06342391947032842 0.9979866764837201 0
0.04758191570074793 0.9988673391888669 0
0.03172793338673012 0.9994965423867195 0
0.01586596376576142 0.9998741276749706 0
1 2 0 98
104
105
106
107
108
109
110
111
112
113
114
115
116
117
118
119
120
121
122
123
124
125
126
127
128
129
130
131
132
133
134
135
136
137
138
139
140
141
142
143
144
145
146
147
148
149
150
151
152
153
154
155
156
157
158
159
160
161
162
163
164
165
166
167
168
169
170
171
172
173
174
175
176
177
178
179
180
181
182
183
184
185
186
187
188
189
190
191
192
193
194
195
196
197
198
199
200
201
2.999622383019661 0.04759789162821655 0
2.998489627141815 0.09518380073804036 0
2.996602017532004 0.1427457478285326 0
2.993960029386309 0.1902717594314206 0
2.990564327810389 0.2377498711419145 0
2.986415767654663 0.2851681305889778 0
2.981515393295989 0.3325146004900608 0
2.975864438375884 0.3797773616341377 0
2.969464325489978 0.4269445158827418 0
2.962316665832894 0.4740041891467727 0
2.954423258798648 0.5209445343504251 0
2.945786091497719 0.5677537345879757 0
2.936407338294168 0.6144200058690819 0
2.926289360250362 0.6609316001565732 0
2.91543470450188 0.7072768084604744 0
2.903846103661736 0.753443963575628 0
2.891526475077576 0.799421443248459 0
2.878478920154627 0.8451976728703463 0
2.864706723573432 0.8907611284251072 0
2.850213352371942 0.9361003396862426 0
2.83500245519648 0.9812038926899607 0
2.819077861316733 1.026060432837109 0
2.802443579652302 1.070658667767459 0
2.785103797796513 1.114987370107591 0
2.767062880968514 1.159035380290967 0
2.748325370852318 1.202791609519067 0
2.728895984486858 1.246245042458144 0
2.708779613151962 1.289384739855529 0
2.687981321050464 1.332199841496689 0
2.666506344018085 1.374679568958275 0
2.644360088282927 1.416813228162523 0
2.621548129074968 1.458590212137574 0
2.598076209115336 1.500000003876294 0
2.573950237293213 1.541032178748457 0
2.549176287252833 1.581676407014994 0
2.523760595730483 1.6219224566662 0
2.497709561028745 1.661760195920456 0
2.471029741280529 1.701179595958957 0
2.443727853028316 1.7401707330988 0
2.415810769293342 1.77872379164566 0
2.387285518055255 1.81682906606088 0
2.35815928049459 1.854476963409693 0
2.328439389003495 1.891658006019331 0
2.298133325356598 1.928362833827033 0
2.26724871891057 1.964582206627756 0
2.23579334462684 2.000307006467339 0
2.203775121339476 2.035528239687472 0
2.171202109519394 2.070237039476044 0
2.13808250917184 2.104424668163118 0
2.104424658140065 2.138082519037109 0
2.07023702943983 2.171202119088904 0
2.035528229744118 2.203775130523706 0
2.000306996690274 2.23579335337413 0
1.964582197027479 2.267248727229256 0
1.928362824314129 2.298133333338872 0
1.891657996541665 2.328439396703289 0
1.854476953993689 2.358159287899418 0
1.816829056861653 2.387285525056272 0
1.778723782742738 2.415810775848424 0
1.740170724362345 2.443727859249518 0
1.701179587293273 2.471029747246417 0
1.661760187303132 2.497709566761968 0
1.621922448121465 2.52376060122185 0
1.581676398560077 2.549176292498819 0
1.541032170391228 2.573950242296712 0
1.499999995781473 2.598076213788884 0
1.458590204217489 2.621548133481585 0
1.416813220265936 2.644360092513814 0
1.374679561075458 2.666506348081959 0
1.332199833838174 2.687981324846128 0
1.289384732483209 2.708779616661201 0
1.246245035319719 2.728895987746868 0
1.202791602634182 2.748325373865455 0
1.159035373686884 2.767062883734757 0
1.114987363778356 2.785103800330356 0
1.070658661740383 2.802443581954914 0
1.026060426971672 2.819077863451577 0
0.9812038870957811 2.835002457132644 0
0.9361003344533829 2.850213354090578 0
0.8907611234761199 2.864706725112286 0
0.8451976680375457 2.878478921573666 0
0.7994214387111074 2.891526476332019 0
0.7534439593965809 2.903846104746049 0
0.7072768045205385 2.915434705457698 0
0.6609315963512977 2.926289361109821 0
0.6144200023730758 2.936407339025679 0
0.5677537315045521 2.945786092092 0
0.5209445316341146 2.954423259277606 0
0.4740041866199755 2.962316666237209 0
0.426944513584511 2.969464325820414 0
0.379777359668404 2.975864438626749 0
0.3325145988412365 2.981515393479874 0
0.2851681290926805 2.986415767797542 0
0.2377498698520103 2.990564327912936 0
0.1902717584470197 2.99396002944887 0
0.1427457471350789 2.996602017565037 0
0.0951838001841278 2.998489627159398 0
0.04759789130906335 2.999622383024725 0
1 3 0 98
202
203
204
205
206
207
208
209
210
211
212
213
214
215
216
217
218
219
220
221
222
223
224
225
226
227
228
229
230
231
232
233
234
235
236
237
238
239
240
241
242
243
244
245
246
247
248
249
250
251
252
253
254
255
256
257
258
259
260
261
262
263
264
265
266
267
268
269
270
271
272
273
274
275
276
277
278
279
280
281
282
283
284
285
286
287
288
289
290
291
292
293
294
295
296
297
298
299
0 2.979797979798092 0
0 2.959595959596184 0
0 2.939393939394276 0
0 2.919191919192368 0
0 2.89898989899046 0
0 2.878787878788552 0
0 2.858585858586644 0
0 2.838383838384736 0
0 2.818181818182828 0
0 2.79797979798092 0
0 2.777777777779012 0
0 2.757575757577104 0
0 2.737373737375196 0
0 2.717171717173288 0
0 2.696969696971379 0
0 2.676767676769471 0
0 2.656565656567563 0
0 2.636363636365656 0
0 2.616161616163748 0
0 2.59595959596184 0
0 2.575757575759932 0
0 2.555555555558024 0
0 2.535353535356116 0
0 2.515151515154208 0
0 2.494949494952299 0
0 2.474747474750391 0
0 2.454545454548483 0
0 2.434343434346575 0
0 2.414141414144667 0
0 2.393939393942759 0
0 2.373737373740851 0
0 2.353535353538943 0
0 2.333333333337035 0
0 2.313131313135127 0
0 2.292929292933219 0
0 2.272727272731311 0
0 2.252525252529403 0
0 2.232323232327495 0
0 2.212121212125587 0
0 2.191919191923679 0
0 2.171717171721771 0
0 2.151515151519863 0
0 2.131313131317955 0
0 2.111111111116047 0
0 2.090909090914139 0
0 2.070707070712231 0
0 2.050505050510323 0
0 2.030303030308415 0
0 2.010101010106491 0
0 1.989898989904471 0
0 1.969696969702355 0
0 1.949494949500222 0
0 1.92929292929809 0
0 1.909090909095957 0
0 1.888888888893825 0
0 1.868686868691693 0
0 1.84848484848956 0
0 1.828282828287428 0
0 1.808080808085295 0
0 1.787878787883163 0
0 1.767676767681031 0
0 1.747474747478898 0
0 1.727272727276766 0
0 1.707070707074634 0
0 1.686868686872501 0
0 1.666666666670369 0
0 1.646464646468236 0
0 1.626262626266104 0
0 1.606060606063972 0
0 1.585858585861839 0
0 1.565656565659707 0
0 1.545454545457574 0
0 1.525252525255442 0
0 1.50505050505331 0
0 1.484848484851177 0
0 1.464646464649045 0
0 1.444444444446913 0
0 1.42424242424478 0
0 1.404040404042648 0
0 1.383838383840515 0
0 1.363636363638383 0
0 1.343434343436251 0
0 1.323232323234118 0
0 1.303030303031986 0
0 1.282828282829853 0
0 1.262626262627721 0
0 1.242424242425589 0
0 1.222222222223456 0
0 1.202020202021324 0
0 1.181818181819192 0
0 1.161616161617059 0
0 1.141414141414927 0
0 1.121212121212794 0
0 1.101010101010662 0
0 1.08080808080853 0
0 1.060606060606397 0
0 1.040404040404265 0
0 1.020202020202133 0
1 5 0 98
300
301
302
303
304
305
306
307
308
309
310
311
312
313
314
315
316
317
318
319
320
321
322
323
324
325
326
327
328
329
330
331
332
333
334
335
336
337
338
339
340
341
342
343
344
345
346
347
348
349
350
351
352
353
354
355
356
357
358
359
360
361
362
363
364
365
366
367
368
369
370
371
372
373
374
375
376
377
378
379
380
381
382
383
384
385
386
387
388
389
390
391
392
393
394
395
396
397
2.979797979798092 0 0
2.959595959596184 0 0
2.939393939394276 0 0
2.919191919192368 0 0
2.89898989899046 0 0
2.878787878788552 0 0
2.858585858586644 0 0
2.838383838384736 0 0
2.818181818182828 0 0
2.79797979798092 0 0
2.777777777779012 0 0
2.757575757577104 0 0
2.737373737375196 0 0
2.717171717173288 0 0
2.696969696971379 0 0
2.676767676769471 0 0
2.656565656567563 0 0
2.636363636365656 0 0
2.616161616163748 0 0
2.59595959596184 0 0
2.575757575759932 0 0
2.555555555558024 0 0
2.535353535356116 0 0
2.515151515154208 0 0
2.494949494952299 0 0
2.474747474750391 0 0
2.454545454548483 0 0
2.434343434346575 0 0
2.414141414144667 0 0
2.393939393942759 0 0
2.373737373740851 0 0
2.353535353538943 0 0
2.333333333337035 0 0
2.313131313135127 0 0
2.292929292933219 0 0
2.272727272731311 0 0
2.252525252529403 0 0
2.232323232327495 0 0
2.212121212125587 0 0
2.191919191923679 0 0
2.171717171721771 0 0
2.151515151519863 0 0
2.131313131317955 0 0
2.111111111116047 0 0
2.090909090914139 0 0
2.070707070712231 0 0
2.050505050510323 0 0
2.030303030308415 0 0
2.010101010106491 0 0
1.989898989904471 0 0
1.969696969702355 0 0
1.949494949500222 0 0
1.92929292929809 0 0
1.909090909095957 0 0
1.888888888893825 0 0
1.868686868691693 0 0
1.84848484848956 0 0
1.828282828287428 0 0
1.808080808085295 0 0
1.787878787883163 0 0
1.767676767681031 0 0
1.747474747478898 0 0
1.727272727276766 0 0
1.707070707074634 0 0
1.686868686872501 0 0
1.666666666670369 0 0
1.646464646468236 0 0
1.626262626266104 0 0
1.606060606063972 0 0
1.585858585861839 0 0
1.565656565659707 0 0
1.545454545457574 0 0
1.525252525255442 0 0
1.50505050505331 0 0
1.484848484851177 0 0
1.464646464649045 0 0
1.444444444446913 0 0
1.42424242424478 0 0
1.404040404042648 0 0
1.383838383840515 0 0
1.363636363638383 0 0
1.343434343436251 0 0
1.323232323234118 0 0
1.303030303031986 0 0
1.282828282829853 0 0
1.262626262627721 0 0
1.242424242425589 0 0
1.222222222223456 0 0
1.202020202021324 0 0
1.181818181819192 0 0
1.161616161617059 0 0
1.141414141414927 0 0
1.121212121212794 0 0
1.101010101010662 0 0
1.08080808080853 0 0
1.060606060606397 0 0
1.040404040404265 0 0
1.020202020202133 0 0
2 1 0 9458
398
399
400
401
402
403
404
405
406
407
408
409
410
411
412
413
414
415
416
417
418
419
420
421
422
423
424
425
426
427
428
429
430
431
432
433
434
435
436
437
438
439
440
441
442
443
444
445
446
447
448
449
450
451
452
453
454
455
456
457
458
459
460
461
462
463
464
465
466
467
468
469
470
471
472
473
474
475
476
477
478
479
480
481
482
483
484
485
486
487
488
489
490
491
492
493
494
495
496
497
498
499
500
501
502
503
504
505
506
507
508
509
510
511
512
513
514
515
516
517
518
519
520
521
522
523
524
525
526
527
528
529
530
531
532
533
534
535
536
537
538
539
540
541
542
543
544
545
546
547
548
549
550
551
552
553
554
555
556
557
558
559
560
561
562
563
564
565
566
567
568
569
570
571
572
573
574
575
576
577
578
579
580
581
582
583
584
585
586
587
588
589
590
591
592
593
594
595
596
597
598
599
600
601
602
603
604
605
606
607
608
609
610
611
612
613
614
615
616
617
618
619
620
621
622
623
624
625
626
627
628
629
630
631
632
633
634
635
636
637
638
639
640
641
642
643
644
645
646
647
648
649
650
651
652
653
654
655
656
657
658
659
660
661
662
663
664
665
666
667
668
669
670
671
672
673
674
675
676
677
678
679
680
681
682
683
684
685
686
687
688
689
690
691
692
693
694
695
696
697
698
699
700
701
702
703
704
705
706
707
708
709
710
711
712
713
714
715
716
717
718
719
720
721
722
723
724
725
726
727
728
729
730
731
732
733
734
735
736
737
738
739
740
741
742
743
744
745
746
747
748
749
750
751
752
753
754
755
756
757
758
759
760
761
762
763
764
765
766
767
768
769
770
771
772
773
774
775
776
777
778
779
780
781
782
783
784
785
786
787
788
789
790
791
792
793
794
795
796
797
798
799
800
801
802
803
804
805
806
807
808
809
810
811
812
813
814
815
816
817
818
819
820
821
822
823
824
825
826
827
828
829
830
831
832
833
834
835
836
837
838
839
840
841
842
843
844
845
846
847
848
849
850
851
852
853
854
855
856
857
858
859
860
861
862
863
864
865
866
867
868
869
870
871
872
873
874
875
876
877
878
879
880
881
882
883
884
885
886
887
888
889
890
891
892
893
894
895
896
897
898
899
900
901
902
903
904
905
906
907
908
909
910
911
912
913
914
915
916
917
918
919
920
921
922
923
924
925
926
927
928
929
930
931
932
933
934
935
936
937
938
939
940
941
942
943
944
945
946
947
948
949
950
951
952
953
954
955
956
957
958
959
960
961
962
963
964
965
966
967
968
969
970
971
972
973
974
975
976
977
978
979
980
981
982
983
984
985
986
987
988
989
990
991
992
993
994
995
996
997
998
999
1000
1001
1002
1003
1004
1005
1006
1007
1008
1009
1010
1011
1012
1013
1014
1015
1016
1017
1018
1019
1020
1021
1022
1023
1024
1025
1026
1027
1028
1029
1030
1031
1032
1033
1034
1035
1036
1037
1038
1039
1040
1041
1042
1043
1044
1045
1046
1047
1048
1049
1050
1051
1052
1053
1054
1055
1056
1057
1058
1059
1060
1061
1062
1063
1064
1065
1066
1067
1068
1069
1070
1071
1072
1073
1074
1075
1076
1077
1078
1079
1080
1081
1082
1083
1084
1085
1086
1087
1088
1089
1090
1091
1092
1093
1094
1095
1096
1097
1098
1099
1100
1101
1102
1103
1104
1105
1106
1107
1108
1109
1110
1111
1112
1113
1114
1115
1116
1117
1118
1119
1120
1121
1122
1123
1124
1125
1126
1127
1128
1129
1130
1131
1132
1133
1134
1135
1136
1137
1138
1139
1140
1141
1142
1143
1144
1145
1146
1147
1148
1149
1150
1151
1152
1153
1154
1155
1156
1157
1158
1159
1160
1161
1162
1163
1164
1165
1166
1167
1168
1169
1170
1171
1172
1173
1174
1175
1176
1177
1178
1179
1180
1181
1182
1183
1184
1185
1186
1187
1188
1189
1190
1191
1192
1193
1194
1195
1196
1197
1198
1199
1200
1201
1202
1203
1204
1205
1206
1207
1208
1209
1210
1211
1212
1213
1214
1215
1216
1217
1218
1219
1220
1221
1222
1223
1224
1225
1226
1227
1228
1229
1230
1231
1232
1233
1234
1235
1236
1237
1238
1239
1240
1241
1242
1243
1244
1245
1246
1247
1248
1249
1250
1251
1252
1253
1254
1255
1256
1257
1258
1259
1260
1261
1262
1263
1264
1265
1266
1267
1268
1269
1270
1271
1272
1273
1274
1275
1276
1277
1278
1279
1280
1281
1282
1283
1284
1285
1286
1287
1288
1289
1290
1291
1292
1293
1294
1295
1296
1297
1298
1299
1300
1301
1302
1303
1304
1305
1306
1307
1308
1309
1310
1311
1312
1313
1314
1315
1316
1317
1318
1319
1320
1321
1322
1323
1324
1325
1326
1327
1328
1329
1330
1331
1332
1333
1334
1335
1336
1337
1338
1339
1340
1341
1342
1343
1344
1345
1346
1347
1348
1349
1350
1351
1352
1353
1354
1355
1356
1357
1358
1359
1360
1361
1362
1363
1364
1365
1366
1367
1368
1369
1370
1371
1372
1373
1374
1375
1376
1377
1378
1379
1380
1381
1382
1383
1384
1385
1386
1387
1388
1389
1390
1391
1392
1393
1394
1395
1396
1397
1398
1399
1400
1401
1402
1403
1404
1405
1406
1407
1408
1409
1410
1411
1412
1413
1414
1415
1416
1417
1418
1419
1420
1421
1422
1423
1424
1425
1426
1427
1428
1429
1430
1431
1432
1433
1434
1435
1436
1437
1438
1439
1440
1441
1442
1443
1444
1445
1446
1447
1448
1449
1450
1451
1452
1453
1454
1455
1456
1457
1458
1459
1460
1461
1462
1463
1464
1465
1466
1467
1468
1469
1470
1471
1472
1473
1474
1475
1476
1477
1478
1479
1480
1481
1482
1483
1484
1485
1486
1487
1488
1489
1490
1491
1492
1493
1494
1495
1496
1497
1498
1499
1500
1501
1502
1503
1504
1505
1506
1507
1508
1509
1510
1511
1512
1513
1514
1515
1516
1517
1518
1519
1520
1521
1522
1523
1524
1525
1526
1527
1528
1529
1530
1531
1532
1533
1534
1535
1536
1537
1538
1539
1540
1541
1542
1543
1544
1545
1546
1547
1548
1549
1550
1551
1552
1553
1554
1555
1556
1557
1558
1559
1560
1561
1562
1563
1564
1565
1566
1567
1568
1569
1570
1571
1572
1573
1574
1575
1576
1577
1578
1579
1580
1581
1582
1583
1584
1585
1586
1587
1588
1589
1590
1591
1592
1593
1594
1595
1596
1597
1598
1599
1600
1601
1602
1603
1604
1605
1606
1607
1608
1609
1610
1611
1612
1613
1614
1615
1616
1617
1618
1619
1620
1621
1622
1623
1624
1625
1626
1627
1628
1629
1630
1631
1632
1633
1634
1635
1636
1637
1638
1639
1640
1641
1642
1643
1644
1645
1646
1647
1648
1649
1650
1651
1652
1653
1654
1655
1656
1657
1658
1659
1660
1661
1662
1663
1664
1665
1666
1667
1668
1669
1670
1671
1672
1673
1674
1675
1676
1677
1678
1679
1680
1681
1682
1683
1684
1685
1686
1687
1688
1689
1690
1691
1692
1693
1694
1695
1696
1697
1698
1699
1700
1701
1702
1703
1704
1705
1706
1707
1708
1709
1710
1711
1712
1713
1714
1715
1716
1717
1718
1719
1720
1721
1722
1723
1724
1725
1726
1727
1728
1729
1730
1731
1732
1733
1734
1735
1736
1737
1738
1739
1740
1741
1742
1743
1744
1745
1746
1747
1748
1749
1750
1751
1752
1753
1754
1755
1756
1757
1758
1759
1760
1761
1762
1763
1764
1765
1766
1767
1768
1769
1770
1771
1772
1773
1774
1775
1776
1777
1778
1779
1780
1781
1782
1783
1784
1785
1786
1787
1788
1789
1790
1791
1792
1793
1794
1795
1796
1797
1798
1799
1800
1801
1802
1803
1804
1805
1806
1807
1808
1809
1810
1811
1812
1813
1814
1815
1816
1817
1818
1819
1820
1821
1822
1823
1824
1825
1826
1827
1828
1829
1830
1831
1832
1833
1834
1835
1836
1837
1838
1839
1840
1841
1842
1843
1844
1845
1846
1847
1848
1849
1850
1851
1852
1853
1854
1855
1856
1857
1858
1859
1860
1861
1862
1863
1864
1865
1866
1867
1868
1869
1870
1871
1872
1873
1874
1875
1876
1877
1878
1879
1880
1881
1882
1883
1884
1885
1886
1887
1888
1889
1890
1891
1892
1893
1894
1895
1896
1897
1898
1899
1900
1901
1902
1903
1904
1905
1906
1907
1908
1909
1910
1911
1912
1913
1914
1915
1916
1917
1918
1919
1920
1921
1922
1923
1924
1925
1926
1927
1928
1929
1930
1931
1932
1933
1934
1935
1936
1937
1938
1939
1940
1941
1942
1943
1944
1945
1946
1947
1948
1949
1950
1951
1952
1953
1954
1955
1956
1957
1958
1959
1960
1961
1962
1963
1964
1965
1966
1967
1968
1969
1970
1971
1972
1973
1974
1975
1976
1977
1978
1979
1980
1981
1982
1983
1984
1985
1986
1987
1988
1989
1990
1991
1992
1993
1994
1995
1996
1997
1998
1999
2000
2001
2002
2003
2004
2005
2006
2007
2008
2009
2010
2011
2012
2013
2014
2015
2016
2017
2018
2019
2020
2021
2022
2023
2024
2025
2026
2027
2028
2029
2030
2031
2032
2033
2034
2035
2036
2037
2038
2039
2040
2041
2042
2043
2044
2045
2046
2047
2048
2049
2050
2051
2052
2053
2054
2055
2056
2057
2058
2059
2060
2061
2062
2063
2064
2065
2066
2067
2068
2069
2070
2071
2072
2073
2074
2075
2076
2077
2078
2079
2080
2081
2082
2083
2084
2085
2086
2087
2088
2089
2090
2091
2092
2093
2094
2095
2096
2097
2098
2099
2100
2101
2102
2103
2104
2105
2106
2107
2108
2109
2110
2111
2112
2113
2114
2115
2116
2117
2118
2119
2120
2121
2122
2123
2124
2125
2126
2127
2128
2129
2130
2131
2132
2133
2134
2135
2136
2137
2138
2139
2140
2141
2142
2143
2144
2145
2146
2147
2148
2149
2150
2151
2152
2153
2154
2155
2156
2157
2158
2159
2160
2161
2162
2163
2164
2165
2166
2167
2168
2169
2170
2171
2172
2173
2174
2175
2176
2177
2178
2179
2180
2181
2182
2183
2184
2185
2186
2187
2188
2189
2190
2191
2192
2193
2194
2195
2196
2197
2198
2199
2200
2201
2202
2203
2204
2205
2206
2207
2208
2209
2210
2211
2212
2213
2214
2215
2216
2217
2218
2219
2220
2221
2222
2223
2224
2225
2226
2227
2228
2229
2230
2231
2232
2233
2234
2235
2236
2237
2238
2239
2240
2241
2242
2243
2244
2245
2246
2247
2248
2249
2250
2251
2252
2253
2254
2255
2256
2257
2258
2259
2260
2261
2262
2263
2264
2265
2266
2267
2268
2269
2270
2271
2272
2273
2274
2275
2276
2277
2278
2279
2280
2281
2282
2283
2284
2285
2286
2287
2288
2289
2290
2291
2292
2293
2294
2295
2296
2297
2298
2299
2300
2301
2302
2303
2304
2305
2306
2307
2308
2309
2310
2311
2312
2313
2314
2315
2316
2317
2318
2319
2320
2321
2322
2323
2324
2325
2326
2327
2328
2329
2330
2331
2332
2333
2334
2335
2336
2337
2338
2339
2340
2341
2342
2343
2344
2345
2346
2347
2348
2349
2350
2351
2352
2353
2354
2355
2356
2357
2358
2359
2360
2361
2362
2363
2364
2365
2366
2367
2368
2369
2370
2371
2372
2373
2374
2375
2376
2377
2378
2379
2380
2381
2382
2383
2384
2385
2386
2387
2388
2389
2390
2391
2392
2393
2394
2395
2396
2397
2398
2399
2400
2401
2402
2403
2404
2405
2406
2407
2408
2409
2410
2411
2412
2413
2414
2415
2416
2417
2418
2419
2420
2421
2422
2423
2424
2425
2426
2427
2428
2429
2430
2431
2432
2433
2434
2435
2436
2437
2438
2439
2440
2441
2442
2443
2444
2445
2446
2447
2448
2449
2450
2451
2452
2453
2454
2455
2456
2457
2458
2459
2460
2461
2462
2463
2464
2465
2466
2467
2468
2469
2470
2471
2472
2473
2474
2475
2476
2477
2478
2479
2480
2481
2482
2483
2484
2485
2486
2487
2488
2489
2490
2491
2492
2493
2494
2495
2496
2497
2498
2499
2500
2501
2502
2503
2504
2505
2506
2507
2508
2509
2510
2511
2512
2513
2514
2515
2516
2517
2518
2519
2520
2521
2522
2523
2524
2525
2526
2527
2528
2529
2530
2531
2532
2533
2534
2535
2536
2537
2538
2539
2540
2541
2542
2543
2544
2545
2546
2547
2548
2549
2550
2551
2552
2553
2554
2555
2556
2557
2558
2559
2560
2561
2562
2563
2564
2565
2566
2567
2568
2569
2570
2571
2572
2573
2574
2575
2576
2577
2578
2579
2580
2581
2582
2583
2584
2585
2586
2587
2588
2589
2590
2591
2592
2593
2594
2595
2596
2597
2598
2599
2600
2601
2602
2603
2604
2605
2606
2607
2608
2609
2610
2611
2612
2613
2614
2615
2616
2617
2618
2619
2620
2621
2622
2623
2624
2625
2626
2627
2628
2629
2630
2631
2632
2633
2634
2635
2636
2637
2638
2639
2640
2641
2642
2643
2644
2645
2646
2647
2648
2649
2650
2651
2652
2653
2654
2655
2656
2657
2658
2659
2660
2661
2662
2663
2664
2665
2666
2667
2668
2669
2670
2671
2672
2673
2674
2675
2676
2677
2678
2679
2680
2681
2682
2683
2684
2685
2686
2687
2688
2689
2690
2691
2692
2693
2694
2695
2696
2697
2698
2699
2700
2701
2702
2703
2704
2705
2706
2707
2708
2709
2710
2711
2712
2713
2714
2715
2716
2717
2718
2719
2720
2721
2722
2723
2724
2725
2726
2727
2728
2729
2730
2731
2732
2733
2734
2735
2736
2737
2738
2739
2740
2741
2742
2743
2744
2745
2746
2747
2748
2749
2750
2751
2752
2753
2754
2755
2756
2757
2758
2759
2760
2761
2762
2763
2764
2765
2766
2767
2768
2769
2770
2771
2772
2773
2774
2775
2776
2777
2778
2779
2780
2781
2782
2783
2784
2785
2786
2787
2788
2789
2790
2791
2792
2793
2794
2795
2796
2797
2798
2799
2800
2801
2802
2803
2804
2805
2806
2807
2808
2809
2810
2811
2812
2813
2814
2815
2816
2817
2818
2819
2820
2821
2822
2823
2824
2825
2826
2827
2828
2829
2830
2831
2832
2833
2834
2835
2836
2837
2838
2839
2840
2841
2842
2843
2844
2845
2846
2847
2848
2849
2850
2851
2852
2853
2854
2855
2856
2857
2858
2859
2860
2861
2862
2863
2864
2865
2866
2867
2868
2869
2870
2871
2872
2873
2874
2875
2876
2877
2878
2879
2880
2881
2882
2883
2884
2885
2886
2887
2888
2889
2890
2891
2892
2893
2894
2895
2896
2897
2898
2899
2900
2901
2902
2903
2904
2905
2906
2907
2908
2909
2910
2911
2912
2913
2914
2915
2916
2917
2918
2919
2920
2921
2922
2923
2924
2925
2926
2927
2928
2929
2930
2931
2932
2933
2934
2935
2936
2937
2938
2939
2940
2941
2942
2943
2944
2945
2946
2947
2948
2949
2950
2951
2952
2953
2954
2955
2956
2957
2958
2959
2960
2961
2962
2963
2964
2965
2966
2967
2968
2969
2970
2971
2972
2973
2974
2975
2976
2977
2978
2979
2980
2981
2982
2983
2984
2985
2986
2987
2988
2989
2990
2991
2992
2993
2994
2995
2996
2997
2998
2999
3000
3001
3002
3003
3004
3005
3006
3007
3008
3009
3010
3011
3012
3013
3014
3015
3016
3017
3018
3019
3020
3021
3022
3023
3024
3025
3026
3027
3028
3029
3030
3031
3032
3033
3034
3035
3036
3037
3038
3039
3040
3041
3042
3043
3044
3045
3046
3047
3048
3049
3050
3051
3052
3053
3054
3055
3056
3057
3058
3059
3060
3061
3062
3063
3064
3065
3066
3067
3068
3069
3070
3071
3072
3073
3074
3075
3076
3077
3078
3079
3080
3081
3082
3083
3084
3085
3086
3087
3088
3089
3090
3091
3092
3093
3094
3095
3096
3097
3098
3099
3100
3101
3102
3103
3104
3105
3106
3107
3108
3109
3110
3111
3112
3113
3114
3115
3116
3117
3118
3119
3120
3121
3122
3123
3124
3125
3126
3127
3128
3129
3130
3131
3132
3133
3134
3135
3136
3137
3138
3139
3140
3141
3142
3143
3144
3145
3146
3147
3148
3149
3150
3151
3152
3153
3154
3155
3156
3157
3158
3159
3160
3161
3162
3163
3164
3165
3166
3167
3168
3169
3170
3171
3172
3173
3174
3175
3176
3177
3178
3179
3180
3181
3182
3183
3184
3185
3186
3187
3188
3189
3190
3191
3192
3193
3194
3195
3196
3197
3198
3199
3200
3201
3202
3203
3204
3205
3206
3207
3208
3209
3210
3211
3212
3213
3214
3215
3216
3217
3218
3219
3220
3221
3222
3223
3224
3225
3226
3227
3228
3229
3230
3231
3232
3233
3234
3235
3236
3237
3238
3239
3240
3241
3242
3243
3244
3245
3246
3247
3248
3249
3250
3251
3252
3253
3254
3255
3256
3257
3258
3259
3260
3261
3262
3263
3264
3265
3266
3267
3268
3269
3270
3271
3272
3273
3274
3275
3276
3277
3278
3279
3280
3281
3282
3283
3284
3285
3286
3287
3288
3289
3290
3291
3292
3293
3294
3295
3296
3297
3298
3299
3300
3301
3302
3303
3304
3305
3306
3307
3308
3309
3310
3311
3312
3313
3314
3315
3316
3317
3318
3319
3320
3321
3322
3323
3324
3325
3326
3327
3328
3329
3330
3331
3332
3333
3334
3335
3336
3337
3338
3339
3340
3341
3342
3343
3344
3345
3346
3347
3348
3349
3350
3351
3352
3353
3354
3355
3356
3357
3358
3359
3360
3361
3362
3363
3364
3365
3366
3367
3368
3369
3370
3371
3372
3373
3374
3375
3376
3377
3378
3379
3380
3381
3382
3383
3384
3385
3386
3387
3388
3389
3390
3391
3392
3393
3394
3395
3396
3397
3398
3399
3400
3401
3402
3403
3404
3405
3406
3407
3408
3409
3410
3411
3412
3413
3414
3415
3416
3417
3418
3419
3420
3421
3422
3423
3424
3425
3426
3427
3428
3429
3430
3431
3432
3433
3434
3435
3436
3437
3438
3439
3440
3441
3442
3443
3444
3445
3446
3447
3448
3449
3450
3451
3452
3453
3454
3455
3456
3457
3458
3459
3460
3461
3462
3463
3464
3465
3466
3467
3468
3469
3470
3471
3472
3473
3474
3475
3476
3477
3478
3479
3480
3481
3482
3483
3484
3485
3486
3487
3488
3489
3490
3491
3492
3493
3494
3495
3496
3497
3498
3499
3500
3501
3502
3503
3504
3505
3506
3507
3508
3509
3510
3511
3512
3513
3514
3515
3516
3517
3518
3519
3520
3521
3522
3523
3524
3525
3526
3527
3528
3529
3530
3531
3532
3533
3534
3535
3536
3537
3538
3539
3540
3541
3542
3543
3544
3545
3546
3547
3548
3549
3550
3551
3552
3553
3554
3555
3556
3557
3558
3559
3560
3561
3562
3563
3564
3565
3566
3567
3568
3569
3570
3571
3572
3573
3574
3575
3576
3577
3578
3579
3580
3581
3582
3583
3584
3585
3586
3587
3588
3589
3590
3591
3592
3593
3594
3595
3596
3597
3598
3599
3600
3601
3602
3603
3604
3605
3606
3607
3608
3609
3610
3611
3612
3613
3614
3615
3616
3617
3618
3619
3620
3621
3622
3623
3624
3625
3626
3627
3628
3629
3630
3631
3632
3633
3634
3635
3636
3637
3638
3639
3640
3641
3642
3643
3644
3645
3646
3647
3648
3649
3650
3651
3652
3653
3654
3655
3656
3657
3658
3659
3660
3661
3662
3663
3664
3665
3666
3667
3668
3669
3670
3671
3672
3673
3674
3675
3676
3677
3678
3679
3680
3681
3682
3683
3684
3685
3686
3687
3688
3689
3690
3691
3692
3693
3694
3695
3696
3697
3698
3699
3700
3701
3702
3703
3704
3705
3706
3707
3708
3709
3710
3711
3712
3713
3714
3715
3716
3717
3718
3719
3720
3721
3722
3723
3724
3725
3726
3727
3728
3729
3730
3731
3732
3733
3734
3735
3736
3737
3738
3739
3740
3741
3742
3743
3744
3745
3746
3747
3748
3749
3750
3751
3752
3753
3754
3755
3756
3757
3758
3759
3760
3761
3762
3763
3764
3765
3766
3767
3768
3769
3770
3771
3772
3773
3774
3775
3776
3777
3778
3779
3780
3781
3782
3783
3784
3785
3786
3787
3788
3789
3790
3791
3792
3793
3794
3795
3796
3797
3798
3799
3800
3801
3802
3803
3804
3805
3806
3807
3808
3809
3810
3811
3812
3813
3814
3815
3816
3817
3818
3819
3820
3821
3822
3823
3824
3825
3826
3827
3828
3829
3830
3831
3832
3833
3834
3835
3836
3837
3838
3839
3840
3841
3842
3843
3844
3845
3846
3847
3848
3849
3850
3851
3852
3853
3854
3855
3856
3857
3858
3859
3860
3861
3862
3863
3864
3865
3866
3867
3868
3869
3870
3871
3872
3873
3874
3875
3876
3877
3878
3879
3880
3881
3882
3883
3884
3885
3886
3887
3888
3889
3890
3891
3892
3893
3894
3895
3896
3897
3898
3899
3900
3901
3902
3903
3904
3905
3906
3907
3908
3909
3910
3911
3912
3913
3914
3915
3916
3917
3918
3919
3920
3921
3922
3923
3924
3925
3926
3927
3928
3929
3930
3931
3932
3933
3934
3935
3936
3937
3938
3939
3940
3941
3942
3943
3944
3945
3946
3947
3948
3949
3950
3951
3952
3953
3954
3955
3956
3957
3958
3959
3960
3961
3962
3963
3964
3965
3966
3967
3968
3969
3970
3971
3972
3973
3974
3975
3976
3977
3978
3979
3980
3981
3982
3983
3984
3985
3986
3987
3988
3989
3990
3991
3992
3993
3994
3995
3996
3997
3998
3999
4000
4001
4002
4003
4004
4005
4006
4007
4008
4009
4010
4011
4012
4013
4014
4015
4016
4017
4018
4019
4020
4021
4022
4023
4024
4025
4026
4027
4028
4029
4030
4031
4032
4033
4034
4035
4036
4037
4038
4039
4040
4041
4042
4043
4044
4045
4046
4047
4048
4049
4050
4051
4052
4053
4054
4055
4056
4057
4058
4059
4060
4061
4062
4063
4064
4065
4066
4067
4068
4069
4070
4071
4072
4073
4074
4075
4076
4077
4078
4079
4080
4081
4082
4083
4084
4085
4086
4087
4088
4089
4090
4091
4092
4093
4094
4095
4096
4097
4098
4099
4100
4101
4102
4103
4104
4105
4106
4107
4108
4109
4110
4111
4112
4113
4114
4115
4116
4117
4118
4119
4120
4121
4122
4123
4124
4125
4126
4127
4128
4129
4130
4131
4132
4133
4134
4135
4136
4137
4138
4139
4140
4141
4142
4143
4144
4145
4146
4147
4148
4149
4150
4151
4152
4153
4154
4155
4156
4157
4158
4159
4160
4161
4162
4163
4164
4165
4166
4167
4168
4169
4170
4171
4172
4173
4174
4175
4176
4177
4178
4179
4180
4181
4182
4183
4184
4185
4186
4187
4188
4189
4190
4191
4192
4193
4194
4195
4196
4197
4198
4199
4200
4201
4202
4203
4204
4205
4206
4207
4208
4209
4210
4211
4212
4213
4214
4215
4216
4217
4218
4219
4220
4221
4222
4223
4224
4225
4226
4227
4228
4229
4230
4231
4232
4233
4234
4235
4236
4237
4238
4239
4240
4241
4242
4243
4244
4245
4246
4247
4248
4249
4250
4251
4252
4253
4254
4255
4256
4257
4258
4259
4260
4261
4262
4263
4264
4265
4266
4267
4268
4269
4270
4271
4272
4273
4274
4275
4276
4277
4278
4279
4280
4281
4282
4283
4284
4285
4286
4287
4288
4289
4290
4291
4292
4293
4294
4295
4296
4297
4298
4299
4300
4301
4302
4303
4304
4305
4306
4307
4308
4309
4310
4311
4312
4313
4314
4315
4316
4317
4318
4319
4320
4321
4322
4323
4324
4325
4326
4327
4328
4329
4330
4331
4332
4333
4334
4335
4336
4337
4338
4339
4340
4341
4342
4343
4344
4345
4346
4347
4348
4349
4350
4351
4352
4353
4354
4355
4356
4357
4358
4359
4360
4361
4362
4363
4364
4365
4366
4367
4368
4369
4370
4371
4372
4373
4374
4375
4376
4377
4378
4379
4380
4381
4382
4383
4384
4385
4386
4387
4388
4389
4390
4391
4392
4393
4394
4395
4396
4397
4398
4399
4400
4401
4402
4403
4404
4405
4406
4407
4408
4409
4410
4411
4412
4413
4414
4415
4416
4417
4418
4419
4420
4421
4422
4423
4424
4425
4426
4427
4428
4429
4430
4431
4432
4433
4434
4435
4436
4437
4438
4439
4440
4441
4442
4443
4444
4445
4446
4447
4448
4449
4450
4451
4452
4453
4454
4455
4456
4457
4458
4459
4460
4461
4462
4463
4464
4465
4466
4467
4468
4469
4470
4471
4472
4473
4474
4475
4476
4477
4478
4479
4480
4481
4482
4483
4484
4485
4486
4487
4488
4489
4490
4491
4492
4493
4494
4495
4496
4497
4498
4499
4500
4501
4502
4503
4504
4505
4506
4507
4508
4509
4510
4511
4512
4513
4514
4515
4516
4517
4518
4519
4520
4521
4522
4523
4524
4525
4526
4527
4528
4529
4530
4531
4532
4533
4534
4535
4536
4537
4538
4539
4540
4541
4542
4543
4544
4545
4546
4547
4548
4549
4550
4551
4552
4553
4554
4555
4556
4557
4558
4559
4560
4561
4562
4563
4564
4565
4566
4567
4568
4569
4570
4571
4572
4573
4574
4575
4576
4577
4578
4579
4580
4581
4582
4583
4584
4585
4586
4587
4588
4589
4590
4591
4592
4593
4594
4595
4596
4597
4598
4599
4600
4601
4602
4603
4604
4605
4606
4607
4608
4609
4610
4611
4612
4613
4614
4615
4616
4617
4618
4619
4620
4621
4622
4623
4624
4625
4626
4627
4628
4629
4630
4631
4632
4633
4634
4635
4636
4637
4638
4639
4640
4641
4642
4643
4644
4645
4646
4647
4648
4649
4650
4651
4652
4653
4654
4655
4656
4657
4658
4659
4660
4661
4662
4663
4664
4665
4666
4667
4668
4669
4670
4671
4672
4673
4674
4675
4676
4677
4678
4679
4680
4681
4682
4683
4684
4685
4686
4687
4688
4689
4690
4691
4692
4693
4694
4695
4696
4697
4698
4699
4700
4701
4702
4703
4704
4705
4706
4707
4708
4709
4710
4711
4712
4713
4714
4715
4716
4717
4718
4719
4720
4721
4722
4723
4724
4725
4726
4727
4728
4729
4730
4731
4732
4733
4734
4735
4736
4737
4738
4739
4740
4741
4742
4743
4744
4745
4746
4747
4748
4749
4750
4751
4752
4753
4754
4755
4756
4757
4758
4759
4760
4761
4762
4763
4764
4765
4766
4767
4768
4769
4770
4771
4772
4773
4774
4775
4776
4777
4778
4779
4780
4781
4782
4783
4784
4785
4786
4787
4788
4789
4790
4791
4792
4793
4794
4795
4796
4797
4798
4799
4800
4801
4802
4803
4804
4805
4806
4807
4808
4809
4810
4811
4812
4813
4814
4815
4816
4817
4818
4819
4820
4821
4822
4823
4824
4825
4826
4827
4828
4829
4830
4831
4832
4833
4834
4835
4836
4837
4838
4839
4840
4841
4842
4843
4844
4845
4846
4847
4848
4849
4850
4851
4852
4853
4854
4855
4856
4857
4858
4859
4860
4861
4862
4863
4864
4865
4866
4867
4868
4869
4870
4871
4872
4873
4874
4875
4876
4877
4878
4879
4880
4881
4882
4883
4884
4885
4886
4887
4888
4889
4890
4891
4892
4893
4894
4895
4896
4897
4898
4899
4900
4901
4902
4903
4904
4905
4906
4907
4908
4909
4910
4911
4912
4913
4914
4915
4916
4917
4918
4919
4920
4921
4922
4923
4924
4925
4926
4927
4928
4929
4930
4931
4932
4933
4934
4935
4936
4937
4938
4939
4940
4941
4942
4943
4944
4945
4946
4947
4948
4949
4950
4951
4952
4953
4954
4955
4956
4957
4958
4959
4960
4961
4962
4963
4964
4965
4966
4967
4968
4969
4970
4971
4972
4973
4974
4975
4976
4977
4978
4979
4980
4981
4982
4983
4984
4985
4986
4987
4988
4989
4990
4991
4992
4993
4994
4995
4996
4997
4998
4999
5000
5001
5002
5003
5004
5005
5006
5007
5008
5009
5010
5011
5012
5013
5014
5015
5016
5017
5018
5019
5020
5021
5022
5023
5024
5025
5026
5027
5028
5029
5030
5031
5032
5033
5034
5035
5036
5037
5038
5039
5040
5041
5042
5043
5044
5045
5046
5047
5048
5049
5050
5051
5052
5053
5054
5055
5056
5057
5058
5059
5060
5061
5062
5063
5064
5065
5066
5067
5068
5069
5070
5071
5072
5073
5074
5075
5076
5077
5078
5079
5080
5081
5082
5083
5084
5085
5086
5087
5088
5089
5090
5091
5092
5093
5094
5095
5096
5097
5098
5099
5100
5101
5102
5103
5104
5105
5106
5107
5108
5109
5110
5111
5112
5113
5114
5115
5116
5117
5118
5119
5120
5121
5122
5123
5124
5125
5126
5127
5128
5129
5130
5131
5132
5133
5134
5135
5136
5137
5138
5139
5140
5141
5142
5143
5144
5145
5146
5147
5148
5149
5150
5151
5152
5153
5154
5155
5156
5157
5158
5159
5160
5161
5162
5163
5164
5165
5166
5167
5168
5169
5170
5171
5172
5173
5174
5175
5176
5177
5178
5179
5180
5181
5182
5183
5184
5185
5186
5187
5188
5189
5190
5191
5192
5193
5194
5195
5196
5197
5198
5199
5200
5201
5202
5203
5204
5205
5206
5207
5208
5209
5210
5211
5212
5213
5214
5215
5216
5217
5218
5219
5220
5221
5222
5223
5224
5225
5226
5227
5228
5229
5230
5231
5232
5233
5234
5235
5236
5237
5238
5239
5240
5241
5242
5243
5244
5245
5246
5247
5248
5249
5250
5251
5252
5253
5254
5255
5256
5257
5258
5259
5260
5261
5262
5263
5264
5265
5266
5267
5268
5269
5270
5271
5272
5273
5274
5275
5276
5277
5278
5279
5280
5281
5282
5283
5284
5285
5286
5287
5288
5289
5290
5291
5292
5293
5294
5295
5296
5297
5298
5299
5300
5301
5302
5303
5304
5305
5306
5307
5308
5309
5310
5311
5312
5313
5314
5315
5316
5317
5318
5319
5320
5321
5322
5323
5324
5325
5326
5327
5328
5329
5330
5331
5332
5333
5334
5335
5336
5337
5338
5339
5340
5341
5342
5343
5344
5345
5346
5347
5348
5349
5350
5351
5352
5353
5354
5355
5356
5357
5358
5359
5360
5361
5362
5363
5364
5365
5366
5367
5368
5369
5370
5371
5372
5373
5374
5375
5376
5377
5378
5379
5380
5381
5382
5383
5384
5385
5386
5387
5388
5389
5390
5391
5392
5393
5394
5395
5396
5397
5398
5399
5400
5401
5402
5403
5404
5405
5406
5407
5408
5409
5410
5411
5412
5413
5414
5415
5416
5417
5418
5419
5420
5421
5422
5423
5424
5425
5426
5427
5428
5429
5430
5431
5432
5433
5434
5435
5436
5437
5438
5439
5440
5441
5442
5443
5444
5445
5446
5447
5448
5449
5450
5451
5452
5453
5454
5455
5456
5457
5458
5459
5460
5461
5462
5463
5464
5465
5466
5467
5468
5469
5470
5471
5472
5473
5474
5475
5476
5477
5478
5479
5480
5481
5482
5483
5484
5485
5486
5487
5488
5489
5490
5491
5492
5493
5494
5495
5496
5497
5498
5499
5500
5501
5502
5503
5504
5505
5506
5507
5508
5509
5510
5511
5512
5513
5514
5515
5516
5517
5518
5519
5520
5521
5522
5523
5524
5525
5526
5527
5528
5529
5530
5531
5532
5533
5534
5535
5536
5537
5538
5539
5540
5541
5542
5543
5544
5545
5546
5547
5548
5549
5550
5551
5552
5553
5554
5555
5556
5557
5558
5559
5560
5561
5562
5563
5564
5565
5566
5567
5568
5569
5570
5571
5572
5573
5574
5575
5576
5577
5578
5579
5580
5581
5582
5583
5584
5585
5586
5587
5588
5589
5590
5591
5592
5593
5594
5595
5596
5597
5598
5599
5600
5601
5602
5603
5604
5605
5606
5607
5608
5609
5610
5611
5612
5613
5614
5615
5616
5617
5618
5619
5620
5621
5622
5623
5624
5625
5626
5627
5628
5629
5630
5631
5632
5633
5634
5635
5636
5637
5638
5639
5640
5641
5642
5643
5644
5645
5646
5647
5648
5649
5650
5651
5652
5653
5654
5655
5656
5657
5658
5659
5660
5661
5662
5663
5664
5665
5666
5667
5668
5669
5670
5671
5672
5673
5674
5675
5676
5677
5678
5679
5680
5681
5682
5683
5684
5685
5686
5687
5688
5689
5690
5691
5692
5693
5694
5695
5696
5697
5698
5699
5700
5701
5702
5703
5704
5705
5706
5707
5708
5709
5710
5711
5712
5713
5714
5715
5716
5717
5718
5719
5720
5721
5722
5723
5724
5725
5726
5727
5728
5729
5730
5731
5732
5733
5734
5735
5736
5737
5738
5739
5740
5741
5742
5743
5744
5745
5746
5747
5748
5749
5750
5751
5752
5753
5754
5755
5756
5757
5758
5759
5760
5761
5762
5763
5764
5765
5766
5767
5768
5769
5770
5771
5772
5773
5774
5775
5776
5777
5778
5779
5780
5781
5782
5783
5784
5785
5786
5787
5788
5789
5790
5791
5792
5793
5794
5795
5796
5797
5798
5799
5800
5801
5802
5803
5804
5805
5806
5807
5808
5809
5810
5811
5812
5813
5814
5815
5816
5817
5818
5819
5820
5821
5822
5823
5824
5825
5826
5827
5828
5829
5830
5831
5832
5833
5834
5835
5836
5837
5838
5839
5840
5841
5842
5843
5844
5845
5846
5847
5848
5849
5850
5851
5852
5853
5854
5855
5856
5857
5858
5859
5860
5861
5862
5863
5864
5865
5866
5867
5868
5869
5870
5871
5872
5873
5874
5875
5876
5877
5878
5879
5880
5881
5882
5883
5884
5885
5886
5887
5888
5889
5890
5891
5892
5893
5894
5895
5896
5897
5898
5899
5900
5901
5902
5903
5904
5905
5906
5907
5908
5909
5910
5911
5912
5913
5914
5915
5916
5917
5918
5919
5920
5921
5922
5923
5924
5925
5926
5927
5928
5929
5930
5931
5932
5933
5934
5935
5936
5937
5938
5939
5940
5941
5942
5943
5944
5945
5946
5947
5948
5949
5950
5951
5952
5953
5954
5955
5956
5957
5958
5959
5960
5961
5962
5963
5964
5965
5966
5967
5968
5969
5970
5971
5972
5973
5974
5975
5976
5977
5978
5979
5980
5981
5982
5983
5984
5985
5986
5987
5988
5989
5990
5991
5992
5993
5994
5995
5996
5997
5998
5999
6000
6001
6002
6003
6004
6005
6006
6007
6008
6009
6010
6011
6012
6013
6014
6015
6016
6017
6018
6019
6020
6021
6022
6023
6024
6025
6026
6027
6028
6029
6030
6031
6032
6033
6034
6035
6036
6037
6038
6039
6040
6041
6042
6043
6044
6045
6046
6047
6048
6049
6050
6051
6052
6053
6054
6055
6056
6057
6058
6059
6060
6061
6062
6063
6064
6065
6066
6067
6068
6069
6070
6071
6072
6073
6074
6075
6076
6077
6078
6079
6080
6081
6082
6083
6084
6085
6086
6087
6088
6089
6090
6091
6092
6093
6094
6095
6096
6097
6098
6099
6100
6101
6102
6103
6104
6105
6106
6107
6108
6109
6110
6111
6112
6113
6114
6115
6116
6117
6118
6119
6120
6121
6122
6123
6124
6125
6126
6127
6128
6129
6130
6131
6132
6133
6134
6135
6136
6137
6138
6139
6140
6141
6142
6143
6144
6145
6146
6147
6148
6149
6150
6151
6152
6153
6154
6155
6156
6157
6158
6159
6160
6161
6162
6163
6164
6165
6166
6167
6168
6169
6170
6171
6172
6173
6174
6175
6176
6177
6178
6179
6180
6181
6182
6183
6184
6185
6186
6187
6188
6189
6190
6191
6192
6193
6194
6195
6196
6197
6198
6199
6200
6201
6202
6203
6204
6205
6206
6207
6208
6209
6210
6211
6212
6213
6214
6215
6216
6217
6218
6219
6220
6221
6222
6223
6224
6225
6226
6227
6228
6229
6230
6231
6232
6233
6234
6235
6236
6237
6238
6239
6240
6241
6242
6243
6244
6245
6246
6247
6248
6249
6250
6251
6252
6253
6254
6255
6256
6257
6258
6259
6260
6261
6262
6263
6264
6265
6266
6267
6268
6269
6270
6271
6272
6273
6274
6275
6276
6277
6278
6279
6280
6281
6282
6283
6284
6285
6286
6287
6288
6289
6290
6291
6292
6293
6294
6295
6296
6297
6298
6299
6300
6301
6302
6303
6304
6305
6306
6307
6308
6309
6310
6311
6312
6313
6314
6315
6316
6317
6318
6319
6320
6321
6322
6323
6324
6325
6326
6327
6328
6329
6330
6331
6332
6333
6334
6335
6336
6337
6338
6339
6340
6341
6342
6343
6344
6345
6346
6347
6348
6349
6350
6351
6352
6353
6354
6355
6356
6357
6358
6359
6360
6361
6362
6363
6364
6365
6366
6367
6368
6369
6370
6371
6372
6373
6374
6375
6376
6377
6378
6379
6380
6381
6382
6383
6384
6385
6386
6387
6388
6389
6390
6391
6392
6393
6394
6395
6396
6397
6398
6399
6400
6401
6402
6403
6404
6405
6406
6407
6408
6409
6410
6411
6412
6413
6414
6415
6416
6417
6418
6419
6420
6421
6422
6423
6424
6425
6426
6427
6428
6429
6430
6431
6432
6433
6434
6435
6436
6437
6438
6439
6440
6441
6442
6443
6444
6445
6446
6447
6448
6449
6450
6451
6452
6453
6454
6455
6456
6457
6458
6459
6460
6461
6462
6463
6464
6465
6466
6467
6468
6469
6470
6471
6472
6473
6474
6475
6476
6477
6478
6479
6480
6481
6482
6483
6484
6485
6486
6487
6488
6489
6490
6491
6492
6493
6494
6495
6496
6497
6498
6499
6500
6501
6502
6503
6504
6505
6506
6507
6508
6509
6510
6511
6512
6513
6514
6515
6516
6517
6518
6519
6520
6521
6522
6523
6524
6525
6526
6527
6528
6529
6530
6531
6532
6533
6534
6535
6536
6537
6538
6539
6540
6541
6542
6543
6544
6545
6546
6547
6548
6549
6550
6551
6552
6553
6554
6555
6556
6557
6558
6559
6560
6561
6562
6563
6564
6565
6566
6567
6568
6569
6570
6571
6572
6573
6574
6575
6576
6577
6578
6579
6580
6581
6582
6583
6584
6585
6586
6587
6588
6589
6590
6591
6592
6593
6594
6595
6596
6597
6598
6599
6600
6601
6602
6603
6604
6605
6606
6607
6608
6609
6610
6611
6612
6613
6614
6615
6616
6617
6618
6619
6620
6621
6622
6623
6624
6625
6626
6627
6628
6629
6630
6631
6632
6633
6634
6635
6636
6637
6638
6639
6640
6641
6642
6643
6644
6645
6646
6647
6648
6649
6650
6651
6652
6653
6654
6655
6656
6657
6658
6659
6660
6661
6662
6663
6664
6665
6666
6667
6668
6669
6670
6671
6672
6673
6674
6675
6676
6677
6678
6679
6680
6681
6682
6683
6684
6685
6686
6687
6688
6689
6690
6691
6692
6693
6694
6695
6696
6697
6698
6699
6700
6701
6702
6703
6704
6705
6706
6707
6708
6709
6710
6711
6712
6713
6714
6715
6716
6717
6718
6719
6720
6721
6722
6723
6724
6725
6726
6727
6728
6729
6730
6731
6732
6733
6734
6735
6736
6737
6738
6739
6740
6741
6742
6743
6744
6745
6746
6747
6748
6749
6750
6751
6752
6753
6754
6755
6756
6757
6758
6759
6760
6761
6762
6763
6764
6765
6766
6767
6768
6769
6770
6771
6772
6773
6774
6775
6776
6777
6778
6779
6780
6781
6782
6783
6784
6785
6786
6787
6788
6789
6790
6791
6792
6793
6794
6795
6796
6797
6798
6799
6800
6801
6802
6803
6804
6805
6806
6807
6808
6809
6810
6811
6812
6813
6814
6815
6816
6817
6818
6819
6820
6821
6822
6823
6824
6825
6826
6827
6828
6829
6830
6831
6832
6833
6834
6835
6836
6837
6838
6839
6840
6841
6842
6843
6844
6845
6846
6847
6848
6849
6850
6851
6852
6853
6854
6855
6856
6857
6858
6859
6860
6861
6862
6863
6864
6865
6866
6867
6868
6869
6870
6871
6872
6873
6874
6875
6876
6877
6878
6879
6880
6881
6882
6883
6884
6885
6886
6887
6888
6889
6890
6891
6892
6893
6894
6895
6896
6897
6898
6899
6900
6901
6902
6903
6904
6905
6906
6907
6908
6909
6910
6911
6912
6913
6914
6915
6916
6917
6918
6919
6920
6921
6922
6923
6924
6925
6926
6927
6928
6929
6930
6931
6932
6933
6934
6935
6936
6937
6938
6939
6940
6941
6942
6943
6944
6945
6946
6947
6948
6949
6950
6951
6952
6953
6954
6955
6956
6957
6958
6959
6960
6961
6962
6963
6964
6965
6966
6967
6968
6969
6970
6971
6972
6973
6974
6975
6976
6977
6978
6979
6980
6981
6982
6983
6984
6985
6986
6987
6988
6989
6990
6991
6992
6993
6994
6995
6996
6997
6998
6999
7000
7001
7002
7003
7004
7005
7006
7007
7008
7009
7010
7011
7012
7013
7014
7015
7016
7017
7018
7019
7020
7021
7022
7023
7024
7025
7026
7027
7028
7029
7030
7031
7032
7033
7034
7035
7036
7037
7038
7039
7040
7041
7042
7043
7044
7045
7046
7047
7048
7049
7050
7051
7052
7053
7054
7055
7056
7057
7058
7059
7060
7061
7062
7063
7064
7065
7066
7067
7068
7069
7070
7071
7072
7073
7074
7075
7076
7077
7078
7079
7080
7081
7082
7083
7084
7085
7086
7087
7088
7089
7090
7091
7092
7093
7094
7095
7096
7097
7098
7099
7100
7101
7102
7103
7104
7105
7106
7107
7108
7109
7110
7111
7112
7113
7114
7115
7116
7117
7118
7119
7120
7121
7122
7123
7124
7125
7126
7127
7128
7129
7130
7131
7132
7133
7134
7135
7136
7137
7138
7139
7140
7141
7142
7143
7144
7145
7146
7147
7148
7149
7150
7151
7152
7153
7154
7155
7156
7157
7158
7159
7160
7161
7162
7163
7164
7165
7166
7167
7168
7169
7170
7171
7172
7173
7174
7175
7176
7177
7178
7179
7180
7181
7182
7183
7184
7185
7186
7187
7188
7189
7190
7191
7192
7193
7194
7195
7196
7197
7198
7199
7200
7201
7202
7203
7204
7205
7206
7207
7208
7209
7210
7211
7212
7213
7214
7215
7216
7217
7218
7219
7220
7221
7222
7223
7224
7225
7226
7227
7228
7229
7230
7231
7232
7233
7234
7235
7236
7237
7238
7239
7240
7241
7242
7243
7244
7245
7246
7247
7248
7249
7250
7251
7252
7253
7254
7255
7256
7257
7258
7259
7260
7261
7262
7263
7264
7265
7266
7267
7268
7269
7270
7271
7272
7273
7274
7275
7276
7277
7278
7279
7280
7281
7282
7283
7284
7285
7286
7287
7288
7289
7290
7291
7292
7293
7294
7295
7296
7297
7298
7299
7300
7301
7302
7303
7304
7305
7306
7307
7308
7309
7310
7311
7312
7313
7314
7315
7316
7317
7318
7319
7320
7321
7322
7323
7324
7325
7326
7327
7328
7329
7330
7331
7332
7333
7334
7335
7336
7337
7338
7339
7340
7341
7342
7343
7344
7345
7346
7347
7348
7349
7350
7351
7352
7353
7354
7355
7356
7357
7358
7359
7360
7361
7362
7363
7364
7365
7366
7367
7368
7369
7370
7371
7372
7373
7374
7375
7376
7377
7378
7379
7380
7381
7382
7383
7384
7385
7386
7387
7388
7389
7390
7391
7392
7393
7394
7395
7396
7397
7398
7399
7400
7401
7402
7403
7404
7405
7406
7407
7408
7409
7410
7411
7412
7413
7414
7415
7416
7417
7418
7419
7420
7421
7422
7423
7424
7425
7426
7427
7428
7429
7430
7431
7432
7433
7434
7435
7436
7437
7438
7439
7440
7441
7442
7443
7444
7445
7446
7447
7448
7449
7450
7451
7452
7453
7454
7455
7456
7457
7458
7459
7460
7461
7462
7463
7464
7465
7466
7467
7468
7469
7470
7471
7472
7473
7474
7475
7476
7477
7478
7479
7480
7481
7482
7483
7484
7485
7486
7487
7488
7489
7490
7491
7492
7493
7494
7495
7496
7497
7498
7499
7500
7501
7502
7503
7504
7505
7506
7507
7508
7509
7510
7511
7512
7513
7514
7515
7516
7517
7518
7519
7520
7521
7522
7523
7524
7525
7526
7527
7528
7529
7530
7531
7532
7533
7534
7535
7536
7537
7538
7539
7540
7541
7542
7543
7544
7545
7546
7547
7548
7549
7550
7551
7552
7553
7554
7555
7556
7557
7558
7559
7560
7561
7562
7563
7564
7565
7566
7567
7568
7569
7570
7571
7572
7573
7574
7575
7576
7577
7578
7579
7580
7581
7582
7583
7584
7585
7586
7587
7588
7589
7590
7591
7592
7593
7594
7595
7596
7597
7598
7599
7600
7601
7602
7603
7604
7605
7606
7607
7608
7609
7610
7611
7612
7613
7614
7615
7616
7617
7618
7619
7620
7621
7622
7623
7624
7625
7626
7627
7628
7629
7630
7631
7632
7633
7634
7635
7636
7637
7638
7639
7640
7641
7642
7643
7644
7645
7646
7647
7648
7649
7650
7651
7652
7653
7654
7655
7656
7657
7658
7659
7660
7661
7662
7663
7664
7665
7666
7667
7668
7669
7670
7671
7672
7673
7674
7675
7676
7677
7678
7679
7680
7681
7682
7683
7684
7685
7686
7687
7688
7689
7690
7691
7692
7693
7694
7695
7696
7697
7698
7699
7700
7701
7702
7703
7704
7705
7706
7707
7708
7709
7710
7711
7712
7713
7714
7715
7716
7717
7718
7719
7720
7721
7722
7723
7724
7725
7726
7727
7728
7729
7730
7731
7732
7733
7734
7735
7736
7737
7738
7739
7740
7741
7742
7743
7744
7745
7746
7747
7748
7749
7750
7751
7752
7753
7754
7755
7756
7757
7758
7759
7760
7761
7762
7763
7764
7765
7766
7767
7768
7769
7770
7771
7772
7773
7774
7775
7776
7777
7778
7779
7780
7781
7782
7783
7784
7785
7786
7787
7788
7789
7790
7791
7792
7793
7794
7795
7796
7797
7798
7799
7800
7801
7802
7803
7804
7805
7806
7807
7808
7809
7810
7811
7812
7813
7814
7815
7816
7817
7818
7819
7820
7821
7822
7823
7824
7825
7826
7827
7828
7829
7830
7831
7832
7833
7834
7835
7836
7837
7838
7839
7840
7841
7842
7843
7844
7845
7846
7847
7848
7849
7850
7851
7852
7853
7854
7855
7856
7857
7858
7859
7860
7861
7862
7863
7864
7865
7866
7867
7868
7869
7870
7871
7872
7873
7874
7875
7876
7877
7878
7879
7880
7881
7882
7883
7884
7885
7886
7887
7888
7889
7890
7891
7892
7893
7894
7895
7896
7897
7898
7899
7900
7901
7902
7903
7904
7905
7906
7907
7908
7909
7910
7911
7912
7913
7914
7915
7916
7917
7918
7919
7920
7921
7922
7923
7924
7925
7926
7927
7928
7929
7930
7931
7932
7933
7934
7935
7936
7937
7938
7939
7940
7941
7942
7943
7944
7945
7946
7947
7948
7949
7950
7951
7952
7953
7954
7955
7956
7957
7958
7959
7960
7961
7962
7963
7964
7965
7966
7967
7968
7969
7970
7971
7972
7973
7974
7975
7976
7977
7978
7979
7980
7981
7982
7983
7984
7985
7986
7987
7988
7989
7990
7991
7992
7993
7994
7995
7996
7997
7998
7999
8000
8001
8002
8003
8004
8005
8006
8007
8008
8009
8010
8011
8012
8013
8014
8015
8016
8017
8018
8019
8020
8021
8022
8023
8024
8025
8026
8027
8028
8029
8030
8031
8032
8033
8034
8035
8036
8037
8038
8039
8040
8041
8042
8043
8044
8045
8046
8047
8048
8049
8050
8051
8052
8053
8054
8055
8056
8057
8058
8059
8060
8061
8062
8063
8064
8065
8066
8067
8068
8069
8070
8071
8072
8073
8074
8075
8076
8077
8078
8079
8080
8081
8082
8083
8084
8085
8086
8087
8088
8089
8090
8091
8092
8093
8094
8095
8096
8097
8098
8099
8100
8101
8102
8103
8104
8105
8106
8107
8108
8109
8110
8111
8112
8113
8114
8115
8116
8117
8118
8119
8120
8121
8122
8123
8124
8125
8126
8127
8128
8129
8130
8131
8132
8133
8134
8135
8136
8137
8138
8139
8140
8141
8142
8143
8144
8145
8146
8147
8148
8149
8150
8151
8152
8153
8154
8155
8156
8157
8158
8159
8160
8161
8162
8163
8164
8165
8166
8167
8168
8169
8170
8171
8172
8173
8174
8175
8176
8177
8178
8179
8180
8181
8182
8183
8184
8185
8186
8187
8188
8189
8190
8191
8192
8193
8194
8195
8196
8197
8198
8199
8200
8201
8202
8203
8204
8205
8206
8207
8208
8209
8210
8211
8212
8213
8214
8215
8216
8217
8218
8219
8220
8221
8222
8223
8224
8225
8226
8227
8228
8229
8230
8231
8232
8233
8234
8235
8236
8237
8238
8239
8240
8241
8242
8243
8244
8245
8246
8247
8248
8249
8250
8251
8252
8253
8254
8255
8256
8257
8258
8259
8260
8261
8262
8263
8264
8265
8266
8267
8268
8269
8270
8271
8272
8273
8274
8275
8276
8277
8278
8279
8280
8281
8282
8283
8284
8285
8286
8287
8288
8289
8290
8291
8292
8293
8294
8295
8296
8297
8298
8299
8300
8301
8302
8303
8304
8305
8306
8307
8308
8309
8310
8311
8312
8313
8314
8315
8316
8317
8318
8319
8320
8321
8322
8323
8324
8325
8326
8327
8328
8329
8330
8331
8332
8333
8334
8335
8336
8337
8338
8339
8340
8341
8342
8343
8344
8345
8346
8347
8348
8349
8350
8351
8352
8353
8354
8355
8356
8357
8358
8359
8360
8361
8362
8363
8364
8365
8366
8367
8368
8369
8370
8371
8372
8373
8374
8375
8376
8377
8378
8379
8380
8381
8382
8383
8384
8385
8386
8387
8388
8389
8390
8391
8392
8393
8394
8395
8396
8397
8398
8399
8400
8401
8402
8403
8404
8405
8406
8407
8408
8409
8410
8411
8412
8413
8414
8415
8416
8417
8418
8419
8420
8421
8422
8423
8424
8425
8426
8427
8428
8429
8430
8431
8432
8433
8434
8435
8436
8437
8438
8439
8440
8441
8442
8443
8444
8445
8446
8447
8448
8449
8450
8451
8452
8453
8454
8455
8456
8457
8458
8459
8460
8461
8462
8463
8464
8465
8466
8467
8468
8469
8470
8471
8472
8473
8474
8475
8476
8477
8478
8479
8480
8481
8482
8483
8484
8485
8486
8487
8488
8489
8490
8491
8492
8493
8494
8495
8496
8497
8498
8499
8500
8501
8502
8503
8504
8505
8506
8507
8508
8509
8510
8511
8512
8513
8514
8515
8516
8517
8518
8519
8520
8521
8522
8523
8524
8525
8526
8527
8528
8529
8530
8531
8532
8533
8534
8535
8536
8537
8538
8539
8540
8541
8542
8543
8544
8545
8546
8547
8548
8549
8550
8551
8552
8553
8554
8555
8556
8557
8558
8559
8560
8561
8562
8563
8564
8565
8566
8567
8568
8569
8570
8571
8572
8573
8574
8575
8576
8577
8578
8579
8580
8581
8582
8583
8584
8585
8586
8587
8588
8589
8590
8591
8592
8593
8594
8595
8596
8597
8598
8599
8600
8601
8602
8603
8604
8605
8606
8607
8608
8609
8610
8611
8612
8613
8614
8615
8616
8617
8618
8619
8620
8621
8622
8623
8624
8625
8626
8627
8628
8629
8630
8631
8632
8633
8634
8635
8636
8637
8638
8639
8640
8641
8642
8643
8644
8645
8646
8647
8648
8649
8650
8651
8652
8653
8654
8655
8656
8657
8658
8659
8660
8661
8662
8663
8664
8665
8666
8667
8668
8669
8670
8671
8672
8673
8674
8675
8676
8677
8678
8679
8680
8681
8682
8683
8684
8685
8686
8687
8688
8689
8690
8691
8692
8693
8694
8695
8696
8697
8698
8699
8700
8701
8702
8703
8704
8705
8706
8707
8708
8709
8710
8711
8712
8713
8714
8715
8716
8717
8718
8719
8720
8721
8722
8723
8724
8725
8726
8727
8728
8729
8730
8731
8732
8733
8734
8735
8736
8737
8738
8739
8740
8741
8742
8743
8744
8745
8746
8747
8748
8749
8750
8751
8752
8753
8754
8755
8756
8757
8758
8759
8760
8761
8762
8763
8764
8765
8766
8767
8768
8769
8770
8771
8772
8773
8774
8775
8776
8777
8778
8779
8780
8781
8782
8783
8784
8785
8786
8787
8788
8789
8790
8791
8792
8793
8794
8795
8796
8797
8798
8799
8800
8801
8802
8803
8804
8805
8806
8807
8808
8809
8810
8811
8812
8813
8814
8815
8816
8817
8818
8819
8820
8821
8822
8823
8824
8825
8826
8827
8828
8829
8830
8831
8832
8833
8834
8835
8836
8837
8838
8839
8840
8841
8842
8843
8844
8845
8846
8847
8848
8849
8850
8851
8852
8853
8854
8855
8856
8857
8858
8859
8860
8861
8862
8863
8864
8865
8866
8867
8868
8869
8870
8871
8872
8873
8874
8875
8876
8877
8878
8879
8880
8881
8882
8883
8884
8885
8886
8887
8888
8889
8890
8891
8892
8893
8894
8895
8896
8897
8898
8899
8900
8901
8902
8903
8904
8905
8906
8907
8908
8909
8910
8911
8912
8913
8914
8915
8916
8917
8918
8919
8920
8921
8922
8923
8924
8925
8926
8927
8928
8929
8930
8931
8932
8933
8934
8935
8936
8937
8938
8939
8940
8941
8942
8943
8944
8945
8946
8947
8948
8949
8950
8951
8952
8953
8954
8955
8956
8957
8958
8959
8960
8961
8962
8963
8964
8965
8966
8967
8968
8969
8970
8971
8972
8973
8974
8975
8976
8977
8978
8979
8980
8981
8982
8983
8984
8985
8986
8987
8988
8989
8990
8991
8992
8993
8994
8995
8996
8997
8998
8999
9000
9001
9002
9003
9004
9005
9006
9007
9008
9009
9010
9011
9012
9013
9014
9015
9016
9017
9018
9019
9020
9021
9022
9023
9024
9025
9026
9027
9028
9029
9030
9031
9032
9033
9034
9035
9036
9037
9038
9039
9040
9041
9042
9043
9044
9045
9046
9047
9048
9049
9050
9051
9052
9053
9054
9055
9056
9057
9058
9059
9060
9061
9062
9063
9064
9065
9066
9067
9068
9069
9070
9071
9072
9073
9074
9075
9076
9077
9078
9079
9080
9081
9082
9083
9084
9085
9086
9087
9088
9089
9090
9091
9092
9093
9094
9095
9096
9097
9098
9099
9100
9101
9102
9103
9104
9105
9106
9107
9108
9109
9110
9111
9112
9113
9114
9115
9116
9117
9118
9119
9120
9121
9122
9123
9124
9125
9126
9127
9128
9129
9130
9131
9132
9133
9134
9135
9136
9137
9138
9139
9140
9141
9142
9143
9144
9145
9146
9147
9148
9149
9150
9151
9152
9153
9154
9155
9156
9157
9158
9159
9160
9161
9162
9163
9164
9165
9166
9167
9168
9169
9170
9171
9172
9173
9174
9175
9176
9177
9178
9179
9180
9181
9182
9183
9184
9185
9186
9187
9188
9189
9190
9191
9192
9193
9194
9195
9196
9197
9198
9199
9200
9201
9202
9203
9204
9205
9206
9207
9208
9209
9210
9211
9212
9213
9214
9215
9216
9217
9218
9219
9220
9221
9222
9223
9224
9225
9226
9227
9228
9229
9230
9231
9232
9233
9234
9235
9236
9237
9238
9239
9240
9241
9242
9243
9244
9245
9246
9247
9248
9249
9250
9251
9252
9253
9254
9255
9256
9257
9258
9259
9260
9261
9262
9263
9264
9265
9266
9267
9268
9269
9270
9271
9272
9273
9274
9275
9276
9277
9278
9279
9280
9281
9282
9283
9284
9285
9286
9287
9288
9289
9290
9291
9292
9293
9294
9295
9296
9297
9298
9299
9300
9301
9302
9303
9304
9305
9306
9307
9308
9309
9310
9311
9312
9313
9314
9315
9316
9317
9318
9319
9320
9321
9322
9323
9324
9325
9326
9327
9328
9329
9330
9331
9332
9333
9334
9335
9336
9337
9338
9339
9340
9341
9342
9343
9344
9345
9346
9347
9348
9349
9350
9351
9352
9353
9354
9355
9356
9357
9358
9359
9360
9361
9362
9363
9364
9365
9366
9367
9368
9369
9370
9371
9372
9373
9374
9375
9376
9377
9378
9379
9380
9381
9382
9383
9384
9385
9386
9387
9388
9389
9390
9391
9392
9393
9394
9395
9396
9397
9398
9399
9400
9401
9402
9403
9404
9405
9406
9407
9408
9409
9410
9411
9412
9413
9414
9415
9416
9417
9418
9419
9420
9421
9422
9423
9424
9425
9426
9427
9428
9429
9430
9431
9432
9433
9434
9435
9436
9437
9438
9439
9440
9441
9442
9443
9444
9445
9446
9447
9448
9449
9450
9451
9452
9453
9454
9455
9456
9457
9458
9459
9460
9461
9462
9463
9464
9465
9466
9467
9468
9469
9470
9471
9472
9473
9474
9475
9476
9477
9478
9479
9480
9481
9482
9483
9484
9485
9486
9487
9488
9489
9490
9491
9492
9493
9494
9495
9496
9497
9498
9499
9500
9501
9502
9503
9504
9505
9506
9507
9508
9509
9510
9511
9512
9513
9514
9515
9516
9517
9518
9519
9520
9521
9522
9523
9524
9525
9526
9527
9528
9529
9530
9531
9532
9533
9534
9535
9536
9537
9538
9539
9540
9541
9542
9543
9544
9545
9546
9547
9548
9549
9550
9551
9552
9553
9554
9555
9556
9557
9558
9559
9560
9561
9562
9563
9564
9565
9566
9567
9568
9569
9570
9571
9572
9573
9574
9575
9576
9577
9578
9579
9580
9581
9582
9583
9584
9585
9586
9587
9588
9589
9590
9591
9592
9593
9594
9595
9596
9597
9598
9599
9600
9601
9602
9603
9604
9605
9606
9607
9608
9609
9610
9611
9612
9613
9614
9615
9616
9617
9618
9619
9620
9621
9622
9623
9624
9625
9626
9627
9628
9629
9630
9631
9632
9633
9634
9635
9636
9637
9638
9639
9640
9641
9642
9643
9644
9645
9646
9647
9648
9649
9650
9651
9652
9653
9654
9655
9656
9657
9658
9659
9660
9661
9662
9663
9664
9665
9666
9667
9668
9669
9670
9671
9672
9673
9674
9675
9676
9677
9678
9679
9680
9681
9682
9683
9684
9685
9686
9687
9688
9689
9690
9691
9692
9693
9694
9695
9696
9697
9698
9699
9700
9701
9702
9703
9704
9705
9706
9707
9708
9709
9710
9711
9712
9713
9714
9715
9716
9717
9718
9719
9720
9721
9722
9723
9724
9725
9726
9727
9728
9729
9730
9731
9732
9733
9734
9735
9736
9737
9738
9739
9740
9741
9742
9743
9744
9745
9746
9747
9748
9749
9750
9751
9752
9753
9754
9755
9756
9757
9758
9759
9760
9761
9762
9763
9764
9765
9766
9767
9768
9769
9770
9771
9772
9773
9774
9775
9776
9777
9778
9779
9780
9781
9782
9783
9784
9785
9786
9787
9788
9789
9790
9791
9792
9793
9794
9795
9796
9797
9798
9799
9800
9801
9802
9803
9804
9805
9806
9807
9808
9809
9810
9811
9812
9813
9814
9815
9816
9817
9818
9819
9820
9821
9822
9823
9824
9825
9826
9827
9828
9829
9830
9831
9832
9833
9834
9835
9836
9837
9838
9839
9840
9841
9842
9843
9844
9845
9846
9847
9848
9849
9850
9851
9852
9853
9854
9855
0.881190367702823 0.4994286362278738 0
0.4998741262925615 0.8818913683412614 0
0.8209784955628293 0.594037596223193 0
0.5942436012999207 0.8214626204434541 0
0.7510978276776313 0.6814389651928853 0
0.0170786218374853 1.737159407354532 0
1.738899236143906 0.01769482618800333 0
0.01995120493837153 1.577124896406 0
1.575757575760773 0.01749546270281315 0
0.01665793467288684 1.899010499584632 0
1.898989898994891 0.01749546270281296 0
0.01749546270261874 2.060606060611277 0
2.062557540973009 0.01749644425076687 0
0.931127631415263 0.4000118494922192 0
0.4010274352397579 0.932314246473855 0
0.6695066740505179 0.7605238433752379 0
0.01659396090912459 2.20124790790383 0
2.20002692731248 0.01907455072458527 0
0.01749546270261874 2.34343434343799 0
2.34439227931224 0.01776214481042513 0
0.01679687874978063 1.435403218578447 0
1.433647894324899 0.01761632939603471 0
1.585310538915856 2.509660025407038 0
2.49958625147194 1.574941345679142 0
2.087508995483803 2.095229633168063 0
0.9655749822444728 0.3086607871913447 0
0.3109805174437323 0.9630584639284012 0
1.295591161546022 2.66589680643615 0
2.658021498487282 1.296068351281311 0
0.01908472743656453 2.4650969012129 0
2.465279111571569 0.01646366974406537 0
2.312601938287401 1.848513946957492 0
1.848318821165109 2.313641882262286 0
0.9898410543705853 2.788193257260784 0
2.789394426048135 0.9903001687895729 0
0.01650278431564331 1.313210233731124 0
1.313145878928046 0.0168475214861641 0
0.9882777717180732 0.2314637187760609 0
0.2311017487053561 0.9867952987534845 0
0.7194714333114458 2.872948520790563 0
2.868931714518176 0.7157920700624203 0
0.01736295424850988 2.565346025954639 0
2.565875974567733 0.01654365644152096 0
0.01831485348464284 2.666749609299321 0
2.666393306351941 0.01745006253535756 0
0.01607716569723749 1.211753129190003 0
1.21212121212239 0.01749546270281296 0
0.9999540173126578 0.1690094516839794 0
0.1682243772751315 0.9991105324847696 0
2.914156479463114 0.4888776789148527 0
0.4906384681881604 2.917718431575436 0
0.01639628106821589 1.656975048425195 0
1.654578922376899 0.01623770214707513 0
0.01903788094587094 1.817894851307356 0
1.818775281204096 0.01818129954809277 0
0.01749546270275767 1.979797979803413 0
1.979513407795844 0.01945934245781257 0
0.01939582968567627 2.747314566755245 0
2.750508315719234 0.02171908063677192 0
1.130301986922042 0.01839379599646916 0
0.01770176398169764 1.130888937560256 0
2.941770848688966 0.3027604169871788 0
0.3116045873808668 2.947471894499862 0
0.4428147031247313 0.9121303854036102 0
0.9120260353063864 0.4430187533854738 0
0.3530547004080453 0.950744479006979 0
0.9504054505106672 0.352312099026207 0
0.8571075143267108 0.5412700220516768 0
0.5412700192512238 0.8571075160190523 0
0.7903431516837253 0.6317283256985676 0
0.6323911032149542 0.7941430154235022 0
0.7169597179042896 0.7154218389064183 0
1.008715166915614 0.1218590924677974 0
0.1200666942588574 1.005595828117177 0
0.01788310491841959 2.826322500374574 0
2.826957044758937 0.016262696032012 0
0.01746235441482462 1.376492163780944 0
1.372906347837477 0.01639160903533347 0
0.01632036303923865 1.494918575492642 0
1.49539058551895 0.01567364912787559 0
0.01749546270261874 2.121212121217002 0
2.120619818336496 0.01605803362965971 0
0.02095115764627998 2.261805512449948 0
2.262626262630359 0.01749546270261874 0
0.01661993097066388 2.403843480239253 0
2.404345249945983 0.01702256422435813 0
1.121343150040181 2.738396480333395 0
2.833661750903269 0.8592282831936605 0
0.8557475527205398 2.834747627230975 0
2.731758809032907 1.123910801432584 0
1.417945976234875 2.596774183648242 0
2.598076984818021 1.418399189085467 0
1.697297109740472 2.415784775140413 0
2.426120647589322 1.698167389681696 0
2.189039469201393 1.992309684119392 0
1.989690827753211 2.192319114334228 0
1.010254066398437 0.07224829431309715 0
0.07230450371505426 1.010521142313526 0
0.01573190866934197 2.888230831114952 0
2.890342917772657 0.0179988360546674 0
0.1614764597290871 2.956417697028714 0
2.950451048855348 0.1652345768377468 0
0.01729748463696621 1.070435963773865 0
1.070419529460572 0.01729327463527474 0
0.2778143654033376 0.9756325310423557 0
0.9725315452212581 0.2774027772113625 0
0.4720714295062857 0.8958631394565544 0
0.8967779087748284 0.4732005666182627 0
0.9938887892796369 0.1998716301736923 0
0.5696881670982344 0.8391948642315703 0
0.8396311876468152 0.5673439116258239 0
0.7708076863485452 0.6585669290027396 0
0.1997011660682266 0.9935932559963714 0
0.6923731819031718 0.7398110689009816 0
0.01733556087138857 1.170629245508599 0
1.171768890980158 0.01712200880719883 0
0.0165452420182662 1.250834032492328 0
1.252402668266785 0.01741079937284521 0
0.01773587771014382 1.53369004755271 0
0.01683067619934602 1.613089071336136 0
1.535357146204931 0.01706313272858791 0
1.618316394811942 0.01977910518601292 0
0.01749546270281296 1.696969696973567 0
1.69681654994277 0.016541344073537 0
0.0186112889590252 1.779133371968191 0
1.77703305431632 0.01874180986915068 0
0.01774096550968942 1.859380372489945 0
0.01741406163798601 1.938692732424173 0
1.858659700828708 0.01704583356997419 0
1.941272759186979 0.01960054123116326 0
0.0200061163023229 2.020736353643629 0
2.018413464363712 0.0199783942326641 0
0.01583737584034019 2.161736787343842 0
2.164996941121904 0.01981794404170032 0
0.01649738432429321 2.303349702576106 0
2.301727139316986 0.01854228592115795 0
0.01668227581675124 2.502820389224795 0
2.505559448027207 0.01707716040969123 0
0.01798108511847506 2.605229307289231 0
2.606969350941607 0.0177158261242445 0
0.01749546270261874 2.707070707072329 0
2.706633343729045 0.01786873053005539 0
0.3899716264510371 2.930384835066299 0
2.929279153208999 0.394093169680212 0
0.5815020213390116 2.904385048117997 0
2.900682538489562 0.582964631703044 0
1.207669538507409 2.701419492633101 0
2.705585372644592 1.202261185266984 0
0.01977844578898838 2.788018543969407 0
2.788572225815777 0.02043578274940131 0
1.50088897966171 2.552654870157228 0
2.552676034096875 1.497267111617544 0
2.368784808029728 1.776141526494703 0
1.919933352170185 2.251353614344205 0
2.251875982472465 1.91739610509056 0
1.766991858180034 2.36431266339281 0
0.01875733321166055 2.92929292929334 0
2.929592768079486 0.02328183169539487 0
0.04019983049580798 1.012911892187258 0
1.012911892256144 0.04019983071326524 0
2.963772873062076 0.06770589620633564 0
0.07182755821748769 2.963157522038247 0
1.029084286154149 0.01692905715914356 0
0.01700976545939907 1.029420038150383 0
0.01846116891098646 2.976661052815376 0
2.96949202699502 0.01682750482077467 0
0.1166219264441297 2.962691447339505 0
0.131890790078994 2.92317843157006 0
0.1759928139354223 2.917280903807958 0
0.1527837826701834 2.887077142881321 0
0.1884016436824714 2.879771290361644 0
0.1645216812484629 2.850551139206488 0
0.2003040795772912 2.844568673275967 0
0.1779333778286091 2.817471316073561 0
0.2117231522650881 2.811708057375164 0
0.1899663481305235 2.786521868822077 0
0.222993077386648 2.779891046061618 0
0.2027376897301218 2.755706888793541 0
0.234326694856461 2.748619247693458 0
0.2144168686011169 2.72403626946729 0
0.2443814635914092 2.71750313550999 0
0.2242897979915975 2.692852264154828 0
0.254809364124398 2.687030708173996 0
0.2374015977344298 2.662192472297932 0
0.2667756419009294 2.657358182541005 0
0.2477172496174273 2.632534704276211 0
0.2773984636162298 2.62782530668413 0
0.257080331316017 2.604099350803111 0
0.2876428677639798 2.598719307104355 0
0.2676288495002214 2.575496925589393 0
0.297934493214199 2.569897412276202 0
0.2781869207910798 2.546756649255474 0
0.3081992531658186 2.541237764530916 0
0.2887274418676757 2.518198440686948 0
0.3184165839280539 2.512778233824679 0
0.2989465442884292 2.490044054302924 0
0.3285327483055707 2.484547824116792 0
0.3092182100889929 2.46187280171495 0
0.3386113676070742 2.456466420975581 0
0.319673209836768 2.43484098643246 0
0.3486716060547635 2.428699120829832 0
0.3301604460292448 2.406935537467047 0
0.3586999506174059 2.400940721649241 0
0.340144819383951 2.37821090669445 0
0.3686045275244526 2.373143018702225 0
0.3497391362971478 2.35082061652863 0
0.3784212500751487 2.345660256262087 0
0.3596457023893017 2.32349684773906 0
0.3870098800847155 2.317876486193572 0
0.3694769985288086 2.296104015765965 0
0.3965774943998873 2.290543535027172 0
0.3791314790192387 2.268976977998626 0
0.4064755568737851 2.263478026479616 0
0.3891336600787106 2.241902781287478 0
0.4162181968933897 2.23645444286665 0
0.3989062354587609 2.214969796962771 0
0.4261395904321426 2.209650342856579 0
0.4085885548156239 2.188125930160516 0
0.4358881932569332 2.182927325025845 0
0.4182790779710895 2.161476426177697 0
0.4454425555007382 2.156325890952986 0
0.4279174702290067 2.135029337709472 0
0.4552513228856992 2.129980081985908 0
0.4374489553462879 2.108745522200747 0
0.4647106237896197 2.103680379647113 0
0.4469667123610677 2.082520577914719 0
0.4742790164732584 2.077604784780494 0
0.456446656849435 2.056494052672268 0
0.4837057850870286 2.051766154587892 0
0.465869247082023 2.030607570191667 0
0.4930218343636861 2.025856715143162 0
0.4752273152885933 2.004835665218592 0
0.5030209683596626 1.999837301731743 0
0.4846536482017917 1.979158558794098 0
0.5122632448441933 1.974015062799309 0
0.4939281444942692 1.953633215906324 0
0.5204466146034095 1.948628354370894 0
0.5034354622147614 1.928435152681476 0
0.5285879774052397 1.924247651689722 0
0.5125061803924413 1.903392486063003 0
0.536350914484461 1.898901574271388 0
0.5209233445930266 1.87819613820067 0
0.5457861382007378 1.873121659857715 0
0.5300921268906372 1.853172397210542 0
0.5558036722753306 1.848490337862995 0
0.5392140536919729 1.828542657669496 0
0.5648024643207239 1.823836353909028 0
0.5480004583327105 1.803992410739671 0
0.5735606464420395 1.799311345138936 0
0.5568404389840778 1.77958952513147 0
0.5825011414177129 1.775841460889235 0
0.5991766672933734 1.794791946693505 0
0.6078717142007303 1.77011651194705 0
0.5481374839224101 1.947101874130091 0
0.6249181923160514 1.79007540296461 0
0.6339800616916761 1.766266651862225 0
0.5650280326000015 1.757081039403466 0
0.6502142247243596 1.78531693290763 0
0.6598762770250188 1.760354096464539 0
0.6766877612554016 1.780168546032325 0
0.6862484648528807 1.755023670874342 0
0.7041160964448478 1.775639059888283 0
0.7130919560057796 1.750243747326265 0
0.7308997512842605 1.771134098638238 0
0.7399854741713912 1.745303874216923 0
0.7222123177794859 1.724566932977096 0
0.749030837354006 1.71949707677865 0
0.73131164909109 1.698814459694683 0
0.758081364575955 1.693659022118426 0
0.775825813152352 1.714363644223474 0
0.7849117214700093 1.688535169967292 0
0.7670535481271854 1.667867679548444 0
0.7938059686203297 1.662581678185564 0
0.811797783460393 1.683292443597147 0
0.8207664613308611 1.657175544038996 0
0.8390559986705304 1.678077202830494 0
0.8479451854758158 1.65178648154858 0
0.8296660010585362 1.630995976364372 0
0.8567374837901794 1.625522597253594 0
0.8752368148915304 1.646364954792649 0
0.8840278890917187 1.6198698912851 0
0.9042439737855839 1.641326545763838 0
0.9133066988692582 1.614698760762683 0
0.8931515205432397 1.593203698927881 0
0.9206943761064577 1.587494102509985 0
0.9420366682048513 1.610319914544139 0
0.9484323302175374 1.581870134027421 0
0.928984180054987 1.5605918744913 0
0.9565612051456509 1.554737257678706 0
0.9756686673237609 1.575705954977407 0
0.9841631155755446 1.548561210986404 0
1.003477950854907 1.56965295517757 0
1.012057293914283 1.542395794732137 0
0.992847677368617 1.521487014917318 0
1.020595688683761 1.515164943195851 0
1.039544053152513 1.536020528080004 0
1.048408984043335 1.508798463764814 0
1.028641037170583 1.490340317526594 0
1.057128720876048 1.483256198182254 0
1.076402661659742 1.502371373925201 0
1.084784254755595 1.475223915539768 0
1.065131212960439 1.454025830749542 0
1.093067300546466 1.447395953977474 0
1.112736973001895 1.468370290391931 0
1.121055695492145 1.440599306335558 0
1.14090210845771 1.461717247757979 0
1.149095547076791 1.43388972639294 0
1.129273222208711 1.412904098450917 0
1.157198400091796 1.406137555351993 0
1.137371322983452 1.385449996785249 0
1.165253432023845 1.378622432835085 0
1.185113924930772 1.399306027221116 0
1.193143824157379 1.371637216226521 0
1.173446029271024 1.350448947955974 0
1.201073002135715 1.343864868260303 0
1.221049994532997 1.364337454910603 0
1.22894480623774 1.336808884677029 0
1.209179964210877 1.315763652813467 0
1.236811558345122 1.308835602708006 0
1.256809102487492 1.32959598680654 0
1.264471685162368 1.301738855062722 0
1.244427873326029 1.281177838240577 0
1.271966794296796 1.274003363802117 0
1.251792960634538 1.253833522298387 0
1.279332065261241 1.246468165114091 0
1.299564064976013 1.266637466114897 0
1.30695796934383 1.238992898334831 0
1.286707153330677 1.218808329188864 0
1.314293473934993 1.211176953140471 0
1.334647728347358 1.231486525028819 0
1.341799155182778 1.203690256676162 0
1.321532985557223 1.183559448431298 0
1.348886793630942 1.176035667438985 0
1.328665085424716 1.156268997637456 0
1.355836573548838 1.148613727187414 0
1.376227142949171 1.168433339560117 0
1.383107422665197 1.140848193074688 0
1.36279963978691 1.121129751037967 0
1.389913071601278 1.113378662813457 0
1.369656349809965 1.093949480135772 0
1.396616362588425 1.086132593340319 0
1.416989901122731 1.105629647210805 0
1.42365266913474 1.078238850148113 0
1.403326617598847 1.05879476270046 0
1.430163136581486 1.050960302130943 0
1.409974001182906 1.031822930780376 0
1.436609077777483 1.023937134763292 0
1.416641007073612 1.004904883928971 0
1.443117431038009 0.997048272215503 0
1.463198346332321 1.01610144398526 0
1.469536194970575 0.9891247251695875 0
1.449487370441321 0.9702077188819429 0
1.475793491597393 0.9622554207622719 0
1.455843852643626 0.9436219211424955 0
1.481911809593007 0.935673656352782 0
1.46214480278731 0.9171816255640655 0
1.488006396312252 0.9092676915396229 0
1.468392551117166 0.890923415977342 0
1.49411274297396 0.8830476690704412 0
1.513144297062848 0.9009359102350871 0
1.519615134930668 0.8747266027562264 0
1.500087173869985 0.8568046977934637 0
1.525911260580418 0.8493776459172542 0
1.545485301901691 0.8668831362553731 0
1.551946274274417 0.8422003508356963 0
1.571500019481217 0.8592653265557568 0
1.577961250132072 0.8342123024637997 0
1.597631931631597 0.851319207607482 0
1.603533455437508 0.8243010171993654 0
1.506086586380895 0.8307506439139797 0
1.623875622718376 0.8430135905252134 0
1.629833964428419 0.8155574860500245 0
1.650384084679728 0.8347370755384189 0
1.656694627702907 0.8080593277984467 0
1.677171981916237 0.8266272354056985 0
1.683544322794994 0.7997724964326324 0
1.637386826370968 0.7883493957115055 0
1.704147557787781 0.8183734162479197 0
1.710351519001089 0.790773777002598 0
1.731289057729256 0.809931950309753 0
1.737544953612727 0.7821172789854911 0
1.724953435416058 0.8378223794862618 0
1.758599440832892 0.801406272968419 0
1.765005168869343 0.7733955661126913 0
1.786225803139665 0.7929178749780418 0
1.792511214483956 0.7646911939920705 0
0.4918697643591857 2.099961411177216 0
1.771335264867267 0.7452973762830797 0
1.798716888864731 0.7363655777224049 0
0.4458754059936896 2.230699792745518 0
1.820066600652611 0.7559797171073848 0
1.826228247778841 0.7275017876261397 0
1.778235626035483 0.7162234517270867 0
1.847386695711996 0.7461182164024117 0
1.853851808831182 0.7185891473281929 0
1.875334388564717 0.7377700575887444 0
1.881833739546467 0.7096383761618206 0
1.90329600887304 0.7284393901293026 0
1.909996358610309 0.7004557161547751 0
1.931873217768065 0.7206057758056378 0
1.938167365083225 0.6915357867986055 0
1.923715375605136 0.7509695307387961 0
1.916306910643728 0.6717341010643685 0
1.944361389722849 0.6627320400296185 0
1.966299479560992 0.6823545322729134 0
1.972480630074973 0.6534981536096247 0
1.923319674477932 0.6426427770990542 0
1.994586784491721 0.673241026802728 0
2.000719607068064 0.6441251493680905 0
2.023069064152123 0.6640595158966769 0
2.029239990157604 0.6346645336630475 0
0.5402989665393932 1.760193992644247 0
0.5481623924023442 1.736944511999979 0
2.051705891385422 0.6547172023913997 0
2.058042553092906 0.6251286638864032 0
0.524143006656431 1.740310282848531 0
0.5325289436247787 1.71691575546163 0
2.080639123149942 0.6453733217544489 0
2.086814105722945 0.6155953993748275 0
2.064321816680824 0.5955473354792677 0
2.092828719185704 0.5859405048536963 0
0.508178077032535 1.7211292168119 0
0.5165267260823092 1.697853167724836 0
2.115571979136737 0.6060522873576581 0
2.121504642640172 0.5762440016511181 0
0.4930931652068192 1.701540824783374 0
0.5006831747405405 1.679034809362334 0
2.070372714059475 0.5662086489305015 0
0.4770852103751139 1.68304036870265 0
0.4849450587120403 1.660568337505667 0
2.144419832683162 0.5963617857264989 0
2.150605682765932 0.5663994948468212 0
0.3974157058965051 2.364746830119263 0
0.4620520320543427 1.664217756375846 0
0.4694772422372251 1.64228317517381 0
2.173533454074723 0.586690808064717 0
2.179779919402386 0.5564913844280396 0
0.4461410902615401 1.646472239652897 0
0.4540159530852429 1.62433308696913 0
0.4373174561567419 1.665925853415492 0
0.4772302856046378 1.934151788354686 0
0.4299382126407539 1.628190256719979 0
0.4377703464042175 1.606116460759653 0
0.4616021965816097 1.60224861088013 0
0.4465245557308003 1.584558662219057 0
0.4695521924494074 1.580407733336614 0
0.4545413305786957 1.562829789876214 0
0.4772590298500416 1.558662313692527 0
0.4623693535514182 1.541161650638458 0
0.4849500266141498 1.536999457386579 0
0.4701365697141482 1.519594255494547 0
0.4925186637132944 1.515435175924908 0
0.4789065951704732 1.498485928421169 0
0.5002069665190515 1.493995356146238 0
0.4866325484655495 1.477027371028789 0
0.5078446496639751 1.472716493952332 0
0.4943348093644029 1.455717658726513 0
0.5153207861133884 1.451492307496393 0
0.5009769668079269 1.434501863924811 0
0.5226435329453401 1.430393977329047 0
0.5083473378352291 1.413498733972757 0
0.5300644231830286 1.409446046184047 0
0.516633860897674 1.393001294849644 0
0.5375649333768556 1.388615001584744 0
0.4964965841301915 1.397085160203279 0
0.5239575182164096 1.372129986471419 0
0.5449789321853284 1.367976347884488 0
0.5317657857275435 1.351665645984022 0
0.5523282796080733 1.347444614577295 0
0.5383062080370882 1.330953575494388 0
0.5593455515006678 1.326964452128375 0
0.5454527811973637 1.310605650311511 0
0.5664229010713913 1.306673153554929 0
0.4595883610171939 1.502274352322472 0
0.5527261727175846 1.290437855293563 0
0.5736094436122184 1.286584427233047 0
0.5329773175206274 1.294271997531504 0
0.559928207549956 1.270425826830754 0
0.5807063641921746 1.266592878589256 0
0.5945351046776568 1.282754803006957 0
0.6015934822912623 1.262668257949151 0
0.6155763916704967 1.278895899180691 0
0.6226353130044122 1.258685832555153 0
0.6087309261549196 1.242586003480003 0
0.6296818441440897 1.238513504528381 0
0.6436502287247237 1.254643205031346 0
0.6506483220266999 1.234415506636165 0
0.4207571409275619 1.58750683616961 0
0.6366764425698239 1.218344903970196 0
0.6575310833396738 1.214196375605967 0
0.6716866852185773 1.230324714711003 0
0.6785500911141824 1.209971120850101 0
2.202829416431136 0.5769042106193958 0
2.208829919286817 0.5465412882300265 0
2.185846858196273 0.526368188337647 0
2.214785219412873 0.5164150217228666 0
0.6928650686129351 1.226162917734651 0
0.6997325823399022 1.205687221090718 0
0.6853101551196722 1.186180079775583 0
0.7065495670683232 1.185243834842213 0
0.7208840060439893 1.201342860181715 0
0.7271318272269394 1.180664290116785 0
0.7152248495185118 1.165982874206521 0
0.7354075588354416 1.160751770175959 0
0.7488246577958755 1.176373286121318 0
0.7554299765954215 1.15478440658614 0
2.237822851927984 0.5364177731621573 0
2.243746643570697 0.5063102281165941 0
1.442745362098369 0.8986953295446016 0
2.191882206024527 0.4966611194868191 0
0.7435291413942975 1.140920992736218 0
0.7635361280395316 1.135594188951725 0
0.7765279346667762 1.150334421175865 0
0.783387079070945 1.130522748128469 0
0.7699582749458461 1.115105395584974 0
0.7900406376202099 1.1106650409929 0
0.8044088676265272 1.126037212857624 0
0.8109863666398183 1.105931233224017 0
0.3572860090655933 2.478928359105779 0
0.8256238362628469 1.121333982817545 0
0.8320152514323969 1.100488429735346 0
0.8174088034411442 1.084608766009687 0
0.8383814230352011 1.079556629882435 0
0.8532662439445582 1.095510597524921 0
0.8591089702551202 1.074415109889645 0
0.8446169158329034 1.058637831177361 0
0.8652261990911684 1.053533388834589 0
2.07442910001938 0.6754628756174244 0
2.266933482705879 0.5263778792813434 0
2.272866364325999 0.4960808649483748 0
0.8509076313437635 1.037911738495659 0
0.8718013007880488 1.032938809873616 0
0.885557804731458 1.049177811209074 0
0.8927296323130525 1.027951754667224 0
0.8777775073719827 1.012491078285296 0
0.8989429744407588 1.007137269794771 0
0.9138548929630865 1.022659183444438 0
0.9198089497871772 1.001817937956116 0
0.9038638250470359 0.986725398678813 0
0.925180253920253 0.9812615901473314 0
0.9404818548846174 0.9968304550060032 0
0.9466837584676538 0.9757624709399757 0
0.9306161069436112 0.9609795491405202 0
0.9524794934445504 0.9549632229943558 0
0.4391028285491073 2.035134124112457 0
0.9678567968930404 0.9703318788763209 0
0.9735730650996973 0.9493573480748273 0
0.9584147143182824 0.9340353289336207 0
0.9792252806158477 0.9284877132108976 0
0.9640760062078717 0.9133248437514003 0
0.984788231690915 0.9077588764795512 0
1.000031433042219 0.9229382492167733 0
1.005547096831581 0.9021312733537292 0
0.9903468171669451 0.8870464170506407 0
1.010982618162534 0.8814041353761396 0
0.9959050779085047 0.8663787660350271 0
1.016442315239698 0.8607001683980965 0
1.031464055702176 0.8756971707443499 0
1.036738877505501 0.8549916799277484 0
1.021788021615496 0.8400807480547459 0
1.041993113191927 0.8343699496876683 0
1.027154535099819 0.8196285206991819 0
1.04719597163447 0.8138988689245303 0
1.032462595053064 0.7992651926032892 0
1.052534061327568 0.7936118533726196 0
1.057681993473621 0.8474146372281988 0
2.296138992723894 0.5163148256442746 0
2.302165335252365 0.4857781625412246 0
1.037671149853408 0.7790599093071435 0
1.05767806373372 0.7734313951130654 0
0.5590840866374772 1.385529908323837 0
1.043077677520237 0.7598231462979879 0
1.062822631560118 0.7532859832633589 0
1.077674732655349 0.7677761010842017 0
1.082795560805319 0.7476190293692966 0
1.067930099221534 0.7328614515095477 0
1.087843900815221 0.7273313683431334 0
1.102796011352122 0.7418764322526339 0
1.107797767331207 0.7216086494795166 0
1.092816575755386 0.7071725000330682 0
1.112721824444566 0.7013857356093904 0
1.097732351450738 0.6870342770884227 0
1.11763787083622 0.681103709619485 0
1.132764763703394 0.6955618444315156 0
1.13762756737746 0.6752083667697698 0
1.122495013287262 0.6608125007181176 0
1.14244345242695 0.6548752262627248 0
1.12730590322016 0.6405603598392033 0
1.14725436444529 0.6344812409183282 0
1.162527209593748 0.648900315128969 0
1.167279236560643 0.6284396481432971 0
1.152006000856336 0.6140841623379976 0
1.171987767782491 0.6080054764704688 0
1.156668041361283 0.5938259984579388 0
1.176643177163352 0.5876271514023168 0
1.190960384809942 0.6008189327477816 0
1.196303440592883 0.5803360074521825 0
1.181050108054436 0.5670719065601599 0
1.201146858887596 0.5606129742922811 0
1.215258868321359 0.5729688840390144 0
1.220183692128461 0.5537879470191971 0
1.205406159048477 0.5401277124662909 0
1.225611048595594 0.5335906712639321 0
1.239260808572344 0.5462165375808555 0
1.244743262078611 0.5265499394688922 0
1.229910391476424 0.5129264019393951 0
1.250175347827463 0.5062380275121654 0
1.26501398627751 0.5225607500789112 0
1.269604969356942 0.4995343242543302 0
1.254438582778184 0.4855373228238058 0
1.274755289128102 0.4787186204407033 0
1.28910886319566 0.491968109635765 0
1.294976861943828 0.4717314646095458 0
1.279290592479912 0.4577282660818788 0
1.299463098158277 0.4504813914481923 0
1.315781277582077 0.4656509576573929 0
1.319837151176889 0.4433718438514496 0
1.336364207300431 0.4588676868855466 0
1.340440190258913 0.4368096943449275 0
1.356894918341586 0.451271980679069 0
1.361076288304897 0.4295069569317096 0
1.377645258070916 0.4441246423037014 0
1.381869126383173 0.4222994837374786 0
1.398548774238036 0.4370371897427741 0
1.402820144513554 0.4151017439644895 0
1.419589899288668 0.4299274122662984 0
1.283295078588794 0.436408426591745 0
1.423889501583727 0.4078661402186419 0
1.440751799577346 0.4227699150411274 0
1.445092461533385 0.4008361917171198 0
1.462035830331752 0.4156175260519699 0
1.466421182146821 0.3933916395215363 0
1.483405865452212 0.4082893494385685 0
1.48785663790618 0.3861303098853097 0
1.504892826679653 0.4010577290234659 0
1.509368539101773 0.3787838148076007 0
1.526498814604839 0.3937152741062574 0
1.386171048702149 0.4003665300272951 0
1.531001888586596 0.3713690619673942 0
1.548191525169399 0.3863425482915719 0
1.552722623053622 0.3639245473101096 0
1.56998589405219 0.3789639135765228 0
1.574431802430211 0.3564064721704238 0
1.591852809658205 0.371547660032841 0
1.596404640870813 0.348994588646719 0
1.613831533948149 0.3641240800643472 0
1.470943202137814 0.3710395189150575 0
1.436378693072508 0.4448491697597312 0
1.618451358646206 0.3413942765809439 0
1.635894100766175 0.3566571738880736 0
1.640529089690848 0.3338398086733703 0
1.658021041015971 0.349165284617478 0
2.326063804774345 0.5062213963058865 0
2.331626956677995 0.475425034485898 0
2.31983437697908 0.5374679947222563 0
2.308001713924422 0.4553131930891419 0
2.336934157699269 0.4450563138150663 0
1.543757676235292 0.4090745228886516 0
1.662651985071494 0.3263321994570306 0
1.680255597736778 0.3417885846437753 0
0.4002579965701521 2.139641696245312 0
2.313830249390445 0.4254482038379815 0
2.342406765728762 0.4151823550102334 0
2.365501077186572 0.4348276662071589 0
2.370926457900972 0.40482550693257 0
1.684866443693253 0.3187796818069027 0
1.702527107335023 0.3342805701508514 0
1.556917927000051 0.3413546332478863 0
1.017424499508448 0.786257868416852 0
1.707042625995276 0.3112173328964535 0
1.724876650573261 0.3266922571300764 0
2.394136630366624 0.4244502171879717 0
2.399769551538405 0.3943009015446198 0
1.629951649603635 0.380279477075809 0
1.489888045780949 1.008162424246428 0
2.319526299295757 0.3960281566195811 0
0.7214752727094431 1.797100731305526 0
1.72028689709293 0.3500135012896342 0
1.742881941251506 0.3423502999070507 0
1.74742479805437 0.318838241300825 0
1.765522209045173 0.3345455876455363 0
1.770152106843106 0.311010574694622 0
1.788252738474345 0.3267447131169179 0
1.792884821105586 0.3031610607852159 0
1.810987916744406 0.3189127210726545 0
2.423147846551414 0.4141408531401157 0
2.428820085536822 0.3836863346937805 0
1.815573973753296 0.2953302670515785 0
1.833780194681541 0.31106274101301 0
0.3575186681506052 2.24532819174549 0
1.645134285844059 0.3109944945570855 0
0.5303225804065932 1.467366823953992 0
1.838366496629075 0.2874561149443815 0
1.856632721136466 0.3032668135681755 0
1.738272740654451 0.3659506467645398 0
2.452330580573725 0.403654504903335 0
2.457644526681089 0.3730288729287255 0
1.861129403081281 0.2795528535683544 0
1.87949552634493 0.2953635384633905 0
2.434245853041201 0.3533886978801649 0
2.463304889106539 0.3422268678168342 0
0.3180075728947905 2.593266727847089 0
1.874942762433053 0.3193433257455359 0
1.898102427838965 0.3113375683152219 0
1.902374186497215 0.2873075941694289 0
1.921278062496855 0.3032546729862014 0
1.925605237286014 0.2791586137706303 0
1.944456249335151 0.2949920312585155 0
2.48633471067021 0.3620937981471724 0
2.492279180304915 0.3308830702366595 0
1.949023794323328 0.2709548648234193 0
1.967731434756426 0.2868147008905081 0
2.196742038999699 0.6075765834460125 0
0.3214880405828857 2.355660855114623 0
1.797481833646366 0.2797554151067415 0
1.972199335412963 0.2627979225637559 0
1.990939435797312 0.278633524735196 0
2.440696045683632 0.3225824304348016 0
2.515466887212973 0.3512671979304334 0
2.520838620702438 0.3203218543431491 0
1.995477593312558 0.254626780445239 0
2.014238021249513 0.2706190647503264 0
1.89356870805806 0.3355945208969793 0
1.616811465097241 0.870302219662205 0
0.5234968568459586 1.675035198986784 0
2.018950951335253 0.2464912973499786 0
2.037526176534568 0.2624710640676519 0
2.544649914660846 0.3405071991201062 0
2.549604897128675 0.3096075424139009 0
2.446962855854796 0.4347683410763613 0
2.042248779608054 0.2383538434462948 0
2.060812276005784 0.2543967448397324 0
0.290972751224593 2.44129785252236 0
1.929094851990584 0.2551145109609521 0
2.00952773337649 0.2943967365636604 0
2.065409746080127 0.2301889104559805 0
2.084220753608239 0.2461501227423432 0
2.525917987831836 0.2900552055858782 0
2.554043003646286 0.2794945542924169 0
2.578042239625583 0.2983432268063957 0
0.4841257145948155 1.72102742805725 0
1.390225446007434 1.012573102657083 0
0.7489366266227375 1.79228113427034 0
0.7398538261147904 1.818374538615246 0
0.7673940880425318 1.813689957049275 0
0.7585392587023545 1.8399351003833 0
0.7862118345618742 1.835449198064397 0
0.7771891609930712 1.862166823464376 0
0.8053054253753383 1.857637807508201 0
0.7964111877744162 1.884582307403777 0
0.8245513500367633 1.880192286159804 0
0.8143047302625015 1.908601568906979 0
0.84413048376596 1.903308012679974 0
0.835026713514335 1.931230693210946 0
0.8644987794344932 1.926613085423658 0
0.8537467367473287 1.956001545140036 0
0.8847986998578492 1.950572226101109 0
0.8740166844051385 1.980565912139534 0
0.9055922038484354 1.974898131532217 0
0.8955708267752303 2.004580121494364 0
0.9269917367768958 1.999373363895221 0
0.915607016527319 2.030440947337173 0
0.9485057753591458 2.024540676791981 0
0.9380659520441399 2.055404541709162 0
0.9704569392612028 2.05012482463666 0
0.9817311004136478 2.018253777438948 0
1.003854124658902 2.044166383277157 0
1.015440503967502 2.012766749619117 0
1.037567378621629 2.03805181526894 0
1.049384953127068 2.00646143879606 0
1.071809524291477 2.031875145157171 0
1.083398851479878 1.998953175202883 0
1.106208161845158 2.025128024518908 0
1.118064199888424 1.992249783708713 0
1.14100938730433 2.018693921272623 0
1.152988049102977 1.985572170230994 0
0.9595800302395807 2.082200929359618 0
1.097273587912401 2.057446969540369 0
1.176074379336384 2.011953885364126 0
1.18821183937898 1.978807371093129 0
1.211507539018328 2.005433667224669 0
1.223762058441426 1.972024800101707 0
0.922632257810671 2.085653018987554 0
0.947006843634924 2.114707770705958 0
1.247336446787722 1.999793523040216 0
1.259646589508394 1.965347274849814 0
0.9143608982971667 2.120963001229185 0
0.9350662158896919 2.147319346694113 0
1.28316449818927 1.993513307637472 0
1.295800777737446 1.958540171925399 0
0.9010214561330916 2.153506022084049 0
1.319651592728536 1.987064925850606 0
1.332276089582132 1.951631758950229 0
0.9232695011380586 2.18026988322226 0
0.8886342795139746 2.186351606356825 0
1.356580539937345 1.979974810723942 0
1.3690939431953 1.944643690371942 0
1.234797991027432 2.033506452079574 0
1.344597306426295 1.916502802142152 0
1.381264949437693 1.909374900318259 0
1.40534156273505 1.937429776158443 0
1.418007274032147 1.902133761533746 0
1.39340522550695 1.87452553937607 0
1.430172124581209 1.86675028892951 0
1.45459118842423 1.894748892895832 0
1.466890591584479 1.859249156239218 0
1.443298797724288 1.831556005591244 0
1.479371082578544 1.824020638284126 0
1.503761824168521 1.851669622368292 0
1.515638421943569 1.815946329703056 0
1.491222097915313 1.787969345400517 0
1.527379067797252 1.780210400120916 0
1.552403794285292 1.808134832139913 0
1.5640015530332 1.772282032297607 0
1.538865388394938 1.744500439698793 0
1.575411178621157 1.736473186336152 0
1.550260781599767 1.708853655274233 0
1.586752868961494 1.700887872607958 0
1.611937608242774 1.728448770558782 0
1.623256590426462 1.692731561683948 0
1.597850471738315 1.664046492823821 0
1.634355117919559 1.65702513197103 0
1.659905426541865 1.684599485300155 0
1.670915115665014 1.648632693990074 0
1.645537267736515 1.621137245785619 0
1.681852385732692 1.612757018051884 0
1.656524244314042 1.585544434680211 0
1.692742429459029 1.577026413992759 0
1.718133515999537 1.604320321196414 0
1.728901368222184 1.56855571510371 0
1.703514198411116 1.541419296402731 0
1.739510963100231 1.532878941242325 0
1.71416865153216 1.506016464604228 0
1.750080473465258 1.497314682915003 0
1.775485810747395 1.524249168495605 0
1.784424326325484 1.488218342425368 0
1.760281822398138 1.461802652614598 0
1.7943920404312 1.452656643791973 0
1.770394440792512 1.426675621532558 0
1.805968562444654 1.41780091218804 0
1.831417192444696 1.446875561800913 0
1.842066615208784 1.40899448223811 0
1.816410599842447 1.38262291088878 0
1.8520270901476 1.373537363765847 0
1.877844399244987 1.399950980211748 0
1.887729074420377 1.364309417356313 0
1.826383945664245 1.347530522337995 0
1.913799160503642 1.390805315655584 0
1.923935451662563 1.354754734210138 0
0.910817441727342 2.213370808343303 0
0.8761996494053033 2.219678977965644 0
1.950092447800202 1.381621127544214 0
1.960322904295362 1.345258260155082 0
0.899056167298074 2.246912159065256 0
0.8638465904491671 2.253208730612455 0
0.9320636904402836 2.243261181047241 0
1.98676228350233 1.372391475582362 0
1.996840477849862 1.335886893622991 0
1.970460985473117 1.30892843018489 0
2.006744053825296 1.299529909975941 0
1.9780192199663 1.407498280557589 0
1.980439278257182 1.272908257831555 0
2.016574379582489 1.2633984771548 0
1.990445893435999 1.237016438644593 0
2.026408008042201 1.227551458432063 0
2.052678389968182 1.253929332840562 0
2.062529559606568 1.217899817480433 0
2.001294561182245 1.200606155821887 0
2.089043059572163 1.244506666336541 0
2.098995453554666 1.208016447397314 0
1.200069921228903 1.944926449417276 0
0.8872078129827204 2.280529872419571 0
0.8512026140626823 2.287165935613059 0
2.013928119485676 1.399436878569397 0
2.00501546501973 1.435197812158097 0
2.12574892839232 1.234969990043471 0
2.135762044809505 1.198126237601775 0
0.8750451266741526 2.314803273833986 0
0.8385471305728935 2.321402047636746 0
0.8210861273738543 1.96084058550516 0
1.060621877518172 1.972595818265218 0
2.041430184584401 1.426993406794201 0
2.030305542156245 1.465125300170686 0
2.162811783091537 1.225351474639204 0
2.172838636950627 1.18820460870497 0
2.145894113606354 1.160955227975606 0
2.182663406935377 1.151122336918347 0
2.1558723882797 1.124009637748545 0
2.192428755483123 1.114268195355941 0
2.165518120213967 1.087620020068517 0
2.202048835520095 1.077645615688687 0
2.221748548686996 1.102397451214833 0
2.242186625098796 1.073953246937792 0
0.851295527720225 2.194263122026057 0
0.8622529453578145 2.349521385780629 0
0.8259425816555751 2.355686605867277 0
0.8730835336689202 1.896014348229523 0
2.212082300471341 1.042304088097319 0
2.248915124515164 1.032005255778177 0
2.275434087655287 1.057261850784963 0
2.285108987479629 1.020676930402541 0
0.8025098300382514 2.327740685216487 0
0.7896514760967952 2.361874491440465 0
0.8131995802981874 2.390084417663538 0
0.7766275599463113 2.39620085459382 0
2.06866832132386 1.455464561757708 0
2.057825045973248 1.494202089110393 0
2.257848465472936 0.9941936676458041 0
2.294764778752952 0.9827497947382817 0
2.321669899467888 1.009841859208324 0
2.331784100479674 0.9711180553492791 0
2.200317537062706 1.215592249380155 0
0.8002461282290594 2.424795048088848 0
0.763662524924569 2.430606761573319 0
2.582512165946156 0.2681368997083701 0
0.5221500018223876 2.021049122471798 0
0.7403196012283859 2.402200978362908 0
0.7273911533964568 2.436290134759957 0
0.50738859178752 1.532494878031489 0
2.267706169729797 0.9561121104200634 0
1.353818630805837 0.4743570125866253 0
1.343844985859841 2.015871581320702 0
0.2853935994766051 2.680210647319622 0
2.079566936909222 0.2706753688535934 0
2.103112701939208 0.2623614952721985 0
2.10769823716149 0.2377860292022285 0
0.8991030907040654 2.342964801800618 0
2.126676957025028 0.2539685684016569 0
2.131153497197025 0.2293689824852195 0
2.150389567910798 0.2457157022604852 0
2.154653066720196 0.2210688610556027 0
2.174477417258438 0.2387330139573184 0
2.35896967146594 0.9991342015643452 0
2.368497453752444 0.9607063434879889 0
0.7503317660035467 2.464986344569625 0
0.714215940184277 2.470346369524165 0
2.000502340353369 0.2305637943465693 0
2.097008178868256 1.484155386216381 0
2.086053581167369 1.523190794106673 0
2.606681669137819 0.2870957020913647 0
2.61134220875754 0.2563842187557611 0
2.178652932219003 0.214116829679057 0
2.197938588284361 0.2306812442859427 0
2.530488371159903 0.2608311359399877 0
0.259083755829235 2.524013313232945 0
0.7045919118953194 2.407838227657433 0
2.046524812510009 1.53322134129501 0
2.074847515341935 1.562480265733142 0
2.035086617019617 1.572291188191027 0
2.202262852369882 0.2060290270072327 0
2.220824702646882 0.2209838390216699 0
0.7370535386149621 2.499719275703163 0
0.7004416825152389 2.505165743216935 0
2.395189869449867 0.9882671112048911 0
2.404334055845571 0.9501545461403591 0
2.377581170346351 0.9225997438715974 0
2.414110138792663 0.912352845277981 0
2.387853537264954 1.025773109179457 0
2.386687214168238 0.8853249300502292 0
2.42260851332195 0.8743633609205892 0
2.063645063525871 1.602019069900169 0
2.023356993738818 1.611961996570086 0
2.395669053236477 0.8479212483042371 0
2.432544258979525 0.8369655295281009 0
1.96500898264972 1.210449171351463 0
1.975420812768357 1.174856637233706 0
1.939758812459405 1.184461991577522 0
1.950001732716895 1.149068585428668 0
1.91661192425305 1.157456623727418 0
1.925226691749534 1.123775558167741 0
1.892625259922968 1.1319915937999 0
1.900252148534051 1.100118980640482 0
1.867263810289173 1.108749421354942 0
1.875845301031318 1.076370404116857 0
1.843026043374134 1.085044007132289 0
1.908675558230866 1.067689718898103 0
2.14607485569814 0.2718696870125839 0
0.5035997848859483 1.85894784890867 0
2.225152252134619 0.1963506558542022 0
2.24406347436633 0.2121738578971716 0
1.834198449405659 1.117266915180266 0
1.810711046081877 1.093437561551114 0
1.801727883188866 1.125315913842416 0
1.778653962369236 1.101576547167129 0
1.769640033336478 1.13328777910766 0
1.746843555611543 1.109762486468972 0
1.737854434505635 1.141232162349266 0
2.635948065804608 0.2758174522922306 0
2.631480587749277 0.3075076491083888 0
2.64026116815908 0.2447483298043569 0
0.7688955654434674 1.890679580508817 0
2.45919532699403 0.8613280117057813 0
2.470144670914874 0.8257224443036861 0
1.883876402497559 1.044027691607897 0
1.917371626090038 1.035199081983479 0
2.125714222386398 1.513189224943156 0
2.137877782747346 0.2015906185555646 0
2.052286623019951 1.641868205082512 0
2.011761811447347 1.65202841266667 0
1.715222615263178 1.117934346557935 0
1.706374528576324 1.149049873577735 0
0.7236652343164309 2.534978302623063 0
0.686351494251966 2.54063446425309 0
0.7608206657923995 2.529470717362786 0
0.6637423710316321 2.510704554053344 0
0.649528942147827 2.545789314197446 0
2.248452742032002 0.1877210842529262 0
2.267398130510321 0.2036095133025831 0
2.433465952889405 0.9795552137776045 0
0.6272072088579949 2.51655107056164 0
0.6130628261871355 2.551176056733251 0
1.724153665778228 1.0866595998317 0
2.442093072838925 0.7977369694227958 0
2.479161130249784 0.7868552758465723 0
2.04079464652041 1.681995823924362 0
2.000161112026149 1.692122986905273 0
0.2272719500016384 2.608947655219748 0
2.616182228939989 0.2259000035338993 0
2.644172642729953 0.2147269706301163 0
2.66865707702911 0.2327744060940312 0
2.507528350029312 0.8143994448730365 0
2.516354056273393 0.7759839058307327 0
1.444235687143223 1.097750175409763 0
2.271880900388874 0.1792982474679236 0
2.290755860169985 0.1952866462236162 0
2.48800526857486 0.7485820435147374 0
2.524913251476063 0.7377167632309554 0
1.893697780798397 1.011433857788621 0
1.926010480956074 1.002919423131211 0
1.806173572971921 0.3425620143633379 0
1.683979977550646 1.12573275718169 0
1.675156618631645 1.156759633876882 0
0.635847334181783 2.580357270066532 0
0.5989872258190351 2.585684890870961 0
2.671465915550739 0.2035356509413896 0
2.540017892841644 0.3713995015488681 0
2.496435876509531 0.711219472330002 0
2.533538454136274 0.6992028992803332 0
2.13699877418895 1.475076412663019 0
2.165334473570205 1.501522286470272 0
2.177142833835193 1.464297069305851 0
2.029381866820566 1.722400570110858 0
1.988320464870362 1.732680109719279 0
2.295160990617982 0.1709526392897331 0
2.314175282718602 0.1869425385198882 0
2.696968016662679 0.2212859129989859 0
2.562209189584965 0.726029339025548 0
2.570983818794911 0.6868332239738275 0
2.20345197522958 0.1814021732483194 0
2.092759696497613 1.631767806548423 0
0.5691788244955192 1.868299613116134 0
2.309735396384659 0.2116079082669893 0
2.333432224794469 0.2030218905277563 0
2.337845176524119 0.1783120096876651 0
1.902897660968665 0.9806954883424037 0
1.93528845633151 0.9700934246738662 0
1.869098720427901 0.9914533484728945 0
0.6425331837748173 1.739701062459088 0
0.7474630485062683 2.565184486935127 0
0.7857308732581803 2.55952336722061 0
2.357146969694646 0.1943480285307621 0
2.361555417965021 0.16953112333714 0
2.205653410238947 1.490946261919891 0
2.217700448607834 1.453830536985235 0
2.216210421247257 0.2431026753266149 0
0.5903065032506334 2.522557365355584 0
2.620423319479624 0.1964220705907063 0
1.652959553334105 1.133652405127733 0
1.644061030725425 1.164577626741392 0
1.66630045376538 1.187606388374042 0
1.63510882541954 1.195410950132803 0
1.657510411544921 1.218593844881001 0
1.626106498122288 1.226439200315844 0
2.017811321881808 1.763069116377378 0
1.976660893543204 1.773190121140062 0
2.700051525521571 0.1912877549838668 0
2.725733429525283 0.2091379255464232 0
2.720461435986962 0.2412879981047769 0
0.6219760554299867 2.615066857502912 0
0.5847066923028044 2.620361558775578 0
2.504820925065667 0.6732519555834187 0
1.947349355690977 1.742871473415224 0
1.935538801741819 1.783275986746125 0
1.96484525277375 1.813871111164314 0
1.923507913318111 1.823886085029097 0
1.648669848410566 1.249864063230025 0
1.61709272672764 1.257580106396383 0
1.594756624264967 1.234224930827346 0
1.585584860750571 1.265291326279161 0
1.607918089091651 1.28871315899932 0
1.576355694613416 1.296319055474219 0
1.55411717615116 1.272869633421079 0
1.544666869310289 1.303886071790771 0
1.566980298893837 1.327410750369595 0
1.53514227740066 1.334991355943979 0
1.557619061901474 1.358695670173012 0
1.525699652758796 1.366205861020323 0
1.548239902671595 1.390230045250811 0
1.516156261891522 1.397598237394673 0
1.493865240235708 1.373638965581599 0
1.484150375981795 1.404964671056892 0
1.506433116224588 1.428986372457014 0
1.474370925496678 1.436223246909992 0
1.452191458061345 1.412195935214335 0
1.442399646769113 1.443355202072046 0
1.464560687565586 1.467597713557723 0
1.432413120934774 1.474668067550352 0
1.454614394145039 1.499150685314169 0
1.42228154616464 1.506104175619338 0
1.401455408654006 1.481200582544397 0
1.390324159868512 1.513411183511284 0
1.4120769262277 1.53750053470966 0
1.379796455235236 1.544370340578788 0
1.357865740489192 1.520079241436386 0
1.347509786685166 1.551099628345913 0
1.369483798855928 1.57567807843993 0
1.337046704111492 1.582306614322102 0
1.359059248695132 1.607182934312228 0
1.326516999212308 1.613711963368902 0
1.304769903804254 1.588841039538838 0
1.294114399501207 1.62010907064442 0
1.315814584387613 1.644914054035295 0
1.283293456770985 1.651138184784081 0
1.261859103594251 1.626226469720634 0
1.250942031303941 1.657488615457639 0
1.272934849618687 1.681992861139975 0
1.240085360915329 1.688715895135501 0
1.218765434318463 1.663520677256423 0
1.207635646742742 1.694932692358928 0
1.229081008593037 1.720044236088632 0
1.196529250063328 1.725928907662034 0
1.17533084628425 1.70120683994489 0
1.164133585635153 1.731744901276338 0
1.143198618235399 1.707141855238282 0
1.132184123685776 1.737386141264862 0
1.958021514607732 0.9932114415509596 0
1.967774535461845 0.9600520033417708 0
1.112728943312796 1.713262507685523 0
1.100714599335736 1.743011870752648 0
2.468537817135728 0.6850448810008988 0
2.600071600037516 0.7142577672668706 0
2.608780111341017 0.6749545645633954 0
2.38079616657175 0.185596548455618 0
2.383923349730675 0.1604639314471994 0
0.1940183461507605 2.699530512820271 0
1.907432918083525 0.9451130207534261 0
1.952877388503991 1.854751513119627 0
1.911420911222621 1.864592403070944 0
1.883668701539507 1.834711675994214 0
1.870067379491198 1.874352521451434 0
1.899003383470007 1.905333361413423 0
1.857651612367909 1.915118887342984 0
1.829070711862874 1.8856208250033 0
1.816309510052765 1.924904151643042 0
1.845175262820208 1.955751715662623 0
1.803453862723097 1.964193982583522 0
0.8141473478386321 1.830629695300312 0
2.291562972573055 0.4058356931935484 0
1.772867125044939 1.934373296999953 0
1.761826645625244 1.974404361575499 0
1.79226859906327 2.002072114646285 0
1.749341871017333 2.013434430041401 0
1.719041836200209 1.983597966167454 0
1.707549518974416 2.02378274624691 0
1.737638057021275 2.052966150789305 0
1.69494134738233 2.063990941401963 0
1.664567634888455 2.032732331220657 0
1.65216884265121 2.073058594285942 0
1.681298485805337 2.104324216689351 0
1.639649769532231 2.113442083151909 0
1.610754756897882 2.081441416980831 0
1.597983515464373 2.121892533098628 0
2.730101346789233 0.1782116993810254 0
1.522771421992302 1.280318375090837 0
0.6081247884598351 2.650326067018683 0
0.5704204118728278 2.655538274597178 0
0.5470175275009175 2.625568255971096 0
0.532879997409858 2.660573432456186 0
1.626243618939936 2.153703242800198 0
1.584543569597244 2.162316335482394 0
2.246297875032414 1.48005335611191 0
2.258620824211403 1.442826264114142 0
2.235449714740318 1.5230430162288 0
0.2547575846861939 2.772127102857992 0
2.276475975051389 0.1552162773500509 0
2.476624793562439 0.6484696303887201 0
2.059894527611821 1.751648714526284 0
2.404224930862725 0.1768557570097263 0
2.405355499911508 0.1520070174442594 0
1.078930162596513 1.713541341107018 0
1.068889833573606 1.747739817621077 0
1.08962938236843 1.772925594013764 0
1.058050149179136 1.778318874598285 0
0.7719008755762673 2.596132554124162 0
0.8115919692001008 2.58986549619015 0
1.037524471782727 1.754080982123471 0
1.026707357091365 1.783788642529684 0
1.622141414623161 1.141677529536 0
1.630667427302312 1.111350624971362 0
2.329066642049074 0.2281733026556279 0
1.556090496833644 2.128971882225918 0
1.542540061827061 2.169317063755859 0
1.570869823308881 2.202507486493313 0
1.52894157509439 2.210563457925139 0
1.500902972351896 2.177483274484926 0
1.487224213983705 2.218432469038846 0
1.990445425118312 0.9842629810504302 0
1.999703796054138 0.9518825427658142 0
1.459687275469167 2.186273809568195 0
1.445860054313044 2.226353587045453 0
1.418441647903503 2.194554081695245 0
1.40464585883901 2.234042905221734 0
1.431882113781469 2.265630266774687 0
1.390461288744912 2.272849092752173 0
1.363342494040623 2.241925232533954 0
1.349307820683879 2.280766426406534 0
1.322483896308764 2.24952374321904 0
1.308424802326352 2.288163246404285 0
1.281716076849648 2.257263711644857 0
1.267931215567077 2.295980183663167 0
1.241465190151757 2.264928451905244 0
1.227250820718362 2.303588256553248 0
1.254006805009167 2.334805095571518 0
1.212953436581464 2.342369945301104 0
1.201051188747106 2.272446974032065 0
1.240141205314311 2.373814022624748 0
1.199027144377939 2.381280358709372 0
1.377884317891117 2.310011405149097 0
1.226261778361502 2.412987957796208 0
1.184965747497386 2.420241864156825 0
1.15801252888667 2.388576926814924 0
1.143860071075472 2.427585951322776 0
0.9692892300817519 2.143020189067407 0
1.217907382580959 1.751360945324405 0
2.755275041902666 0.1974334131882884 0
2.427398732448919 0.1681891677405859 0
2.428008275910856 0.1404184477387868 0
2.450690819286376 0.1590382488777163 0
2.350477295717902 0.5269901094721658 0
1.981383961123149 1.623218166765498 0
2.759810599964917 0.1656248769713557 0
1.76056708651952 1.164866360956102 0
1.006405898569506 1.759759978158991 0
1.580467552169857 1.382643381642288 0
2.297079921886241 0.377188267189381 0
2.269803987311907 0.3865042173111442 0
1.124702542843362 1.683063704694429 0
1.11751125525891 2.397359485984492 0
1.10279552397471 2.435038661457585 0
1.129569906842965 2.466662230550078 0
1.088150131197932 2.473943703087586 0
0.5097500871281648 2.631199131698581 0
0.4954159658394197 2.665717377083991 0
2.363623876958849 0.1444424717745935 0
2.455053417544465 0.1343433734620674 0
2.47470333307925 0.15075021864973 0
1.556904707227659 2.24328691029576 0
2.701790120974744 0.1585419424435429 0
2.638578555170136 0.7024708692434207 0
2.647076756355826 0.662982220639093 0
2.617316609524681 0.6356972968538738 0
2.65534797190062 0.62350635925904 0
2.630014050524394 0.7417272182601455 0
2.625490391262957 0.5966164353872804 0
2.663151996001207 0.5844144883834885 0
2.634250618850317 0.557836093343426 0
2.671084291955945 0.5457927617187526 0
2.287456945450597 1.469441249344679 0
2.299333860497729 1.430564506225639 0
2.441832395778039 0.658217387401876 0
1.98729445979492 1.136414049101752 0
0.6034084459313822 2.488963668018884 0
0.5672982766627933 2.495406098016611 0
0.5808112087770021 2.462090120602214 0
0.5460698029286208 2.467654763920762 0
0.559175631009137 2.435105757218881 0
2.023356474039832 0.9767006948518256 0
2.03201417670477 0.9440832185329935 0
2.008665077184453 0.9191789721989504 0
2.040724669275279 0.9112259168401283 0
2.064673594492089 0.9353797531385446 0
2.073172871009915 0.9024602033665623 0
2.049146999549585 0.8787204946930905 0
2.081497591625727 0.8697158622861814 0
2.05734296568292 0.8464550780022969 0
2.089573481169458 0.8373006386819012 0
2.113803300881662 0.8605649357217121 0
2.122164932597409 0.8277497436150814 0
0.5185545516891521 2.695211113067565 0
0.4807284892536741 2.700446196376051 0
2.35905445416055 0.8587731357226387 0
1.078615048573772 1.80319185039868 0
1.214886456359459 2.234528574075975 0
1.175670504421749 2.24170396765958 0
1.600493272076418 1.119135363853855 0
1.608768444736986 1.089525355009343 0
0.9956730511108636 1.789137005969763 0
0.9758347513289196 1.765047398050361 0
2.479210866552401 0.126253619163496 0
2.49832111036254 0.1422310040398536 0
2.69318678661972 0.6107978527328404 0
2.642485748231823 0.519871769128027 0
2.679341303442428 0.5077645621977438 0
2.600118840951821 0.5301705694786972 0
2.115631773103153 1.271808729540066 0
1.901010743757797 1.19116444764596 0
1.115194567810059 2.506146830368881 0
1.073613506039935 2.513247334749835 0
1.046792738263715 2.480970990373629 0
1.032172797984335 2.520139783032115 0
1.00591419188632 2.487772675543862 0
0.796962038754685 2.627702952018218 0
0.8377189191230965 2.621287464763213 0
0.8248687540768765 2.552693173786507 0
2.502900877387211 0.1177814199569721 0
0.1564749941358348 2.791048715594948 0
2.423822781067362 0.1931885875599075 0
1.680377729954494 1.241934911148057 0
0.6391107289718974 1.809700224022774 0
1.26766155132812 2.405542530286442 0
1.253837786733923 2.445259623842517 0
1.295937977550899 2.437772023889777 0
2.146471699423546 0.8514112905824459 0
2.154879602478578 0.8182785564027301 0
2.327319500985399 1.460159235513407 0
2.340601017743388 1.419410093953539 0
2.310762309486141 1.388894663697384 0
2.352167197615374 1.377989153793953 0
2.785022462953171 0.1851906249356315 0
2.788885367470952 0.1529842434144963 0
1.188776499334474 2.204564798599603 0
1.1502876575658 2.211893034027784 0
2.178315060052051 0.8410625760096651 0
2.187693681868735 0.8089252743502968 0
2.669071846154037 0.7300448620394067 0
2.660267573810512 0.7703659209368446 0
2.321986417157863 1.347427702027068 0
2.363349525304967 1.336243869208888 0
2.393860241613479 1.367024228464837 0
2.404931066271621 1.325308782090175 0
2.374385456267141 1.294971581146113 0
2.415859144041916 1.283751824690996 0
2.385563206584569 1.253609549155923 0
2.426754738522804 1.242405184542736 0
2.275252968985126 0.3582843830755517 0
2.24834710522458 0.3677843382466787 0
2.302116845973341 0.3490368750458428 0
2.52181492361897 0.1337201795855799 0
0.4733277770859713 2.636227291254963 0
2.65082256257327 0.4821030278317513 0
2.687289348124251 0.469962161707021 0
2.716273520936421 0.4956919960784279 0
2.724251493036454 0.4574791354108811 0
2.457376737898161 1.272404561428671 0
2.468288795420171 1.230758337586648 0
0.4869435157482891 2.602754235153329 0
0.5042153792639181 2.730536144811349 0
0.4661774758039677 2.735429778294533 0
1.578174022259998 1.095788036688477 0
1.57059326164808 1.126250467629622 0
1.586752798742218 1.0669950275294 0
1.616648038285188 1.060061168714717 0
1.59547089342818 1.038558196360988 0
1.624561908081656 1.031026297933084 0
1.605274291498449 1.010204494150005 0
1.632686628448057 1.002288360649929 0
2.439306819473094 0.1154384142422549 0
0.9863210285237176 1.736110854441064 0
0.5260858095632874 2.440335414925417 0
0.5379874537154545 2.408969480843719 0
0.5710855965834927 2.403720448081402 0
0.5500026692980226 2.377856495080316 0
0.5827629609956191 2.37248974056987 0
0.5625596745860824 2.347095350000398 0
0.5944155829022276 2.341483211834469 0
0.5744690089528532 2.316397775497217 0
0.606068626250114 2.310905614038197 0
0.5855688080623529 2.285691464212394 0
0.6174422295599375 2.280440103051245 0
0.597643945153444 2.255620204209066 0
0.6284982931153844 2.250613542351202 0
0.6091893160067648 2.225686642217759 0
0.6451656382909665 2.22023573642138 0
0.6208896977795388 2.195665997347839 0
0.6512726403272948 2.190391318578693 0
0.631838032454285 2.166179745373334 0
0.6625084672237807 2.16092974181115 0
0.6431051413996884 2.13676763701253 0
0.6719719272070439 2.130985527468436 0
0.6538269121928284 2.107128050914567 0
0.6826007876755436 2.101660126452781 0
0.6647902817390149 2.078208925151318 0
0.6938510890389826 2.0742549944855 0
0.6756780760440704 2.049729809460078 0
0.6823044422468146 2.179858499683323 0
0.7147365764060869 2.101703431656829 0
0.5886175621461375 2.200550593053489 0
0.6521909128746144 2.275846351554617 0
0.7090823371092715 2.047328555453095 0
0.6870599422276317 2.021540652413568 0
0.656943558338973 2.026045498228689 0
0.6675640265693966 1.997729630265889 0
0.5131309445038124 2.471707954362658 0
2.129401919026797 1.097182467122851 0
0.5297330145288215 2.354708455323196 0
2.163485254206964 0.5063553139167084 0
2.169347604256741 0.4772099762641687 0
2.141012939960222 0.4872201716185424 0
2.14723938661117 0.458224414362044 0
2.1193717794541 0.4680367025473581 0
2.124741555306433 0.4403530140496643 0
2.098559506516827 0.448534482653355 0
2.103385019996702 0.4219113895797268 0
2.077750635236545 0.4298112700957979 0
2.083191491373594 0.4028138230875897 0
2.05808891125082 0.4115744499238521 0
2.051850630349899 0.4382736884007238 0
2.032604111293399 0.4211669635359609 0
2.025701797599021 0.4467411590752738 0
2.005901812250394 0.4297598171665525 0
1.999894329660494 0.4554380483567314 0
1.979678009828144 0.4373742047341672 0
1.97403009114381 0.4637751067032145 0
1.953868709172346 0.4457276061927107 0
1.948293766846582 0.4721533218311919 0
1.928213239027545 0.4541887934346196 0
1.923298970154264 0.4798632667014883 0
1.902777256887513 0.462533373171415 0
1.897591478400678 0.4919361112828457 0
1.87769764334399 0.4728206785263384 0
1.871700814657639 0.4972206269294315 0
1.852057185661209 0.4801682388581723 0
1.844147657829954 0.5107372145596148 0
1.826707950689146 0.4900786393255216 0
1.819102353720892 0.5101934459766125 0
1.801302943821249 0.4959879138233886 0
1.800587822098168 0.5242486162328757 0
1.777275798398984 0.504794724480373 0
1.771591386668887 0.5292037731716837 0
1.75188153728358 0.5125946754213739 0
1.745890218931686 0.5366838547602716 0
1.726834745888653 0.5208708304441386 0
1.721415335898341 0.5460534790758677 0
1.702194014797257 0.5290454069326601 0
1.697198071484073 0.5540534515775312 0
1.677797677962731 0.5371459454499317 0
1.672440892966764 0.5623983828298627 0
1.653386967633822 0.5452876237687145 0
1.647464166084321 0.5701976155337247 0
1.629024066117513 0.5533164644049267 0
1.623859151991545 0.5782206551100921 0
1.604988811073166 0.5613359912368916 0
1.600225568977022 0.58631177249155 0
1.581095457671655 0.5693348940175618 0
1.576271343710562 0.5942654280428324 0
1.557268034035719 0.5772784819575447 0
1.552334147114569 0.602379469991283 0
1.533549105947274 0.5852079293625222 0
1.528641906876056 0.6101649773611875 0
1.509989628827647 0.5930508305884979 0
1.505139086530014 0.6179977863979542 0
1.486589955170925 0.6008544386466391 0
1.481829729968386 0.6256792600855664 0
1.463355078446484 0.6085942119179405 0
1.45839969086108 0.632496445900508 0
1.440232907721513 0.6161446553065602 0
1.435243527207664 0.6398015591987543 0
1.417289371287731 0.6237143135470602 0
1.412304926431586 0.6472228130244349 0
1.394552471361818 0.631219704570101 0
1.389605783279556 0.6545856518220931 0
1.406371359753664 0.6697588085693711 0
1.383689625161724 0.6776579861297365 0
1.367011431375225 0.6616079015324811 0
1.361935622822922 0.6848952991658184 0
1.37764387363385 0.7001455247631855 0
1.355742756284433 0.70807252172864 0
1.339743397681483 0.6907532879003631 0
1.334207436590511 0.714527198717498 0
1.349084579813485 0.7310390049783116 0
1.328354340425372 0.7385475696801775 0
1.524142947762733 0.6358988476826333 0
1.642073287882762 0.5941817317974124 0
1.3121117061739 0.72102409470119 0
1.306373492065828 0.7456093050110297 0
1.322599311985106 0.7619259462644989 0
1.300786636346017 0.7688985834384098 0
1.318018186920972 0.7853723257817841 0
1.295670942761521 0.7920713070080864 0
1.31236302205954 0.8082757728474507 0
1.289994907331744 0.8154840707906932 0
1.3042181125433 0.8320284463137494 0
1.284800870412502 0.8389423684957178 0
1.26703674635635 0.8226429467994724 0
1.261700705118281 0.8459501199928992 0
1.277285467388782 0.8619500087800891 0
1.255746041344415 0.8686750324183641 0
1.2386824631977 0.8527691463437366 0
1.233129900514755 0.8760291823432407 0
1.253707903265625 0.89439979248021 0
1.22797214418086 0.8997950783190647 0
1.244978949207818 0.9161581265744873 0
1.221703164707965 0.9230223287092603 0
1.239339108831569 0.9398865749802774 0
1.215777467395436 0.9468542228371986 0
1.233624624992478 0.9637808775385175 0
1.209875256673343 0.9707995542854031 0
1.2278717205684 0.9878285277892296 0
1.204052650939228 0.9947869477694615 0
1.186166260506189 0.9777565604183597 0
1.180306202545682 1.00166320995617 0
1.198167627892468 1.018874245223838 0
1.174266041584543 1.025735481160674 0
1.192177339642509 1.04314117737217 0
1.168114339261511 1.049936169276321 0
1.150461480556186 1.032251087663554 0
1.144101154055744 1.056453054910928 0
1.160814605427172 1.07303547072392 0
1.136776106668909 1.080401756391841 0
1.119944967170017 1.062892016354425 0
1.113765011040083 1.087436418282539 0
1.129265216000968 1.103615541732078 0
1.106045429187178 1.111098765143308 0
1.089548924928335 1.093783976713764 0
1.082977577299981 1.117966156733634 0
1.09844986445207 1.134238292521899 0
1.075255274535548 1.141597498940695 0
1.05872618309415 1.124435079682077 0
1.052198412733349 1.148368766180373 0
1.06853750371466 1.164965818510661 0
1.045757193629589 1.172494950694536 0
1.028337380305533 1.154654548827634 0
1.021500371458332 1.178614034047418 0
1.039022413066941 1.196541879071276 0
1.014603874535012 1.202661531555192 0
1.032182050737263 1.220723006695692 0
1.00774768574951 1.226784205588048 0
0.9898215179037548 1.209048416249717 0
0.9831287646121656 1.232973847133623 0
1.000721467917217 1.250940063477223 0
0.9762475592147221 1.256897622860957 0
0.9588424578724981 1.2389232171885 0
0.9518997997093082 1.262723365917182 0
0.9348493054556114 1.244648765902517 0
0.9277501982388704 1.268430828326268 0
0.9446961697358809 1.286154798429688 0
0.9205407017544056 1.292215721307088 0
0.9037102460515698 1.273970938006152 0
0.8963643473916292 1.297770243379342 0
0.913236394273879 1.315945377631122 0
0.8889428794286111 1.32134284018211 0
0.8723715665770726 1.30345915496145 0
0.8652702283860463 1.327239811948734 0
0.8819068842695159 1.344941564532034 0
0.857428577831684 1.350747445061517 0
0.8419452219255491 1.331881121411921 0
0.8332095325855949 1.356051418219512 0
0.8498337665465608 1.374520736319005 0
0.8254579385446832 1.379717372445119 0
0.8087914395043414 1.361420417552881 0
0.801170186815248 1.384870272186206 0
0.7846930268053695 1.366638601720707 0
0.7770254450580452 1.390001607304449 0
0.7934257731090605 1.408124416525822 0
0.7693321889713307 1.413281883354998 0
0.7529887013182953 1.395061741021344 0
0.7453727814458557 1.4182358109625 0
0.7616101669020503 1.436681727923521 0
0.7376387606260645 1.441478411187552 0
0.7538095519667232 1.460113581279809 0
0.7296440801683892 1.464985872264384 0
0.7291419846975671 1.399973340567542 0
1.282263313808278 0.7538743311941887 0
1.215952613275464 0.8596220650965289 0
0.7459770524273855 1.48370923667022 0
0.72158213998888 1.488608277639376 0
0.7052859201285064 1.469910103453189 0
0.6972798733252672 1.493418635231257 0
0.7704928442032203 1.478749358614651 0
1.785644147115185 0.5472686349716658 0
1.53847654524139 0.5607462491921448 0
0.6812468955574329 1.474795824732449 0
0.6729857560322581 1.49834420901254 0
0.6892701897249625 1.516825539551727 0
0.6648066315220978 1.521789369418656 0
1.445310962525818 0.5927179315129933 0
1.333088739666632 0.8014186765804256 0
0.6812847639154712 1.540288870291638 0
0.6568340142836777 1.545147821982991 0
1.634981400566862 0.5285008972259181 0
1.264073516992575 0.935981508464744 0
1.707167766145945 0.5052330466989357 0
1.716313161276366 0.5705647372250474 0
0.6733056806171991 1.563844253653805 0
0.6488499291988707 1.568596102495596 0
0.6978927568913402 1.559018031235622 0
1.942514145077741 0.4961498712579019 0
0.6569434930594946 1.479813292417514 0
0.6647427690259502 1.45675586144344 0
0.632518016242579 1.549932058862549 0
0.6245742675723903 1.573217843668535 0
0.6407046426429539 1.592017746297148 0
2.110857931298875 0.3951433773879648 0
0.7625928087312019 1.502718717196967 0
0.7875735396395745 1.497550735053788 0
1.807648321496239 0.4697673127574449 0
0.6411519393615925 1.461528550088767 0
0.6487144744314624 1.438966662285136 0
0.6164047287892634 1.596637001196552 0
0.6325473073283222 1.615532469506605 0
1.864091542008735 0.5207788044929358 0
1.98759719163149 0.413573528339045 0
0.7800978131412231 1.521374739106394 0
0.8046213422941285 1.516782021464961 0
0.8127729478294616 1.492199524937811 0
2.396382253757989 1.212559229529275 0
0.9550078924180717 1.740846668072414 0
0.9448090202318093 1.76895783582275 0
2.0423251213331 0.5755258725111425 0
2.163191044776182 0.7851823075149835 0
2.195767930036341 0.7757799076066882 0
0.6246165452379306 2.110622894603965 0
1.787431203813585 1.069856022444227 0
1.295166345134755 2.22002890665021 0
1.894863896590444 0.652010871378671 0
1.058950548443124 2.552790790878166 0
1.017036976905571 2.55953297617773 0
2.046879568483775 0.2143508862606181 0
0.3425518564439994 2.302067660958341 0
1.137082784561496 2.248479901958058 0
1.88002980305024 0.447295728389547 0
0.3808472505382663 2.192495591732829 0
0.5189748954166896 1.336090408167668 0
1.750412040154847 0.7257979478046757 0
1.757440359131098 0.6972518328687325 0
1.73015335681274 0.706457879945469 0
2.283107342025983 1.359320685867058 0
1.491756342407492 0.5771248345606879 0
1.756204036772357 0.4887663352003189 0
1.587311077497967 0.5450582489416116 0
0.4199176863454397 2.087519338753093 0
0.4811439069326779 1.439460179422118 0
0.4417799205578035 1.544686303918537 0
1.020815219777086 2.450393052539891 0
0.4431206601658135 2.705391526398404 0
0.4281716693850484 2.739954093575438 0
0.4583162735535992 1.984096784461683 0
0.8275128510331926 2.259819715048747 0
1.399378321271469 0.6079145762313805 0
1.84299896863721 0.2639068623472188 0
1.109538917304652 1.392314713053195 0
1.688570555554928 0.2956882716293751 0
1.473294777410469 2.145076818294093 0
0.8787239664963696 2.126590204470618 0
0.5154910910199886 1.764019562308162 0
1.620317138280044 1.593861772718908 0
1.674435327264518 1.510137765385072 0
1.735146108003512 1.435579419420268 0
1.791342644116453 1.356437548012793 0
1.801299693496478 1.321819806081938 0
2.025304542623185 0.8553002921736548 0
2.033499397648484 0.8234721765233093 0
2.231143611347389 0.9674718760806221 0
1.514084159824157 1.716831705368588 0
1.137307699527753 0.5998659948543859 0
1.600911956651591 0.3261717050457776 0
1.532011164063162 1.249860921430431 0
1.501298450597485 1.257168605479832 0
1.510553313134679 1.226897295842794 0
1.108516406293477 0.6468042609473145 0
0.8300492742167208 1.042937848553569 0
0.5557503841093649 1.714371427224396 0
0.9435185404279256 0.9187667324304227 0
0.975425659175492 0.8720012381512464 0
1.006815719902706 0.8255885724568404 0
1.130160756884129 1.960513639336645 0
2.369835440103002 0.8213630001304875 0
0.9417711734953162 1.220887766661598 0
1.224295610345737 1.260994692739084 0
0.7925967857954386 1.338373313931031 0
0.7369049741840501 1.376932831555662 0
0.7132724294881903 1.381919655597887 0
0.7209005002470523 1.359180723175833 0
0.6968468055988055 1.364715641833284 0
0.7047993810859913 1.341936813330911 0
0.6838341785735249 1.348489517131424 0
1.272883235192378 1.926598510487715 0
1.429697652590753 0.9513707797588041 0
1.301559682915677 1.163677569696111 0
1.342664784665834 1.100652384984854 0
1.221447194678478 0.8365700072394439 0
1.199027435509376 0.8433363960967126 0
1.204421352165312 0.8207318177561312 0
1.182236459207934 0.8273648214163353 0
1.176829987786759 0.8497711012692767 0
1.187625879139027 0.8050218048255333 0
1.160265095537118 0.8339381693115715 0
1.154823094705424 0.8561101094014252 0
1.198200585723907 0.9299381852276629 0
1.513852316158609 0.3564079864304247 0
1.077991494583456 0.6928446599234683 0
1.428308022235199 0.38564948447155 0
1.581963192523063 0.8045890201815589 0
1.480749012024063 0.8386604516829396 0
1.485807326927792 0.8127800261096103 0
1.461520419646495 0.8206195860710828 0
1.462072224844948 0.795574802377059 0
1.49128160856853 0.7874066541385059 0
1.472129936817706 0.7700576167692998 0
1.497795174792303 0.7622380984774252 0
0.9937083380719 1.27522344116732 0
1.362357848866905 1.223918307444993 0
1.263221425318533 0.4437371852718124 0
1.267376228372842 0.4228916450542812 0
1.247658960419577 0.4296409119458839 0
1.251481813762024 0.4095901666982412 0
1.232170238021171 0.4158388230603083 0
1.235863856033126 0.3961393460042192 0
1.216921852850473 0.4022920153350767 0
1.220832136158682 0.3824670802263206 0
1.201824248110931 0.3887917234114682 0
1.20584080265498 0.3691364407978937 0
1.224730712254871 0.3626980604014432 0
1.209741099758417 0.3495377964125729 0
1.228551601228543 0.3431019093043071 0
1.21356747234601 0.3300634824999127 0
1.232342213435231 0.3235774641121082 0
1.217370172339556 0.3105565109009 0
1.235813587578751 0.3044804296183586 0
1.221487188756162 0.2911442998915433 0
1.242475395610151 0.2842041577663461 0
1.225422845868285 0.271496528067271 0
1.243782010388391 0.2649509175123826 0
1.187060780128168 0.3754634345722643 0
1.20066180441226 0.2955484505338065 0
1.229271092410072 0.2519792961251593 0
1.247671312241285 0.2453856050044759 0
1.262349572622142 0.2574539352134089 0
1.266471338630789 0.2386382280591339 0
1.232618877291739 0.2323652610351949 0
1.281790614532917 0.2522115094763768 0
1.285453666148346 0.23181336221857 0
1.300998919093618 0.2458581910004973 0
1.304627178821795 0.2251507907752932 0
1.320120899865048 0.238866417532265 0
1.324653454172505 0.2178690843600583 0
1.339611788416327 0.2320825183349029 0
1.344422290640329 0.2101078979201115 0
1.359139325044874 0.2250893520505491 0
1.183103298708938 0.3949117835264077 0
1.168431975221516 0.3818187544867805 0
1.164479373900265 0.4009635559750933 0
1.149990554662073 0.3880910873285361 0
1.14608607324591 0.40698662314124 0
1.363375551171089 0.2040128248663371 0
1.378640892871291 0.2184512044457472 0
1.131766065932508 0.3942669617566222 0
1.127883622485411 0.4128702212701816 0
1.213695785056061 0.238819207641975 0
1.216932881711132 0.2201215309498003 0
1.198662548544654 0.2253710684294265 0
1.382570597274517 0.1985627237638395 0
1.398213446026327 0.2118952799885606 0
1.202322287119329 0.2069235125865455 0
1.184181975481246 0.2129087661488365 0
1.402421161956745 0.1920062943725551 0
1.417940352761207 0.2051343149601663 0
1.310550590443669 0.2020506540173528 0
1.113656240430582 0.4003582128028759 0
1.109884974307283 0.4187114584960556 0
1.116949737416636 0.3822614856963115 0
1.18734922038217 0.1945910662944453 0
1.169646433373445 0.2002779984446486 0
1.422203195230014 0.1852909459611001 0
1.437766627159045 0.1983271864595342 0
1.095846817523637 0.4064829130036811 0
1.092148927182051 0.4246270723811986 0
1.442128406240269 0.1778881048789926 0
1.457732764481658 0.1916182487577919 0
1.172891336147024 0.1819251768203443 0
1.191294013562272 0.1788709161433939 0
1.155289466579029 0.1875080877319875 0
1.152683964265491 0.2057592895902472 0
1.367477938711173 0.1840288503939227 0
1.462142033230219 0.1707842527338273 0
1.477703372929633 0.1847671075937877 0
1.078279185444138 0.4124354393823303 0
1.074580855837747 0.4304489556356766 0
1.088386822285657 0.4427780466545556 0
1.070732983029795 0.4486208428419584 0
1.158450062956376 0.1694295451322547 0
1.141029365031597 0.1749769991687151 0
1.481901874596403 0.1640574179571006 0
1.497670101905483 0.1779770104012756 0
1.250061532513435 0.3152174621248489 0
1.084560453439504 0.4609291798006931 0
1.06692599704459 0.4666713844966578 0
1.053208156155341 0.4544200000200933 0
1.04942432196496 0.4723293004075427 0
1.316895655755613 0.2591318167738487 0
1.501733168166397 0.1574377441372409 0
1.51765792186999 0.1711701922093702 0
1.426816746730547 0.1641206098598256 0
1.144579217467667 0.1565684880298466 0
1.392751120904837 0.2330621021583174 0
1.063029407983799 0.4846898753141348 0
1.045515167878773 0.4903673505001064 0
1.521749671621063 0.1505056912170133 0
1.537777723759055 0.1644178195617493 0
1.126960814219788 0.1625282767178675 0
1.451317847475831 0.2125660632461311 0
1.035929462628546 0.4600481438278672 0
1.533020130105665 0.18521845205226 0
1.553755067944282 0.1782733121890638 0
1.557944798621925 0.1574066909508563 0
1.574101487045744 0.1713799084244775 0
1.578164112486196 0.1503879980613394 0
1.594343626467027 0.1643684467850977 0
1.130280266028632 0.1445299279207782 0
1.149037908705893 0.1395952569285621 0
1.59832907921102 0.1434529320704516 0
1.614580865489354 0.1573762239842687 0
1.059155913922992 0.5027579101025728 0
1.041538782834356 0.5084631474841547 0
1.141861866945117 0.4248379342189881 0
1.485995220572127 0.1433573102837178 0
1.055248661017548 0.5208548914566855 0
1.037531389169943 0.5263916682098461 0
1.023936029768997 0.5140888305819583 0
1.019976011439549 0.5319622451588871 0
1.006515606660003 0.5196719119045655 0
1.002517416016738 0.5375251485804801 0
1.015973914654577 0.5498084863133054 0
0.9984931825638191 0.5553467140482469 0
1.011999195043073 0.5676928227615281 0
0.9944985445521246 0.5731261439216344 0
0.9811076501598173 0.5608178513190789 0
0.9771604954475523 0.5784247497875736 0
0.990404497462948 0.5908787692187338 0
0.9730190243698655 0.5961031009625622 0
0.9862987983929549 0.6086802668801035 0
0.9687703476265465 0.613981302135994 0
0.9821937077659546 0.6265871398644608 0
0.964604088089517 0.6318870180019931 0
0.9512615505215631 0.6193416919550279 0
0.9470498127363257 0.6371834734371464 0
0.9604010847956501 0.6497565104098199 0
0.9427718823036417 0.6549867662743487 0
0.9561352866728409 0.6676908639216054 0
0.9384635074605754 0.6728586185346528 0
0.9251981640072656 0.6602552508219597 0
0.9208049324930814 0.67804911919349 0
0.9334109995307973 0.6911676871605423 0
0.9162923507699794 0.6958072422940379 0
0.9032305672154433 0.6831737724888997 0
0.8986005609831392 0.700847252785795 0
0.91195885475407 0.7135368203170186 0
0.8940465529658926 0.7186089664401442 0
0.9072003362886508 0.7313504756668645 0
0.8896252951342386 0.7364574343238548 0
0.9029652435269822 0.7493915726071259 0
0.8851139444364422 0.7543940241791157 0
0.8716710402797969 0.7415454775334849 0
0.8671585408983514 0.7593688711623293 0
0.8804494908528666 0.7723279846432507 0
0.8625638217369264 0.7772392527866974 0
0.8494174608639752 0.7642235113458999 0
0.8446888611436331 0.7820973627040129 0
0.8578527536632194 0.7951860732535023 0
0.8398563329722145 0.8000205148791159 0
0.8530596330187352 0.8132285583018646 0
0.8349950433609897 0.817986002319913 0
0.8219651680429814 0.8047459101309633 0
0.8169948275323529 0.8226704168152233 0
0.8299820696572768 0.8359735582515118 0
0.8119536286585962 0.8407047810940187 0
0.7996412280900478 0.8274946573989956 0
0.795007115694274 0.8456070956056418 0
0.8065385509358736 0.8589809102268726 0
0.7886452746086663 0.8632574958020631 0
0.7757390289930299 0.8491382502695753 0
0.7707777445841859 0.8681329561005904 0
0.7824532676135936 0.8816761705891475 0
0.7654622631147669 0.8856616181417781 0
0.7527694055469981 0.8727841394147373 0
0.747367230422638 0.8901279326438158 0
0.7596030507904122 0.9033573606466083 0
0.741835542382873 0.9078520580099676 0
0.7280950058616946 0.894856064259935 0
0.7230778130112496 0.9123654051431159 0
0.7365869385582984 0.9257653470843178 0
0.7182995529065936 0.9300168752668019 0
0.7047690979438472 0.9166945289551642 0
0.700125088345196 0.9341446124662888 0
0.7128447208012573 0.9478593078565951 0
0.6945837879220146 0.9519247459702669 0
0.6820074080002195 0.938248743848191 0
0.6764133852514185 0.9559214640877519 0
0.6639036180990926 0.9422735885739704 0
0.6583275014825006 0.9599130844215799 0
0.67078141449086 0.9735859599867029 0
0.6526617356050989 0.977540160471456 0
0.6404820232896389 0.9636178012457099 0
0.6345701276989975 0.981386523271051 0
0.6469251719934909 0.9951841985252696 0
0.6287718736903405 0.9990153567830287 0
0.6166723835642349 0.9845954756992402 0
0.610619500450266 1.002619873263703 0
0.6229351093297394 1.016650581147269 0
0.6047274741053432 1.020339062474194 0
0.592432242658401 1.006473517847865 0
0.5865680040073524 1.02399656499396 0
0.5744391808425534 1.010162375700238 0
0.5685115796766574 1.027597904673285 0
0.5806450785265992 1.041494795360131 0
0.5625216144144801 1.045079393045392 0
0.5504361117889793 1.031190670337583 0
0.544432862895303 1.048597025380838 0
0.5323866854365717 1.034763625139788 0
0.5263955066682166 1.052117661388259 0
0.5384592055417674 1.066034057883412 0
0.5203276753691739 1.069432820438967 0
0.5083003327220321 1.055524727511695 0
0.5022429732025271 1.072801934208727 0
0.4902688673783506 1.059017360194095 0
0.4842561940319987 1.076242071265665 0
0.4723496763089734 1.06242671113833 0
0.4662488024930632 1.079629626152257 0
0.4782275412974955 1.093556901305038 0
0.4601672227533306 1.09690498479956 0
0.4482296004038698 1.082969178747562 0
0.4421116019027667 1.10024143572901 0
0.4301521079168148 1.086244316142245 0
0.4238936711269001 1.103529037637867 0
0.435966080967999 1.117662093710638 0
0.4177148178796451 1.120981259216414 0
0.4057595103637072 1.106768932211657 0
0.3994434372459451 1.12427038740284 0
0.3875481270957842 1.110036834982706 0
0.3808678346687789 1.127429986475537 0
0.3931144391289912 1.141878431674563 0
0.3742873140472865 1.145088328788902 0
0.3867345795012871 1.159681684822114 0
0.3680241999521987 1.162981368714145 0
0.3555057406484713 1.148260383356647 0
0.3492345146559546 1.166199759542536 0
0.3615251670810307 1.180970688189803 0
0.3425936104744317 1.184201380443585 0
0.3303003346204152 1.169368470239163 0
0.3236543972384541 1.187378012308642 0
0.3114856982691295 1.172593666078789 0
0.3047103340271404 1.190576381169949 0
0.3169061720096553 1.2054502250381 0
0.2978095510098362 1.208661649448068 0
0.3101412108489103 1.223684159574886 0
0.2908868200016047 1.226894849987239 0
0.3033428452498288 1.242069839064798 0
0.2838827603614348 1.24530815701953 0
0.296454595168512 1.260602451906025 0
0.2768500720264311 1.263855328393795 0
0.2895052195025663 1.27922834520226 0
0.285773008639556 1.193632802276324 0
0.2697547794859084 1.282549296534101 0
0.2821926801319481 1.297903246801464 0
0.2625689260141981 1.301348199081557 0
0.2751160285609194 1.3168545546093 0
0.2553771230895466 1.320292519884715 0
0.2683117803598019 1.335974280072284 0
0.2482104720923816 1.339367938653181 0
0.2607768911947737 1.354967336757346 0
0.2571402023925065 1.267035489355236 0
0.2415435268376463 1.358373132132875 0
0.2536565527082063 1.374210315248532 0
0.2344316904915642 1.378040191573681 0
0.2468220256611805 1.393732652205201 0
0.2265941215310311 1.397618979238922 0
0.2390856552127093 1.41304209060246 0
0.2190893239544723 1.416554616617123 0
0.2317133975263423 1.432433560632716 0
0.2300945620375021 1.343057635892208 0
0.2116199996338711 1.436042141789871 0
0.2248456977193823 1.452130485195211 0
0.3089921939991157 1.2758350012627 0
0.2660308386439297 1.391346437575206 0
0.2043299735550943 1.455600517068014 0
0.2175770245722933 1.471734992524267 0
0.2439243446549458 1.448478740471863 0
0.2874120367427517 1.33235586079065 0
0.1969823841822462 1.475191440290532 0
0.2102877997379285 1.49138555090759 0
0.2074338809309113 1.400707022542634 0
0.1893064536728697 1.495086722350301 0
0.2027226525547938 1.511267815131834 0
0.223772911033165 1.507523837923789 0
0.2163115453038237 1.527471877988431 0
0.1950987916668423 1.531144738318916 0
0.2087520555253658 1.547395290664378 0
0.5325150384142591 1.083409223067588 0
0.2298696410509372 1.543911812206918 0
0.2223191877770825 1.563878195494699 0
0.2011634988081747 1.567353893049696 0
0.2147128826778044 1.583896782429304 0
0.1935915088556718 1.587299261567879 0
0.2071049029352008 1.603954915265338 0
0.2282990249973886 1.600577737277291 0
0.2206651430075489 1.620693503179234 0
0.1993672994796608 1.624032786550677 0
0.212843249995692 1.640920603002168 0
0.2343593900330914 1.637494569679709 0
0.2265486801011058 1.657792561503876 0
0.2049702046495141 1.661214395732585 0
0.2187027052492761 1.678160634511107 0
0.1971262814193094 1.68148638142899 0
0.210777641949062 1.698600571289581 0
0.2325313505951306 1.695232697306218 0
0.2245233953763119 1.715905179534418 0
0.2466352912322882 1.712270489835608 0
0.2385420266612667 1.733262924859241 0
0.2163777362761151 1.736654658195873 0
0.2303663310784584 1.754142592316431 0
0.252706536734717 1.750813563209786 0
0.2444304940186861 1.771939710481621 0
0.2669837195148117 1.768551416813061 0
0.2586349191007554 1.789905827656259 0
0.2358746017606747 1.793248460958638 0
0.2498448448366524 1.811181645594923 0
0.22736945563585 1.814665873987665 0
0.2412873479244399 1.832584592104542 0
0.2188683127960531 1.836100904344541 0
0.2331476224432618 1.854171022043203 0
0.2716827898768449 1.808215865355372 0
0.2104090434083657 1.857529926169466 0
0.2246810152698336 1.875708848827113 0
0.2477056019980021 1.872352379831516 0
0.2390907794249223 1.894045884171391 0
0.2163759397480067 1.897530607256966 0
0.2304652604559052 1.915802548849141 0
0.207693992145127 1.91927482210274 0
0.2215656796261816 1.937460013818543 0
0.1985966200677287 1.94080365014029 0
0.2126667411201137 1.959103515792426 0
0.2445867850695838 1.933982306890847 0
0.1897785208029257 1.962490966028163 0
0.2041188102306166 1.9808799806692 0
0.1962497366801962 1.839500736380787 0
0.1852594353149918 1.45837229404316 0
0.1810934124744463 1.984124274995424 0
0.1954747068834137 2.002609550907412 0
0.2188267222315281 1.99908703854674 0
0.2099700579229472 2.02129054960982 0
0.1862548865219659 2.024421312482587 0
0.2006814386010565 2.043404396551912 0
0.2246551311991691 2.040144220609911 0
0.2155057698223561 2.062351526176906 0
0.1915270008758675 2.06557091492559 0
0.2063118065202434 2.084549219519425 0
0.1825215348674763 2.087642337695212 0
0.1969373610124378 2.106592505221889 0
0.4783376473600567 1.043156066333242 0
0.1841397022093782 1.922438542411028 0
0.1734260381642435 2.109724431351979 0
0.1876601399061704 2.128628397931637 0
0.2212327732516227 2.102155606374629 0
0.1642973961046578 2.131782400245086 0
0.1785984820534721 2.150677596209421 0
0.155136778357606 2.153871102246068 0
0.1694859076078352 2.172913581464468 0
0.1932966012614174 2.169234522377614 0
0.1840987805409226 2.19194169337333 0
0.1601464085775829 2.194934429252203 0
0.1745854307831415 2.214361219127037 0
0.1988636751787427 2.211341553333095 0
0.1892079028733506 2.233802845193596 0
0.1649775118009258 2.236754677752451 0
0.1795124296290782 2.256241174991127 0
0.1552989064891383 2.259044301913784 0
0.1697293239182636 2.278529135122112 0
0.1590904169479605 2.090894525025369 0
0.8856018892183422 0.6881161151356863 0
0.9638536605768527 0.5661345517566699 0
1.618483775846284 0.1364242660686932 0
1.634815642367094 0.1504157173019548 0
1.072940417745662 0.5153404074819457 0
1.112950433161764 0.1504108802186219 0
1.109451941690316 0.1683093405895196 0
1.115913095976635 0.1331428627471003 0
1.569397955515328 0.1924986214430867 0
1.630816070926864 0.171538218917235 0
1.651207789846494 0.16441708186291 0
1.655267404377011 0.1432793715722923 0
1.67163743174713 0.1572506496089184 0
1.675735576998217 0.1360338992303405 0
1.692081858162796 0.1501041112945149 0
0.1457404611117787 2.281293371752113 0
0.1600073340733071 2.30073248410466 0
1.271532663320965 0.4024186658118689 0
1.696092507267769 0.1288309481779348 0
1.712586366917782 0.1428692436228849 0
1.708543885910521 0.1643124169151871 0
1.729100902829991 0.157040920944565 0
1.733124098227038 0.1355774168067893 0
1.74968356746959 0.1496876197470791 0
1.753625852529333 0.1282861724463393 0
1.770254350524823 0.1424115662077489 0
0.1939143124352659 2.275829526637239 0
0.9997886131490469 0.6213548181670512 0
0.1361748014395025 2.303504974254723 0
0.1504872907464487 2.322917060853415 0
1.724977660253613 0.178583400332842 0
1.095721373063618 0.1563991897589899 0
1.092205497006831 0.1740204394065719 0
1.582132653353815 0.1297249685576656 0
1.774909435026204 0.1208316605799349 0
1.791048339211109 0.1351965602444442 0
0.9209053993001861 0.7443949342077512 0
1.786948989881069 0.156712312725003 0
1.807689549400089 0.149307779514816 0
1.811645185249054 0.1278072853951726 0
1.828397703913779 0.1418281361783796 0
0.1315179214842993 2.262016364394791 0
1.832243288444504 0.1201935825373732 0
1.849072084489882 0.1343179129358123 0
1.069072125513884 0.5335767516476405 0
1.647052979862183 0.1857336403563078 0
0.1266540473520594 2.325530888277457 0
0.1408737318480424 2.344997591873758 0
0.1650987161444404 2.342377263817236 0
0.1552471067799498 2.364814286197848 0
0.1311270484513243 2.367041633383181 0
0.1452865817868331 2.387079423034375 0
1.087080031940092 0.527965702270512 0
0.1799025510139796 2.362358975155115 0
1.853130670454977 0.1125656065559327 0
1.869889179845869 0.1267448765984388 0
1.865949992226509 0.1485989317441557 0
1.886789999854574 0.1409949253880554 0
1.890659803024278 0.1191493189435307 0
1.907624009516825 0.1333410290600995 0
0.1212588975088072 2.389388237538507 0
0.1353196347368352 2.409329726610007 0
1.911368538449694 0.1115280682604016 0
1.928449391080886 0.1256868528443112 0
1.924692879640891 0.1476636211667347 0
1.945659848786641 0.1398918667086039 0
1.949338547359729 0.1177849375512669 0
1.966580336505073 0.1320160086177038 0
1.970175539134708 0.1101067978865315 0
1.987426407084043 0.1241894059172122 0
1.679797579850082 0.1148798108507744 0
1.078711848933405 0.1621967131543336 0
1.075248078391224 0.1793812181916397 0
1.088636201631337 0.1913391179517899 0
1.071778119794054 0.1966983791611004 0
1.085781212154583 0.2087952099961869 0
1.06830282108077 0.2142978119302401 0
1.082364733802248 0.2261383891691964 0
1.064988683467815 0.2315471977807265 0
1.078904886721156 0.2433930873617459 0
1.06162956524876 0.2488392489782044 0
1.075417580308675 0.2606238287211374 0
1.058049676366335 0.2660428472436476 0
1.071571523135337 0.2779878988711814 0
1.089711287997099 0.2728719849537641 0
1.054284422288522 0.2831868006620256 0
1.067875100730846 0.2952626636555233 0
1.050915339159451 0.3005510736781786 0
1.063937218691587 0.3121188439369288 0
1.047344068038399 0.3176506811203366 0
1.060717641349803 0.3302082631582863 0
1.043869708861624 0.3349602279539608 0
1.078140046485927 0.3265071545706886 0
0.1113507104201615 2.411864302019266 0
0.1250714114644507 2.431904646439152 0
0.1493970959192264 2.429411243514374 0
0.1391453473556986 2.452159948830674 0
0.1641777790430456 2.449590570905062 0
0.1540936358350284 2.472260183517268 0
0.1286537706714001 2.475221054518223 0
0.1434282176489127 2.495235063440402 0
0.1183901731895106 2.497892270891558 0
0.1328428244079588 2.518083422521439 0
0.1410289322972476 2.13477968523893 0
1.18062689665558 0.2315610093230995 0
1.153477871372569 0.369601294424855 0
0.1669237215627687 1.965682721785487 0
1.228063720730485 0.436038939015306 0
0.9677847796483794 0.5487269839174684 0
0.9508888261263837 0.5538996038358024 0
0.9547121568551745 0.5368320090273864 0
1.039580266246317 0.4423858692619438 0
1.022585985210461 0.4479392492991258 0
1.026178003063301 0.4305462239179403 0
1.009425256009426 0.4361197693188189 0
1.013085786023501 0.4191185049035828 0
1.005751214189972 0.4532824280335044 0
0.9927720457745162 0.4415721585435447 0
0.9890912852827017 0.4585301624140584 0
1.082117135345823 0.1447630677681151 0
0.8901085408574385 0.6707747585112147 0
0.8730327503306725 0.6755870419278206 0
0.8772802409511326 0.6585269198606696 0
0.8604547713978281 0.6634153818764165 0
0.8561794722381261 0.6803003325243537 0
0.393734456189523 1.09272402052586 0
0.375754989975276 1.095914582820235 0
0.3819114859816333 1.078864820374535 0
0.3641790553970623 1.081973029453917 0
0.370242596438942 1.065152775915176 0
0.3527296847614624 1.068205615267842 0
0.3588484534299512 1.051585569832045 0
0.3761465891510347 1.048474584201916 0
0.3414384022178394 1.054648852797863 0
0.3353247135147744 1.071077712001008 0
0.3240592422561959 1.057655548309595 0
0.3179854938169226 1.074013761743412 0
0.3067895608724158 1.060730855608214 0
0.300683409372661 1.076980021833831 0
0.289500366746329 1.063725500091439 0
0.2833961073078581 1.079981243188897 0
0.2722171522247532 1.066745408164346 0
0.2660972191591268 1.082939381542229 0
0.2548725152480765 1.069721763649547 0
0.2487517568970365 1.085838631197831 0
0.2375310755397188 1.072496230903185 0
0.2314364507611757 1.089029494786298 0
0.2201217592668259 1.075535578519 0
0.213948720884613 1.091866581339709 0
0.2022452799023436 1.078324922318006 0
0.1963205069999595 1.095097739596507 0
0.209522030093955 1.108459649546812 0
0.1908800299786955 1.112199649661904 0
0.1785844575142037 1.098058089460626 0
0.1722447334372628 1.11516202068347 0
0.1844636902742086 1.129518339166657 0
0.1656802839132729 1.132405661180768 0
0.1785770753505508 1.147070892451779 0
0.1591257800224576 1.149854093293906 0
0.1723386169088424 1.164696228306173 0
0.1524719108595196 1.167539810755008 0
0.1647868244221576 1.182227068081689 0
0.1606720106277179 1.101038351800516 0
0.145510176137015 1.185333544244481 0
0.1577623746135332 1.200217448384562 0
0.1385987559506339 1.203368773827331 0
0.1509549145894604 1.218388375638574 0
0.1405591497469957 1.152783434428281 0
0.1316891965062646 1.221585111070344 0
0.1441282478403853 1.236688693244484 0
0.1247571096273173 1.239916778140082 0
0.1372702043481601 1.255129818354229 0
0.1177969577771602 1.258378371488197 0
0.1303681568958245 1.273691259700407 0
0.1774329255160602 1.196800211853172 0
0.1499302536025559 1.270393369878606 0
0.143014695004084 1.289043963511337 0
0.1233536143999098 1.292341959857511 0
0.1360405131547699 1.307776713374366 0
0.116337779870079 1.311039751925589 0
0.129038080962437 1.326563086608393 0
0.1199419849245347 1.207133067526309 0
0.2580957794445564 1.099820274201102 0
0.109340003866455 1.329784262159045 0
0.1220296958154954 1.34541805500583 0
0.3647847906974037 1.035009426429941 0
0.3819040210449352 1.03195362531209 0
0.3128555751162472 1.044224237394001 0
0.1022148530300422 1.348681599067048 0
0.1149698321242398 1.364324438694716 0
0.2797782308424945 1.050007819015497 0
0.1626822978323174 1.285729284764104 0
0.1670395144614454 1.084081658735174 0
0.1493101116955965 1.087038864147448 0
0.6694761557906008 0.9247712197132906 0
0.1419438345905399 1.342056472495076 0
0.5808661141408296 0.9922030776562228 0
0.53836034017251 1.017498266751968 0
1.738289031218966 0.1133258682907543 0
1.803758804097715 0.1711182278696243 0
1.978488825066742 0.6243609540251699 0
0.2134620572924689 1.796494414469425 0
1.376984569721079 0.6153433012938622 0
1.381725856559288 0.5924292257957036 0
1.359619954362843 0.5997090259273239 0
1.364336218110484 0.577246100981887 0
1.342324469744246 0.5843203954853735 0
1.337696148061031 0.6067902327113717 0
1.284901862525901 1.322379684545864 0
1.169244516881073 1.454967174799059 0
1.160606126579476 1.483220300400677 0
1.189793453426087 1.476279427691029 0
1.180839404697553 1.505142556778368 0
1.211363143182293 1.498443632013723 0
0.9889255034683588 0.9648458090784555 0
1.384152811416766 0.5693016291446141 0
0.8736988497937326 1.090732439563706 0
0.8362030452441043 1.022491408932333 0
0.8157207288575941 1.02732330691574 0
0.8217508847248284 1.007328223371068 0
0.8015641004170639 1.012029437026598 0
0.8075676904292126 0.9923304242252087 0
0.7871313923724014 0.9973233195446973 0
0.7815158177773009 1.016603152280559 0
0.8275492328133871 0.9875207896569115 0
0.8134700149330018 0.9727101854997553 0
0.8331860838250843 0.9679167489479037 0
0.9180671593877272 1.226692247043006 0
0.9247489329255983 1.203439562732961 0
0.9014401731741812 1.209088954570661 0
1.231738129833468 1.233983487466121 0
1.204836701459269 1.240883693675764 0
1.21208457877681 1.214327158492068 0
1.185556631894119 1.221365384516955 0
1.178196445711121 1.247647669415782 0
1.020963799908328 0.9173623127224154 0
0.7072682583116692 0.9658055410104194 0
1.752136187510186 0.2954321841943396 0
1.118406478944897 1.364594217469505 0
1.090368910158203 1.37176462913784 0
1.098463936320313 1.344715664151019 0
1.478700138827072 0.7449088302382743 0
1.503302111596281 0.7372027815217619 0
1.754660491491728 1.5959456420303 0
0.4364063974640171 1.069281337024534 0
1.832989029675004 0.6982987265572714 0
1.812752084405692 1.512561239195901 0
0.1801071360324646 1.570782674091009 0
1.525394182150515 1.681809226923817 0
1.489615715553303 1.689504399715643 0
1.49688024486101 1.652145310280453 0
0.6516711405130517 0.9287761602311502 0
0.6570760125816195 0.9114773455358398 0
0.6396053401384454 0.9153980900304575 0
0.6449258300439873 0.8984574247442076 0
0.627717948559083 0.9022809066331903 0
0.6329361272866709 0.8855565387438589 0
0.6500069279744546 0.8816898401114491 0
0.6159768459949435 0.8893986537184998 0
0.6107008049955885 0.9059247652418787 0
0.6171371165224544 1.034356490432066 0
0.1834817742838216 1.664582256697198 0
0.1756509821588403 1.684714192357825 0
0.1621330174125626 1.667866064052133 0
0.1543454478651975 1.687890099010837 0
0.1409760057190656 1.67119035709211 0
0.1332153049153687 1.691085901619169 0
0.1464724010618024 1.707777818370181 0
0.1253998594259995 1.71099825981758 0
0.1386484092407585 1.72765880212064 0
0.1175665352075255 1.730900817094062 0
0.1307197392462034 1.747510218390793 0
0.1199673086232341 1.674463901358499 0
0.1276129672410642 1.654706576173169 0
0.1097250512555591 1.750782707186615 0
0.1228809771407905 1.767400352016918 0
0.1019009598696632 1.770679535259728 0
0.1152334467987963 1.787359895849739 0
0.1065529567022086 1.658506013562579 0
0.1142870362467833 1.638503185006874 0
1.589483695663975 1.800347185650023 0
0.9380394243097857 0.5420141169662167 0
0.9341830710248333 0.5589297865477634 0
1.344624365881101 0.4149328323343059 0
2.005415273061379 1.543908679707298 0
0.1125963711230798 2.306532569847863 0
0.4923663307840783 1.63807899628166 0
0.1319048333016902 2.156698773497792 0
0.1180604602829105 2.138044211330755 0
0.1091301175606446 2.159418208072794 0
0.9922040903437932 1.986998574077818 0
1.234423316850645 0.2123118723138838 0
1.071739155544239 1.351519935607338 0
0.1036848475448758 1.295553956246902 0
0.1984522594107704 1.143358872455566 0
1.152896898887245 0.6897435073197355 0
0.2717062027140433 1.230097247700692 0
1.18235826028796 0.6432852481610465 0
2.526355183503748 0.1092776268167089 0
2.54511917324381 0.125078163871068 0
1.015713835975638 1.813392639809606 0
0.1582463903070908 1.987197743954005 0
0.1442453968129655 1.969088956322877 0
0.1356994717530827 1.990243621699082 0
0.1217792970074572 1.972523434593129 0
0.1134300541449527 1.993290585594805 0
0.1301631214860584 1.951516752175559 0
0.9081996180287396 1.186150490056317 0
0.8851040803691866 1.191810079314594 0
0.9312972143546183 1.180414296551925 0
0.8783540356943249 1.214503918320233 0
0.1052677244764721 1.243103778000933 0
0.09504619433045799 1.367657970633287 0
0.1078947271548778 1.383280538006901 0
1.882871672144216 0.1630079402493882 0
0.2752672138057836 1.747267463566814 0
0.243509080441026 1.560456978531312 0
0.2510728464848549 1.54034551344021 0
0.2647897107502106 1.556968179618511 0
0.2724305425273248 1.536681025279768 0
0.2861975612612347 1.553461467992634 0
0.2938744289229405 1.533065076305029 0
0.3077256926458899 1.549944536880319 0
0.3153673907601319 1.529493095740886 0
0.3000115962130264 1.570415224675807 0
0.32170332011074 1.566883261034287 0
0.3139210795102131 1.587570167728384 0
1.403583819800995 1.160738734932645 0
0.1636826364792734 1.233365269308496 0
1.447722393391008 0.7742379414940754 0
2.34401705884628 0.5591206578092935 0
2.375197965975579 0.5481580073923024 0
0.3015205029555796 1.512659248696816 0
0.3229586377056216 1.509067434307416 0
0.309231801822979 1.492988590663633 0
0.3305346692375142 1.488818315081885 0
0.3146206113199955 1.471186525117079 0
0.3377521641240736 1.468239098562379 0
0.3518694647363958 1.485101287817115 0
0.3593749273460327 1.464712399920965 0
0.3455921257081982 1.448051835821094 0
0.3668946794717249 1.444410115756453 0
0.3531154778902 1.427843282527816 0
0.3743392546245221 1.424190235625975 0
0.36060769412156 1.407696543563208 0
0.3817156048591054 1.404051212287712 0
0.3689972046277504 1.387955222125647 0
0.3892118941522831 1.384066823375508 0
0.3759972071996599 1.367837023312604 0
0.3964638493846555 1.364120089520969 0
0.3838901372833346 1.348222882238402 0
0.4037906509446381 1.344344752695034 0
0.3903891494401797 1.328232495782397 0
0.4115545724188781 1.324094927080367 0
0.3976354572370516 1.308521743855857 0
0.418707074543594 1.304066873102429 0
0.4048695765662448 1.288991636949017 0
0.4250663741861339 1.28562856646771 0
0.4119347717240683 1.269857631057163 0
0.4320561651098765 1.266394951752261 0
0.4190344130266914 1.250727421048034 0
0.4390328139537166 1.247293326628668 0
0.3990024011058017 1.254122800419706 0
0.3368891392989449 1.525862612462302 0
0.3881838398798697 1.440720450942355 0
1.816427969757829 0.1058158588505036 0
1.69663628607696 1.67637233077074 0
0.9338522188399072 0.6247635887333687 0
0.5747742092147485 1.059075339144827 0
1.572468750563131 0.6207852202940899 0
1.079411726035343 1.325563228516861 0
1.420548832107904 1.419304842082876 0
1.430168401679395 1.388603420853297 0
1.398785635661486 1.396058255061143 0
1.408024357481809 1.368165819752997 0
0.9418695889158748 0.5251391470010754 0
1.907402991367142 1.752187131866853 0
1.112010619664278 2.218911089633294 0
1.098839310209657 2.25521735803381 0
1.570952285958166 1.414653377688026 0
0.9164086617231592 0.762594072504053 0
0.9348391446017856 0.7578557550094676 0
0.9300003659558396 0.7758264703865541 0
1.671420998612504 1.273669770319074 0
0.2395437225808697 2.059198961394936 0
0.4298426058968469 1.135214613389082 0
0.5450540513192514 1.425630150599015 0
0.6435009116762203 1.198277103476121 0
0.6228975921270605 1.202344508751379 0
0.6296423802640498 1.182545090971134 0
0.6093823626121146 1.18646202380055 0
0.615986034537944 1.167013632730759 0
0.5959822573516221 1.170876888834264 0
0.6026176160322286 1.151676149197672 0
0.6226745519295205 1.148519731711252 0
0.5827800983476525 1.155564342515793 0
0.5761550229830967 1.174595024590298 0
0.5630641950333047 1.159374211337259 0
0.5564328887880822 1.178246780630319 0
0.5434409551678359 1.163134414777751 0
0.5368215840571309 1.181916570324464 0
0.5239570102066005 1.166898661404966 0
0.5173297430367151 1.185598324258099 0
0.9152667270739185 1.944313689241574 0
1.162693514213003 0.9845613624955636 0
1.381448987701131 2.008796490770751 0
0.2623652025332039 1.890708019392219 0
0.1554770139056789 1.070353711948059 0
0.1380675287195598 1.073258630972993 0
0.1317179434026904 1.089901603244789 0
0.120485583700292 1.076030576787206 0
0.114053643912008 1.092701262927486 0
0.10277569700545 1.078790410245508 0
0.09617177463501277 1.095656966168764 0
0.426270495353684 1.339217996090848 0
0.2136984347510235 2.231048042047376 0
0.8317770419839212 0.7690736731367225 0
0.8363530501506546 0.7515092305701093 0
0.8190192123181013 0.7562407210055808 0
0.8235370232612493 0.7389949940429952 0
0.8063997186523209 0.7436008734499537 0
0.8113329910027001 0.726106410138715 0
0.8018786913425201 0.7607617023249272 0
0.7893937426752948 0.7482169684644498 0
0.7848621382229403 0.7651977419917256 0
0.4922230168194992 1.576201705878471 0
0.2487317697194973 2.036683341427177 0
0.2638275793926054 2.055941152372914 0
0.2731160763565663 2.032950372582998 0
0.2884299912338087 2.052629745620087 0
0.2978191032218833 2.029341044441659 0
0.313359037297555 2.049291479759085 0
0.303785325943992 2.07270418457502 0
0.3227846936740516 2.025897168688135 0
0.689808216699679 1.582902358888532 0
0.7172790677373793 1.583299614933716 0
0.4717443816475189 2.153489402727645 0
2.764938012293133 0.1348291688482093 0
0.4721453540323377 1.110938410689886 0
1.067829041610043 0.8077113147513078 0
0.5734935197439842 1.343399247252432 0
0.9375790624161107 1.53403249529776 0
1.122939878798419 0.73619165969105 0
1.355040182291316 0.2459315346145246 0
0.1081072547142794 2.520323703176726 0
0.1222996397567757 2.540957643922212 0
1.994415468735981 1.844776772061473 0
1.982181973229698 1.886198165670641 0
2.024570001493954 1.876035785306657 0
0.9957988944284072 0.6393538516755408 0
1.01364042764573 0.6340550583501818 0
1.00952037288692 0.6523804259029344 0
0.248170473310304 1.654425592291874 0
0.2897076383646469 1.76512714279454 0
0.2980726724612427 1.743591155012012 0
0.3125932842715361 1.761640103455538 0
0.3210030452618702 1.739954604610538 0
0.3356366059799902 1.75813992165442 0
0.344045406370256 1.736332427409911 0
0.3588503023223663 1.754593356593451 0
0.3503080559658823 1.776612961284725 0
0.3737827217863042 1.77306309763329 0
0.3650030230707846 1.79550746311728 0
0.3293826367724648 1.718179498081061 0
0.3889046741403215 1.791771658030594 0
0.3799963223536726 1.814494558518674 0
0.4050044383080478 1.811003006894356 0
0.3962614477901832 1.833893038136458 0
0.3711098711369088 1.837396059902114 0
0.3865669107019723 1.856620561361203 0
0.3619711014815132 1.860153575327346 0
0.3773269489614607 1.879974785584619 0
1.216265336819174 1.036251520632175 0
1.210833779978894 1.060238580166095 0
1.234853728954971 1.053730377073047 0
1.229277592378415 1.078115149052881 0
1.492036678415956 0.1992971203138516 0
0.8712272209737828 0.8083673697936221 0
0.8662528510043721 0.826696338028208 0
0.8848142861869871 0.8217026079285091 0
0.8796986359050983 0.8403911357639645 0
1.577748466238598 1.836640835171719 0
1.615373018979413 1.828762334443282 0
1.603260069979079 1.865841972282809 0
0.6355585632307468 1.030641446974081 0
0.6296540640915194 1.048624398981615 0
0.6482741520033615 1.044779841698062 0
0.6422751087758091 1.063038711010969 0
0.6614072116158449 1.05910959971916 0
0.6551169434823727 1.077840256034972 0
0.6744583692821919 1.0737859713687 0
0.6806867023188548 1.05497969988624 0
0.6682497708888797 1.092624564294252 0
0.6938859064279204 1.069740318021221 0
0.7001631560731501 1.051258213091376 0
1.991006476192236 0.1023597862648579 0
2.008208457598022 0.1163785937988382 0
0.8645625704713967 2.01344862245516 0
1.056446268993827 1.214894077791723 0
0.9947267463926465 1.597020671969506 0
1.023027866271432 1.590943187799592 0
0.9831961942464937 0.9859554462102476 0
1.004569377071154 0.98051059408147 0
0.9986283424964257 1.002081660553496 0
1.020441139127532 0.9964970990400293 0
1.014494430771662 1.018274679006165 0
0.8200775797128441 1.141280345048058 0
0.685870553859759 1.246740829856597 0
0.7073487999160926 1.242522432972602 0
1.277207865493621 1.350637149337178 0
1.487149381396472 1.492003973950945 0
1.355127086484286 1.252046359194417 0
1.599597043283257 2.234769382320177 0
1.585248646494792 2.276368807656236 0
1.250779569187372 1.745290871547636 0
1.239594746696724 1.777088593679655 0
1.273189338146828 1.770828922676474 0
0.829911297491073 1.704522901540415 0
0.2234822931035549 2.208023526030655 0
0.2386500348025361 2.228246549440939 0
0.2485703810991198 2.204605529066786 0
0.09910081857402861 1.677589944983835 0
0.1080351327579034 1.954955525401362 0
0.1162065281219323 1.934411195512975 0
0.9846292040368516 1.818688601894008 0
1.004757676185718 1.84314716847979 0
1.153038873120976 1.762248143661658 0
0.5942642721523002 2.685917287793719 0
0.632726529038439 2.680581538351831 0
0.6184690073389542 2.717465018008882 0
0.6569671669853566 2.712593195964009 0
0.6083672570264749 1.554579604462815 0
1.394629922694278 0.4589674389957578 0
0.3119388295600516 1.09066796929628 0
1.47981514605663 0.4305491897983698 0
0.8861544514758377 2.378123756905174 0
1.587405877202133 0.3944959182533574 0
0.7304540876414206 1.84696795407269 0
0.8980832941205837 0.8351883747760264 0
0.3767800302525932 2.421045002336144 0
1.674904250833895 0.3652114411238614 0
0.4261141982955541 1.231786962149526 0
2.012036387129835 1.918158320554067 0
1.097345087726184 0.237906633458442 0
1.844569881754693 0.7753323717460066 0
1.219261753392837 1.46912584155403 0
1.251800907692541 0.9808040394668576 0
0.3357688362733567 2.536365164714515 0
2.313475922401728 1.505103473916217 0
1.168168568006543 2.043712224937047 0
0.3822098697131089 1.750917251155483 0
0.4458475783257628 1.280832207605677 0
1.671510890448531 0.8550752504808092 0
0.3071535492321923 2.006043685404674 0
0.3321566650493348 2.002452057216642 0
0.3163125123782098 1.981608388161419 0
0.3414555168003122 1.978866730147933 0
0.3254361123997961 1.955636532973189 0
1.780230175609054 0.8209826249719462 0
0.9924076974587117 1.023917172865828 0
1.008396107500722 1.040283368691209 0
0.9860499574866197 1.045987024590924 0
1.192805527969732 1.195057774721416 0
1.685495617402314 1.712722004220717 0
1.722875427089679 1.704382552789978 0
1.711421791991826 1.741223329619547 0
0.893001055230572 0.8540391542731057 0
0.8744121676032376 0.8592219446537309 0
1.903686981546172 1.426706834750703 0
2.171399879809042 0.7523465633309423 0
2.203728387554387 0.7429015736745345 0
2.228412151930035 0.7663872827241478 0
2.23678611556646 0.7346743790597714 0
2.262796575756279 0.2265672217657541 0
1.56338151162713 0.8860158834223124 0
0.8646710502174741 0.6465080631884781 0
0.6971482919490593 1.992941159406898 0
0.6782547382192905 1.969819871960242 0
1.036607344956229 1.012520297659907 0
1.042605153583369 0.9905715383023678 0
2.376585000362049 0.210662153811951 0
0.0878755002014712 1.386669169722862 0
0.1007685435002054 1.402293609787122 0
0.120814268735352 1.398925360095272 0
0.1136907165173403 1.41795157146766 0
0.8421429423985881 1.398353608322743 0
0.8667143344796999 1.39301211756423 0
2.016468590275127 0.6924106754606957 0
0.370822311107992 1.018716483091441 0
0.3876900989105296 1.015664410867716 0
0.2246110647071129 1.059380596389984 0
0.6106133408393997 1.134444244084404 0
2.226724329902531 0.5976209453622678 0
1.501148016525004 0.95395227434635 0
2.078706262971016 1.417728273530844 0
0.4459867433819878 1.228337140199857 0
0.4589275998197269 1.2438332400149 0
0.6381696706756911 0.8689903154853114 0
0.6549600904411966 0.8651213838318066 0
2.015005321447648 1.007662037856856 0
0.3523961037648434 1.71453068301161 0
0.3378932144110315 1.69735417004659 0
2.098565436113628 0.2871709156231144 0
2.189842191246016 1.423827379458835 0
0.8590535626810285 1.417172545438185 0
0.8841275416766607 1.411680354743257 0
0.8761748369071404 1.4358516872184 0
0.9015275012796199 1.430805621548825 0
0.9094032383586117 1.405971607064535 0
0.9271087255104893 1.425251386744188 0
0.9350512052266353 1.400091928117787 0
1.32062011904844 0.5916022050867098 0
1.315963727724573 0.6137597713230853 0
0.5042586866448414 1.170791000823037 0
0.09362657428693086 1.421302521688733 0
0.1065451795164307 1.436998987709712 0
2.211252862923143 0.8352836194088261 0
0.08646714919484567 1.440340880297029 0
0.09939222765003443 1.456071056326257 0
0.1032262091925314 2.327930644586869 0
2.152117478323424 0.429571685456975 0
2.138926309056861 1.06120120746329 0
1.014715825531415 1.618211446342665 0
1.083195811572626 0.5465003494321563 0
1.101445765759477 0.5406684870759771 0
1.105194880235872 0.5221340734447393 0
2.791371133914054 0.1237023835787518 0
1.346086916486543 0.5628890530513379 0
0.5990709393312261 0.893145594369841 0
0.5938105356237868 0.9095147426159351 0
0.8191874100498724 0.9532104542945716 0
0.8391389025355593 0.949400776540212 0
2.370723510637966 1.45551131775844 0
0.8300809225067585 1.511404973164673 0
1.281560963226538 2.478526447217447 0
1.117941401841838 0.7566912142525295 0
0.4264462799356928 2.285919140250622 0
0.2432753190759396 1.304787760563632 0
0.3717860911657074 1.333056919750176 0
2.138189388596794 0.6258197974582786 0
1.040906471349961 0.273036709926642 0
1.736153649472326 0.6794430273607831 0
1.709834520385735 0.6877220625875102 0
1.762934315489126 0.6705946603059832 0
0.3358229196584375 1.583940409308651 0
0.3279554953036649 1.604827688925363 0
0.7725620018434833 0.7528625141926506 0
0.7680275611518985 0.7696406863955749 0
0.8225584512291988 2.660000703600544 0
0.8637967799911196 2.653615128489814 0
1.941964236457562 0.1621175856848672 0
0.6082619822222122 1.620062334574055 0
0.5925406119536992 1.600419650105827 0
0.1476007103826481 2.538709977251784 0
0.1366970145037208 2.561846875275575 0
0.111279489837449 2.563678232518284 0
0.1255528268400077 2.584794244435968 0
2.097808012490159 0.8045948157164927 0
2.540997639518138 0.1499004128880742 0
0.4099987956207109 1.380349171553265 0
1.368644428402322 2.044773557714496 0
0.6243620680746673 1.639168007672467 0
0.6480488464511992 1.632076003134271 0
0.09411811676973511 1.790551374052704 0
0.1074291527748065 1.807250611290971 0
0.1001881937027424 2.435967563117208 0
0.5651946252116888 2.260458748207489 0
0.451697994411292 2.607639487079018 0
0.0964808542429792 1.734244750285087 0
1.749028632691507 1.733183227022209 0
2.011729596560059 0.09401645994713312 0
2.028915412698215 0.108489305535811 0
1.940548864976908 0.3189857171091523 0
2.063205178742344 0.3846276046246305 0
1.628756096827367 2.267514248240455 0
0.9528694414154817 1.419595618814804 0
0.9608752094031627 1.394224880013944 0
0.8876420615121058 0.8729773329782523 0
0.8690963166423963 0.8782401321458075 0
0.8806850015716587 0.8914628060747758 0
1.835445793740641 1.313423019965823 0
1.034264365158371 0.3059359501694686 0
2.700093429402316 0.7582193688848542 0
2.690639092592866 0.799524861464519 0
2.651008783256827 0.8105348263926488 0
2.681260741155828 0.8409608554697479 0
2.640868251110109 0.8523490782637057 0
1.383327361555427 1.244399496708991 0
1.065407170666736 0.1503968150975499 0
1.068726106374743 0.1332391550315993 0
2.097589381763083 0.9264068867417319 0
2.470617006270902 0.1772666212235502 0
1.894510917577774 0.09749146552233426 0
2.75397123168725 0.4837134008267753 0
2.762112415228875 0.4446854930979338 0
2.732233625441442 0.4187355313876351 0
2.769676129628503 0.4058484704702579 0
2.817299844317136 0.1402716600983894 0
0.433071227367216 1.212970957895668 0
0.3226119524138837 1.238771835906373 0
2.411591513455992 0.3337773876710485 0
0.3496992078284203 1.391615989661226 0
2.549347945753771 0.10081585002526 0
2.568367001840008 0.116521445644487 0
0.09779625124980434 2.391518232328557 0
1.160708145742713 1.22788072097879 0
2.781161711670744 0.218519847040359 0
2.813101173228781 0.205461251338283 0
2.808578011636309 0.2408891376301957 0
0.09353592317366524 1.6427830187607 0
0.1011851178837906 1.622357437274968 0
2.002101798541146 0.8322186023121514 0
2.67171185342108 0.8828002146573628 0
2.630550809165101 0.8954918515295552 0
2.661860861014892 0.9250471257575111 0
2.620553654167256 0.9378398099081429 0
2.652137096192955 0.9673070369666698 0
2.61064060889233 0.9798043415090618 0
1.602619914879772 1.408034817499336 0
1.056885691122819 0.3463227467526285 0
1.039998656024072 0.3509492250428131 0
1.027214416736143 0.3403049127011735 0
1.023741341274114 0.3570419559941219 0
1.324213655957701 2.470948545726587 0
2.658637914887303 0.4448208876065903 0
0.9769295089503591 0.4462739123469633 0
0.9726852352923464 0.4601594987922267 0
0.9798542651952065 0.4301061208899029 0
1.241491802179281 1.49112388759749 0
1.248958718239716 1.461810759335493 0
0.9215382525875371 0.5472268078399387 0
0.9177249421197888 0.5639410006483352 0
1.935881568805288 0.4286944395141699 0
1.20955858064247 0.7983477381013853 0
1.192885300099439 0.7827094175519038 0
2.280404472068717 0.3307597033658666 0
1.477043531590012 1.52402325611126 0
1.510151060939962 1.516696140848976 0
0.8436869000065332 0.668179144324633 0
0.4131301607814762 1.787956058734194 0
2.435729171548231 1.35596900921701 0
1.641750469493773 1.85771426707629 0
0.1268266433037315 2.011405473691572 0
0.1048853562431444 2.013927224067178 0
0.3733608921384604 1.48145345573706 0
2.355638531702104 1.223884219649711 0
2.36648368051103 1.183260980734178 0
2.406792794350245 1.172083689777184 0
1.810969674498509 1.287568096921429 0
1.737671912802289 1.769716813505786 0
1.044079291695161 2.592655514560618 0
1.086220017194451 2.585911218455275 0
0.129016639768028 2.856398684650677 0
0.6383025768561432 2.002583933434698 0
2.740276430846361 0.3801802225926077 0
1.00159292675535 1.061792665962925 0
0.9797835095966163 1.068117674354746 0
0.7776356983746835 1.094534091638508 0
1.202844533235675 1.527593693839156 0
1.172040169569703 1.534256757976597 0
0.4123757997930434 1.854164143328283 0
0.08253157614667399 1.35184446391338 0
0.3843685777641407 1.292579043331236 0
1.901000548328514 0.623803748007242 0
1.873866529979356 0.6325321806244463 0
2.002898786156287 0.1392997677237647 0
0.7668514901636591 2.333737834928989 0
0.2640334727942959 2.225091058966507 0
0.2739995155825626 2.201357827600599 0
0.2539196341199411 2.248917926718732 0
2.484060944720214 0.1017907900550864 0
0.09448728796909944 1.937639333063804 0
0.1025283084370926 1.917356075851838 0
1.02768044777612 0.6468360978236826 0
1.031628583704859 0.6285311286660342 0
1.023394929540526 0.6655418361000663 0
1.058900034026383 1.006703658117013 0
1.065065114879765 0.9843972055570701 0
2.305994635912123 0.3226116844193764 0
0.5302534052122896 1.200724558574178 0
1.994230731802875 0.4819287155877737 0
1.010897402241609 0.3458821085888709 0
1.00750329018085 0.3624762309993133 0
1.299127297456237 0.5986836028463962 0
1.29444508947871 0.620704096106747 0
1.952511092434535 0.09624252910755898 0
2.197438892793564 0.4679172349357552 0
0.7010049177477443 1.606759324769771 0
1.153414983846023 1.254692274980734 0
1.453213301257026 0.6560291418173122 0
0.4513065487239243 2.770739144582362 0
0.412627870267617 2.775107898803061 0
1.074193257517234 2.225840929593676 0
1.056466324539927 2.269372819452265 0
0.1002747078634587 2.586501150505693 0
0.1144607127102447 2.607575829812634 0
0.09535916148078122 2.141431900582149 0
0.1040307409604217 2.120241432251482 0
1.406654476638972 2.037907117685439 0
1.611804748987657 0.9805516891138751 0
1.640251695777213 0.9727326667395487 0
1.661296710226946 0.9945668798555684 0
1.66899326672471 0.9649596928982536 0
1.690112043024336 0.9864640073988339 0
1.698116960639437 0.9577366179037915 0
1.719331645815827 0.9788491834334461 0
1.727410946973889 0.9499474752799955 0
1.748747270461991 0.9709076961558001 0
1.756943667497613 0.9420083136559915 0
0.7258010099994291 0.9616870055222735 0
0.7200646058377084 0.9799742290306771 0
0.8575076520429885 1.699235133645103 0
0.848246625533006 1.726106007725812 0
0.2347256766543193 2.838083494860014 0
2.579248350042666 0.9504526429343632 0
2.569402029502595 0.992167120069708 0
2.600676331716197 1.021814119133115 0
2.559285520578894 1.034168073213085 0
2.590528009327802 1.063897493097203 0
2.548947916568085 1.076308669832911 0
2.580396281630616 1.106150026691745 0
2.49932493604844 1.26110856560393 0
0.08556455107325918 1.081812639157961 0
2.190020047109035 1.253247403747764 0
2.623196830715509 0.4564968262132894 0
0.4292359976986111 1.807519739431844 0
2.416793678712035 0.3048868975336004 0
2.046135483465369 0.4651060110175716 0
0.5062405662476799 2.415119194306947 0
0.7759831593351941 1.641911438740126 0
0.6432728172867008 0.8525206346768509 0
0.6599501459987944 0.8486465193894044 0
0.6717504767318517 0.8612542281281389 0
0.6767365343227014 0.8446976004139618 0
0.914870954008753 1.163325734863374 0
0.9377885373788156 1.157575001981938 0
1.042427804016877 1.613005357447754 0
1.048238198012975 0.2371551749626374 0
0.07806898455969905 1.09860440567001 0
0.0897476079442316 1.112973719442037 0
0.569582294010842 1.14048535254248 0
1.055180872237041 0.2019779634237763 0
0.3324180109986246 1.43151352337999 0
2.777124259415198 0.3674311782148247 0
0.7558359419517632 0.7574140893831302 0
0.7513328915124832 0.7740479782522518 0
1.261562558588134 1.802519088537561 0
1.228203470617985 1.807339628749712 0
0.7776163922494521 0.735496350757854 0
0.5825641920132607 0.8969122110999065 0
0.5771706151713047 0.9131715554135775 0
0.5885860059854332 0.9258613568089025 0
0.5717830512973678 0.9294817546958356 0
0.5603955563390064 0.9167623028839108 0
0.5550010841940345 0.9329880279962497 0
0.5435450630886191 0.9201138014715636 0
0.5382665275646071 0.9364410384222613 0
0.4649273382968935 2.575150971812197 0
0.7990891139654536 0.9587436274440446 0
0.8787948577930035 2.614403623450177 0
0.9054965146415009 2.647005138465892 0
0.08669487360155599 2.162247697592651 0
0.1002707499460187 2.180022954289583 0
0.08631334265300963 1.810198612859501 0
0.09956390907141166 1.826935053544664 0
1.593941267126749 1.439361983352845 0
2.816095219371832 0.1070393002139676 0
0.7964713468900926 1.541386021259078 0
2.26132322136126 0.7569471284797678 0
2.269639484071744 0.7241536412430404 0
1.295612616506703 1.796819374508133 0
1.307116194717436 1.764230717386468 0
1.547783782269692 1.101803211687199 0
1.038943780938683 0.3684940947491239 0
0.122031797290129 1.618612670738766 0
0.1086497672167809 1.602695526084251 0
0.08810150362792091 1.605978372048739 0
0.09553003171620596 1.586634787088164 0
0.8267667602274968 0.9328593620955559 0
0.3500336193870437 1.601180064371486 0
0.3607835996595458 1.693294131211644 0
0.3577622039074531 1.580243377026042 0
2.572541141012834 0.09235464862382339 0
2.591554173712507 0.108104016488338 0
0.1357422047536804 1.784256335396335 0
1.087372222265748 2.189569464042138 0
0.3478861771218478 2.022187821730093 0
2.032771863421292 0.08711908980155425 0
2.049680765562301 0.1008155812482774 0
2.045186771687224 0.1236799335201889 0
2.066757855230087 0.115010675627654 0
2.070778425212104 0.0928155230245188 0
2.087942579555101 0.1068413811286749 0
2.084259283883672 0.1290919441012061 0
2.105287742140373 0.120916092501032 0
2.108855252260813 0.09872324643653071 0
2.126237172687017 0.1127256696626371 0
2.129574512175825 0.090588166966032 0
2.147129527484245 0.1045547518139149 0
2.143788843452964 0.1268710991518357 0
2.164836350064557 0.118537937089534 0
2.167928653723317 0.09633519759263134 0
2.185766113298598 0.1101507138525195 0
1.391816311589661 1.600460715216578 0
1.381251906483076 1.632431712527852 0
0.6249315200229799 1.44409035649956 0
0.6328471420254573 1.421428338370023 0
0.6169954620297345 1.466789651636495 0
0.9485951532528835 0.7707746817782333 0
0.9529239546237628 0.7524760937756454 0
0.9440122314757762 0.7891090287216047 0
0.1794446294695103 2.469485840078548 0
0.1891621022379774 2.447012753303645 0
0.3528049486727662 1.883069230070471 0
0.3375556009067202 1.863768777108481 0
0.09149358050791093 1.996426838982605 0
0.3290943865444562 2.069367293068917 0
0.3193002584086588 2.093121889579042 0
0.9733962654944408 1.848457693835035 0
0.9653039762420603 1.712121854399161 0
0.07929185183339539 1.459410892892887 0
0.09221121743663213 1.475188339265726 0
0.1123376817056913 1.471869460629949 0
0.105196161129021 1.490994451611074 0
0.08500008308654249 1.494303152860025 0
0.09796130559729317 1.510000594759219 0
0.1196759904683201 1.509237381276434 0
1.138452977646472 0.8404290329108026 0
1.132945058809699 0.8625142629243385 0
0.09389230408576849 2.500306889570994 0
2.055212555148945 1.907668470296463 0
0.3504618012494239 1.952648270651092 0
0.3664667540679984 1.974959558198758 0
0.3757409765651528 1.950641322466594 0
1.253940301023076 1.07240827342721 0
0.8906515226746008 2.686615103251431 0
0.1207939267892136 1.823981331422158 0
1.119977215145408 0.5347328736814154 0
1.123554127934783 0.5161081002353144 0
2.18885137557196 0.087992786814724 0
2.206616152599578 0.1017705051835339 0
0.1128942544374179 1.843689946031725 0
0.09138787626325075 1.846098848018821 0
0.7002062428340975 1.263397152455924 0
0.7215454749899118 1.258949744747483 0
0.9788386639527592 1.413905685165343 0
0.9867575572562398 1.388449027709795 0
0.2584073843052259 2.18085774631457 0
0.2838867906711112 2.177541815371436 0
0.3765787923028013 1.002683232258512 0
0.3933334133833156 0.9996165348840738 0
0.4044309540157869 1.012510489031092 0
0.4101338987849351 0.9963796351855114 0
0.3599301898828439 1.005622026951704 0
0.4212110263938181 1.009374029905908 0
0.4270922411237883 0.9916462476521657 0
2.010211140862523 0.8007641589981542 0
0.9937064867482963 1.873153363171264 0
1.025174039809549 1.867993473121019 0
0.6430596840856506 2.750009473019222 0
0.6857272130452614 2.743551193514527 0
1.629583820003127 1.895188010368487 0
1.590698753409213 1.903303545776823 0
1.049887817879827 1.239064204494277 0
0.3181236961076632 1.154703805486977 0
0.2994956868883184 1.157906544349554 0
2.842598535536995 0.2267824395385903 0
1.305786859740134 1.343233452302868 0
1.298306106020852 1.371546852711762 0
0.08392583981840526 2.522185114782723 0
0.404055003093892 2.710704504397995 0
2.503085562405897 0.2709872742605001 0
1.540373336081403 1.133732340744777 0
2.20994722314251 0.07948207752569411 0
2.226684398785671 0.09446961008709748 0
0.8932754750629753 1.454430023556951 0
0.5268370289397943 0.9234483808583209 0
0.521676836756616 0.9398940140785184 0
0.5330046100633239 0.9526361744857322 0
0.5162822333798507 0.9560656084107558 0
0.5048825039712894 0.9432602162992418 0
0.4995700306123495 0.9594459361028491 0
0.4883439802083814 0.9467483133092763 0
0.482984814201181 0.963579263790254 0
0.4935104387679194 0.9771852678208247 0
1.163337352721618 2.175265867318465 0
1.201336151237211 2.16796936286119 0
0.8406195023810868 1.137219661994237 0
2.767855181013768 0.109087789411628 0
0.08917976740119141 2.609503020059945 0
0.1031386860455844 2.630507128323124 0
0.1290166961309342 2.628676143076119 0
0.1175184658121522 2.651876398815285 0
0.08318161144870297 2.016847664667281 0
0.09646063922139343 2.034186264105547 0
1.214549358911454 0.7761534780913419 0
1.198059588329055 0.7605564249731203 0
1.715692552111719 0.661098796111556 0
1.689729084017809 0.6692739947157904 0
1.683738446488502 0.6957348190321655 0
1.663921645923223 0.6772050640688978 0
1.658330659092522 0.7030969610572662 0
1.638314148992632 0.6850947730263619 0
1.634226336585258 0.7112139062526031 0
1.613406595476795 0.6944212629415337 0
1.608654306974113 0.7197302496211592 0
1.589532034301679 0.7045281676845 0
1.582136647749328 0.7282150250495185 0
0.1095825826939385 1.063274038640065 0
0.5301366965856933 1.148457651853819 0
1.19298043958189 1.556483481630713 0
1.163042438084108 1.563501880707415 0
0.8621019928983886 1.197107018319933 0
0.8554123916262505 1.219763843337265 0
0.8393269314313822 1.202608225799565 0
0.8326989821013335 1.2250565847007 0
1.309367780521121 2.512358395175176 0
1.266823622146128 2.519176581861269 0
2.837823556058301 0.2639547721185032 0
0.4380401211039663 1.005498540561125 0
0.6043572552516798 0.8767631576799412 0
0.9045735149924907 0.8699022110364921 0
2.433027279889439 0.6954589092667615 0
2.40832868368914 0.6672700382585401 0
2.397479069085251 0.7073210938190686 0
2.371227707763726 0.6811307270923068 0
0.1337903580483321 1.414617021155377 0
0.9451408003489399 1.443570669155543 0
0.8813342557305848 0.6416190412812723 0
0.8687630238106984 0.6296301503984867 0
0.8522239829748935 0.6346522576818763 0
2.227980238115121 1.243373840429468 0
0.2559894599432803 1.63395073456556 0
0.2698854022874442 1.650964525889824 0
1.219059804215906 1.18802064460835 0
1.199171369393082 1.16962715797387 0
1.21958828770932 0.7540963124004125 0
1.203193265280237 0.7386818092217494 0
1.224615640369957 0.7321846311698501 0
1.208258521295068 0.7169323505015061 0
1.229099880680217 0.7109681749018291 0
0.6274633265582523 2.030203697965725 0
2.586986998869242 0.6094577523030692 0
1.247499454899509 1.098849499802375 0
0.0894351571170027 2.309551160081142 0
2.29929337008065 0.1470952289255291 0
0.1443879117537445 1.056838586737702 0
0.1614579540591994 1.053927794134733 0
0.8168681055191588 1.208168797580556 0
0.8101618806903343 1.230351828374023 0
0.1163562452452423 1.582623556446747 0
0.8852997488368387 0.6247945777913539 0
0.8728297698604335 0.6130244803827831 0
1.918328303774608 1.712920007832244 0
0.7133486266381263 1.065253357454503 0
0.7196073914031328 1.046561136564562 0
1.480034874255306 1.234412572385724 0
1.474198065875317 1.26663205638807 0
1.488710102527129 1.204782027973785 0
2.069680068577287 0.2062627894870882 0
0.9965163018708508 1.707241612503866 0
0.7315417599592298 1.335944542944389 0
1.945232202610205 1.282502685065412 0
0.9585900932972115 0.5196277077939764 0
0.9456188406038347 0.508305681079166 0
1.349602059133067 1.073953203171867 0
0.7046932662138874 1.703908226393562 0
1.19501686576499 0.3365202554272886 0
1.878551734204934 1.7223932330373 0
1.889620333553389 1.683364234145362 0
2.04276010969855 1.950305377944892 0
1.999210576319191 1.960668062094867 0
0.5205599687492333 1.02104832725863 0
1.865545215647385 0.2560357207553889 0
1.84762357730377 0.240487906054268 0
1.87010266076025 0.2324475247200914 0
0.1877769006163004 1.858786331598214 0
0.5999860050146474 1.643699096915897 0
0.6091223164379289 2.007258004790389 0
0.6204355993571332 1.97909956132499 0
0.5985562416776653 2.034478894826159 0
2.630483535713485 0.4209505495480254 0
1.052677163344279 1.331508186291981 0
0.09166592719083332 2.653380973199904 0
0.1059164563364215 2.674938419000863 0
0.9230400726241745 2.370589287719128 0
0.9148511318379039 2.404225136688599 0
1.179003746952831 0.4140801963929818 0
0.569431244736494 1.193513398446026 0
0.9644216113926702 0.4346857794731083 0
0.4978403037487681 1.189294031472312 0
0.4850477681756211 1.173536912038575 0
1.614329005398991 2.309692386210155 0
1.570573467971803 2.318214328855176 0
1.767036457301114 1.331850917325707 0
0.1239720531819636 1.914175157330532 0
0.07780028574754094 1.513424516891746 0
2.07318620028029 1.18003921120972 0
0.6886517173623737 0.8573634830996016 0
0.6936264309033398 0.840724577065161 0
0.6816028976785162 0.8282281641690508 0
0.6985738113383138 0.8241220993740711 0
0.993993181397655 1.082814666705101 0
0.9728592799522985 1.089265065490655 0
1.149403303010397 0.8781705530786548 0
1.127428801303039 0.8846237568518773 0
0.9571394489919128 1.073690789337777 0
1.824815640806732 1.149403708573726 0
2.845121549130274 0.1269265235225608 0
0.7105363018708293 0.8367355180835219 0
0.7157183818590634 0.8209454516495727 0
0.7047176912450754 0.8073211364929902 0
0.4141396538654925 1.216638101178714 0
0.8258457387591617 1.247278115113234 0
0.8033394853297697 1.252624726949438 0
0.78763027335915 1.235651445588736 0
1.173821725303059 1.176011258763455 0
0.7071665561450327 1.084750329676632 0
0.968810727215662 1.368871907142432 0
1.375844249243693 1.272620754683436 0
2.220411193829796 0.6289109001532245 0
2.250304104580813 0.6186028505592902 0
0.7633612003913746 0.7859473454339576 0
0.707459114236728 1.964917594172712 0
0.6884837452135965 1.942197256054919 0
0.7265601944235983 1.987855632005657 0
0.6268821975551087 2.336191784325267 0
2.088708401441386 0.9582982990035831 0
1.329876511566223 1.790551872940992 0
1.341445082532232 1.757565484317146 0
1.24278009660727 0.3543683603130435 0
0.140916650673387 1.39552066533241 0
0.3421115996520337 1.622248961541435 0
0.08088253235994529 1.773986475289507 0
0.6865548415956818 1.037032642637427 0
0.4717902592666848 0.9503000084183394 0
0.6161375153457808 1.662908865626864 0
0.9213319574123449 1.140700510540456 0
1.080651011224623 1.000188100225401 0
1.086389336392077 0.9780057352369209 0
1.070462995363961 0.9621897539688538 0
1.092013501632721 0.9555346196384554 0
1.074362684556524 0.940463391394144 0
1.022297075994347 1.05600860931095 0
0.3549176925660126 1.199091024856155 0
2.294551808020016 0.7472605738396073 0
0.3578581639924849 1.098943591745134 0
2.450650868111839 0.6214927428513239 0
2.484362578420302 0.6122718347293967 0
1.005164857893331 0.6707788771398118 0
1.019046926265484 0.6843364685348715 0
1.000564113603893 0.6896600839379965 0
1.277464565240888 0.2733107258032004 0
2.23939096561221 1.207081404096085 0
0.9329851935412159 2.680061293702825 0
1.029633716425132 0.5622330976587285 0
1.704332639979458 0.1859221550773884 0
1.720959288389955 0.2003996895136763 0
1.700188831141025 0.207632016087978 0
1.71675583684997 0.222344227808565 0
1.737177495612918 0.2150135546969794 0
1.696106708823544 0.2294622652365398 0
0.1515110056680315 1.745008800756207 0
1.766485764120385 1.695770280881409 0
0.6233502194818894 1.066879972723194 0
1.10236351740584 0.4551568699037347 0
1.626586002644387 0.1928889271815182 0
0.08074409182391268 1.920831739645556 0
2.170512960553984 0.8773229167827111 0
2.800877742199085 0.4325425707042967 0
1.014611011411731 0.703252035317087 0
0.3998510466807755 0.9817507910221583 0
0.7759731040306885 1.787479142275801 0
1.277708501929343 0.6056754227425035 0
1.273102672639452 0.6276475988922414 0
1.289775866219117 0.6426689237137178 0
1.26838697414867 0.6494909244189977 0
1.251843452960707 0.6345307736360237 0
0.4904157384901081 1.107561452265241 0
1.259410614320359 1.046768532167466 0
1.483481401159048 1.035386685943047 0
1.063325584874202 1.376589431885758 0
0.6083965544267498 1.299194406445407 0
0.6297286050816271 1.295286371239028 0
0.6223972235281852 1.315885471523739 0
1.861985268782612 0.1705562171138155 0
0.2797625092383747 2.245766118942055 0
0.2693726102984595 2.268937341065453 0
2.530738944121397 0.08522844390088163 0
2.06698814695245 1.865600819212786 0
1.616319516533276 1.378063642863044 0
0.2877794843647389 1.496275612413413 0
2.155685127448268 1.536349754456402 0
2.709098465530091 0.7170930214696037 0
1.627213115747924 1.431610874082613 0
0.3408012417991571 1.799431989201086 0
2.17932621815257 0.7197975029661667 0
0.2938284751275038 2.094265592756442 0
0.9105004090196315 1.539890082226087 0
1.330679103745426 2.051877477546084 0
1.355678318964024 2.081230155742332 0
1.317389120306197 2.08809041021254 0
2.033071812254149 1.326227225688983 0
1.941277684007253 1.059033897275311 0
1.87003553333261 0.3436260873039339 0
1.888904854253846 0.3601324972804221 0
1.864957735325998 0.3682511804943669 0
1.027991944911061 2.070356966696817 0
2.592248747023597 0.2080471442300708 0
1.046097397692711 0.6412101682325358 0
1.048930761414504 0.6227905619157531 0
1.14379457377814 0.9003882036159385 0
0.9362325027973764 2.335859257178184 0
2.074655097090554 0.2955091081484666 0
2.093461834772357 0.3122207932353719 0
0.6688533957075109 2.677976406926382 0
0.9959127231454948 0.7088807632599212 0
2.740748097744583 0.7456466606485366 0
2.749951447469132 0.7035199967966006 0
2.33298012237295 0.8325462619265115 0
2.595491415059176 0.0837931246346796 0
2.614654808644497 0.09962070609670368 0
2.617899944525409 0.0749527152320463 0
2.63758529427075 0.09066618190896331 0
2.633688698992774 0.1158211811238711 0
2.281350819328573 0.1316443585946243 0
2.303245035021434 0.1235837624357147 0
2.285890100990616 0.1085392054518117 0
2.307237649239703 0.1005697206569084 0
2.289954532249587 0.08587386197237276 0
2.31125157031813 0.07817575440243185 0
2.328482619506301 0.0926129438408541 0
1.642973874913874 0.20727516167098 0
1.62220909641024 0.214486527929971 0
1.638923123384944 0.2289919400366463 0
1.617906126316959 0.2362416023428096 0
2.389038150658424 0.4543782363645804 0
1.303626265501174 0.5767147892968247 0
2.848550285745624 0.09571046024469734 0
0.3149279452628341 1.700268334794366 0
0.8892689079730218 0.6081309531251317 0
0.8767781484281905 0.5971723087743139 0
0.6034054557794915 2.754593404437914 0
2.103283457533768 1.070898817310833 0
2.457924683067299 0.5875099857020539 0
2.49176932197025 0.5771081269799611 0
2.465159901282593 0.5525713504416552 0
2.499107687282722 0.5422819878025106 0
0.4304945048278068 2.579934334528996 0
0.443628283473487 2.549112169298811 0
0.417458323460233 2.611917912627492 0
2.538703464732797 1.118392904085474 0
2.570192089426969 1.148735085353263 0
2.507401302847852 1.088501384985414 0
0.08175824917322465 2.123660478933604 0
0.09017215151043707 2.103070438931678 0
1.582936727865534 0.9884822854614266 0
0.4375074690101409 1.784008406294585 0
0.4536503587076998 1.804124200224979 0
2.121837250665502 0.9490699569243681 0
0.7392388233591105 0.7619199770791419 0
1.499774428055494 1.54933955913821 0
0.189864108314953 2.339296953300043 0
0.2050699741563311 2.359734611002726 0
0.2152718612390243 2.335925970073387 0
0.2308177124138323 2.356704135517142 0
1.599856620857334 2.351973490610542 0
1.558499626994128 2.35969608836571 0
0.4345255331921696 2.805995727513232 0
0.3966722825518537 2.810697627139824 0
0.4694166988272619 2.802450207253808 0
0.3738986695803286 2.779460888875051 0
0.3581022179371549 2.814715755759992 0
2.477112001291592 0.4240147565240756 0
0.2707237927848811 1.868944862492611 0
2.098442101720547 1.897016806999158 0
2.110403488470102 1.854464789807569 0
0.08036057865831532 2.330308401475127 0
2.223852198744497 0.1149006740480994 0
1.338776922531792 2.42962686404087 0
1.3673778377936 2.463034054815041 0
1.382031052538714 2.42135122581517 0
1.410865202081902 2.454960180953471 0
1.425493453822872 2.413020263897288 0
1.775919712543467 1.762022275502902 0
1.138377845777704 0.5287636606489239 0
1.142457115281366 0.5097011119719752 0
1.144092776739013 0.8195905960008247 0
1.994602517384513 0.08019465359660816 0
0.07136011302333686 1.115996077331729 0
0.08328752230730115 1.130703406757376 0
2.745821355371918 0.5230420190779648 0
2.784726669423329 0.5106610443867341 0
2.776006279586003 0.5512391073729768 0
0.07357932389747721 1.424670407310467 0
1.074454818505909 1.233178765733722 0
0.07810158013759499 2.18288104559797 0
0.09153328135819024 2.200501185485201 0
1.27016288201293 1.483848827352549 0
1.278628101427374 1.454466950853934 0
2.101805090151695 0.1433256734179285 0
1.081926383061182 0.3943944938759468 0
0.3289656881495834 1.886782819681345 0
0.2911475531560166 1.984878939740561 0
1.779818798850757 0.960397221834469 0
1.786758842879945 0.9341997310170468 0
1.097381529969922 0.5596175563487951 0
1.079106627672758 0.5650855845832884 0
2.661956790783726 0.2957359545662098 0
2.656664275975265 0.3286822443995399 0
1.880734224633382 0.6039737190587556 0
1.909434827285983 0.5935588733207517 0
1.853245423567663 0.6132489092667128 0
0.6277532359984291 2.788434827136482 0
2.242841839720925 0.3955560460731284 0
2.221741154225367 0.3767883533022339 0
2.227060005446583 0.3494897622888296 0
2.200901946956562 0.3582705719211579 0
2.20613403630323 0.3314344844992806 0
2.180231878554402 0.3401803781080398 0
2.112305010437493 0.07674695870774596 0
0.2997584721321741 2.197981578174919 0
0.3098207482614871 2.173922293630914 0
0.1626776099455471 2.559906056720517 0
0.1737467341264547 2.536000025706272 0
0.6040427728942461 2.398196943534934 0
1.846639777260618 1.281111066589936 0
1.822371146782967 1.254301475329836 0
1.788085025630133 1.262782981136214 0
2.657470930560042 0.1069791525786456 0
2.050866131602672 0.1912210072203949 0
2.389159122889931 0.3154741570948212 0
0.3644034398999362 1.618563461544846 0
0.9293009215117493 0.5135189398739368 0
0.220362734151365 2.38081134449991 0
2.661261625096243 0.08177310823405642 0
2.680978503609173 0.09742843561496523 0
0.2466639627556699 2.377798753178709 0
1.341606493936081 2.117553238542123 0
1.510534700857345 1.02752741263415 0
0.9052578229806829 0.5522378068072965 0
0.07486218922654217 2.035358900226049 0
0.07269579624819036 1.941449671877308 0
0.2359661607954573 2.401928049280799 0
1.454645018144736 2.446838206983171 0
0.7807959813078256 1.257788922989346 0
0.7965832769529433 1.274815798995835 0
0.773580850798402 1.281151014259418 0
1.658104059764594 2.301128972959531 0
1.672285704934066 2.25871828936235 0
1.052260608711831 0.1390917072494632 0
1.055080871589581 0.1221395403693914 0
1.071941316711643 0.1161168669397839 0
1.058657734629058 0.1046857060750107 0
1.0753181231267 0.09876411556111001 0
1.062011505429646 0.0876321247812837 0
1.078662661685969 0.08125289258147135 0
1.048945753239564 0.1559293247515295 0
1.092429762828633 0.09294630906114568 0
1.095957181224358 0.07492747148426485 0
1.11006958319377 0.08709532540094585 0
1.065826133559783 0.07055859868621218 0
2.377082887359919 1.142926923801093 0
2.337322272234275 1.154058212796875 0
2.285588884958166 0.3036458233436981 0
0.8394815955538253 0.6849482400417811 0
0.8271139752641289 0.6730225337881365 0
1.283414780944289 1.829236742215428 0
0.9329733560846263 0.4968400681126099 0
0.8383961255602337 1.604942199170253 0
0.4995166206534854 2.569727289194788 0
1.108196305695728 1.3168771931305 0
1.113267213298741 0.06897531895730856 0
1.127791597433776 0.08095422038049331 0
0.2057762946210923 2.466399790793515 0
0.08026894683127085 2.6765230798202 0
0.09403628143597648 2.698359273429558 0
0.07512007984413539 1.589934351077057 0
0.583314765928767 0.9423895429704869 0
0.6091203022892269 1.426495352350839 0
0.6172728069760596 1.404000518979068 0
0.6401462246848979 1.399263611845988 0
0.6242845322069965 1.380949024323861 0
0.586811902401586 2.793481292241573 0
2.233803847174686 0.0720361613926364 0
1.533378899049879 1.54189825926494 0
0.7136394568517673 1.678450360856333 0
2.63207868712756 1.051725749665188 0
2.048370805707452 0.5467779445996837 0
2.020731204285979 0.5557528565720081 0
2.147374138788659 0.7289245636663644 0
1.033781646817962 1.640733019007458 0
1.952931090973907 0.7396133357366279 0
0.3447988143144413 2.08963720316473 0
1.619621809070949 0.9509282893364968 0
0.7815386178344228 2.666155952464951 0
0.8074184779577258 2.699137898455737 0
2.07597664194618 0.5373822007992 0
0.1504832039227104 1.040667830516992 0
0.9605192802887075 2.363732489368771 0
1.695676125838675 0.6428712191965862 0
0.5491269029429855 0.9039426188046412 0
0.9739935374110829 2.33065346465633 0
0.9981114383710061 2.35734153334278 0
1.093186443641599 0.5783896314735328 0
1.226481903402404 1.549167946444413 0
0.7274861768935242 0.8324821579568191 0
2.748640842075011 0.3445825060182259 0
1.668485174135063 1.887031377188814 0
1.715648296764972 0.247084055128229 0
2.39550787538518 0.2857980659274291 0
2.425232765786678 0.2735902743328403 0
1.764998613073643 0.9125014836347251 0
1.793690870230769 0.9034663269453401 0
1.035850913310139 2.233992179834647 0
1.677450914179727 0.935037705766947 0
1.48449801601471 0.7199372713622038 0
1.508836617946318 0.7122793937981725 0
1.461111198521206 0.727593756484056 0
1.816137374898444 0.9251106269864248 0
1.821781130039053 0.8942590145183302 0
0.466487192617123 0.9682050273198511 0
0.4554210166026662 0.9542888460273842 0
0.6884119377994377 1.322323327122656 0
0.9766688677553703 1.684244985447598 0
1.004949185093164 1.408162623317357 0
0.5282280842440421 0.9684361417787023 0
2.323200347054149 0.8689670366874911 0
0.6482607794442395 0.8362141659236313 0
0.9671134068633506 0.4190816449282695 0
0.6732823491299518 1.433421140019096 0
2.368910942617617 0.5808912263494312 0
2.33729134302245 0.5916875393865217 0
0.8760109622790559 1.720612164151226 0
0.8670965912841606 1.74787340458188 0
1.21104321080084 0.6960921204825935 0
0.9816191582036071 0.4763585104026413 0
0.3940965603390115 1.045257154571745 0
0.09304719156931603 1.532396736223799 0
0.0709732862908982 1.533109941532054 0
0.4209989357282389 1.198191053881275 0
0.1539392377913724 1.411250304698719 0
1.285032056048534 0.6646784467565184 0
0.9626667394192314 0.7841836362270685 0
0.9580987163935398 0.8030938448755602 0
0.5669788929156865 1.250607893027099 0
0.5464557795226375 1.254370700408952 0
1.721374329329754 0.634733583811225 0
1.522343701879971 0.7545225501324972 0
0.2410832708255078 2.332643418594057 0
1.620310263647657 0.6704336890072504 0
1.030258279704298 0.4131718701300176 0
1.180070493285324 1.150971232547625 0
1.003784313841527 1.161178815588136 0
1.617237560671146 1.932948610609112 0
1.578095678944061 1.94105132715047 0
0.9948003363345879 0.3512439697284884 0
0.991435681731716 0.3678171031229149 0
0.06510789061364866 1.133209085297674 0
0.07663423741055188 1.148521559407703 0
0.1725688854239733 1.590621978916505 0
0.06830057041449449 2.106305876541102 0
2.507928816456453 0.242510674792916 0
0.06089671312684358 1.101894088826979 0
1.979496960940846 0.8106242039890468 0
1.971064218875187 0.8407537860285298 0
1.948778479080128 0.8194260342986739 0
1.940348011585598 0.848910170262839 0
1.917940263704535 0.8267422139838567 0
1.910290476781061 0.8571288757864087 0
1.071177197708683 2.626265892727311 0
1.111359145394041 2.618223623967074 0
1.138395334951648 0.7508904265236214 0
1.646280143300819 1.051887316914111 0
2.132716104397078 0.0688267547655769 0
2.711812857600858 0.8701786109609251 0
1.677538525242523 0.7220760418525927 0
0.3060690761070692 1.140275066101365 0
0.2875659248305193 1.143347881022466 0
0.9302636281186045 0.5757691922185656 0
1.085705827119897 2.291407019763184 0
0.3227116329372789 1.680333946308679 0
1.3058850553729 2.125484481534751 0
2.568629401168902 0.3592661635516179 0
0.852995213474576 0.9633051234012882 0
0.8586325964683796 0.9435343010376793 0
0.8518415385957556 0.6971495022849303 0
2.873808689724533 0.1142951204788497 0
2.871768840763963 0.1467439151533504 0
1.102581241912896 0.2030806641685254 0
1.560884354972036 1.157217950285113 0
0.6163139249337073 1.531510994288281 0
0.5925353234558127 1.536054232353093 0
0.9981614744770904 0.3347815253139531 0
0.2681342219121071 2.157167080937286 0
1.01417243841038 1.898287375197112 0
1.046401780422676 1.892738885600863 0
1.116679968064659 0.8468393737689794 0
0.1204978680475209 2.696769267707542 0
0.1083618008317901 2.720292628382301 0
0.08197183711979708 2.721710276788108 0
0.09593214304137442 2.743631294650094 0
0.1673164649158146 1.037814858884124 0
1.074175573680348 1.025095899686159 0
1.635064344938449 0.2509220040963714 0
1.613784790822907 0.2581951287418541 0
1.596844266846231 0.2434367284973024 0
1.592552765166056 0.2653227672203747 0
1.57578371819741 0.2506420992388595 0
1.571445624576158 0.2724837394850635 0
1.55472699756129 0.257841968605705 0
1.55039137730771 0.2796341369167262 0
1.533729556805407 0.2649797520032319 0
1.529391867850414 0.2867556245147226 0
1.512778246461224 0.2721412080453237 0
1.508450082422396 0.293858451224181 0
1.491844938905128 0.2791813404870025 0
1.487566381128336 0.300919376450318 0
1.47101525700855 0.2859635348988208 0
1.466758960371501 0.3079097620892176 0
1.45024692584078 0.2935674608815954 0
1.446028781655964 0.3150029169356791 0
1.429551049358159 0.300382181224282 0
1.425383563915102 0.3219572765896775 0
1.40898007836158 0.307385231898433 0
1.404837370829655 0.328895988048955 0
1.388517333829292 0.3144154158132005 0
1.384393098700533 0.3358087870236296 0
1.368171098218151 0.3214958578812778 0
1.364049600159766 0.3427752112997454 0
1.348003829807805 0.3287001904987497 0
1.343866676891229 0.3495630765833131 0
1.327910003383865 0.3356341928423718 0
1.323793398387295 0.3563468468007442 0
1.307970713773493 0.3424709588933595 0
1.31204343428658 0.3219242721970981 0
1.352219381334661 0.307317788884893 0
1.433924184621896 0.2783584711160749 0
1.392756490463659 0.2928898473379175 0
1.496344039079624 0.2572919527889257 0
1.184595673862485 1.585637202310528 0
1.154058479247395 1.592873556379741 0
1.133093623372341 1.570413027446458 0
1.123917401667543 1.599724258100785 0
1.765049410989949 1.798515478154042 0
1.538123356034253 0.2432282820300295 0
0.6837070544622217 0.873970363075359 0
0.07557432973538974 2.588730398632804 0
1.743576147412637 0.9982437443603783 0
0.7388965996061511 0.9757080881471114 0
0.7331588678985441 0.9942047485033815 0
1.882953475592135 0.8361942670822039 0
1.225618516853036 1.163152395664255 0
1.278938720079817 1.065465802554102 0
1.284557722832299 1.039266815903099 0
2.24092716758028 0.9298416637045497 0
0.6487172597411734 1.096665109120055 0
0.6619285104736656 1.11152597650094 0
0.6003303327687645 0.9386696989000377 0
0.06947874205337845 2.203430719581796 0
0.08283154594040672 2.220856133309409 0
0.06099775750698917 2.223666718494668 0
0.07417940747584238 2.241092486704331 0
2.586934177169165 0.1330194887497203 0
2.069140205773359 0.3195447705205994 0
2.471467375422592 0.4559251900417594 0
2.502033870089036 0.4448097749709455 0
2.161600372856605 0.1411571704139057 0
2.312785276877972 0.3005314176165631 0
0.06776756223924704 1.609122562689506 0
0.1610741340881976 1.392088036153468 0
0.4326104302687794 1.022136153499337 0
0.7330142731436577 1.060996401922258 0
1.460044891865159 1.212621225253214 0
1.46853796140917 1.17918922788037 0
0.3357451549930275 2.11149843863656 0
0.7369805655648374 1.959744558419666 0
0.06995313462773158 1.99957103982914 0
2.612469063230714 1.136238778633282 0
2.601051729032339 1.181886135283731 0
1.519781111838598 1.110781555900086 0
0.1256429021691943 1.106686834490297 0
2.332425140681412 0.07045977935582516 0
2.3495715126028 0.08476254797024974 0
1.414153403010103 1.625496296846861 0
1.403523921547781 1.657924796376316 0
2.538578187653036 0.9627892764835746 0
2.548176914555413 0.9218284479115743 0
0.5440853447870159 0.9652437337344488 0
2.02914071498139 1.992945141501356 0
1.986029964181713 2.003650869186352 0
1.528260997029822 2.325143944602448 0
1.25742519404062 1.433078940925266 0
0.3917707534292013 1.971599486890988 0
0.401183589023587 1.947824953096013 0
1.130193795498394 0.06335439947741602 0
1.14570592127648 0.07491451782631789 0
1.104031512178222 0.994918591366208 0
1.067712265866354 1.257442207825751 0
0.4843183205838906 1.125208552691583 0
1.78278231844921 0.1785468684338023 0
1.799379875037387 0.1930733040303294 0
0.9201531743019837 2.607440280869438 0
0.1467826794481398 1.430434180036574 0
0.8988948449882003 1.146162036756613 0
1.098890826437513 0.05679705344397154 0
1.156985206210391 2.499030063283197 0
1.104005370240957 1.577554487332806 0
0.1337308268966552 1.841330089390968 0
2.545477455184505 0.8030081806003374 0
1.025592911878353 0.5803661577525966 0
1.010106198301461 0.72231331546795 0
2.596989180704178 0.4333355848324228 0
1.098500792288949 0.4735728878855535 0
1.11646208433185 0.4676776700844521 0
0.2922874577441629 1.590648732028368 0
1.326560780964562 1.364294596061896 0
1.320697585000986 1.39199924018648 0
2.685049717341444 0.07300795474820782 0
0.8625126910880163 0.8969215358220201 0
0.8498049922309787 0.8832343035816855 0
0.7228332067383529 1.553821457495975 0
0.7412480396615897 1.572533544558159 0
1.063002228231577 1.634498756229518 0
0.688881803073271 1.683969356661799 0
2.353338850561891 0.06278306108814434 0
2.370534787071724 0.07702532246186393 0
2.2175755184005 1.281640581687472 0
2.25419413258052 1.268333067547321 0
0.96216598318326 1.878314652320203 0
0.9420267485377402 1.853765387202151 0
0.4398963042975228 1.194311511688379 0
0.6318298496360267 0.8400085425159989 0
1.364414362954551 1.784018114145289 0
1.376254278328429 1.751588217182845 0
1.352455499447505 1.72581382959034 0
0.7155724514838174 1.279572611548478 0
2.073924363251568 1.982739839026274 0
0.3656190878531193 0.9897420648364343 0
0.349656523425924 0.9922872759471609 0
0.3434623925021019 1.00839752708418 0
0.3198632094177281 1.624876737962601 0
2.347757547405752 1.114459240568193 0
1.156833327305833 0.5222362768765847 0
1.161284596876007 0.5030253573613451 0
0.7562601312719278 1.982905455736082 0
1.334455717066067 1.335746015458546 0
0.9032368877412891 0.8166850005847476 0
0.9157657662899538 0.8306516478821189 0
1.699688529022331 1.777872910329859 0
0.9945979987856206 1.363039242048007 0
0.976070363819534 1.344231221061195 0
1.543293864763361 1.50934164121687 0
1.133813360983783 0.5476330852712663 0
0.4934353936525274 0.9306385496772416 0
1.703648611235134 1.265612677068744 0
1.693433579780821 1.297514374347797 0
1.710349026637102 1.231590391934662 0
2.328729301302395 0.3404471054863893 0
0.332781551492205 0.9955372517094339 0
0.08895553804905511 1.900500318145835 0
2.174857082190673 0.3669012478658861 0
2.154381604982769 0.3488366668829435 0
0.7347703991256954 0.7784191928408802 0
0.7227711896514233 0.7663855087499434 0
1.522980513641415 1.574921008525395 0
1.489164972882324 1.582044612485193 0
0.1439398308618175 2.649967448910016 0
0.1553494298701301 2.626638170725312 0
0.1355657832460788 2.719324760509452 0
0.7436226175443548 0.7460134483838254 0
2.142063948913072 1.886390271340745 0
2.154444823814127 1.843185465542044 0
0.8386453638269373 1.753300605489557 0
0.8576276065094115 1.775316513980883 0
1.176012012564283 2.138953328747527 0
1.213686468682386 2.131540881010568 0
0.8512797313714422 1.440408151508516 0
2.191892198192508 0.06585106915573953 0
0.07029300786570894 2.502564656183664 0
0.06050214618393426 2.5237725102266 0
1.378722060873005 2.108833314999095 0
2.704611907111678 0.0883817322539307 0
2.416980665765454 1.131670215327258 0
1.617680009792878 1.46387144823548 0
1.029111840407508 2.631378597998792 0
0.7390683136758585 1.043326591306016 0
1.121963545413798 0.9068004085297937 0
1.105497957025995 0.890985260344079 0
1.137903725788488 0.9234854323689444 0
0.06755198681316561 1.903744515981666 0
2.825861014726903 0.07575455876524631 0
0.7333688852969523 0.8174320935908047 0
0.1259786632454432 1.860301359111562 0
0.1049017527117081 2.218795442928658 0
1.303897057315257 0.3630700682051368 0
0.8606035575272852 0.6013927271228925 0
2.481029352615527 0.2525837527667885 0
2.877991776641271 0.08274832770705626 0
0.917770445129114 2.720700990971501 0
1.036060286619706 0.1448151232633653 0
2.653452143611282 0.1326338864657656 0
0.714170813806645 0.9984359462092152 0
0.1898144487117936 2.55841498070096 0
0.465595945066091 1.22501519111479 0
0.4793461204563542 1.240411459522084 0
1.044790777932769 0.09414424773468572 0
1.883990652555591 0.384972049562593 0
1.859948824039304 0.3930978005499842 0
1.908134051819986 0.3767087553549449 0
0.0954989162333148 1.145440068272359 0
0.0887859207582703 1.163498844551966 0
0.0696898660023926 1.166669034663034 0
0.08202057442331739 1.181704810946121 0
0.06336458275696066 1.184799388550268 0
0.07470031797018409 1.199773787821173 0
1.567133315395234 1.534318847971127 0
0.06487030001988937 1.497660899217149 0
1.702139523076557 2.292406357373999 0
1.716599617756982 2.249391284677524 0
1.859728703885939 0.5853487845480239 0
1.832598404426126 0.5945205576844319 0
1.826571890359553 0.6216544649690963 0
1.806111758096544 0.6030350921288822 0
1.00404054398127 0.3790762029340345 0
0.9878635968607626 0.3839414645499609 0
1.93226898332873 0.8793522521392025 0
2.217094225116556 0.4033226175471232 0
2.237356713766381 0.4233179827177526 0
0.9438890987618442 1.687319210141102 0
0.2154752353416235 2.908711939712467 0
0.06672612528731305 2.65537545765567 0
1.294376027987048 2.554193387089391 0
1.252607605465908 2.559605559294759 0
1.142235533210577 0.09355923884299226 0
1.16039313517926 0.08734321892756008 0
1.164120354247871 0.06844117892838469 0
1.178733757393596 0.08113243198463957 0
1.174959703507273 0.1001630520859887 0
1.193353989241635 0.09392026836147438 0
1.189532325461063 0.1129777661728428 0
1.208007233030677 0.1067826373921655 0
1.211702839445197 0.08784071553598516 0
1.226393873505851 0.1007613767108904 0
1.222676490781683 0.1198055934695522 0
1.241356575183082 0.1135337639476728 0
1.2455378758894 0.09551350378081182 0
1.260192076216619 0.1073253520698222 0
1.256208340748382 0.1268166165085441 0
1.275154044549364 0.1204311424823785 0
1.279151013228081 0.1009592459823518 0
1.294151379144484 0.1140661987643486 0
1.298087562404927 0.09436270664176385 0
1.313196149919729 0.1076478314345936 0
1.317177997138188 0.08788420814211415 0
1.332308449514894 0.1012213800624585 0
1.309175440236088 0.1272891251536666 0
1.271165408034211 0.1400017177180807 0
1.336269841151797 0.08143604936415658 0
1.351448469931681 0.09478096173375827 0
1.347446784256028 0.1145796598121061 0
1.366671966051608 0.1080584741046013 0
1.370694862329374 0.08823860641608369 0
1.385975650215614 0.101643417921447 0
1.389964718719818 0.08172077477114978 0
1.405264766886913 0.09513604026747663 0
1.2522087328598 0.1463204285116857 0
1.284700352759596 0.08142391539757091 0
1.267175073025408 0.1595710113961903 0
1.409254842562571 0.07519607785076672 0
1.424566667241685 0.088633279269309 0
1.38310575044211 0.1211585532404419 0
1.428569641426184 0.06865531886055878 0
1.443920080011592 0.08207942868491286 0
1.439896051471887 0.1021500186076414 0
1.459288552991627 0.09558222396918689 0
1.463288573598374 0.07549333386725543 0
1.478673969202702 0.08897347616581189 0
1.482675218799259 0.06889097900120651 0
1.498057789400451 0.08237257039534754 0
1.182506589770165 0.06205293555422474 0
1.502021707828545 0.06227386574345883 0
1.517493851758448 0.07573208277984915 0
1.51351373396328 0.09592916718113467 0
1.532973655760749 0.08925548741866554 0
1.536951853076363 0.06905988878311094 0
1.552422973703888 0.08249280599045811 0
1.374688978869832 0.06831555741423131 0
1.321143431863095 0.06812320258216688 0
1.467326203778745 0.05544007890114543 0
1.248248626871615 0.1658782239147944 0
1.263175714712876 0.1791668491172156 0
1.413270855018196 0.05528258499247218 0
1.556363506882465 0.06238127567586473 0
1.571859498084126 0.07578594065959261 0
0.3966648153659078 2.584742556509305 0
0.3835011141269311 2.616143953996254 0
1.587037055733589 2.395081686795958 0
0.8229186212190087 0.6895934229602255 0
0.8107643274481191 0.6778633233921614 0
2.198332323123492 0.943376064322377 0
0.9190150593354387 1.513599390255613 0
0.7334416763622538 2.601565185392784 0
0.07995775740150686 2.481304470639085 0
1.236421057823913 0.768963720062764 0
0.8928825602963646 1.519385474392489 0
1.219684496332214 1.103761044590118 0
0.2941563367825024 1.125936348383036 0
2.296589227639465 0.8436082159401421 0
2.53465790266976 0.2323303750526147 0
0.9823820886737931 0.340128553461486 0
0.9913535423072928 0.7279534485206894 0
0.9772593964033609 0.7144565846289239 0
1.186121367399233 0.7218472274424519 0
1.298592534144368 1.476397208452969 0
1.29110292974962 1.506672908142343 0
0.06692669730092048 2.312279665741017 0
2.508118160725609 0.934124072197005 0
0.9510873550825377 1.095775103392218 0
0.9704815858715349 1.109242014897907 0
0.9354179380035925 1.078925900460505 0
1.247106337981216 0.6562540911676404 0
0.9969094309057938 1.433934403209723 0
0.3564067617267398 1.639836397058117 0
0.3799704370201996 1.636158399355079 0
1.074842135192371 0.5836337228164516 0
1.087848969183511 0.5982303574473703 0
0.7233509592356617 0.8485127788321696 0
2.185627433812753 0.3136305114648906 0
2.2110864146855 0.3049056264548286 0
0.4608655796541883 1.781074383565243 0
0.47753075020684 1.799309792547432 0
0.4451333607674378 1.761436004106866 0
0.7516207798355627 1.057235253557387 0
0.4277594753937497 1.180652623296245 0
0.7542840626240949 1.098881935996758 0
2.294079133335904 0.06377379959579564 0
1.032611868465567 0.6958258091530753 0
2.576260034625207 0.06848159752332544 0
2.873342510899884 0.2495424435402091 0
1.282191500498771 0.1728330405998003 0
2.244589259203598 0.650602190898777 0
2.274161713904492 0.6403618823963888 0
0.06443669289377327 2.612466782678452 0
1.604760645076524 1.970977988424214 0
1.565443222076758 1.978959924843183 0
1.539101716657521 1.948928393333272 0
1.52625150040019 1.986764796380353 0
1.055696337050143 2.665176123147241 0
0.8149312735524006 0.661185003479816 0
0.07577678551655531 2.291716254832081 0
0.4493664692462072 1.019080067856685 0
0.4549833218403041 1.00235400823775 0
1.850966779697884 1.692479611298963 0
1.861395889301134 1.654342214852698 0
0.3390522382056486 0.9795148938525077 0
1.552723760736458 2.016998541240048 0
1.514219552653072 2.025217383402394 0
1.48914762374341 1.994055566822839 0
1.894787894473514 0.8049809088727935 0
0.3731269222624223 1.195663575790859 0
0.3670772992751774 1.214247560239029 0
0.0698829894903657 2.744724504836987 0
0.08374829352945885 2.76667590246138 0
0.05979009963632412 2.126992710566359 0
1.155205108897254 1.157135704352615 0
0.5804650070272599 2.011893178863277 0
0.5695360601601086 2.03873077290983 0
1.010982320009564 1.137230991029953 0
0.7648713673409789 1.242201086197652 0
1.902801979536314 0.8878622758675452 0
1.746549928854654 2.283513755144116 0
1.760883260428382 2.240487367770155 0
1.731112084532305 2.206326964313977 0
1.775202356635974 2.197354200133166 0
1.846302758799208 0.9155889349688726 0
2.15543808209071 0.6968266169310011 0
0.07684910948086879 2.086836271014475 0
0.09800805138519769 2.083852728073518 0
0.05509618921896205 2.089230287240509 0
0.6888567114789436 1.387595257729541 0
0.5914974885331094 1.667594185144338 0
0.5757938145013373 1.647814213087413 0
0.6078785970961125 1.686820779168496 0
0.696400938204482 1.658566513333229 0
2.114277529477643 0.9822121932089289 0
2.58843101779684 0.4664184953247583 0
0.1589302196386904 1.574374286590489 0
0.8065638491182395 0.6941632308756527 0
1.49014884733551 0.6951078593464264 0
1.514403630786765 0.6874126959102824 0
1.288201113463586 0.349294498325853 0
2.016169642491345 2.036130077762466 0
1.973103967079612 2.046800040643127 0
1.942307505239796 2.014069301757043 0
1.926492200340017 2.061477740073229 0
2.004403821496161 2.079895635575387 0
2.085463767420473 0.337828049093464 0
2.694088314050815 0.9547116883750998 0
0.6006884186801213 1.513046826985567 0
0.5767801189653704 1.517919031409561 0
0.5689820754381296 1.540468067230088 0
0.5848616794292882 1.495135462326888 0
1.092811366071685 1.25070686052602 0
1.100077434011742 1.228014087575471 0
1.395403517158673 2.494108480305029 0
1.900473548631232 1.644662287967595 0
1.872545408078321 1.615947944655663 0
1.004584093049929 0.7412490954358049 0
1.231642748993095 0.6415415154337748 0
1.2355673648247 0.6198496342025948 0
2.093623340062984 1.106399048882578 0
2.068228109320439 1.081782121583051 0
2.058103294047562 1.115432867142072 0
2.03320842672534 1.091341121229757 0
2.074816134707623 1.04548174643333 0
2.803319218643982 0.2772109734457004 0
2.832527246029116 0.3017286694110991 0
1.306502786024019 0.6577834738604695 0
0.1783409986547671 1.050947204872971 0
0.1841475168877695 1.03492112475318 0
0.3359774876499436 2.783555275286118 0
0.3199859196658549 2.818378799306798 0
0.3421982410173806 2.849922123238636 0
0.3512132111892044 2.749319309548108 0
1.879226350112713 0.1856249430603574 0
2.816075697839051 0.5383453910423911 0
2.812184845156183 0.5773020480525923 0
1.404163196841651 1.265540016166768 0
1.397274277864511 1.293480903102552 0
1.032833501665153 0.1614538395184392 0
2.703320462775738 0.3956724803251206 0
0.420386028652395 2.843103884465147 0
0.3269209042512615 1.01126294050324 0
0.316260625607482 0.9984621537613687 0
2.373990592040956 0.05501835309806376 0
2.391374960345312 0.06914402850415852 0
2.387743473254922 0.09148985132061935 0
1.062594886694106 0.634228112960267 0
2.302958957534493 0.7141578872613292 0
2.327839932947083 0.7375978089443322 0
1.064607859547537 0.4002692303466462 0
0.7797333520868178 2.300031086537549 0
0.7445561003241439 2.306222799002165 0
0.7565834949190053 2.273286080766193 0
1.911185209037946 1.606146682742336 0
1.885323447946384 1.578164190297689 0
1.847141557702511 1.584843368635511 0
1.922173905654843 1.568027351558633 0
1.896571746533605 1.540271062403386 0
1.934245541122853 1.528982268705662 0
1.469310446707864 2.404682250769075 0
1.497229357608278 2.439968695582701 0
0.7718778438966206 1.219245558149189 0
0.7218050497161994 2.279742379785259 0
0.7082775997008248 2.313327622651635 0
0.7342939821636995 2.247024104681835 0
0.7684757128027506 2.240522926781269 0
0.7461107445849597 2.215046244280159 0
0.7793916633158308 2.208826614630017 0
0.7576161684482347 2.183272158204248 0
0.7906281679660354 2.17729615235449 0
0.7690341998468371 2.151872392557417 0
0.8018187886079277 2.145854887721916 0
0.7787248112328814 2.120080219173213 0
0.8126207819127887 2.11458872036852 0
0.7902533643865181 2.089065969197002 0
0.8236287763335796 2.083611047985344 0
0.8039453302391284 2.059178972235825 0
1.144883718325239 1.622455843081012 0
1.803979602538042 2.230831403241668 0
1.817717539684311 2.187640747341476 0
1.789034438587548 2.154428198503073 0
1.83217482167553 2.144928406112682 0
1.165444171069782 0.8945912115776125 0
0.200956661159977 2.533122830044715 0
0.06476903113749075 2.165146204472986 0
1.548919766765453 0.1025946738276269 0
2.0287775589133 0.1986932356129283 0
1.133001204721065 0.7707295712730688 0
1.803524553666403 1.789397286627409 0
2.383374522829649 0.3443197798420879 0
0.6597883978532471 1.946926460915055 0
0.6698179013146486 1.919873748505013 0
0.6416079237573206 1.924462812552376 0
0.6514539472973939 1.897901557376223 0
0.6984920314058065 1.914772218831358 0
0.6235803505814566 1.902517041741952 0
0.6334887865541865 1.876250543776898 0
0.6610847829386213 1.871520389921836 0
0.6136632301715522 1.928817040615639 0
1.852509054430888 0.2170009450691734 0
1.138580861478251 2.14614934626493 0
1.609775619047556 0.2805299975351326 0
0.9091236762595925 0.5355762381520157 0
0.8929072115699588 0.5407224886700921 0
0.8891934668912614 0.5570524637937653 0
2.134325705917125 0.5166516698299761 0
1.319648679076234 0.3769742311486273 0
1.825491937214001 0.2480879630044057 0
0.7945073431120735 0.6825601632790168 0
0.7903097293931787 0.6986870825600362 0
0.5879211940380091 2.061461520788599 0
0.5588116623466182 2.065683145405759 0
0.4182654367530445 1.072391112727696 0
1.796082987575201 1.228454805471858 0
1.831640576191591 1.220382207090006 0
1.745695675056237 1.400457610149921 0
1.710557718593277 1.409438872906896 0
1.722918739359994 1.374533034791112 0
1.691689917827046 1.475946420734404 0
2.512626776297874 0.2144882689721313 0
0.3244689296682204 1.137015257787551 0
2.194615892174323 0.9790781746810432 0
1.631192878520018 1.558771915976964 0
1.478417240679821 1.723977346183076 0
2.538679686268194 0.204198836171632 0
1.308602060226487 1.136772084202214 0
1.282360461283114 1.144323633781726 0
1.274318335057671 1.171495844556362 0
0.9492346710817008 0.8981915043582223 0
0.92879098316228 0.9036561519689774 0
2.708752590392522 0.06425052576356818 0
0.9811999275119276 0.8515614284605999 0
0.9609746201410162 0.8571032172185165 0
1.396837314612397 0.9861785867157234 0
1.370901721747409 0.9937850957824965 0
1.377200562594242 0.9678186344398904 0
1.351021389754622 0.9748931049877672 0
1.357898714645289 0.9495497709574817 0
1.332019969442057 0.9560864307906936 0
1.338999803925959 0.9314647445395927 0
1.363894393942383 0.9242995203197655 0
1.345134578640413 0.9065318706205072 0
1.369750911669632 0.8992369208172365 0
1.351188855631277 0.8816975414082351 0
1.375600998557208 0.8743943332151682 0
1.344205462244696 1.000411009395584 0
1.320649759483227 0.9137802143521843 0
1.357126796386897 0.8570211635455728 0
1.381418907777321 0.8496959997805363 0
0.8932392513538453 0.5915252619283731 0
0.884053737856728 1.546205632811112 0
0.8116513918211952 1.610334138924955 0
0.8104595617128605 1.046572836478816 0
0.9225723699892043 0.9245970463698954 0
1.541156366218622 1.219248088212549 0
1.07657999767211 2.402981434598348 0
0.8406702845423217 0.7341265137306215 0
1.439451660457979 1.358761153542736 0
1.803098796251213 2.111852654821778 0
1.448092928814439 0.8729927963089581 0
2.041322954351254 0.7919590670863097 0
2.018213630169816 0.769563713559851 0
2.048986749986705 0.7616377233820439 0
1.567112580553476 0.2943417915813895 0
0.9802386747074627 2.457685046737205 0
0.9655735874114116 2.494347541474854 0
0.5625480761334892 0.9976303413569945 0
0.7492248070393428 1.647505481550933 0
1.148650239841981 1.182102362658046 0
1.914962145143908 0.08998905110536666 0
1.898249019878604 0.07601416113553963 0
1.918422573868251 0.06864549115837698 0
1.877991537289133 0.0834758385891364 0
1.881665613400084 0.06235975554216802 0
1.861670038797658 0.06960524521617437 0
2.408922100369213 0.08350845258813151 0
2.412456963993242 0.06121970575416304 0
2.430021525674527 0.07546569395567262 0
2.43363056018005 0.05331953758518636 0
2.451120087648281 0.06756983975446185 0
0.9491362146242786 0.4916966761754207 0
0.9366169224004641 0.4803168088281323 0
0.1701920348698094 1.647515107399209 0
2.600301768849916 0.8648922292371553 0
1.535997486590306 1.64715248268177 0
1.246526599345749 2.158221110520545 0
1.60269648053877 0.7457491562407533 0
1.575156021926749 0.7523643644546142 0
0.9169835538376789 0.5019868880826119 0
0.7718729531902937 2.063308604905837 0
0.7655037710819566 2.705271790792976 0
0.7919912747968786 2.738842568978595 0
0.6323421681181833 1.682523353520227 0
1.690364291360898 1.383357126494142 0
0.1666336013133241 1.55441967562123 0
0.1455910995729164 1.558037533272763 0
0.153263893814906 1.538199323186462 0
0.1334607931299599 1.043468782570824 0
1.171110568380338 1.273995728731604 0
1.389170346098182 1.425997166778906 0
1.700458047070939 0.1072317366897941 0
1.683817140650885 0.09384272180099047 0
1.705710028219457 0.08243168416373683 0
1.663606745017877 0.1011520436931405 0
1.667656552354275 0.0802222734932027 0
1.647697220828138 0.0872811220959038 0
1.651719651141291 0.06662059102192598 0
1.631644183559621 0.07361638064989434 0
1.67031062494311 0.05949134750437311 0
1.627546807558899 0.09415513924092483 0
0.8936982610567077 2.575196392234698 0
0.2429085957499907 2.16049826606481 0
1.359855062660529 0.3636968636528694 0
0.7447010415966968 0.8284973811173728 0
0.8714448438635422 1.237020673982784 0
0.9543699198349523 1.174598791995865 0
1.865272880477053 2.183539998771844 0
1.23334810219085 0.1527199563806372 0
1.229436894787013 0.1721730594460797 0
2.293793421612095 0.2805229173554201 0
2.265446581815017 0.2857271704423145 0
1.388572515586538 0.916826579998994 0
0.6500122446361452 1.178509734080169 0
1.010420600935853 0.5019733930266415 0
0.9932728202627399 0.507544150617095 0
0.897898736579278 0.6366311418088911 0
1.845973163534312 2.102369421596225 0
0.9461733102574374 1.507501722605988 0
1.440425222898952 2.3711026806237 0
0.4467326944895624 1.176622686849108 0
1.525066251263736 0.308502143715099 0
0.5535095014549225 1.522461689527582 0
0.7974745397162575 0.7775460203421403 0
2.494797854254751 1.125563281232284 0
1.898747764955208 2.024195445902585 0
0.9517150723772138 0.4241217565323479 0
0.9494324581601203 0.4417445210465073 0
0.8696525700037592 1.173492756808043 0
1.7721841256821 0.8821769582415436 0
1.743540897145344 0.8907853893026735 0
0.4690234518010892 1.822999039797048 0
1.400608739568256 0.3501697791501089 0
0.2081926529301053 1.757454075246816 0
1.340294347569743 0.0615799321832197 0
0.3104529148958923 1.014092054516262 0
0.2997968904056527 1.00132907051064 0
0.2940400549988076 1.016935151422606 0
0.2834231233525112 1.004171491007742 0
0.2956814166281544 2.265980905785226 0
0.2861239206723539 2.291009138486314 0
0.8727956769419022 0.9581836966504739 0
0.8795645086975943 0.9385403924629268 0
0.283518532191903 1.725703417539965 0
0.5948200865960107 0.9553498939392397 0
1.723320278582314 0.7346934643585521 0
1.068252282006077 0.3823946678538401 0
1.085434270586901 0.3765290597183278 0
1.483265172768437 0.3225398898555849 0
1.058347376554265 0.6536059521666521 0
0.2809153843678388 1.160933967389419 0
0.2690491529039771 1.146358805217357 0
0.2624031125626952 1.163897993296149 0
0.2505165797042861 1.149339216094759 0
0.2434210723415441 1.167272816462713 0
0.6022369853139209 1.206546989800342 0
0.2586192043208983 1.520053005878521 0
1.441757515485928 0.336435015190501 0
2.510306463667448 1.218898122038243 0
2.540058062075613 1.251476211917568 0
2.530448309505659 1.292497773982701 0
1.897708220389757 1.328622613362496 0
0.1695782213742298 1.267053278855286 0
0.1823340131283699 1.28229075069119 0
0.1892942942242955 1.26367998863229 0
0.1755835293300955 1.300781241437807 0
0.2020017333303682 1.278923762644044 0
0.2089605504230135 1.260336052003149 0
0.1962615472304202 1.245074486084038 0
0.2157812479158774 1.2417640932505 0
0.2030883459394476 1.226548152613363 0
0.2226559415222563 1.223158035163605 0
0.2100481092344801 1.208159452036677 0
0.2296496822224702 1.204321169900008 0
0.2170543607145099 1.189938868423056 0
0.09826587765432078 1.261588595128285 0
0.08581352697890066 1.246844876347493 0
0.07871947579808283 1.264893289820168 0
0.06625327453667652 1.250139256813165 0
0.05913189257402216 1.268147383446723 0
0.3037626778411785 2.853643054197684 0
0.6440806647097093 1.311910268930968 0
0.6366900242186615 1.332814085331567 0
0.6185710299194038 2.454157884011614 0
0.3255298647195534 2.195874567613815 0
0.3362205793354407 2.171672824285302 0
2.187006680144925 0.6876071505657282 0
1.455228739628378 0.1157268752826961 0
1.435786382102211 0.1223144270914473 0
2.080479923600669 0.1515860226523208 0
2.098295638882708 0.1661058252295424 0
0.2578327391804691 2.013646716024378 0
0.9037306214765159 0.6051074603269685 0
1.838519308901736 0.567551187975143 0
1.246036180445178 0.7257617957309771 0
1.251126236937816 0.7036643482986477 0
0.2776469305318422 1.019726015298597 0
0.2670449987267998 1.007001693713352 0
0.2612693253236132 1.022550754305518 0
2.122988001329089 1.811122355163787 0
2.166810126004752 1.799836425475193 0
2.198323695196673 1.832126264527556 0
2.210568196487859 1.788570626281809 0
2.179081181406017 1.756439473719308 0
2.222523335823371 1.745150857728617 0
2.191143037215947 1.713264363314151 0
2.234376496894941 1.701977068419137 0
2.203185161702904 1.670318900615894 0
2.246143104813115 1.659042394908303 0
2.277557249882511 1.690708652597369 0
2.289394014552337 1.647560389084465 0
2.214948349829823 1.627674410911689 0
2.148087183798511 1.724437406828477 0
2.32117096952607 1.67949820614058 0
2.333098958847082 1.635921085869103 0
2.301235762345232 1.604166059563243 0
2.344223842894813 1.59006166855602 0
2.254338450687452 1.777185257108754 0
2.525744018255838 0.5656986394335775 0
2.532762728143888 0.5321612075855603 0
2.090315269481056 0.478616224203571 0
0.9054861676924977 1.124390038561262 0
0.9770249307833583 0.7979020630376883 0
0.981450961516905 0.7799559769855111 0
0.7380907627938998 2.158517999256152 0
1.168432926198728 0.9608326718154281 0
1.145325998052078 0.9675753860777836 0
2.308685564569095 1.125314278470697 0
1.275974321815037 2.09795453214861 0
1.516960404640354 0.9998274670025763 0
1.53787470054685 1.019364696226082 0
0.2571529255703625 1.577015125545822 0
0.9702403378956335 1.029407635639554 0
0.3754443512736115 1.710932436776513 0
0.3838581171814111 1.689992090739406 0
0.3986084710519778 1.70739020079007 0
0.5535029684029272 1.234734698858269 0
0.533135128256448 1.2384540734036 0
0.5262701129844972 1.257750399735921 0
0.9171388676128069 1.380971944991048 0
2.376464439307587 1.623815795066535 0
2.387832061355722 1.577661443041228 0
0.1712480286087542 2.648230501860641 0
0.07169850363357903 1.283387152971689 0
0.05206181904582541 1.286615477631407 0
0.06464922760133288 1.302031334345521 0
0.05508992074206689 1.201374283521282 0
1.020911635755759 2.263017560312584 0
0.3657637596800975 1.501944956513555 0
0.3874547220580319 1.49827003516273 0
0.3797903708585462 1.518954634628383 0
0.4015734373409006 1.515300260554628 0
0.3938242152963193 1.536115418581304 0
0.4092728427305843 1.494488525408217 0
1.531845011332438 0.7043124884291921 0
1.538507706215602 0.6796097955792315 0
0.4718923943118854 1.25937858624117 0
1.692154364041001 0.251587976293537 0
0.7665216681524247 1.954406525785556 0
1.661989833180528 1.305497152755877 0
0.6509447575470632 1.291366550725843 0
0.2619669714642361 1.671271275935731 0
1.112341245692588 0.7763435642490846 0
1.332830623491778 0.6290863691305916 0
1.131974188431445 2.358486609266354 0
1.98614586076331 1.471765859861327 0
0.5027498199957848 1.121504360850617 0
1.575852245915626 0.05587058828086458 0
0.6542280607261202 1.026564661250057 0
1.711740483884924 0.2848933560827089 0
0.9892878329906392 1.625822496445483 0
0.7445331217571782 0.9572569326094946 0
0.3034926473565372 1.783419081669492 0
0.2544266321213299 2.078327115921568 0
1.146903141058837 0.4897893341125596 0
1.165862168811069 0.4835349093008225 0
1.180054660413382 0.4963596833504051 0
1.184472165471534 0.4769765569067366 0
1.169955222531334 0.4638421330171705 0
1.18815032731896 0.4581626669128742 0
1.204043160517125 0.47066317879512 0
2.032190045456972 0.1762406459858025 0
2.012186758219585 0.180308814413057 0
2.684265031804988 0.997604656006967 0
0.5506943525418155 1.080075322941376 0
0.5447140028466875 1.09728127708956 0
0.5629143484241356 1.094112967780887 0
1.018414698238902 1.269335677711915 0
1.011214793155389 1.293339648941147 0
1.177848104912517 0.6635528226902064 0
2.190842098635833 0.2862312138228158 0
2.120365646409796 0.306491618620964 0
0.7006850499296429 0.8701913679885492 0
0.6746047973969554 0.9074583786273286 0
0.8679820078923057 1.111823740459966 0
0.1409151130356074 1.822781060126183 0
0.4482461018594763 1.131818922297426 0
1.015442355900721 0.9383783522984951 0
2.179194894885709 1.291593962621533 0
2.206882839087644 1.320161871286497 0
2.168065788547185 1.330343926251983 0
1.396781839192574 1.188402904570846 0
1.43749689159371 1.125407468957492 0
1.715346342343893 0.3738417313734018 0
1.733532916003867 0.3897481725793359 0
1.709737223373373 0.3978664313368699 0
1.756660806770638 0.381958680537526 0
1.751903554304663 0.4060612596156642 0
1.775343952820578 0.3981284122486028 0
1.769344452466288 0.4223207460253809 0
1.791760478698345 0.4135093335840355 0
1.746668563313202 0.4304228745337784 0
1.920668898848736 0.1698744782970393 0
1.938244944612526 0.1844861808207627 0
1.959670993996142 0.1766319433994177 0
1.957192702644937 0.199558396558938 0
1.934461238519823 0.2075575478277747 0
0.3547539112381777 2.065615196117165 0
1.841600914358876 0.3758989873604817 0
0.7577304754778693 0.9710819898996915 0
0.7639035138013848 0.9516919690366124 0
0.8941451981391222 1.667594693362117 0
1.147974326906873 0.7100961176053825 0
0.6340741763752561 0.9324567477456178 0
1.807909720502229 0.8127997997595171 0
0.6816210608530701 1.107591430694747 0
0.6753872697022749 1.126736283136691 0
0.6952789872133917 1.122818782294772 0
1.531303132539922 1.047386983004027 0
0.3822551140972215 1.995329077813739 0
2.424388102566396 1.398189926086779 0
2.467067485902603 1.386995434376113 0
2.455681115558316 1.429902557877593 0
2.498907021191791 1.418570192091793 0
1.511963504407817 1.140800396532434 0
2.367744452461067 0.2969345321805282 0
2.373478870828751 0.2670855546435172 0
1.110430001826394 1.79780809053227 0
1.099421176091176 1.82851492181778 0
1.131806436135683 1.822841569236839 0
1.120580406763326 1.854020389731145 0
1.153564686675026 1.848147356399154 0
1.142088862434673 1.879812085672531 0
1.175679631625521 1.874020362444314 0
1.142514920962049 2.53902199157936 0
1.337860496403055 2.546270875370171 0
0.9417805889928431 1.056691261638671 0
1.683210440787119 1.014427878982952 0
0.5456435833542863 1.545023900294173 0
0.5611315821393872 1.562968650699259 0
0.537825614462189 1.56755870600345 0
0.5532225680956843 1.585426434328712 0
0.05471276792942596 1.592962161663255 0
0.06104776393067729 1.573364350800024 0
0.2434311139683806 2.271689886037298 0
2.140339998440301 0.1495323181824164 0
2.157836990964933 0.1629962380709195 0
0.4077864180424827 1.992072221560696 0
1.112905785363793 1.547661354891972 0
0.5773870887420902 0.9593884266493991 0
0.5300417503324953 1.589858191811428 0
0.5453215876675761 1.60804177173023 0
2.255166654793781 0.5869555813824269 0
1.268864004150892 0.2155999193227385 0
0.1337005419997547 1.541966203907931 0
2.782125804426296 0.7327095257111128 0
2.791354124353556 0.6900374366917366 0
2.772707180608704 0.7754650449177195 0
2.759546227137183 0.6630423669523242 0
0.9348387840997954 2.568852898619106 0
0.9078748819046137 2.536498209015839 0
0.5771557870734493 2.088525819569579 0
0.5485576099847873 2.092787419134015 0
0.5665653697999589 2.115774137744947 0
0.5378344390627916 2.120067425040119 0
0.555722110446654 2.143128205494443 0
1.794554620466683 0.6300038008021339 0
1.782494288397773 0.6070254328041664 0
0.8369820583952855 2.418767633827396 0
0.8239639293394788 2.45408755141283 0
0.3059617288875867 2.242353137419269 0
0.4663838773688929 1.016003722738319 0
1.819703034173962 0.1859687239652361 0
0.9503418899184832 1.349943932141741 0
0.3437012341753743 1.905928558235627 0
0.3192834845251183 1.909384688007838 0
0.3720935712873623 1.539567912597198 0
0.8857898957697153 1.770474958151981 0
0.8767209392077058 1.797704955046321 0
1.164390459547155 1.816894998623842 0
0.6492677617687651 1.372300889390706 0
2.026778294651342 0.5275063000993727 0
1.99947408793072 0.5364551297014581 0
1.993438385416743 0.5644626893910096 0
1.972315905758923 0.5452702347057894 0
1.966229704812834 0.5732094162151031 0
1.945279585894882 0.5540397184793727 0
0.4606339258769572 1.048657856969282 0
0.1944826735316982 1.73989149154391 0
0.1859914093693559 1.760834520004966 0
0.5264960678077453 1.004994888937587 0
0.510157434516191 1.006161862903257 0
2.3810635783585 0.5162726986765171 0
0.3975887401164074 2.016015162015136 0
0.2557988492551968 1.181595136175596 0
2.823984300643737 0.497674388800287 0
1.635890950979263 0.05312919744277626 0
0.9756242585372579 0.3730316777593504 0
0.8336817544696032 2.732330421505246 0
1.037046549904507 1.287564465721259 0
1.054218678681277 1.662907407917086 0
0.7585437222269538 1.623226915641559 0
1.399237359900763 1.777696788187907 0
1.410751988966461 1.744200163024307 0
1.424580051931442 1.593578887354167 0
0.9609421221993923 2.713451511234295 0
1.614066557090274 0.06093902828894988 0
0.05818564152174136 2.332696460841337 0
0.07123907895693624 2.350714819691876 0
2.428159242385985 1.612722452111827 0
1.347742414310809 1.279729199214348 0
0.8630160892208867 0.5848574578397142 0
0.6147771391469182 1.33668983459726 0
0.277766002408729 1.630320210518661 0
2.441489377929459 0.4654726498852813 0
2.510451538310735 1.375008715049579 0
0.231511922459083 1.152687898351656 0
0.2385596965846851 1.134897060278615 0
0.6932908942149736 1.285238490480436 0
0.5512479988067337 2.529949899335077 0
1.778608519479173 0.2004796986484365 0
1.352718546116278 1.817635909336137 0
1.626466531367339 1.792457646228008 0
0.05690556360803811 2.483798294169617 0
0.06617250857473311 2.46283995165263 0
0.9117587614982994 0.7804961279688079 0
1.145646814533025 1.280912329488324 0
0.3879322303876755 1.6146267349978 0
1.109014235582708 1.883612272120626 0
0.6589258627618748 2.609757321797148 0
1.561205460405233 1.445995325156795 0
1.905794477749933 1.501999155900911 0
0.8232450683118376 1.181040888637206 0
0.8010338107857897 1.190800190132525 0
2.251073011981347 0.7907168014888258 0
0.07543084515891135 1.883885293401377 0
0.05473208626680029 1.886701294170063 0
0.06223424445386538 1.867296442680632 0
0.6367692314975606 0.8239772810411444 0
0.6530122550766753 0.8201053868066249 0
1.795691304499164 0.2153467943567623 0
2.362574185663909 0.6144575295840896 0
0.07336897606998345 2.544702795833423 0
0.4607221935474713 0.9379551506795499 0
0.4443607023763083 0.9413559238024516 0
0.4391161268556609 0.9573485286276389 0
0.4245218648857979 1.055373827356485 0
0.2529434807764016 2.137148417470687 0
1.774596233249095 0.2228350593833877 0
0.7906424685169744 1.296453790677965 0
0.8128213325835941 1.291828937758856 0
0.7717225796677627 1.305092939583253 0
0.8625072517127956 2.448699470213568 0
1.327350456683381 2.152856074735143 0
1.11127814253295 0.5722634062747872 0
0.3843175800072912 1.925071081593214 0
0.4105439134152271 1.92423633321573 0
0.4263172976634341 1.944094617302551 0
2.475702812465123 0.2810874258053125 0
0.4280211347766939 0.944289931682184 0
0.4226753684866963 0.9602216335011489 0
0.3861405856596862 1.556928414389804 0
2.901946966130843 0.103777969994455 0
2.575257616853405 1.27941596231869 0
0.1029217410763163 1.567222389745974 0
1.680000267703781 1.849635745860853 0
1.707479199463386 1.878296121023049 0
0.6022479820946958 1.386480420101604 0
0.5273012493627787 2.147832306617822 0
0.5452140225164073 2.170806198490209 0
0.5164291267281698 2.175552263085101 0
0.5341820128630892 2.198520188666907 0
0.5048427065482521 2.20300978245665 0
2.273070578013715 0.0711953250173519 0
2.131991971494192 1.935467628627819 0
0.1955922210966895 1.048157648383967 0
0.2004613656534477 1.031863894666277 0
2.104315021766311 0.6629647612522591 0
2.098024403250333 0.6954018637528832 0
2.28724090647186 0.8789998953840549 0
0.2349572066927568 1.237875877809341 0
1.645188644003691 1.962716743127169 0
1.687363684846157 2.333600265144703 0
1.154025610458924 0.7657145239321114 0
1.495667345174458 0.6695690846947834 0
2.628761287475177 0.1420924431877465 0
1.288707593890542 1.117499254651549 0
0.5230873093036849 2.226350000164043 0
0.2509266335320727 1.009930939468308 0
0.2449284698100475 1.025357969764986 0
0.05592722960166352 2.677460086472415 0
1.801716207009974 0.8413297557969117 0
1.270720141047315 1.378039102288154 0
1.82348459047555 1.664311709509274 0
1.400700594457364 0.8659261276899276 0
1.40582627411896 0.8422610142028147 0
1.387227177991657 0.8248992967625555 0
1.411826755070526 0.8174651575309803 0
1.39305971914341 0.8003732978519255 0
2.562351342234197 1.324135200519231 0
0.9307474965771935 1.883405372198392 0
0.9112771642266619 1.858668751730665 0
0.9190779702527656 1.825013496068307 0
0.8480896749237574 2.482690878039238 0
0.1670127986833892 1.427050302280418 0
0.745717895008864 2.01047449029644 0
0.7736072000963883 2.008804898368726 0
0.8378915658421622 1.487117419953454 0
1.829712002046722 0.8339916927997061 0
1.301644267422808 0.679984043405805 0
0.8445555819496678 0.90217236819383 0
0.8310187383414335 0.8882311749950862 0
1.701743777643461 0.6173790102062574 0
0.4721020829100105 0.9996105479413986 0
0.9713348957063153 0.3883630477399088 0
0.2353975434845453 1.012536088371267 0
0.3159936105893539 2.754120948000521 0
0.2188514523442443 2.556584282580074 0
1.370621655061978 1.663641281632902 0
0.435725828574644 1.920143950769789 0
0.4192802337961112 1.899095991119096 0
0.4448376808443609 1.895931076319187 0
0.4039922670475821 2.643263395506999 0
0.3687639683374055 2.64715840882598 0
1.955593659224199 0.2229620930555153 0
0.8939418829378735 0.9520270658141003 0
0.2214587195032445 1.275543076476172 0
1.352599925610974 2.388813036864567 0
1.112590021136446 0.6266766935669104 0
0.6414983431250901 1.115177839081933 0
0.629116372922822 1.100391035159499 0
0.1797934880703687 2.582781907461052 0
1.446366327764812 1.617853943691659 0
0.8204321683750129 1.584846782168808 0
0.7904222335390029 1.591520909647596 0
2.905944144285332 0.06989167829723963 0
1.308635233111446 1.44768566371788 0
1.326079923793105 1.470235833873806 0
2.49692620393535 0.4805374679791136 0
2.115359961422905 0.05558373346070658 0
2.09545653059156 0.06307895529061337 0
2.098345859384009 0.04166553006003592 0
2.078883817483557 0.04962659118907451 0
2.135834549666485 0.0473922621427447 0
2.172669927239437 1.638899459289481 0
2.878402649258447 0.2121310571253934 0
0.05240638365691648 2.243750459729581 0
1.53974474822051 2.05515933733164 0
1.50005256438171 2.063104473964454 0
2.911149008668496 0.2339323742307118 0
0.0580399653742702 2.767264737085647 0
0.07156442779224451 2.78953163374746 0
0.09829004635744268 2.788885699453393 0
0.08544436754932064 2.812582063067384 0
2.424316808743909 0.7316897793987788 0
2.388996146765582 0.7462352873041814 0
2.322579026809455 0.1387748035746659 0
2.536493716476757 0.8419874270095646 0
0.2917269263890491 1.647341635302054 0
1.019726249846079 0.14997732578315 0
2.067682993669164 0.7046542061745518 0
2.09111217651113 0.7236347074944698 0
0.3705874098398589 2.0871271383476 0
0.3802607112324532 2.063687736337607 0
2.314119990172752 0.9058884670038936 0
0.9828365922227202 0.4145126632320972 0
0.1513252650958211 1.594223279558762 0
2.152935458931271 0.06088217358695022 0
2.625936784012448 0.3384861118808922 0
1.81948819621963 0.6487533856714669 0
1.045564209118373 0.1725819919186581 0
1.029533168118117 0.178026154250628 0
0.6121906974302056 2.827411862892886 0
1.163232275650893 1.300941872702754 0
0.5695944852434425 2.832636717255847 0
0.8294303389351901 1.779998660045455 0
1.453268379483154 1.700780677728715 0
0.04916889256963575 2.591150697080856 0
1.049983145295301 1.586431897880221 0
1.689755292562122 0.7714476860980436 0
0.8470818898239736 1.579085007016359 0
1.867522183416208 0.6604619886373727 0
0.05415566210295484 2.294134008641039 0
0.1077438669478145 1.16025036119372 0
1.797004544811451 0.3896012425889315 0
1.417781761416172 2.002066304473177 0
2.258428885582718 0.1403893379686644 0
1.036532314614473 0.9326150495269273 0
1.041666205381151 0.9111438444449097 0
1.266212149973252 0.7205089959832736 0
2.516707351185797 0.1862869093713756 0
2.29581214038092 1.163432338459846 0
0.9384243163481127 0.6063569500691909 0
0.5740659854006762 1.230863698895891 0
1.303927395193272 1.057244197066831 0
2.251003253759466 0.474675835433128 0
0.9575000701035317 0.3781687705319852 0
0.0780202130103429 1.979478945173173 0
0.05696266171111636 1.982623554862237 0
0.7016880263620768 2.254241229543476 0
0.9361829979417072 0.4282002543396055 0
2.692467412207727 0.3208152641019081 0
0.2622641973985784 2.398687611460423 0
0.271252560964613 2.372251942259791 0
0.9865736699085761 1.298030602120794 0
2.346796954863074 0.1068445710993347 0
0.6543830312934674 2.820369816268511 0
1.000854783872321 1.339519867622508 0
0.6792054808034 1.708797910747072 0
0.624540828364326 1.508132986382017 0
1.836823046800074 0.4000717777423118 0
0.1480159903667503 1.857909477790854 0
0.1393301233010078 1.877124880607147 0
0.5046419255812099 1.02416448467272 0
1.887929981608644 0.2480981434973372 0
1.892273438612789 0.2248959274389997 0
0.3142979668569538 1.867062957001059 0
0.3222803680751235 1.844693459745212 0
0.8205985208748212 1.467658266780156 0
0.1401150371900065 1.027699393642169 0
0.5220119591043005 1.809471289389348 0
1.116162246588969 1.628541500317037 0
1.465016088662567 1.119378128597241 0
1.471783379857355 1.090451772524923 0
2.728228535230205 0.07959630580009817 0
2.722531819774098 0.1035866373723902 0
1.324212440586931 2.588198763916708 0
0.7177352391190162 2.374047625323833 0
0.6821533335384937 2.380038508197954 0
0.6694871595536633 2.413113370079809 0
1.073559572546355 1.425922211874596 0
1.757359080589457 2.123023560684946 0
1.196979011910304 0.6582924594343027 0
0.05288252229745645 2.721458324865265 0
0.3375596105448653 1.02418775921698 0
1.151306773516113 2.111218840201263 0
1.114425846393836 2.118132133741454 0
2.648559896132065 0.3585781823131913 0
0.2095456935720916 2.404148130158799 0
0.4781386057102583 1.190381963827785 0
0.4903050871241888 1.207190160326693 0
0.9275945156110292 1.488468512318263 0
0.5299553095303161 2.069620083802447 0
1.416008653921422 1.23677002786861 0
1.023279892488659 1.428064249382338 0
0.7687870354955081 1.349096401879818 0
2.406257011870442 0.5380899053555279 0
0.1649167545832257 1.610345220723527 0
2.311065397080644 1.727588051412904 0
0.99910952694787 2.239473115942469 0
1.011966646612303 2.204435861858423 0
0.8362505480523459 0.869346880952886 0
0.7665746296032008 1.002865028055872 0
1.912795695426329 1.980907865618106 0
2.66351574742312 0.05414006216635543 0
0.2996870685869127 1.683535944355606 0
0.05007459902532603 2.545848172693202 0
0.8966274735582527 0.5244264927795205 0
0.953081510387749 1.907544672546932 0
2.330491571970693 0.6248191232829092 0
0.3290778673632752 2.721047766490812 0
1.451246732876803 0.1359585547334506 0
0.8112396912043122 1.757287723835741 0
1.019991405255821 1.359723518751031 0
0.05857081747479793 2.811957997251104 0
0.07248370679830672 2.835965820822083 0
0.9613412809030674 1.151859127099047 0
1.332903534089188 0.8652064653449575 0
0.2243208882572258 2.425781146796598 0
0.7276556638454597 1.236296850336121 0
0.5843290575542964 2.140785199588548 0
1.309976778104174 1.03156840678379 0
1.29052193117794 1.013802189180259 0
2.245340841671458 0.1072308368169061 0
2.561735329555805 0.4488671623851773 0
1.676700655719622 0.625205824272791 0
1.426156016574377 1.286131479087723 0
0.7784636416329939 0.6870585224613479 0
0.7743053457396561 0.70323197317371 0
0.8823257655282339 0.5274159879504061 0
2.732570013071176 0.05612198904314334 0
2.485889695934546 1.461823006494375 0
2.4453069397414 1.47119601822414 0
0.2299955430301684 1.02745024936624 0
0.5671073962063654 1.671832225048987 0
0.5961141774245643 1.907989541606211 0
2.649480465176674 0.1590365858197565 0
1.089328347376849 1.273990328283653 0
1.696952192679088 1.915432970700952 0
0.8894720894724886 2.476051509599846 0
0.9721024291577661 0.8173246931905762 0
0.9530238334569567 0.8219529837125329 0
2.59758891265213 0.179374912013051 0
0.9610021453890247 2.601962730810918 0
0.4946891719926275 2.231358520202504 0
0.5123341794057106 2.25448756220865 0
0.4837427499138838 2.259549472001202 0
0.5012797039983472 2.282757637275658 0
0.04973233833380786 2.002882020050404 0
1.58024938341793 0.2288469388548272 0
0.9569686080703563 1.661382987390714 0
1.355267086273302 1.356239681094691 0
0.2245155794300235 2.313024731648591 0
1.81021374150476 1.748438272462296 0
0.05002169327731054 2.352629439795655 0
0.06227531190677888 2.372039076063575 0
0.03800137293055154 2.37293208979365 0
0.05299408650589192 2.39175979424606 0
0.05106753251712083 1.171357071058326 0
2.318723795652636 0.7715900997342373 0
0.1480300695554997 1.376450603718211 0
0.1682178674235 1.372948435873173 0
1.284506763392118 0.3693511473159447 0
0.6959397945705922 0.8867875376206986 0
1.724764362928542 1.287736110562295 0
0.1893607532507076 1.020015158297673 0
0.2145491500421292 1.294187768066767 0
0.9737954042847542 0.6624872349704743 0
0.9694015804862592 0.6807144913060791 0
0.7185726181139805 0.7825535626447464 0
0.7064949045886678 0.7707416364937227 0
2.855713861440373 0.524888877205636 0
1.043259773834935 0.574838563821096 0
0.867666218228766 0.9776088781837041 0
1.790174802456356 0.2386535184719478 0
1.769951292569794 0.2455534735920732 0
0.09360998623668043 1.229248490513557 0
1.336645364495062 1.440238844791974 0
2.429534057569517 1.561238950762492 0
2.396460873378508 1.536856280243574 0
2.472966991403489 1.503546928432962 0
0.924061581681736 1.742887009530113 0
0.592979638191738 1.055520708088682 0
0.5866432358791068 1.073244492790913 0
2.49833663053501 0.9744283084894051 0
1.743993799004425 1.631833556358304 0
0.4047445977841072 1.156111406445819 0
0.397649831682551 1.173122750494863 0
2.772516113338112 0.5888551271869924 0
0.6115315637130246 0.9523200038946547 0
1.246005266070521 1.00505330546302 0
0.1144117167566552 1.142210028329393 0
0.2550495701293231 1.038447062408115 0
2.814800011889061 0.7623168658954853 0
2.17767051420981 1.919374964162623 0
2.047663796249791 1.793488427725058 0
0.5133860144757362 1.242254416076428 0
0.5057588639714791 1.261415446208811 0
1.031399272083121 0.9534692509978271 0
0.2052829871025585 1.01680026557499 0
0.2275042026354089 2.141936428827042 0
0.348065085909889 1.217419856119211 0
0.3606225389413942 1.232566125508396 0
0.9869488547940307 0.7458821632551145 0
1.168519078974798 0.04745422477807288 0
1.187738836303328 0.04605005100390547 0
1.201291047974453 0.0562123448459112 0
0.5475090085166057 2.79630096689528 0
0.5276432038774064 2.836002523880127 0
0.113090173514783 2.812021185322032 0
0.2636674389746365 1.613373093939964 0
1.629259580754576 2.384441842808785 0
1.620211725643419 2.425702348353133 0
0.6886620293451808 1.14149006883959 0
0.66662282054334 1.143910703056061 0
1.763710564641928 0.444982802093056 0
1.605732854062023 0.1999561193448016 0
1.683551752236574 0.1930182676236667 0
1.240899126144181 1.122431541718834 0
0.2567788886948686 0.9945364366950923 0
2.558914931878016 0.4810266766693563 0
2.393874267304968 0.6038871733934033 0
1.120317239216846 0.449030095869291 0
1.134663673973941 0.4617183333287397 0
1.047294105960951 0.5568731444408315 0
0.9542758610515205 0.4087220682501663 0
1.761683410244292 0.185805127234756 0
0.750901708194519 0.8130214495791421 0
0.7618608221450721 0.8245105085823647 0
0.7420651235656512 2.672659787350862 0
0.6788937278871707 1.605579808287771 0
1.034884513875288 1.922884772474367 0
1.003019870258302 1.928452663556177 0
1.065026879563572 1.91631228911252 0
1.322976277735117 0.04877202999256067 0
1.305546494240235 0.05528730672235097 0
1.342220432088157 0.04313424739861458 0
1.162702536075777 1.1324753221973 0
0.1234594111153944 1.031596845950974 0
0.1467979021494657 2.694971932607408 0
0.5419141749605573 2.725887199629117 0
0.5087637370107687 1.103976473536801 0
0.521370340170237 1.117298314585938 0
1.836351787118625 1.774221826817247 0
0.4968766041907007 1.138868041315127 0
0.4785486577584286 1.142295833010189 0
2.800252597002086 0.6473344025187049 0
2.277552971762528 0.04951353210142887 0
1.432886702777207 0.04945105870678913 0
0.6203929115507295 0.8293888731057344 0
0.6151143998167575 0.844345317310776 0
1.067481206755264 1.833397983283254 0
1.659612267926048 0.2216730175954805 0
1.741421618985339 0.454565771808541 0
1.722959775091149 0.4382684326458999 0
1.717622883638208 0.4625215272801722 0
1.699043229765968 0.4462486451559529 0
1.693839953440082 0.4703805423642391 0
1.675360647076457 0.4540976214955591 0
1.670238540404076 0.4772681245797483 0
1.65218450386411 0.4613157768433296 0
1.65701894768633 0.4375812323528355 0
1.633529096627236 0.4454380060768108 0
1.62871811544819 0.4685021800400596 0
1.610273377870155 0.4530685842488897 0
1.605097657666444 0.4763212569684981 0
1.587087654072906 0.4607420759860101 0
1.582086637156176 0.4843544179483175 0
1.564154851996855 0.4683002104934554 0
1.559138241467877 0.491880838469841 0
1.541292097943331 0.4758336861621615 0
1.536292974684119 0.4992908358496735 0
1.5185399433117 0.4833169045755359 0
1.513566526883364 0.5066428281412554 0
1.495913362474294 0.4907563087577045 0
1.49083459110659 0.5135375542436587 0
1.473329951695098 0.4981298790911539 0
1.468331333872554 0.5207224319018826 0
1.450969890737427 0.5054844475555941 0
1.446028908758598 0.5280142793466489 0
1.428755460943314 0.5127953275476892 0
1.523401167669491 0.459983871706189 0
1.423852323589111 0.5351841989110675 0
1.406694028207771 0.5200599895597178 0
1.433501578070782 0.49015362221963 0
1.478218236385152 0.4750837903124666 0
1.615447591690613 0.4295227031039526 0
1.569275630286747 0.4449437002121151 0
1.599982027021592 0.4994114204100432 0
1.553244579755716 0.5150938071768439 0
1.460703211317364 0.5440886466351753 0
1.506388613757676 0.5296101671664513 0
1.18456145228475 2.53170074798452 0
1.171658941601097 2.579774084390474 0
2.129174086415072 0.9164450715264346 0
1.72700137861647 0.6104265256456314 0
0.952870959090157 2.299729643271019 0
0.09636514436405011 1.881146407759814 0
1.198222630019254 2.491650864691042 0
0.2777182952418987 2.133495537331683 0
0.3793548323961718 1.227980650818707 0
0.7358749365051694 1.274095820032908 0
0.7296260567094743 1.297396766164772 0
2.149540336838792 0.3747678994736464 0
2.130113515378872 0.3592827090348698 0
0.9354987642500168 0.883252765817802 0
2.05018232269875 0.3037320564992398 0
2.045887823110409 0.3260560280134332 0
1.832557418870629 0.9469051146958286 0
1.039118414151687 0.5928369142361773 0
1.021374343505721 0.5981400110629577 0
2.305076767900246 0.2364023267922777 0
2.326422428624515 0.253676426686285 0
0.3205424717701907 2.262190280478327 0
0.7511635760486334 2.74592508753295 0
0.7766874552996696 2.779370785667581 0
0.7329579886034272 2.790400352106746 0
1.217433021577464 0.6283325842903295 0
1.797282603649058 1.825200106918718 0
1.130917994190086 1.164114723931333 0
1.122971027271365 1.192279798921547 0
1.112520160986423 0.4861915060031546 0
1.094485463776006 0.4916262965755641 0
0.7549985431381925 1.525367379973386 0
0.9863675732937862 0.3239576189088426 0
1.001480232574417 0.3185029236793479 0
0.989301380661765 0.3076527335842615 0
1.004608108578039 0.3022350767312466 0
0.06286179219080369 2.070569630320733 0
0.5220494733203052 1.612220693355072 0
0.5372504615204817 1.630757121401141 0
1.394277390314028 1.68921922230587 0
0.2989765738025441 1.847568664582654 0
0.3076768225685185 1.82528415102829 0
2.051438832683821 1.000771011228457 0
1.852218136620637 0.8834754013368513 0
1.369384300065208 1.403876249608519 0
0.8106295907971589 2.488571840627933 0
0.7289029226553653 1.012404233739759 0
0.5592715735998828 1.111234678977682 0
0.5758672203723043 1.108555029304609 0
1.44325839207554 2.034099181458857 0
1.429381240006488 2.071164197075563 0
2.195821460398385 1.357733169449853 0
2.156662646704023 1.367301843598922 0
2.12899944697447 1.34001361620605 0
1.433952955731932 1.770163578902737 0
1.142777750494899 0.5800031575079458 0
0.9201202877643083 1.062112273100906 0
0.9143943565546901 1.083856836521178 0
1.159272843522824 0.7452820316513444 0
1.085644953046828 1.553294736079231 0
0.1799746821622899 2.6256914434207 0
0.0469386578503922 1.906521410181117 0
0.4728337572139153 2.287948796471904 0
0.490263355064959 2.31120508210007 0
0.4616387641031531 2.316416498840255 0
0.4792726577335514 2.339792943700369 0
0.4505659161015108 2.345108150971894 0
0.4680659549315326 2.368529149885889 0
0.5210295327620935 2.303143564106737 0
1.901615521075517 0.4006573135662686 0
0.9560213093094472 1.326805399443792 0
0.2848637408787944 1.889465824365072 0
0.2753133272667426 1.909953476508156 0
0.0393772208842868 2.226370391297025 0
1.815195703813501 2.07030436392995 0
0.9545213420479002 1.483854550453547 0
1.172374066974702 0.4456076513117876 0
1.193290501561208 0.4392666448933532 0
1.540967372874815 0.04945308028254931 0
2.190856916375805 0.6361539532149535 0
1.140407530923888 0.9914593562422547 0
2.178755226716013 0.1538184034073826 0
1.161514204143728 1.904843093492361 0
0.8354258866491173 2.054712849562719 0
0.8561001814985907 2.07727827891002 0
1.003865786120476 1.676419431155261 0
1.026271890426069 1.701800386655889 0
0.4228902174733129 1.511366576431428 0
2.404345508903763 0.1060197990289524 0
2.751390161236902 0.07010527204371564 0
1.927025690595174 0.3923210812595409 0
1.932220147387568 0.3681634125546235 0
1.951733862074461 0.3844363388202108 0
1.956587877049615 0.359669673546353 0
1.578894070132105 2.435535790847128 0
0.8473616072996757 0.5905709217477298 0
0.8445850846763392 0.6063070548530389 0
1.683183933355495 1.328138924514064 0
1.651871530839335 1.336648245244673 0
0.9791863643145966 2.391271960656175 0
0.746044971717658 1.932475739800244 0
0.9209684077647442 0.8118550735726331 0
2.506850197619281 0.412718327181151 0
1.18897993056027 1.125583018788776 0
0.1844680903047385 2.512430138251871 0
0.2129406585362993 2.507551117452438 0
2.213596413526877 0.9061862062486901 0
1.800578731295319 1.549831898398722 0
1.171118717441001 0.1191862422163011 0
1.185875219587819 0.1317482030372989 0
1.576719282603807 1.501669163651662 0
1.362280072739291 1.328274599978369 0
0.04842126336380963 1.612575506487174 0
0.06062137953821913 1.628904841865761 0
0.04113208824519885 1.631919515814792 0
0.05301295121948414 1.649005416891847 0
1.100188835152178 0.9127170908452951 0
1.083807299400467 0.8969027303887749 0
1.089699674054541 0.8751729538258349 0
1.068064675070707 0.8824971992196168 0
2.335578323428068 0.04949137111283947 0
1.865291555050742 0.04944293716349035 0
1.845529444204326 0.05600978555841571 0
1.841413249149887 0.07687749351459917 0
1.825634732998981 0.06301735402266663 0
0.5145814602754873 0.9906218864831168 0
2.643164151670261 1.16677830548297 0
2.654160146131013 1.124054158864671 0
2.633001353263515 1.214509972486991 0
1.00178172419927 0.3945849058332787 0
1.018190722522567 0.3878649973697026 0
1.947895656883786 0.7705366334486327 0
1.106243514867087 0.1050402847465646 0
1.48079049820089 2.481779540924872 0
0.5392120028267247 0.9794035295596164 0
2.306657026878322 0.6005710947441159 0
1.215214059675213 0.1583977818130857 0
1.976365915705912 0.3750943297441548 0
1.981253673075993 0.3508191948554259 0
2.001277386780257 0.3673395267807039 0
2.004111013258022 0.342115668913188 0
1.983648459674845 0.3259633048835631 0
2.023920968818673 0.3578963565053247 0
1.025017953763835 0.7353431115030808 0
2.16997198127428 0.3942662769859179 0
2.354931342786155 1.708954936319234 0
1.780695468913523 1.618885303054781 0
1.854595152906126 0.4169016919396063 0
1.831880865339671 0.4241002396246246 0
0.7618456221630379 1.02115662929514 0
0.7768154616660016 1.037643266054832 0
1.805396940519766 1.196853591451859 0
1.422035858559445 1.314015460001421 0
1.448121453198618 1.307568310553345 0
1.556057873455579 0.7345508982980555 0
0.7608242330457722 2.819093906969791 0
0.3725376059725396 1.246360572376826 0
0.3537074384932716 1.250918210099935 0
0.36549623166936 1.26516055985439 0
0.3465845259952259 1.270021835845056 0
0.9773470208283245 2.207910648457031 0
1.081456468081139 1.660849289360455 0
0.5872357296075879 1.933150818496381 0
0.4096853685514933 1.55541000334444 0
0.3179673896941142 2.151465409261339 0
1.679963857617496 1.417591405786712 0
2.264059524856119 0.6738147237661801 0
2.293616985034167 0.6638506475088292 0
2.237571432567758 0.683247527044642 0
1.977615525689557 0.1913055639132919 0
1.980787747036686 0.1683232887900926 0
0.9100451283887022 0.9060792452103099 0
1.718152245496624 1.841359289830421 0
1.748089253895553 1.869959704004457 0
0.8324261808789872 1.558605594860803 0
1.08352817213651 0.6705231914727389 0
0.6242170954434147 1.705294674203452 0
0.600051174476998 1.711059942976784 0
1.011532283528373 2.321937990344207 0
1.034586585972054 2.350107506420412 0
2.383765299349542 0.1138727882193135 0
1.765235816112451 1.239702397882627 0
1.280429581986065 0.6865492664958961 0
2.691164444091851 0.2835276507722527 0
0.4054001696993204 1.687256876898338 0
0.4210533183352295 1.704442606833051 0
0.4134076474742541 1.725723944266956 0
0.4368483587538022 1.721762937816381 0
2.446827640826741 1.16070296218106 0
1.866768746453406 1.514173238084279 0
1.878324827259824 1.475517173243892 0
0.04741159202046317 1.253094529812512 0
0.05512775301779094 1.235333055634844 0
2.601298606149336 0.399216636016461 0
2.263501551881601 0.8501239112619023 0
0.3733475715581232 1.656613287491438 0
0.3975637776316794 1.652337546237681 0
0.06048749474912075 2.274922507102891 0
0.08240629220819268 2.271726817378982 0
1.145198995593304 0.7866466468445139 0
0.8186597609710993 2.034329091991335 0
2.463929385304774 1.09540590422514 0
2.476084664870147 1.05867596994803 0
2.436123451372348 1.069886468517308 0
0.9756061404581152 2.67290782646508 0
1.00416212531293 2.705593529769347 0
1.978369763756461 0.5165221184048052 0
2.028137016294409 0.7404187195157452 0
0.7097188178492935 1.0164883763511 0
0.6959978870960521 1.001582260011705 0
0.4458088132528724 1.702608411593574 0
2.784872912364516 0.3290010331814633 0
2.816722084795957 0.3557881621443369 0
2.750566852326396 0.3088445449662543 0
0.3261558456906657 2.88474491306952 0
0.2886594802651048 2.887653150510846 0
1.423085270644165 1.179254731290403 0
0.6405529908778052 2.856394734369792 0
1.031143897828458 1.402298383307124 0
0.04576598212151742 1.304641369935165 0
0.05776852468535241 1.320617418006234 0
0.07727187899620334 1.317421692396109 0
0.03299766810468317 1.289081096611395 0
0.3450095859586018 2.148628648322553 0
1.001112683852189 0.7607551886417392 0
2.472857645293184 0.5158321814018703 0
0.8557290782079777 1.50629478364992 0
0.8613533320357428 1.482604598145524 0
0.6431777133907873 1.849962942832793 0
0.6708103473622018 1.846187965266949 0
0.6885417095962738 1.866596442502468 0
0.617659240602825 1.856840471459896 0
0.9700340499083566 0.3276132380992777 0
2.182145909305662 1.598005680401356 0
2.226885971336617 1.587471590791392 0
1.684027060955116 0.6017520991253517 0
2.561939848980852 0.5519158958806221 0
0.7117950213028529 0.7547525056661846 0
1.19533877329539 1.898525102256261 0
1.208552929850737 1.867964154334528 0
1.229879719685973 1.892012130803844 0
2.297765370519246 1.318278312304203 0
1.241572749582271 1.861677946643065 0
0.9376679650716051 2.465257064975817 0
0.2491684581008964 2.31014678819537 0
0.2697666127721796 2.32842901385982 0
0.4733483835569311 2.208996701210083 0
0.6704138644022075 1.665284898361939 0
0.2874560323353699 2.392824689970724 0
0.1742360730886461 1.840853904669983 0
0.1825262001640642 1.821503368534529 0
1.048510273980702 0.3860248299758025 0
1.277558717214269 0.1929521663316532 0
1.094889172050299 0.6353227370422405 0
0.7861429835048467 0.7148920606772271 0
2.254006168490672 0.05621688120033882 0
0.9059673904091152 1.792214845228623 0
0.4713525478170948 1.759107870177651 0
0.8247603519017832 0.9107423143145239 0
0.8120868629451413 0.8932159898738852 0
0.8022719188781591 0.910155564812233 0
0.3661700971982878 2.586828908365658 0
0.3782090025799621 2.559212105471535 0
0.8345250235910188 2.139867726179388 0
0.3583409040130559 1.28425580700555 0
0.3394936329072296 1.2889858558348 0
0.3511319635057506 1.303467358704325 0
0.3323537582846081 1.307937089671866 0
1.594766084818066 0.7708961146951494 0
0.2609586543197909 2.115531734863872 0
1.340066348984098 0.8416891889986451 0
0.709246157349777 1.134843143565325 0
0.7156121540984022 1.118414022780689 0
2.410147228892294 0.5055164595362577 0
0.1618504993991456 1.875144757534234 0
0.1534284151182295 1.894980019301978 0
0.1758466404257865 1.892571047190621 0
1.865662426073378 0.8113661711110896 0
1.228820470282272 0.6648112823736152 0
0.1598242331964466 1.446325432671535 0
0.1396017074283567 1.449563941749892 0
0.150924326248626 1.465418758967304 0
1.786769430000951 0.5854394260740687 0
1.760714079953538 0.5915908787809644 0
1.222749636932475 0.6061328538469632 0
1.241963819700539 0.5983342242873705 0
1.541245739623 0.9908251953921742 0
2.134656197640462 0.1757777135126917 0
0.4374799988169654 2.373160746194467 0
0.4563483862300401 2.397291417099462 0
0.426036218487244 2.402093817346471 0
0.445316372922747 2.426496932434077 0
2.446558747875488 0.09096181581491872 0
0.4031345264097934 1.203906955725122 0
1.416581806362913 0.7938289466598799 0
1.398637671730018 0.7761114898820074 0
1.37567692935547 0.78353576250296 0
1.380957683321535 0.7599706282261522 0
1.404264654509927 0.7519808363629454 0
1.387048856210275 0.7366224070568186 0
1.410491298442303 0.7283406920766066 0
1.427710813197394 0.7444109461714027 0
1.849886776071339 0.4431980318539266 0
1.069880933677761 0.6032330305973146 0
2.516396133381382 0.8896327535292871 0
1.359739288633144 0.7693382147503129 0
0.9274385958090079 1.118694395674428 0
1.745708811717893 0.6282150967086662 0
0.5541028648415132 2.222251955164502 0
0.3667669687687059 2.885418748722246 0
2.454504017649207 0.04636029599585133 0
2.473137736590791 0.06054223768581468 0
2.437690044295376 0.03317370310125217 0
1.431950649128725 0.8329397490531902 0
0.8885617526788578 1.83614658529991 0
0.7330769185409485 1.628339934154645 0
2.318759780421494 1.086219794535936 0
2.355870509789175 1.075407736545912 0
0.4419287367313995 1.149336537997342 0
0.2195433036643407 1.138368441734184 0
0.8025916054795506 1.168546990696374 0
0.7761776440506175 1.925231726142006 0
0.9925568817683719 0.2914444203527752 0
1.007786450167251 0.286015090968431 0
0.9963909644521778 0.2752955637841584 0
1.011065074286724 0.2698174252148671 0
0.9986034174457121 0.2588829818596955 0
1.0140962184961 0.2535851294605388 0
0.08929693106420869 2.051830256054864 0
0.1098519828050871 2.051617176851439 0
1.107250022478014 1.172762945640303 0
2.176584399538081 0.1787619831557821 0
0.9520388297402995 0.4758105226143963 0
0.938434375303307 0.462718615874108 0
0.9255210571521291 0.4715575134433412 0
0.9652006507962044 0.486424225078873 0
0.281264340750362 2.821845052899742 0
0.8056564069286244 1.314509388130459 0
2.118082784041005 1.378577748186177 0
2.09148935583014 1.348355425930849 0
2.752883609011404 0.04678340169528274 0
2.776059720178131 0.06016101893480738 0
1.86273049648304 0.5608009640616972 0
1.297269499767256 1.086775681020006 0
1.354941100770727 1.463145748127693 0
1.290418017661168 2.161763266677544 0
0.09280310436391009 1.196501631814658 0
0.9140616633506878 0.5803790502112116 0
0.03335780894203176 1.597467824014666 0
2.020836496550931 0.3809731330057731 0
1.401925740376523 0.5427075523867638 0
1.3855502981807 0.5265085082180986 0
1.389710963400176 0.5047779176149827 0
1.368088130745552 0.5118827220136128 0
1.419099781592786 0.5582588744634011 0
1.366703677928945 0.5335687650840732 0
1.348509658172144 0.5193705433628065 0
0.03933508522575714 2.526003714231087 0
2.157105608183892 0.9375035741551627 0
0.08165701689879809 1.548066912245182 0
0.2953751507445049 2.72939014154372 0
1.99655941541307 0.7475145581001864 0
2.138638425453891 1.612116536755025 0
0.6456955458002699 2.386935213664387 0
0.1390032319731997 1.519910321206317 0
0.1604903152599635 1.518258453111077 0
0.1509745528689561 1.501019497969464 0
2.726217193028204 0.9806178919625594 0
2.725023106443656 1.030390177039642 0
2.734140161766183 0.9360129543991351 0
2.217233741832977 0.2794386590371798 0
1.944296236807637 1.490755123251221 0
0.8550052495104371 0.9157900727532813 0
0.6238052325507318 0.8128917806998062 0
0.833954056547916 1.158523177634461 0
0.9320769522573569 0.445375297768453 0
1.022711514943195 0.133539836618563 0
0.6953915043492103 0.7575211775958558 0
0.690547759379176 0.7747482948382608 0
1.885885032737733 0.03844554050769078 0
1.419405560043019 0.03360364299954527 0
1.398482609239363 0.04202830216065579 0
0.3440806647037249 1.323617329243298 0
0.3251846960927983 1.327319079065994 0
0.3376332169419841 1.343586559628333 0
0.3184791360333215 1.346092822587253 0
0.313078182204607 1.310756393624677 0
0.3310422849914358 1.361909947303066 0
0.3110772428563133 1.365529342624044 0
0.1812319984610084 1.388652846566182 0
0.1876118564766539 1.369219952121147 0
0.1752134449869815 1.353752162540288 0
0.1947492004457174 1.350719904414337 0
0.1820859933380461 1.334823789058045 0
0.201000573721848 1.331674883267751 0
0.2050001967884943 1.366298773034621 0
1.869352447262588 0.9373558830829329 0
2.269904810039087 1.135746477159797 0
2.447185753801671 1.026777045593534 0
1.591316521371834 0.06917187203982006 0
1.58741887543159 0.08940046065054902 0
1.065064072755086 0.6809190012131852 0
1.068709360485125 0.3627703367231512 0
1.088368962554566 0.3584274051635992 0
0.3504045799397069 1.659952947679202 0
0.4332906829907907 0.9738375335512119 0
2.311250154544756 1.557321834570107 0
2.566743220284263 0.1875978827521045 0
1.82820657847101 0.03889781779142312 0
1.809752983124867 0.04940890397980337 0
1.805880487923425 0.06997706696051446 0
1.789939762728897 0.05638895797084813 0
1.786075363667742 0.07696506976863529 0
1.770108960843432 0.06335624443000223 0
1.765379851421142 0.08424811244718085 0
1.750139694043809 0.07019591299131325 0
1.754279157384398 0.04961431578107073 0
1.734541575458756 0.05677803980567357 0
1.730151043642121 0.07702481694810144 0
1.714768741095288 0.06344926369796625 0
1.719333453798187 0.04447168903037964 0
1.701095595626608 0.04855735616067461 0
2.880322400113556 0.0544451239661726 0
1.810436357490177 1.7046650444558 0
1.059647393079183 0.6989163411509918 0
0.6804407684024746 1.161539540354843 0
0.1973503657659336 2.644617509427837 0
0.4298758787215767 1.489683966635456 0
0.4167723191730657 1.4735096388361 0
0.4384000554283926 1.469073565089892 0
0.424549313474895 1.452756480437978 0
0.4456055084304964 1.449503089337003 0
0.4320985909908582 1.432277601277583 0
0.4521493295543034 1.428758711523371 0
0.4395367578778149 1.411707153858893 0
0.4182678036856377 1.415376778734067 0
0.4602540393280395 1.407624151400396 0
0.447167689040203 1.3911602371106 0
0.467548345865597 1.386419126501891 0
0.4546455734313968 1.370718124367466 0
0.4757197834559879 1.366269757445269 0
0.4622110213135114 1.350547726176799 0
0.482903652144074 1.347231900503826 0
0.469678046534839 1.330650574121505 0
0.4896293321667281 1.326915106517391 0
0.4770731157195597 1.310730986257125 0
0.4553624348118875 1.314566636053592 0
0.4973181756601135 1.306566634438854 0
0.4832754804128603 1.291608507409266 0
0.5043744695647447 1.286764138821927 0
0.818689042600881 0.7061021940359216 0
1.267103296717892 1.887938206995883 0
2.833704343088999 0.6780846294143215 0
2.842434459122152 0.6342668775990377 0
2.610290358426837 1.308499241331156 0
2.59498815158342 1.353624191137734 0
2.453590493196549 0.2629681380310799 0
2.459088234891142 0.2345792256741569 0
2.432653248444868 0.2441354212497329 0
2.401145513162815 0.2516397000668201 0
2.414847731971029 0.22179608583378 0
0.6566184875023505 1.331633188008599 0
0.8450752021043489 1.5317390118739 0
1.015551670117774 1.452017877855055 0
0.9886241155087885 1.456482774294074 0
2.688603313239342 1.154839885833246 0
0.5681519235252996 0.97932110658697 0
1.027865451781166 1.952308367921645 0
1.455685392204987 1.149690742137664 0
2.162290559731941 0.2949809578279276 0
0.5875133029191842 0.9738227128926782 0
0.03846172258084313 2.070747971361794 0
0.03387859094930935 2.093779455279791 0
0.04756576258354114 2.052304076037348 0
0.6095121634191185 1.364909926956017 0
0.5873282847375041 1.369520884678505 0
2.209367930236865 0.4253412846466627 0
0.03841795590389198 1.869072269995053 0
0.04933261457139832 1.850684408269233 0
1.169955481455688 1.108766936652923 0
0.1639379080311634 2.714589900902923 0
0.1524468946954989 2.739513506936651 0
0.8996681382874839 0.9272136252485326 0
0.8820422834039507 0.9219875174192131 0
1.510703599452656 1.600959099670352 0
1.542219171012223 1.607266635971836 0
1.571679302199823 1.634705624890825 0
1.117981256509059 1.244613771380037 0
2.351088664392323 0.2477493601447844 0
0.03850812307827346 2.277951939556675 0
2.562882238459253 0.2199463224184507 0
1.597556878863898 0.04927053230572335 0
2.075069742843378 0.1716358146572285 0
2.096555261806717 0.1890103215519718 0
2.060434755017095 0.1577154408096292 0
0.7680646001877754 0.8088968410153836 0
2.559344195452088 1.191649073502848 0
1.499784448691127 1.173590997167387 0
0.4117326449515181 0.9469277149410905 0
0.4066213438777533 0.9631099149011292 0
0.3956820247885107 0.9501304473497015 0
0.3905399554494786 0.966293810709706 0
0.3799428947021864 0.9541496272525691 0
0.3739402494246052 0.9709484262540891 0
0.4145087144036089 2.431208974363334 0
0.4338326023981689 2.456052658923791 0
0.4647919966810979 2.450924657984125 0
0.4533510354505721 2.480978782619687 0
0.4217563626097129 2.485856061372026 0
0.4819797575121506 1.013025988015741 0
0.7785286739262725 0.9643784389190966 0
0.4009095088428516 1.574231939186284 0
1.938692143092106 0.5827106917360558 0
1.917712264714813 0.5635522517495328 0
1.92488301383867 0.5370420071836701 0
1.899587917452931 0.5407419734304878 0
0.3346635105798479 1.930196460653381 0
0.3059004558737692 1.933205823507806 0
0.2988805256750026 1.960464198172859 0
0.2748778241217048 1.966004815138174 0
0.2812492380402256 1.944117642961444 0
1.483805933095812 2.36260608576131 0
1.45258250386581 2.330617918742983 0
0.3056471741443981 0.9867969702591326 0
2.347079823804205 0.2781891973127945 0
2.339882619296845 0.2998127320713549 0
2.568541678148526 0.3871484709221429 0
0.8135355120247207 2.202375438875661 0
1.767390212272772 0.5666192612775595 0
0.4951029710850852 1.362255525496177 0
2.865182552274637 0.4839556992048862 0
0.08975676005080738 2.459321178270268 0
0.07631474714795619 2.440131334662693 0
0.05295876736485362 2.4442196506323 0
0.06161654262740132 2.423673741301784 0
0.03994111028224742 2.426694065792698 0
0.4869428716123257 0.9948652084970103 0
1.931686276402796 0.6121932930770306 0
0.46083389485469 0.9854003412477981 0
1.520057042498274 2.478510031991711 0
1.322173558889702 1.52393224108794 0
0.2237674384616059 1.121754910039717 0
0.2450793393728048 1.11742710783583 0
1.793221397026038 0.6574303012375078 0
1.963923465248814 1.5553910210579 0
0.9498826737027432 2.762198351771979 0
0.9032038006059657 2.762429697066545 0
1.92286111521272 0.9108777593018618 0
1.954669594704973 0.9021751928441508 0
2.582679441218138 1.227872359036795 0
1.653627657043023 1.391259106369578 0
0.3229750436617421 1.380931923178065 0
0.3037695529522262 1.385614908970472 0
0.3162452547918699 1.401628065226138 0
0.2963147327896022 1.405511080607917 0
0.292165909673778 1.368441970485328 0
1.602856198332315 1.529359402153974 0
1.593537625291479 1.563291980317627 0
1.25851056438919 0.197521625549293 0
0.4446301461854559 1.035590843630106 0
1.838400079704116 1.189991800991808 0
1.86605301061313 1.209792884196397 0
0.924157826660771 1.663534849486113 0
0.9132368899903569 1.690250030751173 0
0.04128988230619222 2.835747763458669 0
0.05882228751309614 2.859971238632291 0
0.08923657858004364 2.859519005829899 0
0.07319312769920915 2.885615450493939 0
0.1023212988267231 2.883725806283766 0
0.09256167088692635 2.910627043014013 0
0.05663210373525691 2.911862414652589 0
0.0356334256892367 2.859697863856194 0
0.03911046349697601 2.656647524140568 0
1.647608993547778 1.456744864994825 0
1.641168963473415 1.490281272572484 0
0.03539712622211096 1.3223956868255 0
0.05009992512058542 1.339153646559108 0
0.03187632265740327 1.345012745776825 0
0.04416557590412429 1.359319172094757 0
1.168804440197057 0.7048197772366873 0
1.564807697938211 1.038687770103483 0
1.554602661934522 1.070037269677159 0
1.524747869791863 1.076728140756739 0
2.800554778911268 0.8016157239504258 0
2.766478992081367 0.8220679037758291 0
1.097921857257046 1.195242404927148 0
0.6643637653429482 1.39302674931521 0
2.853803084857478 0.0655517153937529 0
2.857336891624261 0.03827262063800117 0
2.831989874680965 0.050235334938372 0
2.804815406930513 0.05720152841012628 0
2.796862080970066 0.0807233474176369 0
2.9609794353951 0.1158366368092613 0
0.4954227718015305 1.815302778343934 0
1.748416653973761 0.8596064903891318 0
0.4337104047094842 0.9286766695950577 0
0.6824458013246821 1.641644581784596 0
0.3471768110640167 2.919922478252598 0
2.274599786154257 0.2633653540876787 0
0.5205486391492997 1.222287277286386 0
1.56596483326379 0.7777432594172775 0
1.551962531105197 0.8022100661062095 0
1.540930132392992 0.7792678477207786 0
1.529816899691878 0.7982497842453606 0
0.5728504001180925 1.91385825524165 0
0.06160002653126261 2.569898600881011 0
0.4310393395324712 2.320522380445307 0
0.2877765421027483 1.032921532074353 0
2.245434026270853 0.2675770739604307 0
1.329416279492938 1.050048042565529 0
1.268490799086435 0.3560433156121666 0
1.272490558677358 0.3357805377036661 0
1.265215100528699 0.3780846987198965 0
0.457783508174868 1.465613638359876 0
0.2121635420012573 1.157773629442293 0
0.1917641862459099 1.161525632693967 0
0.7296919155759199 0.7933601347590652 0
1.12559315536206 1.219437880197127 0
1.136479046510562 1.307962303558795 0
1.116592843373188 1.287170151321579 0
1.128183005462298 1.335814206872213 0
2.160127053489793 0.6676954124663002 0
1.247323482359009 0.6795870849212178 0
1.122091746076342 0.9743633587713587 0
1.130462281254984 0.9478640733691873 0
2.914927140728573 0.1946895753198743 0
0.6494406602636793 1.349548068830075 0
1.154001595037584 0.4525378481307367 0
1.023556283097837 0.2804641753870951 0
2.298546195741883 0.04141400666125229 0
2.377655801947713 0.2402519880169665 0
0.08457309722068219 2.371201371540745 0
0.9865331205255548 2.27470936809383 0
0.0530263153740184 2.635983431507506 0
0.03245015546357186 2.6365586590114 0
0.04004245310472124 2.617435066677618 0
1.19364223647834 0.6792061814524307 0
2.023519638134514 1.125506882737545 0
1.997757123248717 1.100231968337929 0
2.006858637387967 1.06753882702322 0
2.013757048581548 1.162238466607677 0
1.961025101762653 1.112453264341352 0
2.468387087148005 0.9459857205998953 0
0.3095132178820812 1.421646820349396 0
0.2892440519507216 1.425436131748706 0
0.3022082070510133 1.441509769563878 0
0.2819017068165233 1.444730140609199 0
0.2704279328185712 1.427356583630207 0
1.371667540399792 0.4893794032476965 0
0.3492846013125014 1.358095597640503 0
0.9665590474638761 0.3462359400161844 0
2.133395217498413 0.3315737303333015 0
0.7849137949517392 1.17660485099857 0
1.793513625029532 0.03596827617449021 0
2.579031094167747 0.1591342008370426 0
0.4166107636574564 0.9778242926355541 0
2.23826268931201 0.295450566857384 0
2.080762606163895 0.02934071117152903 0
0.03398653756273254 1.237254044534354 0
0.4289458712232695 1.875728526689764 0
0.4539687060186828 1.872027414189445 0
0.4699258093885375 1.890370155860155 0
2.548989434801928 1.410759518939971 0
0.3630489786619568 2.170004072049196 0
0.8046071549797363 2.813529004585178 0
1.860458437076913 2.060314341949241 0
1.888481146473006 2.088576061609147 0
2.039809310230749 1.033400053814657 0
1.837980288272123 1.542889524191751 0
0.2116340116119567 1.045745008994559 0
0.7588990118287844 0.8395776125902836 0
2.248058652906787 0.8858149587823392 0
1.471691160494391 0.677859864640085 0
0.3658894839006226 2.715939881406482 0
0.3412684342291997 2.693373343751571 0
1.432546084457559 0.7201913211503586 0
1.416481410361353 0.7055608260021213 0
1.43846814479343 0.696244244091791 0
0.2952466025217758 1.460968132402762 0
0.2766925904670881 1.463657431149522 0
0.9873607270773995 1.143236323178624 0
0.9939372548495257 1.119909271106301 0
1.018370601919038 1.114183511508588 0
0.5513042445744125 2.016364553176219 0
0.5622329853981305 1.989825033012325 0
2.336427055932839 0.7033286166267487 0
0.9791313525034271 1.167918717521683 0
0.5608750862650964 1.21480656451721 0
0.438396707082325 1.852392502354276 0
1.780132236572089 0.09896740909471696 0
1.001411931495319 0.2426368706498668 0
1.017171450626932 0.2373744389590055 0
1.029731429746215 0.2482586592180597 0
1.004282430836762 0.2264162768078424 0
1.020111041005145 0.2214494985871778 0
1.252340243447603 1.14995846251499 0
1.98727689624059 0.5923574832239394 0
2.447131777247388 0.2924237311790078 0
1.246219302194226 1.17968996028793 0
1.554043998667113 0.696677596974641 0
1.561137659722728 0.6715463760055249 0
1.543952759009206 0.6545563602412816 0
1.609490345036921 0.08156386248112514 0
1.605416909563341 0.1020860667336131 0
0.4333418835018523 1.37474482174256 0
0.4114644329590253 2.886921591161804 0
0.8658728887016014 2.046847601112464 0
0.8886771480424468 2.071940692137505 0
1.057645623597951 1.306659662722405 0
1.031948161331154 1.311687476951278 0
1.634456954074847 2.001587553746834 0
1.527035206750057 2.094083261077834 0
1.487773892049226 2.103713846453755 0
0.6995249403554464 1.843890938171548 0
0.6822202727430923 1.822677353390508 0
1.580901216281518 2.048909616981735 0
0.777718496919083 0.8199406892628234 0
0.7843631317513757 0.8031924070724921 0
2.735313594933519 0.1461513808151495 0
1.940326532848793 1.634411226560378 0
0.4188946118694921 0.9315058762564574 0
2.277406524018538 0.9164440878471681 0
1.72115692547223 0.8685722197732235 0
1.714789743416534 0.8982099839556512 0
1.692848871459883 0.8762773397222732 0
0.9962071833402966 0.7924249669400563 0
1.56770198301392 0.6465989205382554 0
1.585020160746098 0.6638219192212934 0
1.59046373978185 0.637828488255394 0
0.1903692299398195 1.064664741362848 0
2.083749946241756 1.14263431560381 0
1.316460881761439 1.006407700538944 0
1.297160991342491 0.9889055948277901 0
0.7489964742182603 1.228434313099348 0
0.7563371442349813 1.202638818831119 0
0.4539320406414285 2.264758654211514 0
2.486886618006427 1.018131757066456 0
1.296437623029709 0.1869953967642245 0
1.301120736649878 0.1665961616285091 0
1.316010003272931 0.1803724885735429 0
1.320322549161355 0.1601564352353542 0
1.335267817440415 0.173428733097469 0
1.339557100148455 0.153614533118029 0
0.9319005186689976 1.714702801069034 0
0.9238809018548123 2.802882082193801 0
1.874943731831849 0.781752400851675 0
2.353953143502618 0.7609857597408319 0
1.006671938401231 0.1386444471798306 0
1.024145055030243 0.1161996721678688 0
1.009966423647486 0.1053740978664285 0
2.67459021406444 0.1494631444499344 0
1.621162274042373 0.7672357314543696 0
2.376876163617758 0.3748029770161628 0
0.6953649573023443 2.346702704757434 0
0.8802134537145127 1.863708663726301 0
0.8600914164187131 1.845492271455063 0
2.49096941551645 0.195896813728841 0
2.906332740009616 0.2750636257974963 0
0.9514270224238128 2.426275589969131 0
0.124569355438932 1.562250384555088 0
0.1121093909742305 1.544837591467174 0
0.6479152084109467 1.699780543182894 0
0.6192194277813583 1.727060566595223 0
0.5961530761228857 1.73304211141491 0
0.5314192614818202 1.994915420640161 0
2.150002045684361 1.403672138796748 0
1.372608156205062 2.58049416137078 0
0.2047750651197845 2.950018947690098 0
0.2429724773499311 2.937411080384266 0
2.946769972055582 0.2582129415258515 0
2.899945481668112 0.3186682474422555 0
2.936815783333571 0.348285008305439 0
2.893343334018557 0.3637039236742334 0
2.886418874326644 0.4080255231561902 0
2.851010452301808 0.3800706782432016 0
2.84178991597717 0.4195440431617878 0
2.921526865114915 0.4398157903085624 0
0.7442114138346418 1.076859710384502 0
0.7667768443066716 1.072600819353061 0
0.7852945240819971 1.076680613241989 0
0.7364679288177114 1.093762393192972 0
0.7346786946605901 1.110228687888303 0
0.1972815291801369 1.19373185057278 0
1.194137589440862 1.100647590386004 0
0.7435532210478925 1.601419373224072 0
0.7647251863225573 1.583877555063237 0
0.762427163863153 1.561721991322908 0
2.232766071838136 1.347751228800164 0
2.224478094971237 1.388352562677083 0
0.4416791745108839 2.92265284603258 0
0.4574158335508738 2.875014606642478 0
0.04403420139523292 2.746028173514615 0
0.03363076926351048 2.767488153393856 0
0.02998184381158924 2.72727272727424 0
1.68608464700795 0.9056929800424933 0
1.665521606561722 0.8843344044705577 0
1.826342240270612 0.8627203489002921 0
1.856027499094783 0.8545336058278862 0
1.618793338998732 0.04101846531874907 0
1.64016414024725 0.03191196709888518 0
1.90384959299729 0.7753192036943326 0
0.066753433029657 1.217985446508572 0
0.0455403380782517 2.788626131360176 0
2.666256788861612 0.4102772620495739 0
0.06335150381467292 1.551749513340566 0
0.05112396764660002 1.536216735418711 0
0.04683622967169414 1.557058638919887 0
0.0647676088258437 1.962551590073298 0
0.04537525025532455 1.966067373814426 0
0.08665463146953763 2.566116403264192 0
1.215267423650199 1.128707497169935 0
1.124438077716162 2.084800169930697 0
0.0456930003578371 1.219020677218913 0
0.03468064010210305 1.20173600247848 0
1.017060157493415 0.3130838606590792 0
0.0777933594785274 2.632636264717027 0
1.042255591809037 0.1898536256697955 0
1.025987320864049 0.1943334143400025 0
1.012802545052044 0.1814307151324434 0
1.402071252942725 0.02286351163892453 0
0.03281852265249263 2.809792290749302 0
1.02558955855071 0.09704791714733751 0
0.4402326803181301 2.508776391151106 0
0.4724007909346517 2.507788117805383 0
0.4073558059821665 2.513229499731827 0
0.7699738956921087 0.7194131008815882 0
0.7590997322340414 0.7078654771968914 0
0.7538749031127118 0.7237803315758683 0
0.7429201838201093 0.7104462785281727 0
0.7380649456033656 0.7274126970439547 0
0.06803058898187256 2.699001904504769 0
0.04153044476683904 2.697805919663278 0
2.587155278636734 0.2381571590626809 0
1.047530678635985 0.4057084030845871 0
2.566501899197182 0.5183304372263433 0
2.103628309564281 1.309736166872996 0
2.689003238499953 0.04933394121692697 0
2.925135971700601 0.1320479609154989 0
1.040572780179013 0.1109145325599829 0
1.034268931822469 0.08015964131249023 0
2.622159356042228 1.262342625446998 0
0.8558281714438938 1.153670875938216 0
1.841270163050283 1.484121437751116 0
0.04108096224197402 1.577051109880697 0
0.1439625529973512 2.821574708026986 0
2.259180800261491 0.3130735838671153 0
0.6063326389905331 2.084269487027416 0
1.596231831585919 0.6121369660475915 0
1.612083738695216 0.62846258116775 0
2.903835665104213 0.03877231078700763 0
0.6311400210880292 2.421340208734948 0
0.6564166820082703 2.445663973534362 0
1.049855904929215 2.314796961989153 0
1.073438675597664 2.342537358870488 0
0.9905887531182564 2.172656088005706 0
1.027520985869141 2.166939545038635 0
2.709791940640335 0.3566158585866276 0
2.218573465325819 0.8695584177744616 0
0.1432735699175698 1.614623945900076 0
1.007094946131285 0.2107514154144167 0
2.127555543804977 0.5464841017118565 0
0.4062452709241553 1.058732870877213 0
0.4111925852008514 1.041801897087646 0
2.415690493828974 0.7710905617224837 0
2.553666786035499 0.07701841739790624 0
2.535190303332616 0.06197929906530868 0
2.513114279487079 0.06992413643406567 0
2.516149110900111 0.04875914978948918 0
2.536046912576383 0.03774970220446161 0
2.557276907932565 0.05381204587259529 0
2.577395691548293 0.04729529466171245 0
2.598089691736324 0.05992778552162777 0
2.619385023525752 0.05211531376542666 0
2.640272305228845 0.06492252868992464 0
2.641008592188761 0.0405337907377217 0
2.495765153952301 0.05478583030723101 0
2.49142670830017 0.07706802543750073 0
2.475107206485854 0.03711816525999042 0
1.079254355467316 0.6488742760034077 0
1.857460410412017 0.1936245920733201 0
0.01706015846988681 1.050581992195338 0
0.03396898305855257 1.060619582195596 0
0.03412439728540557 1.07959490171402 0
0.05015100920781733 1.07049514752834 0
0.05019992654187113 1.051365292231183 0
0.06543098382849266 1.061222864408993 0
0.06577237104264085 1.04250929255879 0
0.08259928204018753 1.052288245179948 0
0.08129553874810169 1.034434892999269 0
0.09730467043567687 1.041060066792647 0
0.09596795605817054 1.024439815387672 0
0.04923986977760292 1.030499253576474 0
1.050304544426661 0.01699542696049547 0
1.041387190379293 0.03336369699844116 0
1.060193263901022 0.03373504224325841 0
1.079112917383919 0.03385084118776461 0
1.049665338184841 0.04918090942078793 0
1.029795387245248 0.04884671128281406 0
1.040401261851828 0.06401406024899445 0
0.2364749175063229 1.185586149911216 0
0.248711361542172 1.200556689070997 0
2.155757217344311 0.03939722670923891 0
2.17295332654656 0.053654232835605 0
2.55976905246536 0.8777082880590976 0
0.3795491375103169 2.678737834413497 0
0.3319346678578819 2.646868877746198 0
2.857281176486807 0.3374450567708491 0
1.43161647118628 0.1426922910666 0
1.416742838401773 0.1283260929864099 0
2.878241639188809 0.6695849604471305 0
1.068153487169169 0.05159455315413666 0
0.672601138799223 1.37129967748752 0
0.6809948236924949 1.410505113923693 0
0.8289059082271321 1.309255302482221 0
0.8352074857703071 1.288404489906977 0
0.9851794616186536 0.2473004268930542 0
0.7129609032036784 0.8830713449152755 0
1.323065270104308 0.673676342749555 0
0.3022243939420837 2.789085078720834 0
0.9153491674982841 0.945173608658152 0
0.390602545466193 2.490642088410176 0
0.3777928305579391 2.518606363150755 0
1.330424640178742 0.1945515416173856 0
0.03402098406795393 1.042014384916601 0
0.3313191980167177 1.82219543181942 0
1.886657390018 0.5699627440878871 0
1.657270014313108 0.9120212898979512 0
2.594528844085627 0.5713009744999049 0
0.5520721128604755 1.650999804207979 0
1.296999035648578 0.7023769953856227 0
0.560585408057693 1.627479513213326 0
0.05171146606036465 1.945023805778668 0
0.9130396495577929 0.5188394578215465 0
0.9016199368447857 0.5073481691478456 0
0.9045482915578704 0.4903412725279801 0
1.101741121376125 2.15246359370067 0
1.077898770919115 2.124954350552274 0
2.342462928476532 0.1535532185007621 0
1.866344664218358 1.175805942204074 0
1.895880806959758 1.229759464815944 0
2.308255644255644 0.8072217841279833 0
1.393160503392507 0.4821176760392342 0
0.3893093179027854 2.745081096101022 0
0.3298905810241506 2.240200338402556 0
0.7068228074220726 1.631762807033652 0
1.622499363475283 0.1156843410300526 0
2.43172001209419 0.5627337024722951 0
1.722811890037244 0.09784493891794899 0
1.6431013212752 0.1086566835807673 0
0.04898646609061933 2.505476581657789 0
0.0338400887151846 2.487215231913895 0
0.8642258886594495 2.545433735708724 0
1.756685980983266 1.365366452739536 0
1.734646620920003 1.342512440530668 0
1.944159545179926 0.9355498602848944 0
0.7793659459377908 1.197331166053456 0
1.089977675645275 0.01787599920694573 0
1.099774556367596 0.0375498135522649 0
0.9969164030429987 0.4893219947286138 0
1.014669948781193 0.4834956480011317 0
0.9552209873010409 0.877629668192577 0
0.9415497656071186 0.862954574338656 0
0.4032088260072262 1.877579943200254 0
0.3931650574717882 1.90102456662422 0
0.01750194060306292 1.090084289785712 0
0.03359989902009034 1.099048086484331 0
0.5099863538722818 2.123686288089004 0
0.5818740539800904 1.210370591693525 0
0.04328314170828246 2.464947981076824 0
0.2668826062184416 1.989745139150902 0
0.2508395815763355 1.971420070099288 0
0.4438688479229964 0.9880322281800558 0
2.713126557272646 0.1300177617465948 0
1.110190147155703 0.01827478642332193 0
1.120687006913615 0.03500952530104975 0
1.139057262710794 0.03631310866805818 0
1.1513753132427 0.0208907526979488 0
2.142954470739743 0.4017801307367145 0
1.135734311903442 1.652252197996599 0
1.166080783924673 1.645259920646951 0
2.387452233260023 0.6377219165277246 0
2.579544287290181 0.6477138123232806 0
2.548416130895864 0.6235692302567117 0
2.541481501447811 0.6612585298994176 0
0.8473514651061961 1.177740490522904 0
1.514370847098398 2.135335132939745 0
1.445942272737119 2.114275350944039 0
1.432375726961311 2.155942302512595 0
1.391546196870098 2.168080158183836 0
0.03109033613669952 2.444940911234646 0
0.2375487824575784 2.580544671766263 0
0.2485483085570451 2.552256081862248 0
0.2092495295093493 2.582526593762315 0
1.864276863894558 1.246926666309861 0
1.876858316989061 1.276685630970708 0
2.002556309577769 0.2029194250651161 0
0.5405370241993033 2.043161029042987 0
0.9366583257827639 1.638109402108965 0
0.1220740176881872 2.284495062635982 0
0.1048886947701468 2.263214986538852 0
0.1172902551219317 2.242690752630235 0
2.315336091650766 0.05624404364243191 0
2.318680362660674 0.03533947887257168 0
2.280751797095392 0.02922332428935 0
1.905952684870884 0.5169737051839185 0
0.7822683106718947 1.058582631875452 0
0.1144549206486412 2.455519405393476 0
0.7950332814896572 0.7300654416779874 0
2.01713244175614 0.1570923067113356 0
1.31533847603019 1.109441417218421 0
1.354410697153775 0.1673086314406574 0
1.359622758361165 0.1474640356061805 0
1.374490903321347 0.1628957297442279 0
0.01731972574209176 1.11057047979931 0
0.03600878441752863 1.120039001992435 0
0.03479425447056749 1.141006041644884 0
0.08355356924937787 2.415178932675275 0
2.414335828333974 0.03694227034112547 0
0.2419193868453831 1.219130584284114 0
1.403036548623853 0.9600026690449111 0
0.05934941559603261 1.923776138485414 0
0.03654387034374248 1.926274875207927 0
0.7713537392413483 1.327767954279921 0
0.75233301897338 1.321320755996559 0
1.56875165674133 2.088409674616098 0
0.7824800581671304 0.670861769835886 0
0.7672107956880835 0.6761068064201263 0
0.7879647590731202 0.6555417109656307 0
0.8155212268644454 2.293581839486158 0
0.1847597107865376 1.179409094153977 0
0.9267037220805012 0.5926902097269832 0
0.9429335460099593 0.5883674819030618 0
1.827075753867583 2.029589231064961 0
0.4100028022133496 2.554136444859648 0
2.539510116264566 0.1745763292283603 0
0.1699160290515188 1.498755332563587 0
0.5444641683923497 1.002113977326692 0
0.1832969645082189 1.229959078329688 0
1.845802436937236 0.5406045495751017 0
0.6032809883695776 1.955969919205348 0
0.5758174599011745 1.959099645551474 0
2.074847434254603 0.07102536898745476 0
2.05566677512159 0.05811631517227811 0
0.9557604347980009 0.601258998416544 0
2.254560429154675 0.07683985689698603 0
2.233327097330847 0.04731801293063152 0
2.213517967535073 0.05728437189447304 0
2.192513005708614 0.04214336330752822 0
2.215948690642787 0.03474539519009201 0
2.234174158366342 0.02569440396343522 0
2.181989994544885 0.02617102358541019 0
0.6419417601485418 2.481231576475607 0
1.64836607851409 0.9417442659677526 0
1.628211709671326 0.9202943708865725 0
1.599222634119597 0.9282911509409253 0
1.591214367095443 0.9572392361467462 0
1.571513956898336 0.9345123466552288 0
1.565538522817606 0.9603019118058074 0
1.547212531923771 0.9385692691558837 0
1.608904941949034 0.8988989645227716 0
1.554609454340428 0.9129268445994838 0
1.454047253898366 0.8473558731619003 0
1.437605100180677 0.8095601784855514 0
2.304517359810148 0.9438926460479578 0
0.2695923662728137 2.49564737257468 0
0.2799792375308838 2.46805647983667 0
0.2515976572405346 2.473632667086262 0
0.2639830416800092 2.446158049084287 0
2.354863728353703 0.03827391613988009 0
2.377385770592314 0.03392353469976126 0
2.39385441740154 0.04775113411014563 0
1.611440966270066 0.7951547942153288 0
1.645256677893787 0.7652526836041814 0
1.633672819745754 0.7404746684728478 0
0.6492198929095218 1.974311158834822 0
0.2916319228442843 1.704361386750804 0
1.378037831844382 2.204404327537292 0
1.337188474473427 2.213763641082136 0
1.421827820961929 0.8815581634700622 0
1.415425351529833 0.90801803141389 0
1.910203450553563 0.2402839479950372 0
0.7845841119941338 1.618141245802252 0
2.461314505403968 0.1096908066166371 0
2.674798393078299 1.243710614684961 0
1.074260832635925 1.686057982485713 0
0.01749880598852566 1.150939878019155 0
0.7535529631312032 2.36795945505617 0
2.164181190451675 0.198555409036155 0
0.3315013344372445 2.328930408917079 0
0.2996202675559296 2.334574134743513 0
0.3132669714885623 2.305279097374927 0
2.279418731912475 0.4649296236030916 0
2.285834883573924 0.4346964587858523 0
0.04668050964647986 2.313624066794511 0
0.150110217253235 2.112777697601596 0
0.1357485405298245 2.094562803325452 0
0.1449113463525745 2.072629047113141 0
0.1190742652398393 2.074837387561797 0
0.126789939251135 2.116716481809131 0
2.0480827972482 2.065645005269827 0
2.037171845604432 2.109563802692148 0
1.99133191175283 2.121482390433377 0
2.087430788003426 2.052205542079954 0
1.262637030222829 0.7412352027381934 0
0.5176653624542442 2.385283712654958 0
2.26988733713663 1.575077599946197 0
2.574622093746108 0.8309830822572285 0
2.583071718986392 0.79150920609801 0
1.189844651781139 1.29485564666487 0
0.3518964251206724 2.274712857738056 0
0.3594183261434414 1.927791989836379 0
0.5984866554257416 0.988356119931135 0
2.486209214560592 0.2243692709804233 0
2.465668734966684 0.2052454391676466 0
1.935249710620495 0.08245306799505375 0
1.938519885822722 0.06118986282878489 0
1.922388236293129 0.04876239617971715 0
1.941912597876809 0.04047868167339849 0
1.958295049868658 0.05368700287778167 0
1.961006780856447 0.03262010016248318 0
1.977999883071986 0.04535808096603333 0
1.998215490341183 0.03285864911046295 0
1.996871620021076 0.05536802220516528 0
2.015559646857585 0.04289337700869714 0
2.034328742796946 0.03435998644820897 0
2.034458191236488 0.05334837922719099 0
1.976031767264637 0.06631116315209781 0
2.017769430910509 0.06910588885910827 0
1.814331566002108 0.6758540080712668 0
1.609390410175277 1.629044593311863 0
0.3697287519512412 2.218238925049415 0
0.02927896708015185 2.545441641603177 0
1.07419462041427 0.3442034367390153 0
1.092195212222459 0.3401413501999924 0
1.095883250713641 0.3216122220691815 0
1.109775188274229 0.3348323491933041 0
1.114046189848983 0.3167797507259566 0
1.127360762901869 0.3293057817467129 0
1.131825719024996 0.3115010565126449 0
1.14522126820373 0.3240859273885792 0
1.149516416173872 0.3062043281388394 0
1.136136262283866 0.2933668755191992 0
1.153870879141578 0.2880201263804774 0
1.140430136504693 0.2751799991862672 0
1.158435620515373 0.2697946823636131 0
1.144750702079661 0.2569550409531374 0
1.126873565902748 0.2624459822352371 0
1.131130147076336 0.2442599187525197 0
1.099990032005901 0.3034482724575893 0
1.123590288246613 0.346452866573724 0
1.163594710951921 0.3184848250469671 0
1.14878033874684 0.2389609542935995 0
1.171714875178855 0.2817108698043262 0
1.176183146056447 0.2645314370025649 0
1.159433615430335 0.3362933586776562 0
1.135119955417924 0.2262745635367325 0
1.116865295794264 0.232187512737474 0
1.119587702867695 0.2146239249723675 0
1.190561838377117 0.2773981816053549 0
1.193876623113707 0.2607216353488865 0
2.440552353124661 0.2138486847494158 0
0.08626278877502708 1.958587620414743 0
0.9213038173380397 0.4859625529216507 0
2.274037376180746 1.535935092929165 0
2.352764522432451 1.534900459496274 0
2.384705120783879 1.500834055440388 0
1.874920043978221 0.2092697064890578 0
1.896574601712474 0.2013651813200576 0
1.582512322938446 1.598357719302529 0
2.437426052065864 0.5282062748974512 0
0.9473303750041279 0.8419010068915634 0
1.172066329551343 2.350125907122035 0
1.147022526083853 2.317764670140318 0
1.187071178919185 2.310815468022541 0
0.2416911641528464 2.501840613209861 0
2.34786417510184 0.3857751956277927 0
2.353228519159712 0.3561862726026112 0
0.0485801449760149 2.206531334718506 0
0.05608991708156742 2.186011554125459 0
0.04460682224310426 2.168570068250891 0
0.05216839273298674 2.147900671515695 0
0.07342330129372723 2.14456327727724 0
0.03651178149526298 2.129987869640851 0
0.04722319822435797 2.109501710149269 0
0.03449141128861817 2.189228210011679 0
1.254053596971904 2.22717902370301 0
1.666757144032995 1.549715582046028 0
2.229005306601266 0.1721702478877764 0
2.213208707707643 0.1572371444174616 0
2.235781422783885 0.1491917716288322 0
2.28011516603432 1.097314754156999 0
0.09983684436726567 1.975877158359969 0
2.613862357557689 0.4945709657366611 0
1.048735234469308 0.2206551799397554 0
1.037742235905958 0.2056064223125589 0
1.725082752991868 1.470287215563552 0
1.266758025397467 1.198812364983954 0
0.9718821322563762 1.191655740655581 0
1.249729339880468 2.12383508578045 0
1.227361348456703 2.094315520263504 0
0.7609083867305181 1.371875240403092 0
0.9967872604164048 1.185179542602955 0
1.706505091037451 0.9278644181922013 0
1.016323202476453 0.1659667470016961 0
0.9638311611752455 1.051443371985114 0
0.948736781801519 1.034417430386235 0
0.7458548176324338 2.12640956017002 0
0.7168670052886594 2.138786357613474 0
0.7494370599582719 2.091964336093821 0
0.7398825776611899 2.059475292768596 0
2.159739614373837 0.32380231280812 0
0.5916402190028823 1.984067025724315 0
0.5767759324997463 1.581124653220627 0
0.6020629188292421 2.168538128363642 0
0.6574594939481316 2.352512872195599 0
0.6759872418483981 2.320607390562304 0
0.6844513617020088 2.287298857716738 0
1.055195763385778 0.3715481007151097 0
0.9548478066700621 0.4591820660648581 0
1.191988177049154 0.9538592548494558 0
1.175056120219121 0.9361847364244184 0
1.152390465400272 0.942385560586036 0
1.116070501056726 0.9285758813361167 0
1.18125397704034 0.7434932105619205 0
0.4616327427242967 1.847508790115991 0
0.1564581130667049 1.025332017026608 0
0.1467815189546606 1.013909734834178 0
0.1728888120203089 1.023231834664615 0
2.405832770912407 0.8099670900210911 0
0.7603082644305618 0.7395186273695706 0
1.955167921294842 1.24627758006752 0
0.7272762184578585 0.750955529825213 0
0.7172951890518343 0.7406542469149154 0
1.00145363840471 0.845972761258973 0
2.469841719315225 0.3108594791538393 0
1.93494606273903 1.318752609867088 0
2.484815249581348 0.9096068962690412 0
0.175624932927974 1.944029804155038 0
0.1601692360634787 1.927577425726469 0
0.1524948088885589 1.948167156367433 0
2.253537897099781 0.3402490714925268 0
0.6073883498049927 1.882776281197052 0
0.4105684364549251 2.113846703068638 0
0.3827296448286606 2.118791926275595 0
2.16063417598592 1.681591499758944 0
2.117350697808909 1.692713073928844 0
2.104926250611846 1.735780085668547 0
1.755523025102305 1.078378415855481 0
1.732819886785482 1.056354956050895 0
1.700746544414715 1.064378005946224 0
1.763993158679934 1.047956269115165 0
1.795054381844176 1.038603501756456 0
1.769363979953298 1.018371214912563 0
1.800450365207738 1.008240047967258 0
1.825537177351238 1.029330477831588 0
1.834771904532277 0.9999715757362818 0
1.8587981956609 1.02123841549563 0
1.810117297783105 0.9758136122847539 0
1.707146912932286 1.035557354718806 0
1.692838073418629 1.094687797046813 0
1.668957265082916 1.072988074697106 0
1.661295395015796 1.103388040608081 0
2.26670801852269 1.400437892627728 0
0.1169166903143876 2.347089657683191 0
2.03587292594588 0.6049752825402056 0
0.4205785675683412 2.676017842578554 0
0.456797722326009 2.670922417939101 0
1.951683823780021 0.527130168509613 0
1.061360275693154 2.442029738165787 0
1.037858540920005 2.413987463989548 0
1.12312764500793 0.1803723208145028 0
0.8554468627764089 0.8640997554928846 0
1.388211697562828 0.1783072286861018 0
1.394086462446966 0.1563478286434191 0
1.137883764552052 0.1927096331931974 0
2.112135777073012 0.2133265469887946 0
0.4770437118626062 0.9343021122985009 0
0.4661048709832765 0.9232967453950669 0
0.4824311582744636 0.9191933691691162 0
0.4983068752002091 0.9147181937638984 0
0.5101766407976436 0.9271482695235185 0
0.515744495659869 0.9109360509520723 0
0.5026065136216024 0.8969635242771071 0
0.5209966727894146 0.8951654992064528 0
0.4853542103664919 0.9041735406190441 0
0.5324117197561881 0.9074439578911512 0
0.5379453194794812 0.8916213518218863 0
0.5549665904239586 0.8882281309102058 0
0.5258908367138367 0.881209587835603 0
0.5432367770614811 0.8739308599678596 0
0.5605463216367451 0.8730550181671258 0
1.989268393029192 0.7800558043339049 0
2.139586115765783 0.02267993587441012 0
0.943024104246953 1.374663406177058 0
0.9244946873455022 1.356305157456021 0
0.3904937435380177 2.165699663082656 0
1.218670014355887 0.1394342463484107 0
0.560676159314434 2.591401906957472 0
2.912707157185308 0.5369825403744118 0
0.5365518330133027 2.911922252086634 0
0.4299032335632283 2.06155457384446 0
0.4138057961577118 2.038365990638288 0
0.3223363858495072 0.9840426433755389 0
0.3278217185147543 0.9674484386965811 0
0.3438876352186308 0.9646379025311351 0
0.5533970214450319 2.294271976827928 0
0.2428996012058233 1.994188625558615 0
1.778580886585798 1.298291876702282 0
1.961937093983139 0.4210250375381223 0
1.952123638006155 0.2467359321461366 0
1.976253629945414 0.2388023907083459 0
1.181704932900743 0.9118289688037335 0
0.3999195547348996 1.075673033939284 0
1.955940778128844 1.970634841396855 0
1.82039517934733 0.2720276089964683 0
2.253337538740023 0.1639978277593623 0
2.713497865089641 0.04048109541884709 0
1.111214840555212 0.8688368049395234 0
1.09553556626279 0.8532001156779456 0
1.100993888058894 0.83205569975993 0
1.079547154438327 0.8401846748500315 0
1.81653012129947 0.5499757970204996 0
1.81250644287424 0.5779192634398456 0
0.21774606806163 2.165334495969117 0
1.326555323159335 0.8890817114529646 0
1.30362367332185 0.896606487517893 0
1.297634554697593 0.9202977300256904 0
1.280216376602468 0.9019123468267511 0
1.311107940258544 0.8729167751992639 0
0.7245371501343025 2.189210353076212 0
0.714768848781608 2.221966952431611 0
0.6804660150517361 2.228649365970419 0
0.03920978258924929 2.565317356711475 0
0.02878565162349658 2.584815025189356 0
0.1411989390535314 2.239821929141512 0
0.1508315892505159 2.217472872041634 0
0.136738722906762 2.197467885021453 0
0.1457887211629553 2.175909584463466 0
1.909656844304002 0.4386007954024827 0
1.836914335549923 1.626232092517639 0
0.4490603759342426 2.009157482660986 0
2.017242621564542 0.8872766385323345 0
1.188865019327689 2.103809867011137 0
1.195645323598748 2.069499016553149 0
0.8479962594860521 0.6514305792302817 0
0.8358372628998142 0.6394690882308913 0
0.840105381176625 0.6229366551244448 0
0.8240045023353357 0.6275951906095334 0
0.8270406104167523 0.6093277786245406 0
0.8113932590467798 0.6163987588144814 0
0.8196978893018358 0.6439632701097651 0
0.8313097822929532 0.6563663828722983 0
0.8036633361178132 0.6506742442246898 0
0.8048869893813111 0.939571712757916 0
0.7834010617674665 0.9450594740339264 0
0.7681511262535659 0.9324405417181832 0
0.7896231975219994 0.925516150570886 0
0.9791020514158197 0.3567486079074973 0
0.16195882941493 1.338424450533365 0
0.9532268505923798 1.823302656741907 0
2.695331605521134 0.4328245764144703 0
0.9254852521903887 0.5303857846091216 0
0.1369720300561991 1.578727434104989 0
2.175157062794588 1.05163752209452 0
2.148990914900703 1.027248692547675 0
2.112959708492943 1.037503837945075 0
2.087100991559214 1.010663015291572 0
2.344575979884542 1.264431738867905 0
2.317699059991666 1.234998302296717 0
2.307196015212623 1.275948377396359 0
2.334279630312591 1.305799095429665 0
1.020761186699775 0.7667456756859522 0
0.7401963787631172 1.673282813442772 0
2.007143545502718 0.6145574815696135 0
0.907603674598036 0.6655895676686584 0
0.2048458120490971 1.817988179514514 0
0.1909227344288671 1.800131457783638 0
0.1693988722626464 1.802236101118679 0
0.1770486546937451 1.78206191975283 0
2.087874335060147 0.3766109413922569 0
2.067996670239978 0.3583975431736114 0
0.8562168859110491 0.6181016903310061 0
0.7931429253534303 0.8958354737626755 0
1.166082887094788 0.813123985925798 0
1.191177874557722 0.3559917618535018 0
1.172038187267758 0.3631865224307865 0
0.8388998040733844 2.227141134665047 0
0.8027428490267081 1.636856670342711 0
1.142069257764983 1.541171356017872 0
1.122705401719018 1.518133492007861 0
1.151780884091555 1.511871582025276 0
0.8611093854817751 0.8451306167493404 0
0.863824330545651 2.161269897462177 0
1.456087911377773 0.7521184145558475 0
1.101289129748522 1.419800618684957 0
2.139720441036669 0.7617485786952357 0
2.130762715630885 0.794736672372956 0
2.106176164501474 0.772809275044213 0
0.9891048654865147 0.5253996018729651 0
0.9761648550426654 0.5129776056263046 0
0.9849983593112792 0.5432158242152088 0
0.6212507672972533 0.8729183296643432 0
0.6097128453785914 0.8604692851181881 0
0.5930057301354315 0.8642880926167991 0
0.5980520086412475 0.8483013029807231 0
0.5816406942921694 0.8520032045039816 0
0.587664521511472 0.8369101758727691 0
0.5660585955278881 0.8568631305686801 0
0.5879613260559844 0.8805954859223274 0
0.3829799142080104 0.985624641681544 0
0.3580427764064337 0.9743424971759543 0
1.780781074491086 0.4806149278748162 0
0.467844907499034 1.95918742768828 0
1.464218888579972 0.7013706655554924 0
1.774891319494457 0.2878420994621297 0
1.757667012674049 0.2683600365252974 0
1.734454365871005 0.279709542575252 0
1.739064354962863 0.25679178744036 0
0.5500779793667397 1.14504755221341 0
1.731349214775126 0.4975288834050505 0
0.4403575974696919 1.354994631286904 0
1.786359705949224 0.6858626201717546 0
1.769024930491556 0.6437690108648136 0
1.805725693242183 0.7069029906270344 0
1.969559923203553 1.927872704089629 0
1.743928686339413 2.164527853185098 0
1.698962889634841 2.174833711657953 0
1.686054484802391 2.216380573009682 0
1.642286115218278 2.226056216774753 0
0.4118550113151976 1.08948792757718 0
1.132264932359267 0.6202610534577206 0
1.118614871185571 0.6062208514706318 0
1.135093170930126 0.3759407354797425 0
0.817810704609412 1.336051279168418 0
0.4775240536419593 2.542041189081871 0
0.5139661382557839 2.538413054913985 0
0.5374430290928291 2.563775646825246 0
0.5272651249311582 2.504734464223829 0
1.244213680785549 0.8297200820138749 0
1.249512123981971 0.8065348389885226 0
1.272583001144588 0.799267216128704 0
1.277261027626661 0.7764304950720762 0
1.611561029632471 0.5370515197973063 0
1.735698159857412 0.9202195106702062 0
1.42236057014728 0.6006539005322751 0
0.2332196463579478 2.184711592263864 0
1.958674752419502 1.70269774035321 0
1.970200662910353 1.663036011724719 0
1.515216597516128 0.5694126041626535 0
1.498970079338625 0.5536068267286496 0
1.461137493049221 1.668748140771682 0
1.563322567891363 0.5535278205669403 0
1.166795256384087 0.2184899588367945 0
0.4880128350263767 2.178531571176102 0
1.46851608994511 0.585214866143158 0
1.452851110803842 0.5688594701942087 0
1.103958573528169 0.6666959875195301 0
0.8568595903383738 1.017672563071093 0
1.979239842798455 0.2145736232988856 0
0.9109338304400835 1.250171699199681 0
1.259147720053455 1.226540531576971 0
1.376421135223505 1.066494598085521 0
1.383443520454487 1.039356157349655 0
1.592313991697694 0.4373852107474425 0
1.577274350708747 0.4204504872268123 0
0.5259572789265569 1.315095721221755 0
1.772251895469858 1.205410500344305 0
1.046096982144574 1.722733306411304 0
1.056820977292915 0.4365667809298753 0
1.060557287388175 0.418623694198046 0
1.546359181332089 0.4526711378263688 0
1.528313603977487 0.4367162831093547 0
1.505952341209818 0.4441475678324638 0
0.3125098127996405 1.123005765156375 0
0.3307527358039891 1.119761108940265 0
0.3024542346908529 1.108459321432976 0
0.2846832754264859 1.111344916753158 0
0.3428286301155161 1.133678599586223 0
0.3493518447191651 1.116221817239011 0
0.3387778008870002 1.102240604670167 0
0.3620470652355625 1.130626368839922 0
1.4557498557522 0.4826830696837681 0
1.460804270894147 0.4596340916619567 0
1.282361155232123 0.5837926002826492 0
1.286858052757691 0.5619791293714766 0
1.307899290247393 0.5548307142434075 0
1.266979647796023 0.5692771399834351 0
1.292311884362465 0.540493469462029 0
1.311810518185248 0.5336025089537617 0
1.297528088090217 0.521367922020616 0
1.316165420610526 0.51144632144763 0
1.328224813863549 0.54843702726827 0
1.19863431173614 0.3167694718940725 0
1.182889153190575 0.3065826141577774 0
0.5897213907876924 1.137512737844653 0
0.595902658295581 1.117577642431645 0
1.210148686362186 0.4237479495222945 0
0.2425872403198194 1.054231402208515 0
1.190150190051337 0.7004692453194037 0
0.08861266371492932 1.754136278115799 0
0.07554993431177393 1.73757758490099 0
0.08321149973180636 1.717897492404945 0
0.06253939703669985 1.721171764269069 0
0.06997963082491471 1.701746163602702 0
0.05552068929433763 1.74085201884874 0
0.05000099753865701 1.704825805066955 0
0.05691109498697035 1.685673669015211 0
0.09100010706158765 1.698045981360462 0
0.06178033555587743 2.018572329632303 0
0.04079826007281684 2.021266040977067 0
0.2571640807122147 1.132189257467103 0
1.138843418475209 1.14113210730685 0
1.200687802760245 0.1446405235249014 0
1.032238706774492 0.3964431781153455 0
0.9169906526069621 0.8863396446230571 0
0.09783025877968225 2.543187241213937 0
0.2891312216083427 0.9886150589883437 0
0.2729324793195231 0.9914348334864683 0
0.2963830308755082 0.9721420559696013 0
0.8745879482444584 0.5442421806416301 0
0.8732277991480004 0.5617987062810006 0
0.8872515807754168 0.5742221060917151 0
1.915765254886985 1.462876465745288 0
1.952172041861878 1.455983182621799 0
1.976833819081178 1.514614563214862 0
1.993107815349935 1.583827178910654 0
1.773857895369219 0.04191984414407585 0
1.756733767587241 0.02951867779630596 0
0.892343560280541 1.168582115159277 0
0.9832513649867032 1.654805619085661 0
0.1678543381787957 2.069063574871723 0
0.153569418875709 2.050468074734341 0
0.1771196487289947 2.046659026207482 0
0.1629733873822668 2.027560915636633 0
0.1403826048183723 2.030662612509557 0
0.4317268740185397 1.567070757686785 0
1.8308441051532 0.2242723937907179 0
1.837147215826511 0.09823799736451763 0
0.4037601857210679 2.461521056701592 0
2.054119637255528 0.5184021548089189 0
2.033310288745498 0.4988160435579349 0
2.082371254077507 0.5086351770243327 0
2.104881021835386 0.5274630518975622 0
2.00672723065926 0.5074034742375313 0
0.5757696046886162 2.557111230787424 0
1.372000252829061 0.6384627170702625 0
1.349816250469157 0.6452434935964753 0
1.36338508406155 0.8335392694486832 0
1.370263532656162 0.8089841604355852 0
1.289631509389244 0.2095485335256824 0
1.68292858134666 0.5126169420609989 0
1.658755995939058 0.5210573172415807 0
1.641335602129391 0.5058558241492495 0
2.072824688561664 0.7832464362756044 0
1.704151461445841 0.4218104617556431 0
1.680400837791245 0.4298159260195318 0
1.661944800728242 0.4138238572181499 0
1.684973989488649 0.4055598341776834 0
1.668468790786993 0.3896011884206693 0
1.638706537226391 0.4218199574741231 0
1.622492845183385 0.4052565652575462 0
0.2821840643779098 2.009234557542114 0
0.9021294326922307 1.495504029743499 0
0.4506811773899369 1.523246545410268 0
1.396036978445771 2.380399682148416 0
1.192392748421089 0.01660377947855643 0
0.3523161242618382 2.19407731938858 0
1.670157341989722 0.6509097503721042 0
1.652371651369525 0.6344730718954202 0
1.645203822559864 0.6609592191251422 0
1.960617237810087 0.3347123769629398 0
0.8872851403337352 1.255572237405989 0
0.8802168145081414 1.279624904417694 0
0.8644684756945726 1.260685776383282 0
0.9255704414916022 0.4139392488313297 0
0.9191087864226313 0.4282927948267217 0
0.9399147317328236 0.3855820115797768 0
0.3841781714407217 0.9382986118918921 0
1.667034315155209 0.30345525605955 0
1.649376637464628 0.2883010379670025 0
1.627444936181599 0.2957878574732883 0
1.669972031720885 0.2801822037792638 0
1.65212555006225 0.2653480640785902 0
1.622962329784019 0.3186230039907521 0
1.605493214551539 0.3032355891343539 0
1.583562165169394 0.3107221756016407 0
1.500896703372879 0.4677080873428004 0
0.329967157254921 1.041281705175322 0
0.1901726520257122 1.211586792731197 0
0.5615232955207241 1.500131198986348 0
0.5691424823433158 1.477847700944787 0
0.5381412025331265 1.505494350809525 0
0.5920187726871006 1.472888287036355 0
0.5764863317673545 1.455384472354835 0
0.5540074668963815 1.461173482525414 0
0.6003835043360854 1.449755678727046 0
0.586107184883039 1.431138468861243 0
0.6090803045649238 1.489693300470702 0
0.5945000414192873 1.408490945300468 0
0.5717348917908429 1.412263305589172 0
1.161704621340681 0.5738488688451364 0
1.166254112624248 0.5538813834559714 0
1.185968993048943 0.5470215095041562 0
1.190389449964103 0.5271891562011798 0
1.210173958532189 0.5202013315014317 0
1.214841173906665 0.5004234998911443 0
1.234893688011909 0.4925649878941821 0
1.239125938640141 0.4714322572751278 0
1.258941742255652 0.4646948544147304 0
2.111685221293645 0.4982043177335691 0
0.5565227895764303 1.013825179469012 0
0.8835066877484787 1.128624579951713 0
1.292219296164963 0.3288728799128305 0
1.29623152704167 0.3084164763229271 0
1.316255075983681 0.3012103056694314 0
1.300200100241006 0.2879711901311459 0
1.28073121187832 0.2947489985515281 0
1.262653413640485 0.2871682862693348 0
1.318856510458533 0.2806498168788184 0
1.277019787020512 0.3155400032401344 0
2.221775661113468 0.4856201923040758 0
0.9452826534541261 0.3681787014265295 0
1.202467162059148 0.03517964573357835 0
1.215486530987683 0.04914561691590208 0
1.176440023911637 0.7666685656857675 0
0.1270286004233692 1.059831973093358 0
0.4891163958286652 1.418259469623376 0
0.1915310802570241 1.644217883826649 0
0.5302240948127521 1.527805612240452 0
0.9042477796397833 0.457996583118447 0
0.4574581470337177 0.9032211616881642 0
2.528364686444021 1.00477964249536 0
0.4965619316978594 1.041806941498515 0
1.449828613329944 1.241546531253438 0
0.6957014226147002 1.729336091980679 0
0.6708100830994389 1.734907428681005 0
0.7054251127892375 1.404802141073733 0
0.6978719087692733 1.427784566076579 0
0.6895860848364194 1.451207875383109 0
1.758274472611382 0.1065912891019444 0
1.122590638738455 0.28056557839979 0
1.10881394285229 0.2678795507416727 0
1.104352653121433 0.2857439914813805 0
1.086580501490499 0.2911559804849987 0
1.112766688834637 0.2500769370618314 0
2.173510953204624 0.4500509234710099 0
0.6417529785923399 0.808442890700495 0
0.6578047224955876 0.8046840718429438 0
0.6696102788187203 0.8161316804357389 0
0.6751225247870445 0.8000008264606657 0
0.6619571788935433 0.7881504233749721 0
0.8734863090672469 0.5134109072852777 0
0.9700026481104271 0.2906919662752835 0
1.351291514320995 0.4968757248944554 0
1.333607272876599 0.4807448501087791 0
0.03525633079840231 1.686820356487227 0
0.04546292268190001 1.667271375448606 0
0.06517399032851086 1.666101328955836 0
0.07319034803495381 1.646603959632845 0
1.972578963303169 1.074856688562789 0
1.979566059745353 1.043043008948384 0
1.559040297247587 0.2361055567411486 0
1.542870214739345 0.2214188139166312 0
1.521787336443393 0.2289151977746446 0
1.527715178880412 0.2068580478013787 0
1.564465009616562 0.2140844115639387 0
1.517240015307204 0.2502315425064553 0
1.500949383542744 0.2360361253705911 0
1.480179617558285 0.2428868862121232 0
1.486145666436184 0.2213565202018102 0
1.475538593149313 0.2640986956511393 0
1.459158852561803 0.2493834847944493 0
1.454626369217836 0.2706664778270564 0
1.438094221322599 0.2564112459792141 0
1.418003150790401 0.2636312642031413 0
1.424493500554743 0.2410501235361636 0
1.444055537554094 0.2342829963320211 0
1.413039263337849 0.2849412723890407 0
1.397314470359323 0.2711849348562517 0
1.376945925270423 0.2781190738779479 0
1.3801856960346 0.2569212533413969 0
1.372109599631367 0.2992067487213405 0
1.356654297904411 0.285311724688718 0
2.087658588891641 0.2230422483290856 0
0.5410230201346131 1.218272261663737 0
1.064608196763538 2.159900680237452 0
1.041735920032802 2.131730287248219 0
1.053152659298547 2.097873277942673 0
0.07311618255692648 1.79374627718374 0
0.06043507020038423 1.77750895912483 0
0.06534018832981794 1.81337154198795 0
0.05242144398028129 1.797022700809344 0
0.04404014422418878 1.816277430603746 0
0.03140965960200122 1.798760230680702 0
0.03322963753103562 1.834958372361305 0
0.04054061757549592 1.779340463404453 0
0.03172982285430206 1.76408553264901 0
0.06841357804532743 1.757650810066408 0
1.78069504998268 1.39172336369143 0
1.232282173526378 0.01692625551979682 0
1.242310138789448 0.03471134756084134 0
1.262274200074047 0.03481859148887707 0
1.252690307381063 0.05237703207687079 0
1.272479383074209 0.05234498788319177 0
1.282695306150188 0.03389693911140117 0
1.259868763884809 0.06861575153799332 0
1.241976303511731 0.06919423520190454 0
0.9912960284715152 0.215603373851821 0
0.2844449474095189 1.828248954351299 0
1.823240218164738 0.4478881564279458 0
1.80138088269623 0.4480844075640158 0
0.8282682599395446 0.7214161298203252 0
0.8457341661028661 0.7161166417146188 0
0.8585235855902044 0.728907226631872 0
0.3367436409693734 1.151537712666516 0
0.03128934628074306 2.242624744043438 0
1.204606483476764 0.9059295797728286 0
0.4606620175041015 1.295542741262603 0
1.901627323300093 0.05492459853794081 0
1.261765692081324 0.5909764263758903 0
1.248118453989678 0.5776968145422295 0
1.122173104695814 0.8253550513368177 0
1.104822895991824 0.8126963490756191 0
1.127317585991109 0.8035046851381138 0
1.685258697722184 0.07202443464719088 0
1.243286013224178 0.4502699580405091 0
1.221464158516478 0.4578220808570901 0
0.6074444457280078 0.8097511175281596 0
0.4544225602683684 1.065996038729712 0
1.655791495081423 0.04708474409155257 0
1.675077768182952 0.03934594729290851 0
0.1722574531302958 2.005687116130097 0
0.7386328741504419 0.6937746087441213 0
1.096743464241194 1.966286236266864 0
1.113011265454611 1.937068754584046 0
0.6462014480701594 2.053906881912675 0
0.8480266176626616 0.5543980951654695 0
0.8572431924743356 0.568211869207067 0
0.8326422574127108 0.5816565252064526 0
0.1567352663921384 1.630957861400457 0
2.184495254019562 1.015719182548775 0
2.154500865164469 0.9923577786807319 0
1.236088786584244 1.938509569962394 0
0.4065591167175114 1.23534433356252 0
0.448216803208586 1.334628696435336 0
0.4329946114354072 1.319306019577833 0
2.221516774666785 1.005128707471956 0
0.9295434576108634 0.6424542822386027 0
0.9161543875382214 0.6304318102494768 0
0.9822278499966713 0.6949799629905447 0
0.9638205591080089 0.7005557750382809 0
0.9590566434759584 0.7192754533633564 0
0.9460919768287468 0.7049581340923861 0
0.9420099926920902 0.7226121632057364 0
0.9729034262320647 0.7327463176764479 0
1.165040585523297 1.952760481184585 0
1.309919589333846 1.923418365822329 0
1.322530741806155 1.889273379343632 0
1.35668521200726 1.881703936960357 0
1.336225496952788 1.85361924174375 0
0.9968219998086445 0.1848991675540021 0
0.2152971759061715 0.9897013009916134 0
0.1839487284410159 0.9963966653862821 0
0.7115631198646917 1.319825684638869 0
2.213677412965071 0.7092301267468353 0
1.292134357044851 2.059432219543649 0
1.503372653102634 1.342512004479156 0
1.471717718405412 1.351512373585736 0
1.480205020395433 1.318918194073645 0
1.51243943594662 1.311632183455928 0
2.32622211581379 1.194249836163778 0
2.28301901732136 1.207342857536991 0
1.603833389576963 1.203313669133251 0
1.572637449400264 1.211230289142397 0
1.613147167970336 1.172386412329375 0
1.582279358338526 1.180153947595306 0
1.551237631935037 1.188233808064704 0
0.9018903447914235 1.566497652336894 0
0.8743986540857804 1.573265189818057 0
0.3776926721048687 1.312427634228039 0
2.135207513161924 1.76854143777678 0
0.8761175170187736 0.7238336559499439 0
0.8632927239816456 0.7109785178451348 0
0.8807399381793621 0.7058313966658996 0
1.55218388291556 1.91095615584642 0
1.514827136991349 1.917596616564083 0
1.501373756007669 1.955642868473804 0
1.465168073495578 1.960734203282143 0
1.565427662429623 1.873389928797633 0
2.717958861847267 0.6760549418876877 0
0.3920476359847392 1.273488969252517 0
0.2761328651132269 1.129232326676632 0
0.9117468838886758 0.6481688308892837 0
0.8992097087984732 1.06658880104096 0
0.9649041952356363 1.79412991025897 0
1.502785054100527 1.751787695595522 0
2.10953948847931 1.170472473979847 0
1.874019157132149 0.1049903055580974 0
1.018823110836481 0.4654604489300367 0
1.032056143720034 0.4779466506952915 0
2.354299897636897 0.6483337705473626 0
1.53535353908447 0.3489577221432447 0
1.518639645194449 0.333500722757321 0
1.497616749113389 0.3404975198798944 0
1.539994884732672 0.3259893034265625 0
1.562010767671902 0.3178699329939164 0
1.520163198181351 1.196462228418395 0
1.893061916484862 0.9182820447335619 0
2.179365264355398 0.4211336723154377 0
2.037706908104754 1.189683641736679 0
1.768938071079549 2.08256964875772 0
0.6454187437852925 0.7816912260432046 0
1.227498819597266 1.439878629606665 0
1.235091751892837 1.412554614821806 0
1.492521847329945 0.3636124271802059 0
1.47617512169002 0.3479945373810671 0
1.455207553972244 0.3548186123915518 0
1.449824426201524 0.3781101929964361 0
1.433592064723767 0.3624035453547777 0
1.413049496027002 0.3691432544805439 0
1.40732587701993 0.3925084074581992 0
1.391301113046501 0.3768974318784761 0
1.369523277241621 0.3836921246904092 0
1.364993315356487 0.406899491060586 0
1.349029490564281 0.3946961177767377 0
1.328514541731579 0.4008260964257755 0
1.324120324255646 0.4217616933178842 0
1.308159797312037 0.4097795640277624 0
1.303601485452596 0.4296293210883032 0
0.3412268738656205 1.411658394001971 0
1.315159124631818 1.5577105433006 0
1.283227398749275 1.564851164245319 0
1.272601335879915 1.595382104766387 0
1.239616088416651 1.601606384836659 0
1.229662975390615 1.6322799770891 0
1.206774812511566 1.608429674675526 0
1.250288463729212 1.571192190115514 0
1.25901327630453 1.542501624384329 0
1.197123229938591 1.639265095270419 0
1.860866343529685 0.6892020931530559 0
0.9696124068977747 0.8927340751569772 0
0.04397017652687218 1.723954591451671 0
1.579039876632327 0.3335865846177273 0
1.560744779136531 0.04410422800452866 0
1.05025203705635 2.196779776767495 0
2.355614059438966 0.324614820116872 0
0.9910464130506759 2.526003484312245 0
1.318620643914126 1.731500010958481 0
1.32842323666528 1.699971298859527 0
1.561919717416201 0.1366268426691879 0
1.565363520593271 0.1162118217396423 0
0.07010124645418625 1.848120361311181 0
0.2024119380337558 1.719300775363544 0
0.1810835297951264 1.722089749645967 0
1.411772352910203 1.449369807673694 0
0.8204405826861358 1.731054111443459 0
0.6579443267512517 0.7714314854060059 0
0.4213712382737203 1.648514002916061 0
0.4054318281105779 1.631740543396113 0
0.4113818746892106 1.60952720831428 0
2.098687876186944 0.5565392412918232 0
0.2801076824198234 1.51630701569564 0
0.2664776357466903 1.500352162980565 0
0.2449397870333178 1.503812152128569 0
0.2517981094960345 1.484562381225757 0
1.702715590331479 1.442399124711453 0
1.897086348631317 1.793484631627632 0
0.9191723465286937 0.6103759002578804 0
0.1845082679465626 1.081229722892968 0
0.4954555681143611 1.884513265598398 0
1.082115144599863 1.397605168530538 0
0.1487703030238579 1.651225251905995 0
0.8269754693324234 0.786843104441814 0
0.8241960128433427 1.063099438302459 0
1.7167219056591 0.7628976205981891 0
1.696709916589956 0.7421389830696266 0
0.7313591541450676 2.340013491197309 0
1.717226990123289 0.120946692084351 0
1.210521264885838 0.8825865842259712 0
0.7944896433648073 1.213591497646414 0
0.6870700707171502 0.9208453869610311 0
1.156849994466957 1.008378164844118 0
1.13409633812005 1.015204907733998 0
1.126486935747589 1.038773998182494 0
1.10354791828385 1.04594947522321 0
1.110828004875987 1.019712252267394 0
1.096165248276862 1.069318357858042 0
1.072330782572013 1.076309819938901 0
1.079516396614569 1.04996125933774 0
1.055634828157514 1.060859292870799 0
1.048337616935847 1.08486272930603 0
1.098902627377599 0.1389910120642343 0
1.861098233912075 1.339080093214393 0
0.9371583987703095 0.939752581421161 0
0.0578644678893345 1.516923534098942 0
0.04587293769728223 1.501101049969875 0
0.05243613386155303 1.481769945021647 0
0.03661554188237725 1.520925861976992 0
1.31029965135118 2.396530818021316 0
1.323834026716563 2.356435602919351 0
0.1018589290640266 1.127566126500072 0
1.073260119827314 0.712869672615581 0
1.053331255509108 0.7180917147332772 0
1.04656990591797 0.7389081070119929 0
0.7021445067222176 0.7891990273911197 0
2.224331482768631 0.4522967744571018 0
0.7914725552523182 2.266790412013605 0
0.4773039509224504 0.9820151186264918 0
0.3255914900756086 1.451642043266879 0
0.9440978565899114 1.136229263346277 0
0.7174357895536048 1.937178423173377 0
0.4105681180772421 1.435954402594629 0
0.8098859763788628 0.7906812839718247 0
0.8030943641507176 0.8083223530461225 0
1.521539315740578 0.05554630647959911 0
1.504696157892178 0.04371226213475195 0
1.524026997503523 0.03470886928210761 0
1.485938697653168 0.04968278963202531 0
1.47063805620605 0.0363176291189323 0
1.452185810551097 0.04311852170546063 0
1.454064852515262 0.02098949925791361 0
1.03488930261949 1.131001781335552 0
1.040720917655305 1.107137790784687 0
1.026775020354732 1.092427034072653 0
1.563386040887077 1.242101629621484 0
0.4522499715693134 1.209912251786194 0
1.474246943782996 0.8649641506658408 0
1.927476585384463 0.7951769551953816 0
2.257834167538353 1.616668298719996 0
1.423299561406085 0.9781838089829739 0
1.409248726298707 0.933963387948828 0
1.4619457808347 1.381490685163773 0
1.541733142799971 0.1436406815777984 0
1.52556285285857 0.1299078406283344 0
1.505735928416454 0.1367677522553333 0
1.490086314016957 0.122878136958047 0
1.335704934613618 1.128853126526981 0
0.6640637448790577 1.19403625555963 0
0.5231915500700279 2.597241196021917 0
0.3064227924657665 1.722009732798124 0
0.268717202669589 1.708601439256164 0
0.5117791579581206 2.047392980056655 0
0.4211124234649908 1.765557540677442 0
0.6159164166141363 1.222466192658828 0
0.2301713368536003 2.529675031902933 0
1.09382657907334 0.2554586703830989 0
1.818941616437791 1.061561508652724 0
1.601436955816503 0.2216561531056029 0
0.1035143575274375 1.008504167775891 0
1.237411376019947 0.1331051008610838 0
0.3451202717431265 2.613877014020245 0
0.9652738064328592 1.527815411741686 0
0.6266233055507401 0.8563922164500913 0
1.743938380985679 0.7540928023595881 0
0.1984651589136678 1.879908438136037 0
0.01707555916816254 1.190943189309891 0
0.8058582431809129 0.6337489133333031 0
0.889458459214401 1.108015538109471 0
1.530392387864811 1.165296248691758 0
1.929758430121314 1.218868813043344 0
1.394098162414057 0.06179061514939083 0
1.379125341886549 0.04885486940745792 0
1.436040298387791 0.9252537704038438 0
0.187533166633314 1.550929793104217 0
0.6648621485566077 0.832337252856402 0
0.9768820919285475 1.007731346325595 0
1.294194942698951 1.19125508499951 0
0.1121582866899607 1.694430868593526 0
0.4257499747771835 1.395059751349284 0
2.31362736292211 0.5684539964848807 0
0.7455194705653302 1.355277900117585 0
0.5878917267216204 1.246629996227344 0
1.12555497251197 2.182375399164546 0
0.1764537013661676 1.248484575156846 0
1.993844104980691 0.8638872277709433 0
0.6462627373860943 0.9459732637504495 0
0.6620375684361013 0.8945210401507591 0
1.167504626601346 1.201211549472292 0
0.8654807051329341 1.5993118276113 0
1.287001760349169 1.42686483518607 0
0.01746157488631633 1.515092819734438 0
1.515019386201967 0.01587785600793653 0
1.493499293839281 1.288707505387561 0
0.9595498630747221 1.993174653991277 0
0.9678015010298996 1.962290716563129 0
0.7014260252564271 0.9838785457397317 0
1.561617723440544 1.67347156760694 0
1.167617731380101 0.7890438328456897 0
0.7225772319770749 2.716350240456653 0
0.1996112954578299 1.778665387610381 0
0.164296293615054 1.763144056899329 0
2.517828451552571 1.046760916256876 0
1.272134992224912 0.545257908683547 0
1.314513047356658 0.9383169883088833 0
1.289584855294138 0.9392411248931598 0
1.058633104703048 0.1846104759903096 0
1.065745348542139 1.100642189782707 0
0.8538893208829094 0.7465682094419105 0
1.631025264812973 0.2732327270425891 0
1.519630733746327 0.6621289940799191 0
1.846846899127943 0.3515154006977844 0
2.589292240520102 0.908707891724074 0
1.888564905389474 0.680583857758344 0
1.193597965111253 0.8658696135652271 0
0.01940234845803248 1.272466667450108 0
1.197973717148027 1.447806179007554 0
0.2045452921925174 1.126084801077851 0
0.01702375531008935 1.554473722371857 0
1.555575664166015 0.01628822087507844 0
0.1928440269526959 1.438813395392343 0
0.2005063259240591 1.419439321472161 0
0.5352995841741377 1.13126127145544 0
2.195919720050392 1.554968866118775 0
1.336333349467972 0.2933370110409344 0
1.33964564106563 0.2719058249124833 0
0.5314345725318773 1.784149812883627 0
0.5019169623429741 1.788847006939701 0
0.08259565290800999 1.567045562632647 0
2.156996735706051 0.5363880761261084 0
1.959398881030215 0.6023778409204776 0
1.284715787002004 1.738566607753265 0
1.541789574388615 2.284624200093865 0
1.501166957604691 2.289818655413118 0
0.6329489067178591 1.484683366585596 0
0.6485588858875659 1.503363853850078 0
1.057591191779953 0.9258693376223281 0
1.005844040033764 2.137917532415746 0
0.9824465429011013 2.109649142439582 0
0.8920946656110902 1.387055779891853 0
1.363361041139135 1.019467380400153 0
1.356330719425633 1.045917794422671 0
0.6359522084695894 1.162880554704651 0
0.6443783434990167 1.146427776263124 0
0.1991993006662895 2.3167533121208 0
0.8420529332739338 1.002513256253304 0
1.286529393898024 0.7270897156202721 0
1.292889585605431 0.01716115573600887 0
1.304258717436327 0.03543809358868093 0
1.333329994378187 0.01650400056482737 0
1.353387362623085 0.01589367696519729 0
1.362136392106603 0.03401401742054531 0
1.358970641337346 0.05514021030022424 0
0.9800084125350415 0.4955888034681006 0
1.352635359944828 2.624263846092096 0
2.385347923406615 1.104789566596523 0
1.72961251864817 0.3027971523632759 0
1.411322809961272 0.4974886901968683 0
1.414777252585648 0.4747694928966091 0
2.525457234609042 1.15473079457472 0
0.7954980615110624 1.473301082926096 0
0.8030644416612844 1.449103826149527 0
1.302089290226684 0.07452430966073717 0
0.0664362379112754 1.443662015579272 0
0.05387147547882504 1.427761784854877 0
0.06075125863209061 1.409026582456612 0
0.04054274315676147 1.411863639939158 0
0.04744468836421612 1.445838614357759 0
0.04799731891520979 1.393502027567899 0
0.02822306852995027 1.396062401412062 0
0.06789068136438627 1.3901033410009 0
0.05947858270212939 1.462505950168604 0
0.03688531287628481 1.464180949264965 0
0.07221469482335698 1.478473196571007 0
1.447997731158507 0.06219655211655765 0
0.178387705297143 1.478677644160353 0
1.027901287821096 0.4962306111480313 0
2.405779615003304 0.3640460131079774 0
1.244836749305699 0.1844375893668581 0
1.225359456193465 0.1915658728788879 0
1.679493601286384 1.992751461519753 0
0.6870996700542638 0.8127836051660318 0
1.594966791935587 0.01787882328537584 0
1.783702155579454 1.897141843665549 0
1.838995143063305 1.84330608525039 0
1.256991917356011 0.6128356800227707 0
1.73212528947903 1.943681361204835 0
1.226902851380512 0.8138534327191758 0
2.150131209383001 0.08259787228341986 0
0.5397709284703321 1.273874006217949 0
1.405134689372808 0.5810917846764783 0
0.6224192566724224 0.9189276359325091 0
0.4950781064066802 1.744565666421696 0
1.500810187852429 0.6445159217671474 0
0.8828562921468739 0.9923234412545892 0
0.0169521361520361 1.454754490367083 0
0.01725139122896734 1.47469517494403 0
0.01789442127597182 1.414010463763593 0
0.7263492471229063 1.910350663585184 0
0.5148077251425205 1.038237627911601 0
0.3951115415125749 1.477576064989531 0
0.1043028570599765 1.714419694925943 0
1.009575412558632 0.08833531878159398 0
0.2925895354763209 2.154567223482194 0
1.181910087893826 1.322090782423369 0
1.272619384259004 0.01721458095152205 0
0.6405953835389923 1.526646180797429 0
0.733115982490761 0.8776729624702111 0
0.7374326594020344 0.8609886056716876 0
0.5843806350637728 1.69107519784823 0
0.4768730031371402 1.620061283839306 0
0.6230019364779065 0.9664695495932741 0
1.101644470158534 0.2208664536989507 0
0.5076390049233402 1.656236548766599 0
1.407540983350115 1.839089157615757 0
0.3466242188897586 1.841123997468459 0
0.9999380411074253 1.496657180868664 0
0.1140447513768058 1.046927229033425 0
0.9964494119344668 0.4253166269403208 0
0.5391413496241784 1.694883445463158 0
2.199110907534805 0.2575346810620712 0
2.170530901128325 0.265844209323867 0
1.157016290863384 0.105915758614913 0
1.138418880086844 0.1109194822472965 0
1.030781257409351 0.3234416002285883 0
0.236856049795961 1.323704091877149 0
0.4996032507677297 1.226455333254387 0
0.1891273045141463 1.701815616696027 0
0.7232268844702885 1.652984651728594 0
0.3477724590831655 1.038151671939818 0
1.253950571452292 0.7840715351894981 0
1.10245416591234 0.3705139748110371 0
0.07517692152187375 1.370972821998993 0
1.332127512377427 0.3146872935222463 0
0.9718925182735374 0.5311299554088847 0
0.02024577004349588 1.634459943482964 0
0.2074289277541247 1.061968082661394 0
1.510052790094929 2.4003697075288 0
1.355394523531629 0.0749152195686123 0
1.096509693072842 1.605372374749906 0
0.2235847111181966 1.171802443105745 0
0.261963268521785 0.9793229846598948 0
2.060875035202446 0.4894313147542662 0
1.186384268206066 1.670472403347369 0
1.250497796985703 0.2259910241610695 0
1.932003002698656 0.1039815842216471 0
0.0807336390829661 1.625958365378753 0
0.7070670206119505 1.88835985318005 0
0.7355435703690858 1.881700697574936 0
2.738181992863338 0.5611890340595143 0
0.14939765844914 2.008792913936824 0
1.740704063750656 1.218383205807315 0
0.7575493916096409 1.266833131966932 0
0.1812790526781657 1.515198846713569 0
0.1884409581556867 1.3161124321246 0
1.161931942843779 2.279321006440536 0
0.08074864698042691 1.405677605327782 0
2.053689640744073 0.08011551974358205 0
1.509565683537929 0.1163059513612712 0
0.4222558300749217 1.831680001044395 0
0.2501141423292449 1.285883993535442 0
1.45060946661868 1.070449672667939 0
0.264440739403369 1.248556791888049 0
0.01635433558125726 1.67682765028668 0
1.675747493655538 0.01931062360682571 0
1.85100412272549 1.052928750806164 0
0.2279079245490175 1.256489822445309 0
1.621569154905439 2.041224871829085 0
1.043487582055165 0.4245004735870683 0
0.02473411237215942 1.013421573034155 0
1.013235185070275 0.02467809226207389 0
1.047848818106054 0.9688531179435992 0
1.961181214459963 2.091142544170464 0
1.950971179412603 2.134804819829677 0
0.368904670947842 1.113195530350424 0
0.3464537059782471 1.084897689405852 0
1.779376881254847 0.3738153244395542 0
0.1271281420800803 1.18862578410488 0
1.437675206730594 0.4676125872618077 0
1.145711430984854 1.357949950687348 0
0.1859802115902298 1.607216052766997 0
2.31826232861081 0.1628505300211288 0
1.012530695329918 0.05624412961419173 0
0.08835058595245694 1.009851821637151 0
0.05636000519968409 1.01275526417112 0
0.1354518233519238 1.634771581854223 0
0.8185265715019512 0.873351542826484 0
0.01573230762734769 1.71713599550515 0
1.716703033561917 0.01620584087263707 0
0.9289446233521305 0.8462429116527743 0
2.023319251378586 0.2218954136802508 0
0.1677134537287842 1.704702030090254 0
1.16453818724788 2.720176183395742 0
1.170402476005774 2.674596016968658 0
1.212007026997534 2.655138419350958 0
1.175646027192044 2.629599651705114 0
1.211365642140692 2.609815257490077 0
1.256823532375311 2.633741125579082 0
1.251286837871534 2.682311908067893 0
0.9814633036233138 0.26545612729507 0
1.038471852845595 0.1277834020381057 0
0.595119349030894 1.226577245459322 0
0.566408811441711 0.9459089031810085 0
0.3174479899550299 1.802295833546136 0
1.204241514329562 0.1258981616575286 0
1.182042952123612 0.1481865740593364 0
0.04050081804896598 1.271193050229912 0
0.3955032507287173 1.420498822882644 0
1.299409702874848 0.3815820467404228 0
1.148606572097385 0.05526062122488465 0
1.407877815898482 2.340505932900085 0
0.1108169931459215 1.276922109828762 0
0.3880936762616127 1.062025873313311 0
1.118156915837272 0.2985675875160934 0
1.789188785998211 2.273913929088766 0
1.77652602880775 2.317066051436913 0
1.836103518417619 2.265443276648353 0
2.232343822174429 0.3224839402312059 0
0.2789450598289732 1.211806823710239 0
1.446718108799255 0.1568309206650227 0
0.1944829892505952 2.383622132569555 0
0.183804287026567 2.405844499189238 0
1.124031154421221 0.09887055630485049 0
2.313127293105074 1.04775685412222 0
0.07721647149842446 1.682419817032041 0
1.324796979148557 0.5697990307386539 0
1.324750396534317 0.9813550611441043 0
0.1477945535323639 1.135153042657293 0
2.468821870313877 0.08276774271192192 0
0.9375933633878881 1.309261369411228 0
1.519690847049128 0.9717652146858051 0
1.883716973062818 0.2716376921402283 0
1.598410780520529 1.319873369950592 0
0.1244652740924076 1.48754069956845 0
0.2927629028677889 1.175669239949419 0
1.548207082389935 0.6283972993514551 0
1.476935235934628 0.6510249531509003 0
1.886900720043332 1.946339658369944 0
1.474635532938017 0.1091432279024049 0
0.4498362936406545 0.9711854174923232 0
0.8243157315090037 0.8545841771198024 0
1.210582701124349 0.1756372420359033 0
0.1278435679981105 1.379932817435451 0
2.624268353559444 0.169466013637885 0
0.6650313843416547 0.9910584611725898 0
0.4180062769309884 1.359851940366497 0
0.9065323249405355 1.044405190908119 0
1.273972801204594 1.095172724241324 0
1.213356426840845 1.391864270445311 0
0.1741305228167606 1.407854582962649 0
1.72490077486759 2.093391061157529 0
0.3432893278351219 1.563320019329891 0
0.1266256493749246 1.433663050385271 0
1.197984746187275 0.4082678583163523 0
0.834412484246117 1.421578512088751 0
1.668270149706666 2.144053023097826 0
2.47823982306668 1.18999513203013 0
1.674226997282479 1.748849210719463 0
1.466710498344729 1.556030592584657 0
0.1004532690813964 1.178242360732177 0
0.4030555587451081 1.456724115143643 0
0.4027071356219469 1.400347527631145 0
0.2220069126447705 1.775236058720759 0
1.206731735029828 1.781837565687868 0
0.3556621357060572 1.818445644732835 0
1.441268572134273 1.930350895185948 0
1.490917127027475 1.887510494562851 0
0.6786909078325986 1.267465943536762 0
0.126384946846231 2.787764900297576 0
0.1100755357830736 1.897416367125821 0
1.066804897214681 1.529939655867137 0
0.3807529142301995 1.461010619649436 0
1.011898736068084 0.8058306690048275 0
0.6013944360307775 1.320831453670033 0
2.210260731990674 1.17848403245953 0
0.1126190279632454 1.225600573583504 0
0.398788961566005 1.028690712384185 0
0.1550316234263769 1.35743498962433 0
0.2286988559855492 2.251317252090219 0
2.243242134560022 1.818791864485814 0
2.235150924140061 1.868725414808268 0
0.1349321774426914 1.360948110378535 0
1.857561978108385 0.09095874779974294 0
1.138575262301541 0.3576344754867957 0
0.5261804779594821 2.761486492908933 0
1.951309748737178 0.6333539879200187 0
1.380149688543206 0.3568843868319554 0
0.344374804227941 1.505488840839543 0
0.3061559657031183 1.607702928551801 0
0.9727872664059346 1.502746888886869 0
2.324757510453214 0.3674436454285996 0
1.872160684920868 1.988560628492912 0
1.270396069999698 0.9978701024004815 0
1.276507823281684 0.9734919129186412 0
0.8893149269895764 0.8034895040981471 0
1.459428129894297 2.574735630267543 0
1.418844663284315 2.554148604958348 0
2.574793567238912 1.457586539897259 0
1.252366425694324 2.067966478030158 0
0.1226131089639403 2.177452765550538 0
2.511585392503969 0.6369800579789345 0
0.3090744649941768 2.113969278103914 0
2.952464476037429 0.2146457769346203 0
0.3344422735617291 1.641676819360047 0
0.2374309892044995 1.523853033261073 0
2.170782037058102 0.07455222204484498 0
0.05546587215356066 1.374581332167255 0
0.5802054954381165 1.843336029593018 0
1.162418385038356 0.2517892450372586 0
1.312949080812555 1.315067865134285 0
2.530193159943346 1.536905245073432 0
1.541809547019953 2.522843874603722 0
1.328262326657179 0.1208725096125838 0
0.1488375911585335 1.323109383326752 0
1.290131207891005 0.1336192850329881 0
1.421107894382139 0.3432407256264471 0
1.339642809058379 0.3702616932849354 0
0.155749001889849 1.304310178190247 0
1.462445033300092 0.3294296737987642 0
1.354863821683943 0.6223363999059727 0
1.265068364796781 0.6709744469305217 0
0.1740498035610859 1.534691805009245 0
1.838556189866474 0.01829597238693521 0
1.519586016747959 1.484844281879497 0
0.2420000909136825 1.61726378121735 0
0.9024136736937424 0.5682104636248564 0
2.508434526239482 0.09341655646118892 0
2.091697538718612 0.08487190559592309 0
1.420584711726659 0.1086024234101416 0
1.298911902540022 0.2668680239291832 0
1.973211490162985 0.08832119770309127 0
0.7927385136890055 0.9782316870434515 0
1.727676832025014 1.170828707375195 0
1.504105926129841 0.315460548149853 0
1.160410303722444 0.4198382483284541 0
1.430120563242001 0.6621373958977685 0
2.049697251455539 1.390418798805327 0
0.156840544168462 1.251852500799658 0
1.659350036475326 0.122272631027931 0
1.197232348450163 0.07494457711973501 0
1.912849045095397 0.3518444642461784 0
1.286118245768349 0.1532512504447145 0
2.818953727460428 0.9018958352709548 0
2.783448488106551 0.8697535316919947 0
2.774769966056983 0.9184809135218062 0
1.54603627026039 0.3013605762770222 0
1.741814764768729 0.6529756958605044 0
2.558377709402784 0.2500195862173097 0
0.3292450663678908 1.546346650498184 0
1.963047211511121 0.1541780195423668 0
0.09121656850076668 1.280174851641461 0
0.05435121734861405 1.15060647256267 0
0.1704108734032156 1.215082947436439 0
1.001145186722825 0.471074865418331 0
1.824323024360575 0.1636209728454611 0
0.2358969659359733 1.580496518970594 0
0.01791750938131941 1.87898796475816 0
1.918764200593205 0.01745745457205063 0
1.878787878792759 0.01749546270280652 0
1.494088837176556 0.1026004216606695 0
0.7135198337270525 1.51204027804066 0
1.588323661510696 0.2877726767596591 0
2.265317130305915 0.09392465556758064 0
2.776183029272106 0.2533931623342455 0
0.3670727935852984 1.732621715872033 0
1.529212168580182 0.5230206482623777 0
0.1075243439868399 2.368705020025363 0
1.422954434986706 0.7690821524384446 0
0.6313326720697253 1.951597825574705 0
0.2608406598429686 1.729707049121166 0
1.032819715269127 2.77326393849815 0
1.07791255153871 2.756151614416264 0
1.080076023600816 2.704873313354447 0
1.126876813357119 2.691958474474244 0
2.772835562606599 1.034214197704931 0
2.753713495383072 1.075400622987719 0
2.706864280804226 1.077760443339999 0
0.4602912923628212 1.720853009327203 0
0.3720440816989933 1.597706058139925 0
2.119680199282816 1.133608861885539 0
1.514920696424071 2.251043202724915 0
1.080688089435333 0.4790903283132327 0
1.576597257657599 0.5069109980253994 0
1.495502833427234 0.980847921035503 0
1.703667323127044 0.7145841566145141 0
0.0161782726981448 1.959479091772129 0
0.1338835527247541 1.170623165779848 0
2.141327868430234 1.300916402817265 0
2.478308990344707 1.344294173688248 0
2.18219697894764 0.1315771554467544 0
2.805747081530268 0.9473298437925088 0
2.392098186166248 1.735009169234091 0
1.739895824761901 2.400435198463853 0
1.955695779967594 2.221141616778961 0
1.911479921096327 2.204618280737806 0
1.876127300853958 2.234543786805897 0
1.912099642909809 2.156438509972545 0
1.883527020791214 2.281769899028629 0
2.215228610154529 1.951008380572879 0
0.6918669729426398 2.44133709418632 0
1.378750101963482 0.1413334926145703 0
0.6647339969596904 1.587285977224136 0
2.350327628601535 0.8954327790441515 0
0.5662681080844926 1.364809980834323 0
0.178120441195348 1.627380818777919 0
0.0178130128225984 1.998960652223762 0
2.017175058924228 1.503806305559929 0
1.529563826606783 0.7307668541566035 0
0.4147073215478346 1.532143458622288 0
1.007922379044377 0.5855835707464287 0
1.382988425150137 0.9422537218019728 0
0.8177252799059703 1.40304020941279 0
0.851816441651539 2.583146647688911 0
0.09813410990965768 2.288295048873302 0
0.5768460726949429 0.8685534814688559 0
0.8946953346029256 1.231968533098571 0
1.047058067140718 1.808293890376455 0
0.9690660822897519 1.280182268504682 0
0.656724796551202 1.416101935959857 0
2.340725180920503 1.81102155789575 0
2.292375813881118 1.804110431011792 0
2.282073543654114 1.884238945988744 0
1.185354230170066 1.756544371947657 0
0.4844316394757984 1.5980151057884 0
1.506534959280109 0.9273641552250298 0
0.01697226046507077 2.041282921544911 0
0.7966129873095598 1.03126343694616 0
1.591589804938093 1.149470278538212 0
1.858326891878409 1.14226863770454 0
0.4998148744970288 1.554439582789792 0
0.5893603127893522 1.190031653079014 0
0.8145018218453475 0.7735244175371682 0
2.063309653315219 0.1369470286287251 0
0.1041842810079391 2.478260878213934 0
1.239167926745222 1.206895691235899 0
0.2785409662622687 1.573640027953096 0
0.5988977559813905 1.037959592066725 0
0.688903343156647 0.969628098757939 0
0.5100308990555449 1.152727620814511 0
0.1543782660114046 1.117867946815381 0
1.846869558270781 0.6406762916199917 0
0.5566247028243702 1.062577731137941 0
1.394727409458632 0.8913938154421142 0
0.738004287350675 1.507418365157126 0
0.9944916748755741 0.9438275828686213 0
0.8485121275643558 1.242224806387525 0
1.292238108836439 1.294442772200452 0
0.589401849609809 1.818802872002649 0
0.01713626431533508 2.14121336875989 0
2.100467233717393 0.01845232741233748 0
1.792493286125582 1.156940466154723 0
1.026095585483 0.8963758472893689 0
1.012187090741176 1.383454612394097 0
2.065395249983989 0.8145047020476524 0
0.2338193369099057 2.01750674862944 0
1.928895807597179 1.673737537097286 0
1.69638875713775 1.179370803704872 0
0.07016719067159712 1.336106756918562 0
0.835155256906598 0.7015246709384833 0
1.707486075088723 1.64034752763408 0
0.6675272107705305 1.040619738973659 0
0.6726063366944818 1.022711451383114 0
1.600695850936591 1.764338482647149 0
1.177085524208607 1.426950813047134 0
2.498699652096091 0.8526248004632937 0
1.638769452287336 1.081533430152453 0
1.228261318868913 2.196891175748311 0
2.105606939197974 0.8932293740321994 0
0.766728113470414 1.740180390467899 0
1.08819809250623 1.858887935518202 0
0.6306620468373564 1.356201971571581 0
0.5951255298877209 1.346462469537863 0
0.4962879712829403 1.090108874955375 0
1.197588424542245 1.267692946139538 0
0.8020575199902085 0.7107286375434778 0
1.764988010417591 1.559785973687819 0
0.1194786060714615 1.452799993255276 0
1.688034444236906 0.171391318126285 0
1.24101553663968 0.7474736754741985 0
0.9512206516812047 0.686324261675591 0
0.8686024239434913 0.6924862800255951 0
1.952016814877247 1.5951702712659 0
0.2403102964276439 1.674798247646303 0
0.6054459190956267 0.9223234170268978 0
2.460276495891441 0.7216104285401714 0
1.072535519990045 0.7878216694844609 0
1.955636499362339 0.07470080394406139 0
0.7804177709003182 0.7807787199505318 0
0.2084511774173692 2.188431230557946 0
1.610434279960575 0.1785217267092833 0
1.761051809870188 0.3581342322614692 0
0.3974194293842737 1.76947091209811 0
0.5107361030480095 1.204234630495 0
0.7465269607285357 0.7895783948279129 0
1.653615552553987 1.022918606578748 0
0.9618910519339386 0.5031470759184226 0
0.5496206303978245 0.9491352821282599 0
0.01899336029639735 2.224073271357293 0
0.1280907222636423 1.804355268796215 0
1.950385411559059 1.024208219910678 0
0.3570806372609382 1.998682702876795 0
0.6904519285354977 2.150146435752214 0
2.232228591409895 0.5667675403498958 0
0.4520021513619176 1.262691183406883 0
0.6358250216922354 1.08165148621582 0
0.6165374990493223 1.085107169051126 0
0.6088391439438271 1.102278919332144 0
0.9482216671934003 1.197737040479883 0
2.04241598713025 1.289820421103739 0
0.7215350552606392 1.42303273167728 0
1.242775102667143 0.3755740941173534 0
1.401733179276089 0.1145958000219084 0
2.22572119497667 1.137329292653985 0
1.959740330582787 0.7104072826795829 0
2.265695167297973 1.733715592949352 0
1.734128624156049 1.252651189183344 0
0.4587611260700528 1.191979917629413 0
0.5111974541427299 0.9746118641129099 0
0.3156373877100196 1.257165524793734 0
0.5497655471005729 1.196979266201295 0
0.6668098995872525 1.311147756508236 0
1.968385595532663 0.490134320987114 0
2.846042056714789 0.1918497853492971 0
0.8940828829983903 0.6536509325481137 0
1.655480575489613 0.2431561548581946 0
2.47685811989416 1.61968821626214 0
2.451168624316856 1.65822370417972 0
1.612654350147928 2.473266215107637 0
1.658510249162551 2.449104694815729 0
1.016522762219574 1.730287853382431 0
2.020088114585171 0.4733877228971292 0
0.7499937445609259 0.93885001880181 0
1.294701154408133 2.326980116411694 0
1.062494706357678 0.9041545697100684 0
2.43707754511084 1.201596242257117 0
0.1201661125951028 1.124396916658669 0
0.3358702413907849 1.202308922672619 0
0.9833566752435141 1.902652831431601 0
2.014774087809541 0.5839165311432152 0
1.473225783285707 2.25725862303905 0
1.444515557668084 1.53069503264473 0
1.850821722852158 0.03522092317872405 0
0.8984335986307399 0.7674330319582655 0
0.9370590917492405 1.968885001342574 0
1.123424020630672 2.285149710242868 0
0.7135936349648819 1.446399926673682 0
1.218958045077458 0.06766806458231811 0
1.34842029427823 1.638303878940923 0
1.246359272552807 0.3339736233050115 0
0.01842618322276604 2.283934901738681 0
1.5045803114738 1.056799703156554 0
1.538668546334674 1.421767266014868 0
2.091291423067481 1.780753944803216 0
0.9662768167533109 0.7665497818950785 0
0.6366549755962754 1.274940536543632 0
0.8945457278886121 1.743927962694795 0
1.766260462150485 0.163916642803961 0
0.03584662175873111 2.333183328682809 0
1.639589119256656 1.281197158205258 0
0.9016748241647108 0.6198603303571918 0
1.932500008374259 1.091637333055437 0
1.235373445625494 1.520934297865189 0
0.8748385717626366 1.368627738786672 0
0.7139226322194772 1.221781377085434 0
0.8941888351442433 1.920142525530084 0
2.382536446867367 1.40968672493034 0
1.652629455684535 1.821149078186597 0
0.06682772463385141 1.081455923070571 0
1.186233158435306 1.065830260585014 0
1.170825398064606 2.459491052521165 0
2.158924150736317 2.025774925522377 0
2.143249354227438 1.98050770723059 0
2.355770438646677 0.4958248647118793 0
0.1297681124702903 1.598584402138932 0
1.157694899614869 0.669312562622007 0
2.07216482350093 0.4564766907203354 0
1.72831737282354 0.4139061844694605 0
0.3211006229773873 1.026921092868964 0
1.903740931081006 0.1553813703779746 0
0.6412880554643169 1.012816389620719 0
0.3793328557547427 1.177191772556738 0
0.01653873583974275 2.323260555717367 0
0.2808026645439024 1.786489908555053 0
1.84516676823388 0.1560387884721084 0
1.185965210032562 0.6224461891523441 0
0.6794095655274491 1.893170701719491 0
1.097661208073135 0.762094068755621 0
0.8191378397179288 1.269826387375687 0
0.731206543663208 0.9436721526252168 0
0.8434375955014703 1.985650831802144 0
0.8168761813924956 1.989297025058513 0
0.6646984231292974 1.25067285821493 0
0.9780424710950393 0.6445087727572545 0
1.099249609491165 0.3884782297002226 0
0.823346822016898 2.171187440290254 0
2.107260013959376 1.447647485713279 0
0.8470268283715232 2.106650223681112 0
1.648682912482467 1.720449165909774 0
0.2553049196872403 1.850913710801819 0
1.12786994882339 0.7158914622669333 0
1.062599353954092 1.189564493121716 0
1.529296365418006 0.1095227076256281 0
0.7985408010819752 1.147214693613073 0
2.129243051865404 1.652406035611132 0
0.354055292303062 1.021680815785677 0
0.8758021780265511 0.7903280905310465 0
1.540559192034712 1.84418122354664 0
2.44668406441269 1.314023509270929 0
1.186062314290918 1.842665868969349 0
0.6005173170972045 1.577419900445214 0
1.306640886419403 2.022527854033399 0
0.9616353845217863 0.9917347237158968 0
0.8327330540425765 1.852855791031631 0
0.9690488188707845 1.604720325377794 0
0.01749546270260773 2.363636363639897 0
0.01768356614821239 2.383671349216528 0
2.364625481563307 0.01761914901025596 0
0.2526505977137323 1.912280911937231 0
1.311139391639849 0.6357376989051787 0
1.41516451906261 0.451657465938324 0
1.24925212332466 1.357188950027318 0
1.37463612895082 0.466703025642014 0
1.392874741929646 1.972944262606649 0
0.7780950720783679 1.455158048214694 0
1.612912511911634 2.194105232435353 0
1.982978287403147 0.1461356633621844 0
1.327319282714614 1.25926358143405 0
1.867785145478222 1.435470702957466 0
0.3039424513837587 1.03026362543276 0
0.4114282378732908 1.138534030977922 0
1.602169375696076 0.1228278729472855 0
0.6877609361156344 1.08870552551408 0
1.496707607326588 1.460451676288377 0
1.401851596166262 1.568929000635478 0
0.5847182479427926 1.558769184735183 0
2.006190959287497 1.803875654895701 0
2.022729082971416 1.362750769305972 0
1.26242893110353 1.713359212152143 0
0.4541407860650467 1.114304399847043 0
1.175586116301658 1.615653548727362 0
0.8027835496851883 1.709399605463894 0
0.3267133042213554 1.780256648468566 0
1.085255915749616 0.1275283784637027 0
1.940492195255846 1.895720807176395 0
0.6379244638196057 2.305464326557818 0
0.7161350685800425 2.015802608078321 0
2.114376650843165 1.550123778998327 0
1.030784316721078 1.563631716581759 0
1.87699959390496 0.4085063257067642 0
2.023220614653577 0.1325989283455178 0
2.041636502147306 0.1511747386934003 0
0.9468951916229649 2.640587825932981 0
2.401476825276152 0.129243235589843 0
1.036207524046115 0.6772789567521433 0
2.363801279159947 1.66721752489134 0
0.4386900576304682 2.640041321247864 0
2.214470734453893 0.6595193134399733 0
1.02531563504055 1.244997703674863 0
0.4050668587781847 2.335286909822359 0
0.7522321179141884 0.9893792712726532 0
0.7479556451211233 1.007643791766643 0
0.41709360872491 1.968072485678242 0
2.497944313837572 0.3006990515642231 0
1.050655647321176 1.028537937613772 0
0.7945016545401034 1.809288760319056 0
1.917095056698872 0.3274631026903603 0
2.242695516565096 1.306886616702895 0
1.222100723380871 1.012035923602928 0
1.028839854788924 1.03410566281206 0
1.656579792930749 1.924487691461464 0
1.352279967573997 2.503913937842116 0
1.697504218398303 0.3579627641002606 0
0.9188724981338909 1.448590308299228 0
0.9600906114505645 0.5834317368178247 0
0.991769961250356 0.8117663081297528 0
0.9866341909554339 0.8315203411603453 0
2.085912299089743 1.939622148402673 0
1.105708501039321 0.185680513424373 0
2.122771128025672 0.1351719672647713 0
0.8480070004618546 0.8313604105029798 0
0.8481791497791427 1.800676141782839 0
0.9220187441708807 2.501474097298139 0
1.593309158858591 2.009776416177516 0
0.8468047531422205 1.116382180776501 0
0.6152330601505114 2.36696459196844 0
1.638825876549615 0.1295064947569455 0
0.9120714933885075 2.307923094638767 0
0.01888203069264557 2.42590966021761 0
0.7057595482583141 0.8533009269929561 0
1.8520031294243 0.3269520703112587 0
1.562433513231665 1.0065584907672 0
1.014265823488671 0.3293328218618354 0
1.643529650792711 2.342820327823912 0
0.2584065030294005 1.410603826178347 0
0.9668775627045381 0.8368939451056889 0
0.6441505305865622 1.658330451054695 0
2.18585331509426 1.875607398128032 0
0.8893880460090877 0.4859643961221681 0
1.90648744683314 0.2636000837556023 0
0.89934818148391 1.362713653101497 0
2.642268209186101 1.009478591136202 0
0.5873926663474732 1.303142340828527 0
0.5926269363523224 2.429973867584584 0
2.196600487323194 0.3843053718835017 0
1.040351851905254 0.6593656774778824 0
1.020112129412994 0.2968424516395675 0
0.2310783681285531 1.4878752578839 0
2.481700274483331 0.3928140372314025 0
0.08419030963446558 1.298756455874079 0
1.556960307888113 1.570009075225575 0
1.037743900507071 0.2895560193455903 0
0.7577111253330493 1.766158233072467 0
0.1728654964945788 1.067534138991125 0
2.518916981301274 0.6005040107572732 0
1.062085027508725 0.16751608985067 0
0.07397106772748943 2.391466602170873 0
0.2302045971454006 2.080644181290412 0
2.573240724868196 0.3288273350337373 0
2.553621289561204 0.7642815379945614 0
1.392202924720321 2.074240554768904 0
0.4659557228411167 1.174627308718194 0
1.171348543706916 0.8720966262405027 0
1.033596470687535 0.5443112687616062 0
1.115583768826243 0.5534453491000512 0
1.106149153547122 0.4368762726704075 0
1.020621807613397 0.3726466185791422 0
0.9553519699990491 1.012890972867334 0
2.055990923560111 0.9683757329341343 0
0.3384272950014833 2.045829505283165 0
0.7871194530778834 2.459471912525383 0
2.264360122299558 0.4145610708353373 0
1.814507828538672 0.7843299971242841 0
0.8664654763227537 1.672840469745353 0
0.3870343457900608 2.391959708855532 0
2.485811225286809 0.0177508366945273 0
2.122633654894098 0.2793914335923355 0
1.369350427477269 1.196155102784259 0
2.665137695138387 0.2639405096840043 0
1.410315166242011 1.133150102005363 0
0.666894283854935 0.8778171640621391 0
0.8476030439280764 0.9827864686747937 0
0.7057440340332468 1.535394525216819 0
1.312098297566026 0.4897767892544491 0
1.028094077824726 0.7145934782262602 0
2.05601280960978 0.278789749028237 0
0.2788808712879835 2.074601385724613 0
0.9470355572178661 0.5710887255132813 0
1.456861244720978 1.043197130520169 0
2.718367305248144 0.297168132328882 0
2.742219586579118 0.2695665915652117 0
1.962854709683698 0.8713413642623338 0
0.5805170804818599 1.39056760592088 0
1.69173566329722 0.3823890750543187 0
1.231815757365435 0.791320790525448 0
1.732644445424844 2.325573168530107 0
2.08115964960847 1.671691625743728 0
2.070546725312273 1.711334674853623 0
0.9712939141831061 1.438159829795695 0
0.1513151078324458 2.583138966528521 0
1.256728497637821 0.9581984192519191 0
2.202999990467457 0.1228641693861135 0
1.323016816702273 1.078403396155336 0
1.121334781462389 1.767622045674322 0
1.281177842435225 2.592996333469613 0
2.104146082273046 1.588697903688101 0
0.3656167370446882 2.44923538477879 0
0.1137080078054382 2.19830624022562 0
0.56607550345071 0.9006231290069302 0
1.10076129783886 2.54599704025561 0
1.439664685862399 2.488608140010981 0
2.525452911954198 0.01715740201887121 0
0.5148679170103463 1.572016333745707 0
0.09293142441265745 1.066504380999447 0
0.5067539126936935 2.876564001741201 0
2.78938305087954 0.04139602851002952 0
2.811920222166014 0.03321353930711496 0
2.685221793486686 0.6503350255110264 0
1.941207583259246 1.423232172691883 0
0.1377693001588288 1.931389392643942 0
0.2495856994458964 1.597061755255584 0
1.305180686988875 0.146882916522689 0
2.024666647709002 2.157811220734404 0
2.621820992986136 1.093657636749194 0
0.6166990041035955 2.057158825091377 0
1.590109074984324 0.1854615451136983 0
0.3491687833591176 2.508837672408535 0
0.09675932082105979 1.314231159181204 0
0.8496588441201032 2.384172219642429 0
2.152455882501997 1.262981327234884 0
1.103877895983747 1.496035166394598 0
1.589170118964953 1.351028295570316 0
0.3582814894479118 1.522340782356879 0
1.644249566584351 0.86222365936259 0
2.219084162591981 0.7997928942205356 0
2.109274235195032 0.6342891432004584 0
1.687538018550996 1.210078189992746 0
0.6746987728863081 0.7768158083876382 0
0.1431031357169533 1.1037071763712 0
0.2037321984875282 2.253426220859787 0
1.698631610416787 0.847124640186031 0
0.5203565597113904 2.096463333422034 0
0.1319494153498221 1.46842041585136 0
0.7573639785636251 2.633813111120066 0
1.753086968769097 0.8296435470231489 0
1.217133360825521 1.288004642348626 0
0.2374945531220419 1.468105841719432 0
0.2644941897145724 2.739744774461491 0
0.7098065922388141 2.570640112786178 0
0.327811977126245 2.564322481188803 0
2.3259545375081 0.1154733786987412 0
2.238878169663561 0.239806046061929 0
1.036070180550089 1.838225006863814 0
0.2898409180024918 2.221809569164164 0
2.815436567560985 0.1721948003467262 0
0.2974087747993053 2.651552341969243 0
1.082271291529429 0.06391032800264525 0
1.667471087766604 0.1785561853517262 0
1.295326096193722 1.706701191085858 0
0.3095854364458857 2.622018262561876 0
1.514840045590601 0.7809472611577724 0
2.545859483170498 0.01764734133986956 0
2.078321734358773 1.280872349409321 0
0.09397333305494876 2.349324985833861 0
0.1697580310179809 2.384863894389667 0
1.443518775686073 1.735148436153449 0
1.280901733615771 2.365989286541666 0
2.677299423835269 0.690288439017079 0
2.701982188305306 0.9112353961454686 0
0.3636307053211816 2.042263626348148 0
0.9653884201120703 1.215345272976748 0
2.286518596163952 0.2191250343179462 0
1.459067849607324 0.4376277443825607 0
1.154747601182959 1.676963687109548 0
2.367060511550724 0.09882527947887783 0
0.01730426242939419 1.919191919197016 0
2.731317333822498 0.7872063023867619 0
1.105880101005412 0.3524826665273652 0
0.7858783328407031 1.431324496179444 0
0.3902821643591444 1.729104023735615 0
0.6136363712901968 1.814178623104924 0
0.7636133218050487 0.6921110261045671 0
0.1277147264132604 2.220867169737223 0
0.1745037846413049 2.320120712687492 0
0.8394451757873922 0.920101780773406 0
2.424507347840034 0.0985727802391983 0
2.045383182054233 0.6839568004952469 0
1.783576916831393 0.3501152170488651 0
0.08971413725533857 1.333011655605891 0
2.627415659350996 0.01817920446941139 0
2.646464646466602 0.01749546270261754 0
2.586727940068318 0.01701184875394678 0
0.8490052839919457 2.692956445490791 0
2.398620671859329 0.2021729558594836 0
1.470591800427282 0.1294343026462928 0
1.545465894308578 0.1230840946780363 0
2.354162550540045 0.2207011206146413 0
0.256088912834942 2.352661618159543 0
2.823931539728189 0.7193866563608921 0
0.9560217639241372 0.3944063865044812 0
1.026688928922356 0.2641266235717486 0
1.745531659989766 0.1712300121990514 0
0.3291478590080297 1.220419105007776 0
0.6560070809906735 1.609108747433823 0
0.9332772260635057 1.795177428381843 0
0.9624122552475464 0.3624459661112923 0
1.922019837611069 1.254290223741346 0
1.076786315273652 0.4972448006273621 0
2.708221256921646 0.5335507944217609 0
0.2741220091534311 1.178722295788091 0
0.2964570571384395 1.047224622663596 0
0.2840237854314829 1.667679816967084 0
0.7276075839653778 0.7047788165752198 0
1.132101564972233 1.489891346496387 0
1.324215942226577 0.1403852416409015 0
2.25401814338682 1.171569400394372 0
1.840344479518903 0.6688744156184041 0
0.2799854290025089 1.351574362036554 0
1.003829247403773 0.6034843514864071 0
0.122987356457443 2.742053820160882 0
1.045098057920773 0.2549627700609655 0
1.335717308988134 0.2518929011364792 0
2.167169496226459 0.615482265261745 0
1.163036620972569 0.1524652789721952 0
1.821735282551008 0.0834607155894853 0
0.1079401617199293 1.109996971031221 0
0.6808578308519111 0.7503289751934481 0
1.483355169186821 0.4529600808724428 0
0.30681145425372 1.663096184861129 0
1.829114561504443 0.3345658690917666 0
0.9493640832890073 2.531673641147829 0
2.843473163945217 0.5585633099469087 0
0.4868599856777685 2.836470851494537 0
2.447031653004709 0.1846633083012887 0
0.9916586876527095 0.6574099213689918 0
0.3013485491923776 1.294598027741835 0
1.987781208366417 0.7005707340996922 0
0.8184357713427205 2.771234866658353 0
0.6727335970729507 2.575420027882541 0
0.6111857273137927 1.052129095944831 0
2.344228061129715 0.1296741732416639 0
0.1597746221904561 1.724965591747273 0
0.6681890975612063 2.783314892746475 0
0.6976068827296112 2.814615195609754 0
2.80953343071962 0.3935375171564509 0
0.5123563363117822 1.834068518700362 0
1.73450533946818 1.667954266900479 0
1.390822397706973 1.2162920302992 0
2.290191861142019 0.5466686303085315 0
0.5645990139042625 1.436488660907232 0
0.6193183519097434 1.117225622048679 0
2.529334893028495 1.454709248064834 0
0.1577820815000892 2.515803834195076 0
2.676237617988585 0.1225525004794231 0
1.790046279553999 1.582762911558295 0
2.859984199772474 0.7645154602735851 0
2.725714772364479 0.6377714612666867 0
2.675526602485388 1.041346794675047 0
0.6782172374668463 2.475300534141131 0
1.176689437070192 0.3434911825692993 0
1.636828217362797 0.8913458181337746 0
0.5226274459873537 1.549889835517511 0
2.494804001356141 0.1684412548647307 0
2.451465832926882 0.7586504911776768 0
0.5016549618483226 2.073362266454644 0
0.3807512353679134 2.846130974733495 0
0.06280721865970422 1.354805517627341 0
0.3506738087358401 1.542801141728457 0
0.2339510647854128 2.452066267133872 0
0.01761463525395131 2.081154659981664 0
2.792243990960124 0.4712054946930684 0
0.5686573566208322 1.07651148611211 0
0.246388111703832 2.803193915120707 0
1.032672154331309 0.2320226925026662 0
1.173273590780041 0.6842236998208171 0
2.360099125173056 0.4647595701727155 0
2.136896304152626 0.8839552710537706 0
1.836050604633721 0.2009516289065258 0
0.1123039481461425 2.098880211992176 0
2.518692523717692 0.1591926816629957 0
0.01875584065295909 2.687021881090878 0
2.685838091881534 0.01758063712536176 0
1.466432628417015 0.1500704598365686 0
0.2255999947250707 2.870683858062218 0
0.6356344416370504 2.082094535578864 0
0.4229098441524493 1.15219691745 0
1.629948882572634 1.312583651424183 0
0.5143898438232631 1.086679855832315 0
2.032874389762537 0.2864886238821538 0
0.8658693964580384 0.527873659956942 0
1.638887032649302 1.523194322477596 0
2.260917505885703 0.5563299095789443 0
0.5979875001456143 1.087138194989103 0
1.088401500280277 0.1103122543692639 0
0.1687759838811901 1.319593579111803 0
0.6453172708978274 2.645378444758411 0
0.3684556825720203 1.903810035324088 0
2.03595333265247 1.834736767107026 0
0.5071265482108431 1.593853950878043 0
0.6595143375416039 1.008753985483493 0
0.7188841837533487 0.8656229978118081 0
1.240345364131956 1.029360401366358 0
1.042999709939558 1.263356744887728 0
1.092143778006864 0.7815167262115984 0
1.900066576552025 0.1778104824871195 0
0.09588653354514902 2.238405654354319 0
1.499384572721519 1.088619076901197 0
1.130763223133686 0.4799712574364403 0
0.2672943779667695 1.196877250704787 0
1.800884330021584 0.09161186986019587 0
2.048337172565071 1.152589230839584 0
1.835763750698877 0.8042590251626843 0
0.556404148082199 2.6907710930702 0
0.01788953814173714 2.525469197228429 0
1.467674136864825 1.761138953374564 0
0.7009302513006187 1.103962748216992 0
1.051216884685688 0.5386908641625936 0
0.719395672138715 2.638899578025314 0
2.413478611027603 1.439995629524494 0
0.2708464975798056 1.035942316625579 0
1.743363035455666 0.5636745083623645 0
1.143191640814378 0.7304611692686068 0
0.9941870210812024 2.07677582408017 0
1.010089186653282 0.9593859322135583 0
1.637534749069414 1.756558175914623 0
0.2543184166893978 1.691598846369351 0
1.319845094209148 1.287005999553671 0
1.585231872235445 0.2070839649043258 0
0.4877376733275578 2.765864313490349 0
1.343595715145874 0.1340570859895699 0
2.488620202843881 1.302978426415352 0
1.150767026467225 0.471483274171043 0
2.610065114093041 0.124579924727397 0
0.1401485827923351 2.605710044176023 0
1.429461933059075 1.15322227044001 0
1.568689851217506 0.09601339434851765 0
0.2273772787542465 1.976685793187366 0
0.8624692642146676 0.9975659476204634 0
2.768615335766032 0.01609664169042213 0
2.727272727274254 0.01749546270261693 0
0.466201839012411 1.128407390670112 0
2.34963935881518 1.036471817147066 0
0.4160464070667961 1.025344464434057 0
0.580529100763669 1.324578852828693 0
0.893824258666901 0.785460427127004 0
2.417766239524078 0.4443446491848898 0
1.936653038169741 0.3434731245182679 0
0.5147733156582048 1.51096505480766 0
0.4501389486377637 0.9263792517953235 0
1.043564396594968 2.728010889218452 0
0.8850005975719923 1.69413448420634 0
0.6576723107079658 1.27099954072014 0
0.5688528467757166 1.60438950909501 0
1.985999029562283 0.8950431958722901 0
1.065363266376196 0.5517042057377498 0
2.130397714089509 0.6783878986114047 0
1.298901791438497 1.862317782341194 0
1.529020840008277 1.453304608004484 0
1.123994704792766 0.4309937704797127 0
1.412504525303241 0.1496205717437919 0
0.3415622316417626 1.235567748912702 0
0.7990518495784427 0.6664477025295334 0
0.172856589028287 1.742655701766275 0
1.212283861556675 2.452194238767935 0
0.1181992661797074 2.032375987193831 0
0.4053992033446537 1.747463302519594 0
1.108444296667398 2.326735622899571 0
0.9465570278051214 1.938767180108627 0
1.823850899775652 0.3588688307634889 0
1.328116811429678 0.6515545025650455 0
1.002031720816647 2.597090853499763 0
0.9871354156529361 0.6760050952856497 0
0.6832730918856558 0.9872851030785329 0
1.795841249306311 0.1133717740041613 0
0.195125528003506 1.297324891774538 0
0.7592431511354107 2.035678217348464 0
2.118886116761943 0.1584183767761988 0
0.2615042603459035 1.053632700652303 0
0.7919916339473437 1.949868065149199 0
1.287773608575331 0.4169418341801961 0
0.265699963064975 2.857672806156335 0
2.867875451858639 0.2910671358467354 0
0.03418730446316041 1.891584658553908 0
1.336625193694669 1.025636722351111 0
0.1322562628308888 2.673286846165533 0
2.646760787371802 0.1865538951418858 0
1.434316823753123 1.562140298292527 0
1.142464184447125 1.792260102633761 0
1.363198846036711 0.1277752168945783 0
0.5513400968829821 1.405221579626279 0
1.477783396091897 1.064150673618971 0
1.461012196119196 2.525949048936944 0
1.128074226583547 2.578864075502146 0
0.1593768735448768 2.407366759691976 0
1.36537844954485 0.5552594505879714 0
1.585905633245563 0.1095381158487859 0
1.707285667030842 0.2648523200934201 0
0.5230635988302025 1.488896754073214 0
1.665871425707464 0.7502653030541426 0
0.2708814609534264 1.593524672634395 0
1.206020027436392 1.419726755691597 0
1.618453179265158 0.6025743398854018 0
0.559838435630281 0.9627330282213645 0
1.318081182930345 1.822816235474306 0
1.187870560191883 0.8888170973643127 0
1.417659917520175 1.206652722811706 0
0.7299423614533798 1.530245251490714 0
0.03556146217118845 1.986751646267583 0
0.0386629417508326 2.887793436965166 0
1.663310093353376 0.2000238012005924 0
1.589662895262349 0.879045240728505 0
0.6171532021970201 0.9355832839640643 0
2.394636534565735 1.064887602478448 0
0.7739042303154373 2.494435168401854 0
2.59183167016816 0.753060706338907 0
1.581486923691909 0.03560198512386382 0
2.181332046432844 0.9126743152590513 0
1.840781518432794 0.1784601538960778 0
1.268885128277086 2.191193510846627 0
1.754254322604583 0.2291277971599776 0
0.2184070511226452 2.273432579750402 0
0.1313405236324108 2.053959813472878 0
0.6047806366769105 1.070003272264642 0
2.721748011267471 0.8292928919817003 0
0.8524672152745743 1.873595228880383 0
1.771148932607427 1.654967655970303 0
1.026158824437418 0.9748812554298085 0
0.5463361350251164 1.483301449850021 0
1.932348748197329 0.2317429054312138 0
1.265033287176355 0.08682352378796494 0
1.738575990446857 0.03752482350422576 0
1.501227921684645 0.4227468190745682 0
0.8760389838729634 2.413192944940677 0
0.5718637685214389 0.8845159570342219 0
1.270370780948495 2.027407612301886 0
0.4422209936391409 1.05267043113691 0
0.3731243655708466 2.145348364679188 0
2.323606851896021 1.769138582886947 0
0.4328974058127324 1.988283843211024 0
0.2072158387339276 1.312336445250469 0
2.848484848485677 0.01749546270261693 0
2.274258807114825 0.8155091390275866 0
0.01645844108961238 2.101480083355941 0
1.371350892781279 1.846825024000027 0
1.798913683230809 0.01732884286356718 0
2.511042338603994 0.3819776790926888 0
1.581215899032812 0.9066150718115378 0
2.027878620913579 0.3106850480111603 0
2.868686868687595 0.01749546270261874 0
1.079079073376465 0.9188140863819565 0
0.056725148875415 1.832075655817596 0
2.341137950527151 0.9332730058008112 0
1.265206161422129 1.022020224413447 0
0.5266317257222519 1.100294047295161 0
1.520938168636383 0.4126621256404596 0
1.741280471144262 0.1929256993716848 0
0.7931913179770322 1.734936343881021 0
0.07828211916299482 1.829196652205661 0
1.097892056272388 2.659495425001817 0
2.07921469812023 1.823361183969907 0
0.3149171475217545 2.219066187729274 0
1.744723302775931 0.09113888258143932 0
1.52794613759454 1.880884006947653 0
1.802841396071036 0.257104711149369 0
2.138775141679344 0.2932690658570856 0
1.548537259466932 0.1997252764943932 0
0.3727723191369681 2.01873981954186 0
0.3346427473311021 1.254067221270181 0
0.1841373477880647 2.297698562603148 0
0.4422218619424599 1.963944247164332 0
0.5845839788635664 1.623879484853969 0
0.9056961053401099 2.441996408335117 0
1.551717736118624 0.4302490752749372 0
0.862013402815432 1.133045438712892 0
0.4927139808178378 1.767605608251639 0
0.1097406341300481 1.524843146052249 0
0.3203759213615558 1.1055993689813 0
0.3647299899229886 1.5599471091645 0
1.645791976179153 0.3970318353901408 0
1.927448782587985 1.937801539677392 0
1.078371596680259 0.6214313553007815 0
0.4995294463861234 1.615849905540233 0
0.9223014004662958 2.274967233665013 0
0.239506566250403 1.038792806159499 0
0.8050430444293043 1.564922628615575 0
1.163452865189332 0.7247504064657271 0
2.597407341079977 0.03674770599262812 0
1.59982236114054 0.4129504921507889 0
0.06768084912027178 1.025167781989488 0
1.060955533606576 0.5694891318706347 0
1.475779530260477 0.01723810475642229 0
2.424569454010963 0.01693642914278022 0
0.8425541483968826 0.8498153730417031 0
0.538768503501979 1.970687136588453 0
0.7893218556684005 1.979500182036893 0
0.3287930547340093 1.087557133882598 0
1.154826979295576 1.329201344033409 0
1.512302955618632 0.1926967308748213 0
2.38087248562819 0.7836302273887209 0
1.963586295394172 0.3104978525795689 0
0.03490122658907712 1.160373513939231 0
1.081513634537478 0.3079341294521344 0
0.2464763691677475 0.9828815929982277 0
1.045551503332548 1.355727072027217 0
1.652171968197637 0.372991066752672 0
1.344948130647129 0.6679551379182895 0
0.03680248449651252 1.377601720029747 0
1.781538108085204 0.2636532329878025 0
0.4604447566702768 1.145301823953313 0
1.179936632559127 0.3256216384670325 0
0.5386579052642028 1.445424233801849 0
1.679736979527348 0.2144958452297244 0
1.127308326317985 1.908203307639477 0
2.464231023108614 0.4824523078970251 0
1.564645352235178 0.4014639795995827 0
1.688230226096525 1.953778032363604 0
1.917165800491244 0.1927093841949501 0
0.6791035625911479 0.8907182202820347 0
1.017504613707922 0.6160078091219896 0
1.063078633295782 2.064713881386916 0
1.655788295035624 2.18485533329596 0
1.671950701627486 2.37505377431512 0
0.423373594102114 2.013171470699764 0
1.60827774777544 0.3871533894516647 0
1.492985608473013 1.118464059277282 0
1.50682286655622 0.2141932903895162 0
2.507573504623929 0.5143263230149947 0
0.1105768355282081 2.765485670459508 0
0.8757841999670671 2.726390364763762 0
0.4628285953333843 1.031840015022804 0
0.05480128195561948 1.118551434877432 0
1.090778895031917 0.509698298966847 0
2.38465684958545 0.4849349044861632 0
0.475601735653108 2.421079417923554 0
1.138327578173887 0.4423099602550931 0
0.6848972354154683 0.7883146745198117 0
0.5955183278669181 2.113736646301204 0
0.2942165931961321 1.093108265402298 0
2.34460922336195 0.7959150970072346 0
1.216789563584034 1.578752813335559 0
1.240131418735383 2.484776982234817 0
2.602019023401215 0.3180711440982464 0
2.400074827853826 0.5710048746741527 0
0.8773392942846074 1.150551593156722 0
2.284697714730954 0.7815409211163346 0
1.088184749199819 0.8005017637078293 0
1.360106359140737 0.2659366632932984 0
0.6914378768260824 0.9037548381559241 0
0.8032146830836995 2.234246040335724 0
0.9343260120847141 1.017759550274373 0
1.385439660037298 1.348570263259597 0
0.6718954916312032 2.885958209568882 0
0.6287509399064899 0.9494034416989616 0
0.3791155849624772 1.57724196581233 0
1.386510010282344 1.810945382062163 0
1.056591128041282 1.863264573392663 0
2.692704039652398 0.251533739711318 0
0.5803914804084983 2.721499250877438 0
0.3687245780126112 0.9437589887449722 0
0.7545309925149991 0.920727878510269 0
0.8419036589688733 1.265713004479458 0
1.056688870013555 0.5877233010860314 0
2.113640774821759 0.1773766144430468 0
0.6547147249344535 1.129760614918725 0
1.757933408722387 0.2076978227492037 0
0.9755853734979429 2.563808817067605 0
1.174374637912448 1.786775510758709 0
0.3127148177990725 2.383376598559934 0
0.2020404729221212 2.147078488892092 0
0.1434581299179013 1.764640360192453 0
0.2847555929458137 1.610547041559243 0
2.062688331806171 0.03795578092494592 0
0.168965839902138 2.492346316934952 0
1.94839489527725 2.177760180749721 0
1.976857754908521 0.9266490944302579 0
1.620929115400994 1.343708353311651 0
1.471607277029764 0.2065291907624026 0
2.405452140301355 1.659581183716371 0
2.641570331969989 1.339664720543067 0
0.4823583166896793 2.127335767405317 0
0.4768301662597115 1.027629922638602 0
0.6041350052064006 0.8339561253991811 0
2.52011440329339 1.333921335111668 0
2.66399373399182 1.083983197333122 0
1.305508265910927 1.675443152945516 0
0.8099682823226615 1.425964121630573 0
0.08525178755009102 1.663282016244044 0
2.12435690978138 0.7092865210559032 0
0.4914656714020773 1.156177111984971 0
1.986880122032727 0.3021174318595773 0
0.2751112324263035 1.097235138717392 0
0.8209265040173596 1.535654838423674 0
1.01755968804308 2.1040505051372 0
2.840416760232134 0.8101848141316997 0
1.340812404437957 1.30791233504645 0
2.257050864680072 0.4440796243053771 0
1.073595339776857 0.8613726531023564 0
0.2603670032870408 1.215360502426302 0
1.908387972840237 0.03510089318790084 0
2.263562654837207 0.1177119663544115 0
0.6713891026994112 1.287930047713025 0
0.5528440362072901 2.871190639835997 0
1.046560425231573 0.8901040716961943 0
1.373151443429384 0.2358910893221071 0
1.675785691610975 0.2360582564063858 0
2.258925463074799 1.235077154430832 0
1.456836667838626 1.587452833654192 0
0.29491351275262 2.364471777699387 0
1.465209809103612 0.2283301600304096 0
0.1839286530618366 2.670512546180105 0
1.024427678485517 0.06709140659587015 0
0.3276791698403289 1.272833809663362 0
2.622002172314493 0.7805591693883061 0
1.66321345554517 1.784873938564755 0
0.4515141439740578 1.939517257977124 0
0.6959413568554387 2.605341684194854 0
1.288691535733504 0.06235454085785835 0
0.9071865960033727 0.7986878235625068 0
0.4289588882330977 1.743478888145764 0
0.09912452863196715 2.835665850270465 0
1.061932968006036 0.828096960908008 0
1.421114800677455 1.804539705061982 0
1.317961852270265 0.6970569938100055 0
0.08305365780729794 1.864782691790699 0
0.6137304033156166 2.140296650654508 0
1.102097239543423 0.1217695921028337 0
2.604441489852784 0.1512778305254737 0
0.9088185993681817 0.9664541628070404 0
0.7067149945457579 0.7292600143815329 0
1.035088096858475 0.6104662174529085 0
0.2354781374868244 1.955174904420549 0
0.7843372318620853 1.76130165011129 0
2.700212833109075 0.5724193821093903 0
1.052350894460072 0.8686795686530773 0
1.06370105442201 1.281759385148112 0
0.3849905551818016 1.208965842192929 0
1.552016695798162 1.477553646163735 0
2.562812682424661 0.1408186140003889 0
0.5148742970521525 1.633994650435479 0
1.403325083543724 0.2500284977467381 0
2.750172372489479 0.2315564896298841 0
1.108640723852582 0.5039129699597628 0
0.8878651481769769 0.9721928881117906 0
0.2124516983399288 2.124051268285942 0
1.22534271185077 2.525149287586402 0
1.369193667276347 1.300552186175006 0
1.098392537529178 0.6140282974738656 0
1.120423787635445 0.3642143674291626 0
0.7093800819028573 0.899588286508352 0
2.531827031998562 0.4330860064379221 0
2.037460245233691 0.7121924104442179 0
0.01562072682119428 1.231260083862524 0
1.456126731857654 1.797163535575237 0
0.03314253274011376 1.48634288469613 0
0.4948622997080903 2.44574398687435 0
1.483958693102758 1.148482113504477 0
0.03507486965566603 1.743627958831456 0
1.812622437570598 2.342109220282699 0
0.7980633626220787 2.523851962890939 0
0.9062872791595018 1.338938622004385 0
1.483085317478809 1.615785241045019 0
1.369838272917068 1.489742286624359 0
1.003322623080744 0.1539857011020364 0
0.3588974264301933 2.108480460750641 0
1.053032879417347 0.9472433169089465 0
0.2984838872418838 1.62722477539092 0
1.436153532760005 1.648281677951437 0
0.2648584523580656 1.115606238239947 0
0.9968686812416243 2.745118579625501 0
0.9018245363322261 1.88779587005715 0
0.1419591139870371 1.484656294856148 0
0.9256733154954336 0.7938769413190225 0
1.089034722251289 2.091708411429958 0
1.430008986619116 0.5761215924154159 0
1.242684463938612 1.385090115185115 0
1.335830342836467 2.318512912904084 0
0.01622138787001921 2.181818181822718 0
0.01582282919019067 1.353969182008495 0
1.291521387684055 1.535454895434291 0
0.3931071397428907 1.594394896967424 0
2.264177621585972 0.03804337946132006 0
1.159382331526091 0.9181440188961139 0
0.3204909144047111 1.29182436296654 0
0.3951388654100036 2.093352397227606 0
1.426829514685338 1.680824456853817 0
1.301366012469632 0.9618061021465355 0
0.2767242279476504 1.68784145160579 0
2.833533584890298 0.4584406097870708 0
0.01493430599004881 1.595939494316794 0
2.611979131377307 0.8218045986061757 0
1.801570547742373 0.3660855670896636 0
1.340619202720705 1.493992074904336 0
0.9041260463467917 1.71775240873378 0
0.8603362907982379 2.765502419604581 0
2.551792975176576 1.365524186440583 0
1.58464020667721 1.470375487502058 0
1.167318272409076 0.2991390729596504 0
1.676659476511974 1.043692872972991 0
0.8577345780305863 1.553138022480403 0
0.4612767076580694 1.91481350842504 0
2.886283844838559 0.6242071904231437 0
0.2365496146498558 2.119684352362864 0
0.927558481424501 1.039674148292123 0
0.8821201245821721 2.799363496934793 0
1.478024309013429 1.924430661827444 0
1.048120167807901 1.423927625367773 0
0.657738359663368 1.161488578575224 0
1.23174428692343 0.08327188373371353 0
1.412163807557675 0.2258237160621659 0
1.537716688098893 0.8934055970101324 0
0.2534151436919412 1.23383822789317 0
0.2500246393308926 2.423532457783391 0
1.337928749206144 1.668993276309358 0
0.1369319092711558 1.120610941832787 0
1.076703677594833 1.887225415398101 0
1.094723599164634 1.524572629861 0
1.905446138875153 1.289113606962326 0
0.4521740600710532 1.74080268943797 0
0.1487127489763391 1.803673923231003 0
0.1044613880742763 1.862324481057498 0
0.6778238156410414 1.005103923453306 0
1.736018058975638 0.2363269663029798 0
2.114410939426322 0.7417153332747011 0
0.9407029114404116 0.4133780971090606 0
1.120191532427312 0.1976016470343046 0
1.382163688183749 2.533818090779079 0
1.039667306010317 1.447118199070483 0
0.7677458644950117 2.859111445104451 0
0.2414173207590254 0.9977871875524902 0
0.5643687500043701 2.758874767831709 0
0.5160773240286831 1.135019543479242 0
1.086868443635716 1.300495922611377 0
0.6054233408574932 0.9695645785172131 0
0.2942579769517253 1.80565896575094 0
2.32387967583713 0.01667211195399247 0
0.5728453915616999 2.168392942949449 0
0.1915684176817149 1.903358007112925 0
0.4867258069546297 2.391723564084081 0
1.258924756262276 0.762008159955153 0
2.842268500681083 0.1574112369442601 0
1.68940995247267 1.813351837747277 0
0.5278466732325879 0.86507838628245 0
0.8582502863069154 1.285858451710044 0
1.127473082041279 0.4976123799532011 0
0.9401135302745705 0.807287123702029 0
0.8014370229566075 1.067143927420341 0
1.740202536023574 1.906480882933132 0
0.4049990899310112 2.067381366454558 0
0.8362945306744598 2.516995598076075 0
0.1612988013597413 1.821956464806105 0
0.6971458648944706 1.30511952000871 0
1.21524760080613 2.566838539732084 0
2.362653842666183 0.7227665489212447 0
0.8269191349399601 1.444760919624775 0
0.5804309871648067 1.090390713914106 0
0.4866383355621347 1.90927939283046 0
1.10563502404841 0.5924638666257663 0
0.6824497436428947 2.643134776473652 0
0.5128934215333518 0.873364829469963 0
1.913488671455045 0.216819411387204 0
2.674023171443328 0.1747364956300627 0
0.9343577560237472 0.826648457902275 0
0.158164354744993 2.671352591597204 0
1.438757387113469 0.5517545103276529 0
1.881402438040476 0.8676953978324167 0
0.4996716847533158 2.151684344884885 0
1.71245334449055 2.134025571078784 0
2.081992633140584 0.7526837465002643 0
0.9560802172999692 2.175367267194068 0
0.5589923707857694 2.192104375664911 0
0.2420801432223672 1.10020055822833 0
1.195684545133044 1.81237926444164 0
2.426067116391424 0.5955702391876591 0
0.1699837352665193 2.763269552744648 0
0.03519428296365393 2.676767676769489 0
1.726945591220714 1.805461691616413 0
0.4981043723655104 2.362375466927029 0
1.775372099642748 0.8504119999241248 0
2.413585393258698 0.4748568249390456 0
1.60911947568069 1.495621572665057 0
0.9288800185245643 0.7089987318812181 0
0.5204880859382881 1.277083397453874 0
2.128063299935395 2.061561525026468 0
0.03426864828910179 1.650451473493019 0
0.2939630329098913 1.313285338662547 0
0.0347411522752477 1.429985044131459 0
0.9313291538991169 1.332866643014714 0
1.36499286958275 2.349475756802335 0
0.117674518871874 1.878918625068437 0
0.5829496626719096 2.232913628570461 0
1.219458491112454 0.479973114629956 0
1.348602217230768 1.383963398886948 0
1.2651047732826 1.124531871776655 0
1.129235388303927 0.5667128776174644 0
1.797967023003008 0.8713479404547029 0
1.392558771034494 1.321079426076015 0
0.8002322421597761 0.8777195971801879 0
0.01649677758017213 1.332501694348295 0
0.2462593142331433 1.252477090023071 0
1.6917426045959 0.5781333427666724 0
0.4831737583295388 2.475717889882469 0
0.5540312354300263 0.8474043220262596 0
2.931758004695408 0.09073587814570652 0
0.03390783369422583 2.394376758215274 0
0.9228154322506619 1.912363658317902 0
1.476326939384975 0.5605704770735881 0
2.38411689184944 0.01601601085857579 0
1.199691803776718 0.488785680259299 0
1.133581088392728 2.051603469456678 0
1.377583876124978 1.376145611277316 0
1.147568245224627 0.5606133789124027 0
0.4461446947010675 1.828718175463798 0
0.9876193142642107 2.635141514225235 0
0.8026045578208901 1.783522206844453 0
1.05274377671432 0.6044542328031859 0
1.207928798950718 0.2771038413019675 0
0.4780633221046885 1.865390269225474 0
1.264777620592651 1.513422740129365 0
0.03367946408349842 1.180415309517706 0
0.2257513500825071 1.104283488807296 0
0.5413919483108609 2.324972016278192 0
2.040404040409376 0.01553456016453052 0
0.6958069383246368 1.800018352419174 0
0.2629691168043006 1.829590029882849 0
0.9549349185586635 0.3363835345594338 0
0.7724893004971563 0.9838766224559101 0
1.2648968835662 1.405905570016751 0
1.546042669609312 0.7560865140668708 0
0.9206075019388416 0.4579478322921875 0
0.1950585518385683 2.488650027627185 0
0.6675130545401435 1.17635083766909 0
2.067500292069754 1.317859155428777 0
1.081808157782809 1.208455596083243 0
0.3888428936492888 2.041075616889266 0
0.9241181743476385 0.7263395043617334 0
0.509965813460966 2.332699588072598 0
1.878295847344809 2.129847777767937 0
0.844208526821715 1.463618166209444 0
0.1736212746492114 2.427428288555822 0
2.428163888259876 1.513063960943701 0
1.33856458247386 0.7772540236401327 0
2.932768637598497 0.05515512665144874 0
1.407707298205057 0.1709489132111323 0
0.3062586825254466 1.329574981043866 0
2.117405162339228 0.03545491146631151 0
0.1564428173698944 1.783335449431771 0
0.2587998639239262 1.950430017113271 0
0.9444292270302533 2.211362064372971 0
1.210675325743519 0.4421229751990042 0
0.01392141839370007 2.484965898410856 0
0.4397733484678144 1.299990507344974 0
0.5376061829803478 2.24839950637056 0
1.152460918996269 0.541218816561603 0
1.175960304643316 0.5152189393294027 0
0.9692190030238228 0.4039585043784275 0
2.110610693574394 2.013720519449409 0
0.757367440976681 1.038814300972196 0
1.784160791119214 1.727188674751468 0
0.016890877982804 2.848484848485677 0
0.8509773533139737 1.309880832088896 0
0.1672941050341236 2.604773235988525 0
0.0326921471546876 1.950872474783282 0
0.2044346733410913 1.17569691973197 0
0.5303797564619761 2.27553332229987 0
2.531275104320211 0.464857643124739 0
2.538616123607646 0.4007158637827982 0
1.663496612998448 0.7827898165823286 0
0.03288539506874397 1.026221468556686 0
0.86848839744493 1.459517386976494 0
2.674829206095998 0.03483531638854785 0
0.2992297394723533 1.348928223261283 0
1.427074253563297 0.8571722873144756 0
1.815094115232533 0.2079324357629211 0
1.714200545274449 1.007129858473335 0
2.241240374835567 0.1275154219806265 0
0.6567781290567304 2.24767139768461 0
1.362042504307325 1.694924332595122 0
2.596475092915977 0.3475464891154602 0
0.2255610633866697 1.000526774162573 0
0.04898281032345628 1.089155588033221 0
2.87712300728704 0.4457214621580988 0
1.429252568873664 1.966768643404605 0
2.556088803731449 0.5870744171885264 0
1.195185225206062 0.5080297150888102 0
1.431289612177099 0.219530733432697 0
0.04861910793758554 1.760510957154149 0
1.171311184430452 0.5344610136548162 0
2.735346506033142 0.03652020589933241 0
1.483592461462964 0.5370226839582342 0
0.2158321132470147 1.381225455601444 0
1.759560807461831 1.833813202510142 0
0.2392272125106566 1.271224058602332 0
1.637157346034086 0.01358575488639465 0
1.058472535902189 1.559132687726444 0
2.058445079856209 0.7330590035305539 0
0.4878649895956795 1.272941519494958 0
2.283947727161705 0.5777207131339287 0
0.3071997744299937 1.891267151372526 0
0.7761348339553664 0.8986954780839997 0
0.4669241019187012 1.277165790903426 0
1.124141479348918 0.5862550257251635 0
2.108000644654946 0.3277405276645523 0
0.1313484499111882 1.895850619697433 0
0.2087530302534168 2.294683927040531 0
1.521391182795296 0.5472444211825483 0
0.9650034775617199 2.241360638243627 0
1.67223210764045 0.2574515487518367 0
0.7153759434993276 0.7962526246887082 0
1.348937241714194 0.1876747871488282 0
1.386461639164855 1.720577938984962 0
0.2269424566182838 2.4800585601635 0
2.218918844154938 0.0159028699756225 0
1.54570854028799 0.5385863019698078 0
1.160334141759664 2.077440598014995 0
0.01549627983671463 2.626262626264706 0
2.640050090190273 0.3892108429853939 0
1.119736632790099 0.1160835250763147 0
0.9856263897323871 0.3993051884146085 0
1.617361366044736 0.5138221035480186 0
0.4285370712078036 1.038819602857423 0
1.314706334234001 1.41942337725622 0
0.713691491295944 1.821263536779193 0
2.949494949495217 0.03462118878343584 0
1.210701597915267 0.2570028742256669 0
0.03426524745961042 2.296295672441054 0
1.292721468369754 1.398963162940906 0
0.9621397737312565 1.303218858425872 0
0.6915777028417216 1.019581031856022 0
1.842644752065451 1.729684243785746 0
0.4852812218752232 0.8882746236753044 0
1.533074967953569 0.8227122013166686 0
0.2323600521742483 1.289975075818135 0
1.734666768432058 0.5889020509566893 0
0.2528669765280178 2.897460909880198 0
0.1306017016695178 1.138200297915475 0
0.01815837748042585 2.90711515579144 0
2.908835706735882 0.01695433041574274 0
1.99944890893181 0.01463049836143392 0
2.418034260755905 0.6306932496034212 0
0.01563474956472088 1.293585962703663 0
0.1138658644145731 1.020100196576287 0
1.222212557330599 0.03193992348228145 0
0.2981746994554989 1.914194087499487 0
1.594005197109729 0.5217928411922529 0
2.057147111645638 1.353502809752491 0
2.879609427182043 0.1778033069669356 0
1.570031536700061 0.530161669645476 0
1.646464157416171 0.4837398403688529 0
2.49892394330108 0.03435220487623299 0
1.218212354301746 1.83717697895742 0
1.449853711147139 0.6776080839096267 0
2.747158380911379 0.09377682790479892 0
1.253373707262392 0.3923613942703159 0
0.9102687607630929 1.103553760238134 0
0.272258724519625 1.370701724588435 0
0.7067645181737794 1.034567537299484 0
1.994747783032245 0.3901708009822347 0
0.5301066403267114 1.653365495968126 0
1.819198973589224 0.3827056602178057 0
0.4608844169187059 2.18060643624232 0
0.03243251254044425 2.153641615261856 0
0.5959289447463062 2.86427686094811 0
1.738516771839681 1.02726889960519 0
1.141142751638851 0.340923081978835 0
1.868138018528664 1.306436800274435 0
2.680386125578816 0.3494319846858512 0
1.870609409001727 1.763428513559869 0
0.3660030561122888 0.957958483900346 0
1.960025255177777 0.01449571950043128 0
0.7453873525989047 1.5475163847031 0
1.62315982095442 0.4912754375807869 0
0.7503456433988319 1.294737269435005 0
2.213155869214225 1.906422452552472 0
0.8794192226604718 1.070327279710339 0
1.095264915248922 0.9339859923613865 0
1.134726451859843 0.1278538096453188 0
0.02077452569850203 2.952632144245254 0
0.04175499261406715 2.939393939394364 0
2.744353486206851 0.8579909442266453 0
1.781743009310418 2.04182265653827 0
1.419831450631508 2.301981362259384 0
0.8347466703887364 0.5959553210387216 0
0.8213466119526635 1.805446887191563 0
0.3191990285052559 2.672867620728397 0
1.026146083840594 1.983281189850901 0
1.165151094353754 0.03117438042576586 0
0.7258677347418274 1.030182805480789 0
1.077157313468435 1.581849155786041 0
0.1300429315841398 1.016826393416933 0
0.8777329001721905 1.501455391218625 0
0.7417462505785581 0.844580951308133 0
1.250718744798978 1.83209696675523 0
0.2852071036616968 1.389450537348562 0
1.810022943437715 0.231899636089354 0
0.5407585612001029 1.114396758856688 0
0.1446233361885427 1.912273123493575 0
0.01592511486274125 1.839273706353936 0
1.272043534215466 0.8818738209306911 0
0.04697294891257606 2.409427739507459 0
1.050227583511882 0.07647770275462057 0
0.4866830682715558 1.840702874181913 0
2.444444444447527 0.01490757472446084 0
0.1988390889518907 2.425902296255018 0
1.547056221374606 0.03167535448962103 0
1.603304722139 0.03323274812240824 0
1.429596853303847 1.262357336961633 0
0.1239657450732807 1.156152551493866 0
0.4970555967696686 1.246020611860886 0
1.814378979986838 0.4058403134508728 0
1.006909637781991 1.316699162603606 0
1.479138065586416 2.033766249550669 0
0.2770852859573997 1.848823840443135 0
0.7676152745238557 1.183642839865412 0
0.7427488847515701 1.251135157730074 0
0.2778069607220744 1.408799120466032 0
2.055283297154924 2.024086189341118 0
1.138140165453633 2.646922360122583 0
1.689335681995155 0.2719220839598446 0
1.143765720264238 1.207456548080816 0
1.530214296798946 0.9196483120088939 0
1.025781391037442 0.03256231758333458 0
2.74182059103309 0.1195749276831284 0
0.9121677260669154 0.4728343868203115 0
2.728267149347535 1.16856777246857 0
2.733456131516358 0.5997766794219469 0
2.27832615285452 0.6086310726780767 0
1.026322109153019 1.335810880707937 0
0.4713352430081792 1.207912312569816 0
2.043294845504737 0.3707605525086519 0
0.8881432258712996 0.5118201615035867 0
1.115287787064432 0.05196124665735022 0
0.9388359894280314 0.7403961707438901 0
2.559702090925902 0.03381429439828566 0
1.009667013237654 0.1964561267778789 0
1.384001686141024 0.03064032302679077 0
1.195457360109443 0.2431132000286615 0
1.453957747531797 1.998581691498714 0
0.2254832437863878 1.308581006696807 0
0.8145439357887881 2.855478694965258 0
1.014765649178009 2.667543722226712 0
0.03187631180874897 1.707954752890574 0
1.653927953274704 0.7254253761378904 0
1.282668125704276 0.3863919882190699 0
0.01599713674718121 2.868686868687595 0
1.39782047630561 0.1352303898750902 0
0.8779959683009415 2.50985733795631 0
1.318499178044203 0.8482516895044503 0
0.2757374834670721 2.419640389570892 0
1.212303655254204 0.6761398201386291 0
1.202122456121432 2.037351961904819 0
1.466536152514255 2.073172770108161 0
0.9747718338950043 1.931812486338028 0
0.9103669513945978 1.472188931183744 0
0.9814282564038541 1.321417518546294 0
0.756907437115327 0.8563128246890624 0
0.8942098197247346 1.087275400204945 0
1.709249125253228 0.5945262943209415 0
0.7714456928554415 0.9157172291355578 0
0.7435012798889822 1.02558805876009 0
0.8688680094446992 1.526369719404408 0
0.1860282015809367 2.731480838107345 0
1.832718202447522 1.992326779057195 0
1.154542893633191 0.122934899162801 0
1.459949998064438 2.29390585961056 0
0.1022280305327854 1.210732479725955 0
0.7316197213324378 1.315660793087791 0
0.152243075099581 1.000750738454548 0
0.6535757588613265 1.67951853520638 0
0.01381176590137947 1.798349609984942 0
0.2511575445024018 1.42967980878281 0
1.664388056757845 0.4987757768728543 0
0.5015906936574676 1.341628126629972 0
1.000422124849269 0.4102526389987125 0
0.9311211820150823 1.098849624838407 0
0.7798022677047211 0.643859093383025 0
0.9108629658013518 0.850856240015595 0
0.03139574303306054 2.051266046499022 0
0.556753827511819 1.128737142408584 0
0.734438040802335 1.214403122909698 0
0.7970469428522378 1.090820794285716 0
0.7261810070375625 1.077696760257797 0
0.1363402518176031 1.003143158274822 0
1.332972140234342 0.5026224436266906 0
1.200027582504555 0.6361102798737713 0
0.9684549704477652 1.131185000795419 0
0.2573477386150465 1.465172617898654 0
1.03719598042215 1.379376682746089 0
0.1172002003069062 1.174225913368328 0
0.6174818903860069 0.7997201702372808 0
0.4484271980316805 2.202576119616069 0
2.364430356184989 0.1205987221045399 0
0.4268174765297945 0.9167068799464144 0
0.4490433854686877 1.485858323848336 0
1.665489883800361 0.5860812652993718 0
0.2921911891184278 1.868855550042843 0
1.775345643278254 0.9886622562525371 0
1.414137023437115 2.101534985396501 0
1.068794788650601 1.609122447275293 0
0.7122262657148353 1.865503177100338 0
2.084572811473516 1.383236008584769 0
2.038472924693282 0.3961326158853203 0
0.7375231352208241 1.195084475632127 0
0.2886275574020546 2.313435876251551 0
1.32560879991777 0.03137848457274577 0
0.2453932492327769 2.098347252319166 0
0.3094682809741015 2.281272108916532 0
2.006110898775491 0.3180687004830032 0
0.5768323372004512 1.125328696295925 0
0.481729584491555 1.221853319750831 0
0.01535272625309191 2.646480257707127 0
0.9369795234172056 1.466357133257501 0
0.73404468818494 2.034152627379325 0
0.1398091271549558 2.764856027699035 0
0.01485890658585181 1.757302574552205 0
2.007892321936264 0.7199104879190427 0
1.168596090643658 0.1356221704655982 0
1.307570395015359 2.626472453400743 0
0.3130932691519018 1.644133654390753 0
0.8744586260230378 2.096112551313827 0
0.01456100894763502 2.767634959894925 0
0.9632368121827086 1.633971359247558 0
1.659484672697645 0.6096377208480602 0
2.808722221780895 0.01398240361770565 0
0.7983260124727443 0.6211746261715415 0
1.053985661436636 1.940983408881522 0
0.4540330276203062 1.161515985520825 0
2.62241573865438 1.381528850010359 0
0.5778203014320293 1.712797285607502 0
1.251763684097653 0.2987818343665203 0
1.716157020542197 2.365900491210073 0
2.242274680321595 0.823123534971921 0
1.178886945681309 0.2478695896362117 0
0.03347814917550637 1.543345687350004 0
1.418840358872862 1.712574701110073 0
0.5829961913577023 1.887725448609587 0
2.532325728683095 0.4985399592666845 0
1.008738798272131 1.64519947152659 0
0.07452343315236551 1.233285690404239 0
1.348216161229166 0.8168170602785977 0
1.342170652537027 1.411347890238388 0
0.1988032766083725 2.610765621592614 0
0.9556641565925847 0.7360134305991594 0
1.366322342103249 2.1430529004538 0
1.688286052482517 0.4912118881941017 0
0.2635753096457627 1.446512553757042 0
2.692357061509287 1.114718024365633 0
0.2201883205745346 1.01404817411955 0
1.848195391545971 0.9717195216924377 0
1.708059341055287 0.03109896281030436 0
0.2746389148673366 1.48323388136342 0
0.5075578413643471 2.799762559320506 0
1.164715388023028 0.2353027474052972 0
2.510819821415692 1.498041456835473 0
2.698574384136788 0.1126147838439429 0
0.1623428667735916 1.011985376946381 0
0.3416501896048572 2.218797588321521 0
0.01424677284468408 2.242670402541515 0
2.302033506618074 0.6315019357908274 0
0.4133686105697227 1.668511241428662 0
0.9147418070074156 1.768940006635018 0
2.466990783596241 0.9895197476812911 0
0.9487802576359732 1.114995900490776 0
0.923070047768345 0.8665913912473961 0
0.2944709431055477 1.478832569210752 0
0.7722314408536679 0.8333720051326625 0
2.740050566346604 0.896253760155542 0
0.9571231773187165 0.3223517941130327 0
1.109983345609043 1.658902429753419 0
1.643402693022394 1.361350203397637 0
2.461113948506814 1.542108618211224 0
0.4346289704357273 1.164990895884123 0
1.110114975677779 1.265359818677614 0
0.1099591218816022 1.192576872878718 0
1.672200305038452 1.358095554363705 0
0.6275385078864499 2.895618592190047 0
0.5525246260334534 0.9753433957445928 0
1.330640873392039 0.5271131987032311 0
1.506872756217936 0.8039986322320669 0
2.281953804188414 0.2415814859022264 0
1.029228623334708 1.66926482021645 0
0.6478649453963435 0.7954223254770234 0
1.089318128372362 1.632881132947604 0
0.2155672514187713 1.030156927236094 0
1.449664061751772 1.276968555346877 0
1.635102402224456 0.619494735329144 0
1.055910058013155 1.400953250618646 0
1.868686868691692 0.03163319260210576 0
2.107316757173693 0.3505884470396599 0
1.450325728927273 1.334033598300877 0
0.8328271599748549 2.011298590762843 0
1.20566396819121 1.082339244351289 0
0.9624215194545515 1.461265068281729 0
1.051501194969844 1.69271754079891 0
0.8620336316493659 0.5539953780574924 0
0.3021791605867263 2.415268556245532 0
1.155033447197673 0.3532250465523633 0
0.2211302349010227 2.634083764759206 0
0.2099041828123527 1.003095573244123 0
1.08388511621749 0.8202077938421208 0
0.3366626189095836 0.9535681143435325 0
0.04335852698094182 2.259175636129093 0
0.6269448823885155 1.83413181944737 0
2.114713722520492 1.412095366432394 0
1.015996224012233 0.4035726825584399 0
2.450828475171335 0.9019886115114049 0
0.4703175504197121 2.239072628074164 0
1.362826421143908 1.432716480759844 0
0.5453071087578603 1.673169652010774 0
1.417618510314747 0.01548796029246821 0
2.148704347485848 1.440684607960445 0
1.150836428379837 0.2225779029835124 0
0.1783083197406521 1.009381988191367 0
2.273088870904543 1.844876120650422 0
0.7062649034960029 2.681455223139808 0
1.310636535629799 2.188619964461131 0
0.2330689101978745 2.291617773655224 0
0.355351336797454 1.33823009841761 0
0.7242429319898254 0.7282606217680156 0
1.711891411495571 0.4834261852179765 0
1.233239087232603 0.05171023685903248 0
0.2123245239577314 1.346552010663663 0
0.2188291320055596 1.327651012274674 0
0.2104098877707198 2.44343245085653 0
0.4732922228716694 1.158876885658024 0
0.08409801392839329 1.214354847528532 0
2.434225141969396 0.938007387461449 0
1.40061831510741 0.6914374341844702 0
1.354258205669072 0.7928913163646689 0
1.021713305620715 0.20764856562105 0
1.353463743882243 2.178079672091187 0
0.9695983133590493 0.7493854180637152 0
2.438414512962484 0.494494050177101 0
0.1943285520997421 1.006428601239833 0
2.219305647339955 0.1355984053469771 0
0.2692402412588287 2.095197312795888 0
1.419129089730072 1.341583143939149 0
0.415834032795773 1.168954806619618 0
1.755803219954853 1.275668610395125 0
1.702455487600218 1.351139527926749 0
1.423736553654926 0.6824039688671131 0
1.980464604575597 0.7274268517981006 0
1.136050557985052 0.2099244935517269 0
1.718705689558339 1.199810553986955 0
1.393679582894883 0.7142828167040848 0
0.01381141885318193 2.444967272312043 0
0.9969991883583518 2.423297000505154 0
2.676171456481945 0.3784457584262068 0
1.797222120335205 1.86074553808542 0
0.654054770605097 1.828804733495661 0
1.364712894415854 0.7457333581955901 0
1.839840168394197 2.220399842561848 0
1.09222564743122 2.373418219849095 0
1.805077946656576 0.9484852613637046 0
1.370883039038886 0.7229180562102104 0
1.547978384204487 2.398299997237793 0
0.7186704868384945 1.100621613180646 0
1.177830895699892 0.1653863374396987 0
0.7821851339377622 1.566480396131479 0
2.321773151919353 0.2778041840282676 0
0.05252514810616273 2.034702915447277 0
1.347590731564678 0.5411063396762816 0
0.4865041931285428 1.38207115869568 0
0.4980238794926435 2.496067781669129 0
1.744989242097087 1.310368226065767 0
0.5615845291989284 1.693021538867174 0
2.38376253456862 0.1367713610966248 0
1.982013331041825 1.013412489756845 0
0.2662102895736955 1.929284268044933 0
0.945804774297839 2.391218892880361 0
1.052318938843449 2.380581622737597 0
0.6644459508335367 1.804162512809855 0
2.416427386198075 1.013103133685766 0
1.326075260421156 0.8247468057538865 0
0.7738246220826697 1.543172286127197 0
0.7936107537408582 0.7922958397782867 0
0.03169745197534028 2.35339969739138 0
2.013360053241956 0.4052961431524811 0
2.128368937969366 0.3803998192832275 0
0.2106946214184298 2.667968506592162 0
0.5933655298019296 1.862688690091939 0
2.30227909207866 0.2585946054620929 0
1.204114002525841 1.146960878063515 0
0.4300161517227608 1.685448966292705 0
1.960197999725712 0.7904107917708582 0
1.34384249962447 0.7539730195848372 0
2.770924290803422 0.6276272191762574 0
1.713912204447027 1.319568267324556 0
0.6031581814029716 1.837754018195344 0
1.810441867458259 0.03252103531605049 0
2.32287666153856 0.6553317016512965 0
1.489004666157123 0.03189701114836045 0
0.7230849527351805 1.146794053240578 0
0.06541951328307542 2.256688411415351 0
2.771331340650891 0.08586407471406041 0
0.2262254084249777 1.044407199132112 0
0.2232044355599921 1.362257866483082 0
0.3408113068178618 1.376989567109473 0
1.736213056465764 0.4755660567999501 0
1.920718063928227 0.5016179005648411 0
1.002791975052298 0.777230111683365 0
1.503925323781941 2.51269146093012 0
2.696186339018412 0.0324757873458351 0
1.444080663684768 1.171129525842056 0
0.4090522060098455 1.185926459557627 0
2.183361287800804 1.388177418796288 0
1.138797402303734 1.236623441813404 0
2.617526113979602 0.03333014725188461 0
0.2739785727221761 2.709252156877342 0
1.6554458733857 2.410017487086636 0
0.258638682747762 2.289432093465718 0
0.3458352292866044 1.678952307470209 0
1.490847045139431 2.327202473574451 0
1.87939542765773 0.965267452468819 0
1.230579646848977 0.6903696903323444 0
0.7541243286298799 1.864290031200824 0
1.38356095902884 1.453637479816027 0
0.5908814445151751 1.754977486135703 0
0.8403163293843751 1.825434881191403 0
0.6975972343445874 1.170491721526829 0
2.024977531019544 0.3338840249119833 0
1.153804337412109 1.094909846433469 0
0.4556214189481617 1.683962477894282 0
1.828085282519618 1.80932490529798 0
2.041532658958612 1.061251006506242 0
1.438143822678713 0.03340225210042439 0
1.15553953986769 0.4349700409873237 0
0.04901268576119567 1.132682407275019 0
1.405245100374686 2.132914944171422 0
2.617387161150162 0.367751396116031 0
0.5534490287944911 0.8617898032178972 0
0.368765135325478 1.675750810305813 0
1.085640615777525 0.04874051786815659 0
0.5013657141557349 0.990041973500787 0
0.3288830731884902 1.661357643345003 0
0.1972629932844878 1.383928664278816 0
0.04757642804034998 1.187936411025212 0
0.4297894960675971 2.256262011310784 0
1.76029942078103 0.4670469228127354 0
1.783184871726063 0.4578734922006882 0
2.408475614090145 1.476120196378232 0
0.4702847501805263 1.702297848220195 0
0.5918055019844266 1.101188099994321 0
0.3068924562733686 2.700493049156848 0
0.3912144828835261 1.190796226053023 0
2.172304215675835 1.956635949071093 0
0.8901101521608021 2.037298055966353 0
1.922617022276809 2.106880683694154 0
1.971219526766877 0.759259662531385 0
0.1682959579478551 1.908866360872766 0
0.6164040820037426 1.749965890574012 0
2.313310377481386 0.6874338095078653 0
0.03270211762123543 1.851766604668921 0
1.874189946124014 0.9017099896370301 0
1.131596377466406 1.262131704360763 0
1.628216557706214 0.6447196518677847 0
0.9846966008879636 0.7632931067540871 0
0.4638890950589922 1.444378045719658 0
2.10853007988604 1.969539204323004 0
0.03421470446655797 2.600502179151448 0
0.01397480618691524 2.808069676535722 0
0.8989026784223979 0.88851677542281 0
1.809499758994327 0.4278890645832941 0
2.231469915511836 1.421854927172605 0
0.2831449845038344 2.113807879947943 0
0.6822005083034247 0.7639876198780882 0
2.339628340070682 0.6751117250851161 0
2.896923394765524 0.1321511265148268 0
1.998174311465385 0.1622061175750211 0
1.523196502294935 0.9449812875511482 0
0.3978565207681524 1.221511096512268 0
0.1693694328276439 2.690191496821583 0
0.03273632636900527 2.006437522856484 0
1.892491176211279 0.7547274469563461 0
1.178313274569646 1.086380532809284 0
1.122883111572102 1.125884781237856 0
1.01651017612991 2.386097847941944 0
1.215085945247968 0.6492723973608726 0
0.9973935302669983 1.955997741041578 0
2.585565809476309 0.4981034288871633 0
2.126811291133035 0.4177519194422091 0
0.1539296460206198 1.840495299279699 0
0.03158963353269108 2.210036207719827 0
1.264611339094636 0.6891548461949381 0
2.148485319229071 1.573377086736331 0
0.5722992718636333 1.734868976964326 0
0.6840920601070528 2.847211596690298 0
2.765831598631191 0.961404876817141 0
1.969581890797288 0.3972544772373502 0
0.03045968270367177 1.909214512634421 0
0.4704211661063106 0.9103172931462554 0
1.519907462759768 2.362219716178418 0
1.927606154872147 0.03185349008416521 0
0.3903838969942891 1.671743642183556 0
2.812485163548288 0.6144566823559614 0
0.8442493788846814 2.796875483002776 0
2.279982531805507 0.6980360501577785 0
0.9881037169915354 1.10149057256907 0
0.7176280509816094 2.755605554479839 0
2.198638565328735 0.143705540926885 0
0.1901023817752034 1.40322726168207 0
0.478156439293366 1.402347939177147 0
1.146659204503869 1.117643541935515 0
1.084438929622408 1.181563576260664 0
0.4491780362853322 2.29511309404392 0
0.0305104088219228 1.445195839645555 0
2.949504632769131 0.01538249553620245 0
0.7298596247257563 1.128120721180356 0
1.196275404157597 0.1618532291693865 0
1.114476848952552 1.149420508319859 0
0.5055437246146066 1.377266234945287 0
0.9786090511354892 0.3131260676473705 0
0.0851841771518583 2.254063087313463 0
0.07867079319768965 1.068656810563384 0
1.437297140263339 1.219245108757095 0
0.6321996093728706 1.131925971351353 0
1.091401407292542 1.15742477336568 0
0.5128225981196336 1.356839321282424 0
0.7271164103820534 2.833896836211934 0
0.06880038638904148 2.052674720080223 0
0.0132893853742007 2.727272727274254 0
2.2877570627518 1.762697736613757 0
2.133596459961002 0.6515746127747851 0
2.160605634675323 0.6413964652356167 0
1.866945174814907 0.7591400987090368 0
2.887078484223536 0.512351569922857 0
0.6390361169872708 1.717613717200194 0
2.06660090581681 2.134022485997022 0
1.097839231873881 1.68847124950683 0
0.5157763731814301 1.299922040532893 0
0.2842849613595149 2.763329463709045 0
0.7023759986159519 1.153523566955614 0
0.1087915803933459 1.033472632283996 0
1.175425429753341 0.4293618621250935 0
2.246978052966734 0.7084516972201809 0
2.010797553135359 1.037717903984367 0
0.5082077915014975 1.321036339584755 0
0.01231524690552771 1.39393939394158 0
0.9110185053170756 2.056147451227549 0
1.230835523691261 1.141982928383684 0
2.909156912901386 0.1609422362289487 0
1.294267730897754 1.897909248998151 0
1.034721248449913 1.069676008191186 0
0.9805913731485045 1.479036508443191 0
0.3907077359010968 1.240548321685277 0
0.0128602755314766 2.58585858586089 0
0.7877064071794484 2.035279750584201 0
2.41952895548078 0.1179385353678071 0
0.6888290720753594 2.707479142785491 0
1.277363011486396 0.7049595837215197 0
1.095432328159781 1.912206305914771 0
1.749895429813518 1.189270046357578 0
1.812551918391857 2.302434871943803 0
2.387754787697503 1.695526871265801 0
1.944587478395901 0.405574755506281 0
1.110009157581191 0.9518424337381758 0
1.441784307564463 1.194682090305808 0
1.384107764938759 0.5459918299041718 0
1.269200639000117 1.854647210829599 0
0.5596289249043502 1.894155871347495 0
2.419759395553658 1.099385680858233 0
1.108522162195324 0.7935515040893004 0
2.462129104657053 1.583496368102415 0
1.210003988708291 0.5925386905012199 0
0.5515316660482118 1.920262418635152 0
0.1830104461140615 1.422592720301957 0
1.29298271314647 0.3999074341505882 0
0.812153518288798 0.6034619876193804 0
2.08080808081319 0.01243806327696772 0
2.038566997581411 0.07034927168999414 0
2.667145573471655 1.195162385998775 0
0.299014694177063 2.133480980226074 0
0.3837266711437619 1.259470548474421 0
1.122366407119818 0.9992514413821969 0
2.047880495826755 0.04388546925434983 0
0.02958985157864271 1.50504153266009 0
1.297921885574005 0.8558114625315856 0
0.7507747659541152 1.908299606395493 0
1.389238025481252 2.619897243667125 0
2.155004201147684 0.9055802297554263 0
1.86071284136006 1.806588203801737 0
0.4707848676660074 1.423471416144344 0
0.1599843775996324 1.481471501279413 0
1.102907050772111 0.9709329477502238 0
0.5253489532055431 0.9817912581937529 0
1.689190590997211 0.03226036642430432 0
1.291314221917692 0.04748896415802661 0
0.03057999803964343 1.564328787480353 0
0.1756945476925438 1.441895769070872 0
1.204523304094215 0.6143965884020682 0
0.3760826538909873 1.27877938312048 0
0.08291977027356748 2.06867389223274 0
1.866815345725892 1.552210946607958 0
2.770645719853519 0.03524469963877506 0
1.812643480613194 1.477084281332748 0
0.3593788464936005 1.372902177299706 0
0.1674809774669221 1.858138796511203 0
2.391447420321062 0.2249386024859194 0
1.205736648762122 0.1919919305793886 0
2.878842996365497 0.5516405452947739 0
0.3659480367087096 1.3530574497765 0
0.3689688598028329 1.298070428256256 0
1.081529584444979 1.940815796633859 0
1.143938962746279 1.934479620341675 0
1.794847367657392 1.675368271457085 0
2.191608489209626 1.521366037038828 0
0.8855577481337777 1.477616726804139 0
1.918236750861507 0.4153790352669385 0
0.8904959834635946 0.9075100570411891 0
2.079503335744435 0.9840640503333351 0
0.1681739901066924 1.461533922639967 0
0.03004335419324253 2.110958034229844 0
2.853769573066494 0.5919144693393515 0
1.536198351805507 2.437364806461081 0
1.864347513914335 2.025580521157041 0
0.361501931346723 1.318144961433284 0
0.3513141939380695 2.558309388744086 0
1.892293472118055 2.056139601956 0
2.196657260691858 0.8846188946962131 0
2.776803021260227 0.2908874199403657 0
2.335742378242798 0.03205082620308546 0
1.874599875308404 0.5412488215375337 0
2.125107800005797 1.009982395256317 0
0.03188758255425413 1.257548887388518 0
2.450839732425173 1.12828489619626 0
1.56595989724915 0.7130987008125004 0
2.393582389103444 0.03025891226360179 0
0.8721633318422726 0.5746973729634133 0
1.994264130397797 0.1810126419513158 0
1.228915624703779 0.5854499759523291 0
1.191934419441174 0.422408390836661 0
1.469600822709935 1.294607917078304 0
2.5151515151542 0.03062208679646884 0
1.891252636344183 0.4255957691060779 0
0.7299590726565935 0.7172640505643563 0
0.4092279705461903 2.310029690347807 0
0.4758733148497688 1.460690783419119 0
1.976745598715514 2.156620769350784 0
1.008788248146808 1.473939565269104 0
1.596608304849002 0.6808777334522704 0
0.9514070296114396 2.268131852488168 0
0.2779343687765691 2.349810482545361 0
1.146664474500435 2.607660968618593 0
0.01227827755589146 2.545454545457075 0
1.817048568350256 1.601174630477923 0
1.029635484919555 0.7505833329719831 0
2.24645465715468 0.01534465510130511 0
1.757569511182779 0.0125464934193816 0
1.130766484856924 0.04837978026575177 0
0.122172561769098 2.832821814681941 0
0.7575414230296582 0.6670086074973894 0
2.169636248114242 0.9638848005437541 0
1.781977819847344 1.180589810263499 0
0.3229132523906982 0.9558293908151448 0
1.399611637717593 0.559768339012583 0
0.751502587857886 0.696964412182441 0
1.858827439076233 0.4625626064572713 0
0.579123824085147 0.8268677961061817 0
0.4679712855244234 1.481658399566627 0
1.835449900148315 0.4674324684109274 0
0.4240961267267831 2.35308939721575 0
0.02920888106240991 1.363821869424882 0
0.273521295628964 2.791514012378249 0
1.125276238838678 0.7861551943188164 0
0.03293272252002377 1.617552183159149 0
0.4528865273373764 2.833076370012314 0
2.224990543878861 0.259651392327046 0
2.569888889471358 0.4175041889504814 0
2.241134553357889 1.555735939398661 0
1.630449111068941 1.407188439067051 0
2.185026669961644 0.1957730844253093 0
1.805962399874011 1.639077047344777 0
1.291293509572702 0.8801891938069408 0
0.1785105267774233 1.873690769622682 0
2.194403994297443 0.1637082533912313 0
0.09278655829706237 2.940300854095547 0
1.388792734228937 0.01452403733229292 0
2.712983362311695 0.2686168224964883 0
1.216954918127338 0.2045829438617013 0
0.5113658091332182 0.886339853581105 0
0.9903384227643786 2.304859358312902 0
0.8660959853239357 1.818051935725347 0
1.179338925459376 1.927444078623483 0
1.092125420102737 1.030523132544307 0
2.417015756910249 1.041530533828743 0
2.590905276362093 0.3725527692130413 0
2.805364134368515 0.3058461909806776 0
0.963503201975443 0.448266034232202 0
0.3323194757224345 1.396376908726272 0
0.8463750677069282 0.9340940887119717 0
2.108622656800715 0.3697877191099433 0
1.094029335895154 0.6536440905970464 0
2.062088865557061 0.3380617476693797 0
0.7506065044960275 1.121443314729509 0
0.08111786372444987 1.020712735280372 0
1.006082642986982 1.098593021358614 0
0.9440850260971223 0.4011154304573761 0
1.031510091059975 0.3816244510251215 0
0.6766751442084151 2.261455668644579 0
0.09983020015358005 2.066162288154871 0
1.786480168203863 0.4357766410084117 0
1.313607410347848 0.3919652238959068 0
0.793602253426538 1.047408622920414 0
0.8928918436351445 1.812991639186659 0
0.7744689625239439 0.7940939350558733 0
0.01152196831946398 1.012583551812328 0
1.012479123819966 0.01149462265878394 0
0.7933282404195794 1.908089945652817 0
1.252323053519099 0.5575826343618392 0
0.471991649462371 1.737530216789955 0
1.23401008353912 0.565617132249244 0
2.455404964889906 0.02960468176512403 0
1.03938325182777 1.469102732627047 0
0.7129211103073336 1.299562297112766 0
1.214429101614427 1.920971737341741 0
1.181562045027731 0.03045609470419618 0
2.578580248356161 1.388048270740532 0
2.756061166182442 1.002494588718322 0
0.02897793891811239 1.666665446291221 0
2.210838463176568 0.6840494528751402 0
0.2709500061209854 2.30634006857027 0
2.481731683420484 1.157288527430823 0
1.660915492603926 0.03138124207569283 0
1.65211932033014 1.424991017359611 0
1.314885912603768 1.494980637573295 0
1.87055279245537 0.4282995093991844 0
2.043911996574883 0.3477873674871763 0
0.02995399577954379 1.304681610458533 0
2.187317580386051 0.6627369579662852 0
0.8937788676891003 0.4972514646971288 0
1.247846963232541 1.914115888636226 0
2.658442299705285 0.03289093890612001 0
0.7911717862364485 0.8161053062971935 0
1.032392829552078 0.2180168891231175 0
1.465416206548672 1.63942127433142 0
0.8657009158670148 0.9286393656901024 0
0.4143669205682861 2.382005252316648 0
2.062745941538012 1.023032994310994 0
1.022941159903022 2.294298307113257 0
0.09563055136817131 1.55203749436827 0
1.250891428003219 0.08063822039476132 0
1.333927061809732 0.3853466639302193 0
1.85317134039254 0.8308419658211351 0
0.8104738281339636 0.9243331621673463 0
0.9436978980977115 0.4522551251884816 0
1.281677472883399 0.5281990246001019 0
1.264321214017961 0.9145260336879013 0
0.7574859140401486 0.7984482877133796 0
0.6608796317268189 2.299281390015413 0
1.151065423363591 0.8034218851541998 0
1.266929959914179 0.3036253654316096 0
2.259421187186419 0.247367230257581 0
0.8999409264978664 2.831020104228315 0
0.4398242390102656 1.505978842351381 0
1.041100792769057 1.048945070662526 0
1.54262127410416 0.9634653619869163 0
0.3273362556141123 2.13139448944171 0
0.7187403211406916 2.07418078059144 0
1.037245380591658 2.694849928600854 0
2.143471500321149 0.9650056607025892 0
0.2732294384673213 2.955007147640653 0
0.808835714154289 1.93109551425003 0
0.04282139817660584 2.968821556878805 0
0.4959866377545278 1.009659935135597 0
0.5664920918561078 1.935662273923567 0
1.243213603897573 0.1994964438679825 0
1.014464455429299 1.075907684338459 0
1.448841231693773 0.713033775464728 0
2.195036534175728 0.4062831636786916 0
0.06348234221250562 2.406530174606215 0
0.2787947084214017 2.922632624455058 0
2.181818181822718 0.01141570142538111 0
0.7669697674913623 1.052975254362586 0
1.884689038331339 0.5158091334713533 0
2.723966870499523 0.3256052612003796 0
0.3247451558783356 1.416401011594248 0
0.9021265008853159 0.5815515668396277 0
0.6665880187017797 1.354254520794019 0
0.4033389556927188 2.410914472592439 0
1.254695220534495 0.5396335540348089 0
0.331233589617457 2.281508927452688 0
0.4880407762084507 1.257042918830478 0
2.236732242671789 0.8527808884398902 0
0.0307440301332886 2.412959871317909 0
1.559817502802433 0.822222172820552 0
1.562627645193757 2.474856169262663 0
1.203728525201753 0.4548589575926799 0
1.061673037587107 1.043028435354147 0
0.9807182461798984 0.2985542403878974 0
0.4901849734452417 1.028560806231235 0
0.03405593926088539 2.036387989880291 0
0.07111257675016008 2.933068354638952 0
0.556774057489777 1.967523751536971 0
0.02996569980577147 2.31394266524237 0
0.7007086242393439 2.199038581578082 0
0.7399547282792535 0.8034449371043206 0
1.604227467740567 0.6544946146820018 0
1.925625898227757 0.772853571450751 0
1.053342449484777 0.6705364602866937 0
2.788662519595102 0.1013301925717757 0
0.7222577010191655 0.8079656084476348 0
0.8469626612067008 0.5776327852740492 0
0.7695787426720488 1.16612049169859 0
0.1268469072110472 2.89620284419155 0
1.565665368361825 0.02843459576487423 0
1.813827892961611 1.172077654985728 0
0.9652341936359788 0.4722247921518608 0
0.0322108749765256 2.510363909628291 0
0.1251118810321337 1.527851585178777 0
0.7331107034525035 0.7379365631058372 0
0.7088266522064197 2.169259704493243 0
0.6719834720312313 2.20363470044638 0
0.4319023510572748 1.52708304403614 0
0.03579808125072 2.919191919192356 0
0.3104782865644112 2.912485012157576 0
1.818559085034841 1.57230046665244 0
0.3168895873760676 1.435784022800408 0
0.8987066249040546 2.099199549338174 0
0.8794991647688893 0.5844325038676629 0
2.837590923442617 0.03150169027127567 0
1.062828155125122 0.6170313563889317 0
0.3529713504406971 2.953510051330978 0
0.02892996193256313 1.96969696970237 0
1.839620060345189 1.512915957058873 0
2.575757575759943 0.02983772586955409 0
2.153190939043688 0.1820473533378641 0
0.3411783094427373 2.583673173575225 0
1.684826861128432 0.0518032645891516 0
2.050063325612571 0.02906225477104767 0
0.7863245644074146 0.8330552228674794 0
0.8447064476778084 2.032303696920353 0
0.1343893730401866 1.500674827903941 0
1.443893353464949 0.7358802622056716 0
1.049397119009239 0.6872828790515767 0
0.3563214116011567 2.128812122693466 0
0.02833443861563625 2.172440926059965 0
1.274821166995746 2.134190350604011 0
1.245949251493563 2.594986301646272 0
0.8010816699457701 2.010058754953692 0
0.6096801653819919 0.8223905242906286 0
0.7047139782305655 0.7443998026918941 0
0.754074166775623 1.338637660746718 0
1.725769386853639 0.02977758917878492 0
2.878787878788554 0.03313811614150171 0
1.436540663166478 0.7897260776304266 0
1.575383675922628 0.688425082358455 0
1.751910162271996 0.2473372588840321 0
1.334982033203838 2.653737844910816 0
2.252745802288342 1.371404881967403 0
1.068509499644605 0.665123083475976 0
0.02921161410822089 1.220204787456855 0
0.3919435773695493 2.440212317043043 0
2.348777674628366 1.744993122634451 0
0.09902799716290143 1.054166760062625 0
0.6818309824336167 1.301722727360628 0
0.4247005699937788 1.546128863846866 0
0.6914176087342709 0.7999163883082813 0
0.7683858937487685 1.604540952548039 0
1.051837070141869 0.3594568075042981 0
2.975074132491671 0.03911835648992796 0
1.856582093844937 1.459373373694156 0
1.183448075915364 0.2910799156081804 0
0.7004740441929646 2.779043555759722 0
2.282483420643065 0.01206281111178426 0
2.691816764734193 0.1367510953219032 0
0.7865237137128793 0.9091839792730703 0
1.045640315834924 0.7056066313998924 0
0.3096999889728422 1.454593379329358 0
0.9117136221711044 0.5935148073793253 0
1.888918697046227 1.159336145671236 0
2.348874798345897 1.490431422740952 0
1.153900893517289 0.03925103296752286 0
1.794509634520616 0.5669935197560481 0
1.558955155528393 0.981926649082705 0
2.494936034548256 1.531108718846447 0
1.545769820944722 0.7179258883029412 0
0.3694132934528567 2.497612963048602 0
1.257228297688109 0.2726283994630642 0
2.272413233743534 1.500562856849974 0
1.284168271053814 0.5113172513808439 0
2.142716218334134 0.3117809714448124 0
0.3797703913533248 2.46969202818133 0
0.6946769224987293 2.12283241978382 0
1.583422626702772 1.018208649030796 0
2.516167467683801 1.188435439058313 0
1.054271979599305 0.06235952759602642 0
1.762989200460977 0.547814247370237 0
1.746831096523157 0.6087723885812752 0
1.974291689786754 1.437550875044359 0
1.278769052129305 0.923713315658895 0
2.119212444589033 0.1931747836202468 0
0.3618039700804638 2.536160279361533 0
0.3404747300807017 2.257871271889894 0
1.300921931000835 0.5047335312935649 0
1.422482537854783 2.516904041112156 0
2.264674268674136 1.332434864496688 0
0.3507826847846929 2.665834925311096 0
0.9589150111686144 2.807460708777594 0
2.328195092727805 0.3180394403987398 0
0.6692346625884019 1.691597969806893 0
1.040577119170839 0.7252199665164755 0
1.893637885107438 1.257148897972125 0
2.171642299712981 0.03711807957808846 0
1.260150964878226 0.3438709246570902 0
0.8721978153213558 0.910098767222822 0
2.278965508808015 1.290967461338405 0
1.256122948325686 0.3641575565452759 0
0.5330385146329193 0.9923961064152481 0
0.4162454316017183 1.572460003876876 0
0.7223905428008119 1.610217254707648 0
1.960158334880795 0.508276392051243 0
1.224458166985326 2.060272525523356 0
2.484436463352361 0.8801190754495067 0
1.855234947589699 0.7931774922178638 0
2.248220017219172 0.03461372240363365 0
0.3923660165098009 2.537108961848956 0
1.092362304412383 1.014087595217894 0
0.03547256839462587 2.713401919718778 0
1.72335190792544 0.2662971443049263 0
2.557137183059496 0.1618434393227848 0
0.7481623180677833 0.7343228346991002 0
2.804421883452508 0.8357185565607456 0
2.088310870997385 0.357206413961942 0
1.016222280457057 0.7509352808477121 0
1.845272497013581 1.162896991675462 0
0.4119367064890222 0.9207210636178959 0
0.3554457179663497 0.9629549158512576 0
1.263197518799691 0.3241966227668287 0
1.505191879463209 0.02796529077929961 0
0.4561757985907971 0.9159123587069551 0
1.699513289935412 0.06441290640829037 0
0.6738654905264712 1.332515328653502 0
1.020823129563153 0.08097651563007779 0
2.071493231470777 0.1894363184778942 0
0.7932243406905746 0.6435342552022991 0
2.161102298673211 0.4116879413737612 0
1.826121931033455 0.5295619675821888 0
0.4803152616378267 1.780314974638202 0
0.7863943960300297 1.316439477320526 0
2.825674088874267 0.3287844054163505 0
1.673207832980493 1.448298284914989 0
0.5508450669327227 0.9891722237976011 0
2.250257315180026 1.109962094425837 0
1.933744666781264 0.5169796259242715 0
2.05268557070178 0.1734157784111687 0
1.27765214113517 0.9537438135349998 0
2.086806950849691 0.204539091098079 0
0.6496813818656554 2.325736497472827 0
1.109457017701515 1.209971109937233 0
2.541869627079372 1.217430216431183 0
1.252001159537609 0.2108998091350733 0
1.34342504298156 0.02764771480388357 0
1.890407385996059 1.450225187850721 0
0.04671171750548839 1.106495296196101 0
1.513983729796089 1.627179419733758 0
0.6738990322601498 0.7882263659775107 0
0.6695789021363728 1.626426107654878 0
0.6877492313036085 1.622434525906134 0
0.3125201522612087 0.9758407447116888 0
0.2846619254279624 1.924941252858654 0
0.6596766830045049 1.715807266321814 0
1.27471385190394 0.0698464852600085 0
2.244611174789126 0.08960624255031945 0
0.4249839647004361 2.532578748880082 0
0.02808532944681728 1.726932716325571 0
1.437651219800227 0.7592071705539027 0
0.4563256596839054 2.528723752242278 0
1.352410386609338 0.3779246321951319 0
2.196459228859904 0.4444126590664001 0
1.665044567495773 1.476975334498075 0
0.7887733131654945 1.160388671944513 0
1.204517359995886 1.114674787733708 0
2.286619613659775 1.25071205197294 0
0.6627417897322021 1.646177197112809 0
0.8163810701210081 1.158909562217334 0
0.4941487787640563 2.520390482071307 0
1.347627372871454 0.2589167309891963 0
0.9844824411165956 0.2822183151030212 0
2.195062321909371 0.8615692849343755 0
1.766314542890355 0.621412107111659 0
$EndNodes
$Elements
7 19708 1 19708
0 3 15 1
1 3 
0 5 15 1
2 5 
1 1 1 99
3 3 6 
4 6 7 
5 7 8 
6 8 9 
7 9 10 
8 10 11 
9 11 12 
10 12 13 
11 13 14 
12 14 15 
13 15 16 
14 16 17 
15 17 18 
16 18 19 
17 19 20 
18 20 21 
19 21 22 
20 22 23 
21 23 24 
22 24 25 
23 25 26 
24 26 27 
25 27 28 
26 28 29 
27 29 30 
28 30 31 
29 31 32 
30 32 33 
31 33 34 
32 34 35 
33 35 36 
34 36 37 
35 37 38 
36 38 39 
37 39 40 
38 40 41 
39 41 42 
40 42 43 
41 43 44 
42 44 45 
43 45 46 
44 46 47 
45 47 48 
46 48 49 
47 49 50 
48 50 51 
49 51 52 
50 52 53 
51 53 54 
52 54 55 
53 55 56 
54 56 57 
55 57 58 
56 58 59 
57 59 60 
58 60 61 
59 61 62 
60 62 63 
61 63 64 
62 64 65 
63 65 66 
64 66 67 
65 67 68 
66 68 69 
67 69 70 
68 70 71 
69 71 72 
70 72 73 
71 73 74 
72 74 75 
73 75 76 
74 76 77 
75 77 78 
76 78 79 
77 79 80 
78 80 81 
79 81 82 
80 82 83 
81 83 84 
82 84 85 
83 85 86 
84 86 87 
85 87 88 
86 88 89 
87 89 90 
88 90 91 
89 91 92 
90 92 93 
91 93 94 
92 94 95 
93 95 96 
94 96 97 
95 97 98 
96 98 99 
97 99 100 
98 100 101 
99 101 102 
100 102 103 
101 103 1 
1 2 1 99
102 4 104 
103 104 105 
104 105 106 
105 106 107 
106 107 108 
107 108 109 
108 109 110 
109 110 111 
110 111 112 
111 112 113 
112 113 114 
113 114 115 
114 115 116 
115 116 117 
116 117 118 
117 118 119 
118 119 120 
119 120 121 
120 121 122 
121 122 123 
122 123 124 
123 124 125 
124 125 126 
125 126 127 
126 127 128 
127 128 129 
128 129 130 
129 130 131 
130 131 132 
131 132 133 
132 133 134 
133 134 135 
134 135 136 
135 136 137 
136 137 138 
137 138 139 
138 139 140 
139 140 141 
140 141 142 
141 142 143 
142 143 144 
143 144 145 
144 145 146 
145 146 147 
146 147 148 
147 148 149 
148 149 150 
149 150 151 
150 151 152 
151 152 153 
152 153 154 
153 154 155 
154 155 156 
155 156 157 
156 157 158 
157 158 159 
158 159 160 
159 160 161 
160 161 162 
161 162 163 
162 163 164 
163 164 165 
164 165 166 
165 166 167 
166 167 168 
167 168 169 
168 169 170 
169 170 171 
170 171 172 
171 172 173 
172 173 174 
173 174 175 
174 175 176 
175 176 177 
176 177 178 
177 178 179 
178 179 180 
179 180 181 
180 181 182 
181 182 183 
182 183 184 
183 184 185 
184 185 186 
185 186 187 
186 187 188 
187 188 189 
188 189 190 
189 190 191 
190 191 192 
191 192 193 
192 193 194 
193 194 195 
194 195 196 
195 196 197 
196 197 198 
197 198 199 
198 199 200 
199 200 201 
200 201 2 
1 3 1 99
201 2 202 
202 202 203 
203 203 204 
204 204 205 
205 205 206 
206 206 207 
207 207 208 
208 208 209 
209 209 210 
210 210 211 
211 211 212 
212 212 213 
213 213 214 
214 214 215 
215 215 216 
216 216 217 
217 217 218 
218 218 219 
219 219 220 
220 220 221 
221 221 222 
222 222 223 
223 223 224 
224 224 225 
225 225 226 
226 226 227 
227 227 228 
228 228 229 
229 229 230 
230 230 231 
231 231 232 
232 232 233 
233 233 234 
234 234 235 
235 235 236 
236 236 237 
237 237 238 
238 238 239 
239 239 240 
240 240 241 
241 241 242 
242 242 243 
243 243 244 
244 244 245 
245 245 246 
246 246 247 
247 247 248 
248 248 249 
249 249 250 
250 250 251 
251 251 252 
252 252 253 
253 253 254 
254 254 255 
255 255 256 
256 256 257 
257 257 258 
258 258 259 
259 259 260 
260 260 261 
261 261 262 
262 262 263 
263 263 264 
264 264 265 
265 265 266 
266 266 267 
267 267 268 
268 268 269 
269 269 270 
270 270 271 
271 271 272 
272 272 273 
273 273 274 
274 274 275 
275 275 276 
276 276 277 
277 277 278 
278 278 279 
279 279 280 
280 280 281 
281 281 282 
282 282 283 
283 283 284 
284 284 285 
285 285 286 
286 286 287 
287 287 288 
288 288 289 
289 289 290 
290 290 291 
291 291 292 
292 292 293 
293 293 294 
294 294 295 
295 295 296 
296 296 297 
297 297 298 
298 298 299 
299 299 1 
1 5 1 99
300 4 300 
301 300 301 
302 301 302 
303 302 303 
304 303 304 
305 304 305 
306 305 306 
307 306 307 
308 307 308 
309 308 309 
310 309 310 
311 310 311 
312 311 312 
313 312 313 
314 313 314 
315 314 315 
316 315 316 
317 316 317 
318 317 318 
319 318 319 
320 319 320 
321 320 321 
322 321 322 
323 322 323 
324 323 324 
325 324 325 
326 325 326 
327 326 327 
328 327 328 
329 328 329 
330 329 330 
331 330 331 
332 331 332 
333 332 333 
334 333 334 
335 334 335 
336 335 336 
337 336 337 
338 337 338 
339 338 339 
340 339 340 
341 340 341 
342 341 342 
343 342 343 
344 343 344 
345 344 345 
346 345 346 
347 346 347 
348 347 348 
349 348 349 
350 349 350 
351 350 351 
352 351 352 
353 352 353 
354 353 354 
355 354 355 
356 355 356 
357 356 357 
358 357 358 
359 358 359 
360 359 360 
361 360 361 
362 361 362 
363 362 363 
364 363 364 
365 364 365 
366 365 366 
367 366 367 
368 367 368 
369 368 369 
370 369 370 
371 370 371 
372 371 372 
373 372 373 
374 373 374 
375 374 375 
376 375 376 
377 376 377 
378 377 378 
379 378 379 
380 379 380 
381 380 381 
382 381 382 
383 382 383 
384 383 384 
385 384 385 
386 385 386 
387 386 387 
388 387 388 
389 388 389 
390 389 390 
391 390 391 
392 391 392 
393 392 393 
394 393 394 
395 394 395 
396 395 396 
397 396 397 
398 397 3 
2 1 2 19310
399 4570 5747 5748 
400 7692 5697 7693 
401 5009 6233 6594 
402 7100 5078 8192 
403 4440 4442 6537 
404 4580 7151 7604 
405 1758 1760 5909 
406 1340 1329 7438 
407 6796 1587 9169 
408 7693 5697 7694 
409 441 5901 9086 
410 556 6220 7502 
411 6181 3269 9614 
412 454 6449 6450 
413 452 5737 7640 
414 7789 7591 8320 
415 4345 6062 8990 
416 3860 5584 6374 
417 1087 6459 9132 
418 462 5704 6904 
419 472 5893 6149 
420 8867 5502 9224 
421 5535 3256 7839 
422 529 6450 6452 
423 6068 2165 6251 
424 2633 2635 5944 
425 4351 5725 9329 
426 5457 4055 5878 
427 6106 4311 6107 
428 2568 2566 6461 
429 7151 7150 7604 
430 465 6848 8266 
431 8813 7714 9323 
432 3481 4554 6402 
433 3956 3269 6181 
434 7750 3365 7968 
435 885 5840 8656 
436 3256 5535 6872 
437 6905 5083 6950 
438 4840 5581 5887 
439 3348 1756 5910 
440 7279 1099 8136 
441 4813 3886 5788 
442 1793 6535 6537 
443 6582 6586 9072 
444 5572 5176 7999 
445 519 6127 6128 
446 7970 1634 9423 
447 4311 3233 6107 
448 2165 2143 6251 
449 2568 6461 6462 
450 4693 4718 6493 
451 454 6448 6449 
452 5176 5572 8448 
453 8498 490 9106 
454 5562 7341 9360 
455 8832 4113 8992 
456 3044 6851 8095 
457 7460 4697 7893 
458 4408 6034 6119 
459 6324 5498 6787 
460 4950 5783 6169 
461 1587 6413 9169 
462 680 679 6326 
463 6130 4723 6141 
464 8209 5245 9127 
465 5521 6130 6141 
466 4792 5011 6787 
467 1758 5909 5910 
468 2100 5597 5929 
469 5783 426 6169 
470 6154 6156 6558 
471 3956 6181 6182 
472 5800 409 8246 
473 7341 3668 9360 
474 4414 6207 8457 
475 8805 6958 8999 
476 7931 683 9097 
477 6338 2087 8079 
478 5330 7513 7514 
479 3858 4867 7788 
480 1374 5798 7439 
481 519 6128 8869 
482 6535 1793 6536 
483 6543 3602 8002 
484 5922 5107 7345 
485 4055 5825 5878 
486 6528 4705 7616 
487 6851 6852 8095 
488 8385 496 8912 
489 4619 5012 5811 
490 405 5677 6172 
491 3912 5664 7371 
492 6485 3019 6973 
493 5895 3228 8596 
494 5708 408 7676 
495 4307 5922 7345 
496 6527 4705 6528 
497 5859 447 8857 
498 6431 8832 8992 
499 6272 1087 9132 
500 3324 6154 6558 
501 3500 3501 8729 
502 5018 8837 9117 
503 1586 1634 7970 
504 6207 5582 8457 
505 5592 2051 7914 
506 5565 1701 6163 
507 5692 6543 8002 
508 5672 4973 6338 
509 6944 3628 6945 
510 7824 6824 8227 
511 3764 6451 6455 
512 4098 2911 6113 
513 1055 8449 8491 
514 5554 5025 8490 
515 6611 399 8906 
516 6113 2911 9785 
517 5083 6905 8176 
518 5498 6324 9504 
519 438 118 6238 
520 3887 5785 5787 
521 3647 5830 6738 
522 5009 5010 6233 
523 3348 5910 5911 
524 6685 6682 9619 
525 3262 6949 7234 
526 5589 6685 9619 
527 4797 5839 6683 
528 6352 8948 9042 
529 1556 7401 8723 
530 3033 5845 5846 
531 5798 4767 7439 
532 6479 6483 8486 
533 1756 1758 5910 
534 2051 5592 6721 
535 341 342 6621 
536 6087 3562 8448 
537 5581 4840 6878 
538 4205 5187 5891 
539 3241 6337 7967 
540 5806 524 7674 
541 8449 6793 8491 
542 3823 7470 8948 
543 5839 3334 6683 
544 5663 8805 8999 
545 5580 3349 9573 
546 6483 8236 8486 
547 3033 3407 5845 
548 5673 5024 8668 
549 489 5991 7615 
550 4836 5795 5799 
551 6062 5156 8990 
552 4056 3348 5911 
553 7188 885 8656 
554 3343 8461 8568 
555 5725 7136 9329 
556 4847 7999 9022 
557 5633 5044 7782 
558 7967 6337 7968 
559 6824 3067 8227 
560 5832 4114 6738 
561 3324 5583 6154 
562 8872 4733 8876 
563 5901 5963 9086 
564 5795 2672 5799 
565 5672 6338 8079 
566 5960 5192 8033 
567 3349 5580 6546 
568 565 5898 9551 
569 5011 6639 6787 
570 8283 7868 8367 
571 5066 8375 8843 
572 5830 5832 6738 
573 3956 6182 8343 
574 5736 4492 5819 
575 3228 5895 5897 
576 7845 5423 9661 
577 5797 4050 8632 
578 1701 5565 6256 
579 3787 5841 5842 
580 5863 5861 6345 
581 490 7710 9106 
582 5995 8813 9323 
583 5648 2770 5943 
584 5249 5423 7845 
585 5597 2100 6400 
586 5814 4552 5815 
587 3629 7100 8192 
588 4482 3803 6322 
589 7021 451 7023 
590 5705 470 6076 
591 6928 2862 8226 
592 5747 4570 6276 
593 4867 5955 7788 
594 5638 540 6034 
595 7669 6344 8477 
596 447 6105 8857 
597 7999 5176 9022 
598 6234 7279 8136 
599 4196 3786 6254 
600 6586 3780 9072 
601 5025 5554 8503 
602 5781 438 6238 
603 8638 5673 8668 
604 8461 5503 8568 
605 5845 3407 6439 
606 3647 5828 5830 
607 3256 6872 7848 
608 6226 557 7500 
609 5583 3324 6336 
610 7611 8662 9821 
611 6870 4697 7460 
612 5044 5633 6232 
613 5777 8872 8876 
614 6613 6611 8906 
615 5584 3860 6373 
616 5077 6363 8256 
617 5700 4742 6852 
618 5820 4893 6127 
619 1394 5616 9766 
620 7864 7035 9196 
621 4114 5832 6739 
622 6872 6869 7848 
623 540 5638 5926 
624 6726 8699 8744 
625 4813 5817 5853 
626 5893 472 8835 
627 6125 5372 6126 
628 4552 5814 9830 
629 427 6279 6297 
630 4929 5143 5934 
631 5828 3647 5984 
632 5616 1394 9701 
633 3779 3031 5847 
634 3289 5665 8249 
635 3407 3409 6439 
636 2014 3395 6072 
637 5662 5704 8805 
638 5683 8650 8740 
639 8067 7681 8617 
640 3746 8209 9127 
641 6800 1055 8431 
642 451 7021 7022 
643 7721 968 8069 
644 4331 4115 6739 
645 4527 6390 8848 
646 968 6928 8069 
647 5810 8750 9037 
648 3501 6014 8729 
649 5728 4893 5820 
650 5030 6621 8821 
651 4205 5891 5892 
652 3501 3499 6309 
653 1055 6800 8449 
654 3431 5734 5984 
655 3518 6256 8859 
656 8181 2015 9136 
657 5725 1543 7136 
658 5861 3141 6345 
659 5893 5151 6149 
660 3628 6944 7647 
661 5804 7721 8069 
662 839 840 7188 
663 8699 5048 8744 
664 8842 8626 9543 
665 3501 6309 7129 
666 2862 6928 8366 
667 7873 5218 8669 
668 6206 428 9587 
669 3024 5735 6493 
670 5607 9025 9290 
671 1714 5789 6489 
672 6450 529 8914 
673 6923 8226 8487 
674 470 5705 6077 
675 5993 5484 8704 
676 4660 6179 8020 
677 5898 565 9679 
678 1703 5890 6268 
679 468 5702 6975 
680 5639 6206 9587 
681 5621 1764 6411 
682 4813 5788 5959 
683 2770 5648 7335 
684 6928 968 8366 
685 5673 8638 9292 
686 2103 5642 6390 
687 8650 6784 8740 
688 5870 2627 7335 
689 3684 5736 5819 
690 5817 5349 5853 
691 5642 2103 6391 
692 5389 5755 9117 
693 5218 6072 8669 
694 6066 2165 6068 
695 8166 6203 8167 
696 2916 5804 7789 
697 8408 6800 8431 
698 6214 6212 7885 
699 5645 1297 6519 
700 6801 6800 8408 
701 3354 5587 9619 
702 2202 7009 8616 
703 5687 4276 8393 
704 2081 2083 6240 
705 4830 6135 6172 
706 4830 6133 6135 
707 5090 5577 8584 
708 7565 3519 8769 
709 3889 3896 8771 
710 1541 1586 9242 
711 8567 2658 8644 
712 8638 1507 9292 
713 6805 8567 8644 
714 7401 5502 8723 
715 4893 5728 6031 
716 4906 6764 6765 
717 4742 5700 6853 
718 3896 5372 6125 
719 1670 1672 6766 
720 5585 4989 8181 
721 4914 4300 7187 
722 8662 7323 9821 
723 7148 4609 7150 
724 415 6376 6377 
725 5951 5607 9290 
726 7611 6061 8662 
727 4609 7148 7633 
728 4276 5687 9527 
729 5587 3354 8161 
730 496 8385 9020 
731 4442 4557 6537 
732 2197 6947 7343 
733 1560 7404 8492 
734 6133 4830 7346 
735 4919 5703 9850 
736 7150 4609 7604 
737 5112 6301 8998 
738 456 5669 9469 
739 8948 5339 9042 
740 6232 4551 6435 
741 5001 8176 8831 
742 3897 5867 7236 
743 6203 8166 9283 
744 7148 7147 7633 
745 1475 8067 8617 
746 5982 523 6855 
747 5873 2760 6853 
748 5688 6133 7346 
749 1473 1655 8737 
750 5664 3912 9682 
751 4167 5916 5918 
752 6953 4970 7316 
753 3679 6989 7817 
754 6095 488 7614 
755 1668 5966 5967 
756 5502 7401 9224 
757 527 6446 6448 
758 8385 8912 9689 
759 5727 1406 9248 
760 1406 5727 9137 
761 4619 5811 5812 
762 408 5708 8575 
763 4949 6166 8779 
764 5827 412 5829 
765 3801 5692 8002 
766 21 22 7517 
767 2032 790 6750 
768 4973 5672 7565 
769 1297 5645 7541 
770 4408 6119 9541 
771 5993 8704 9015 
772 7469 4133 7833 
773 3459 3897 7236 
774 5637 1794 8746 
775 5044 6232 6435 
776 5666 2077 6762 
777 8385 5900 9020 
778 4302 8457 8623 
779 5804 2916 7721 
780 7712 4584 7713 
781 5948 5174 8708 
782 3313 6522 8250 
783 3499 1667 8915 
784 4426 5873 6853 
785 5577 8544 8584 
786 471 8917 8965 
787 2916 7789 8320 
788 6376 415 6379 
789 7044 5402 7815 
790 5735 3024 6492 
791 2145 2152 8885 
792 7598 552 7739 
793 7470 5338 8948 
794 8250 6522 9609 
795 6220 556 8844 
796 8540 5016 9391 
797 2077 5666 9814 
798 6535 4440 6537 
799 104 4 9735 
800 6340 7718 8365 
801 4964 4965 8332 
802 6301 6047 8998 
803 417 6397 7934 
804 3679 6988 6989 
805 6235 6099 8358 
806 6532 5046 8639 
807 3195 5731 6461 
808 2568 6462 6463 
809 6950 5083 8182 
810 5704 5087 6904 
811 2202 8616 8685 
812 5847 5846 5849 
813 6848 5166 8266 
814 1764 5621 8162 
815 8501 5109 8632 
816 3847 5947 5948 
817 4302 5632 8457 
818 6367 1830 9812 
819 5692 3801 6179 
820 470 13 6076 
821 7009 2202 8580 
822 4741 8343 9228 
823 538 6160 8257 
824 8318 5646 8389 
825 5992 4662 6895 
826 8375 6401 8843 
827 1655 6079 8737 
828 1297 1290 6519 
829 4970 5528 7316 
830 8226 2862 8487 
831 683 6326 9097 
832 5731 3195 9734 
833 480 5818 9177 
834 3180 5960 8033 
835 2008 1830 6367 
836 1794 5637 8766 
837 5999 8967 9031 
838 8967 7426 9031 
839 4989 5585 9579 
840 6240 2083 9653 
841 1953 6242 6762 
842 1834 1977 6650 
843 599 8544 9171 
844 2829 2890 7074 
845 5403 6361 8956 
846 6822 6479 8486 
847 117 116 8677 
848 6970 2560 6971 
849 4521 6248 7222 
850 5677 405 8665 
851 1355 8318 8389 
852 5818 480 7867 
853 5510 7469 7833 
854 6869 3303 7848 
855 5890 1703 6267 
856 2143 2145 6251 
857 3479 3481 6402 
858 1834 6650 9812 
859 6519 1290 9818 
860 3262 7234 9844 
861 919 8722 9056 
862 2555 2557 7274 
863 8332 4965 8564 
864 6721 5592 7912 
865 9117 5755 9173 
866 1543 5725 9289 
867 499 5954 7620 
868 5064 6661 6662 
869 6242 5666 6762 
870 6479 6822 8673 
871 564 498 565 
872 5840 885 9784 
873 8616 7004 8685 
874 8232 5230 8570 
875 4165 5953 6550 
876 5703 4919 6313 
877 3303 6869 7460 
878 5735 4693 6493 
879 7425 7426 8277 
880 6391 2104 9720 
881 4492 5736 6363 
882 8081 7515 9093 
883 522 7022 7024 
884 5944 2635 6358 
885 1291 6721 7912 
886 5860 3141 5861 
887 4319 5064 5964 
888 4638 8693 8941 
889 5970 6988 7878 
890 5645 5646 7541 
891 3033 5846 5847 
892 5612 5857 8297 
893 5612 8297 8909 
894 3847 5948 8708 
895 6494 8816 9316 
896 5820 6127 8981 
897 7426 4303 8277 
898 375 376 7249 
899 553 8072 9106 
900 5789 1714 8170 
901 5785 3887 6026 
902 7615 5991 8228 
903 5734 3431 6300 
904 5775 7046 8827 
905 3887 5787 5788 
906 5871 8747 8796 
907 7044 7815 9133 
908 7541 5646 8318 
909 7035 7864 8684 
910 2551 2553 7430 
911 6494 5216 8816 
912 5737 452 9265 
913 7438 1329 7439 
914 1668 5967 5970 
915 5878 4950 6169 
916 5953 4165 6551 
917 8716 7840 8922 
918 7688 8326 8645 
919 5230 5912 8570 
920 6801 3010 8204 
921 4906 6765 6873 
922 1586 7970 9242 
923 5572 6087 8448 
924 13 14 6076 
925 6463 6477 8478 
926 5817 4813 5959 
927 8837 5389 9117 
928 4811 5826 7287 
929 2890 7073 7074 
930 8841 5025 9112 
931 7029 8918 9196 
932 3870 6382 6383 
933 1277 8355 8471 
934 8544 5577 9171 
935 3964 8716 8922 
936 6706 8695 8726 
937 6336 2897 7792 
938 2566 3195 6461 
939 3886 3887 5788 
940 3019 6485 7430 
941 5246 6173 7586 
942 4797 6683 6684 
943 8917 5275 8965 
944 8149 6811 8204 
945 5489 8824 8882 
946 412 5827 6049 
947 6096 197 6097 
948 5355 8867 9224 
949 5870 5871 8796 
950 3881 7165 7166 
951 5754 5251 8683 
952 5665 3289 8357 
953 5702 468 9065 
954 7420 6150 9808 
955 6179 4660 6180 
956 2770 2633 5944 
957 896 5754 8807 
958 5691 1447 7921 
959 6552 4289 8462 
960 6256 5565 8859 
961 6962 8982 9160 
962 6764 4906 6766 
963 4553 5674 9712 
964 6018 5743 6968 
965 5919 5670 5920 
966 4718 5216 6493 
967 7404 5175 8492 
968 5811 5012 6248 
969 7830 5726 9818 
970 3010 8149 8204 
971 5330 7514 8728 
972 8824 1253 8882 
973 6390 5642 8848 
974 8695 4772 8726 
975 6363 3134 8256 
976 6855 523 6856 
977 7843 4896 7844 
978 8900 2156 9012 
979 5190 5280 8905 
980 422 6428 6429 
981 5585 8181 9136 
982 6454 6452 6456 
983 5109 5797 8632 
984 7390 7413 7414 
985 5435 4031 6000 
986 2510 6018 6968 
987 5064 5934 6661 
988 5876 1543 6283 
989 4929 5934 6138 
990 3365 7967 7968 
991 5841 3787 5866 
992 787 5575 9066 
993 6214 7885 9389 
994 1447 5691 8082 
995 118 117 6238 
996 7908 1277 8471 
997 2919 7009 8580 
998 5823 7750 7968 
999 5754 8683 8807 
1000 3779 5847 5848 
1001 5574 6418 9079 
1002 2029 5992 6895 
1003 5525 7186 7187 
1004 5955 4867 9653 
1005 1462 1340 7438 
1006 1543 1453 6283 
1007 5078 5726 8192 
1008 5272 5271 7366 
1009 6418 5574 9517 
1010 409 5800 9053 
1011 7009 2919 8523 
1012 6486 3965 7430 
1013 6988 3679 7878 
1014 6621 479 8821 
1015 1218 5815 7315 
1016 533 5958 6331 
1017 5683 7408 8650 
1018 7361 8540 9391 
1019 8685 7004 8861 
1020 8315 456 9469 
1021 4300 5525 7187 
1022 5583 6336 7792 
1023 8343 6182 9228 
1024 5754 896 9295 
1025 2103 2104 6391 
1026 8722 6108 9056 
1027 2165 6066 6878 
1028 527 6448 8945 
1029 767 8907 9154 
1030 3533 6962 9160 
1031 3012 8464 8500 
1032 1363 1265 5969 
1033 5025 8503 9112 
1034 8905 5280 8943 
1035 8633 403 9090 
1036 8918 6952 9196 
1037 3010 6801 8408 
1038 3734 3301 8788 
1039 2053 4490 5886 
1040 683 680 6326 
1041 6276 2674 8438 
1042 5726 7830 8192 
1043 3303 7460 7893 
1044 5663 5662 8805 
1045 5674 4553 8395 
1046 3896 6125 8771 
1047 445 6147 6532 
1048 8464 6889 8500 
1049 5868 7629 9661 
1050 6173 1713 7586 
1051 5498 4792 6787 
1052 699 5117 8682 
1053 529 6452 6453 
1054 553 7533 8072 
1055 7004 7005 8861 
1056 3239 804 5866 
1057 5049 6572 8660 
1058 699 8682 8703 
1059 2493 5941 8929 
1060 376 419 7249 
1061 7408 5683 9530 
1062 2726 8637 9610 
1063 774 6080 6400 
1064 6166 5921 8779 
1065 6095 7614 8702 
1066 464 6950 8182 
1067 6078 6150 7420 
1068 5575 787 9182 
1069 8440 5211 8484 
1070 5586 7410 9585 
1071 679 5891 6326 
1072 5050 8660 8724 
1073 6309 3499 8915 
1074 3787 5842 6254 
1075 517 5677 8665 
1076 4899 7591 7789 
1077 2197 7343 8198 
1078 5803 4899 7789 
1079 7145 4634 7147 
1080 4554 6080 6402 
1081 5211 5212 8484 
1082 5050 5049 8660 
1083 6244 21 7517 
1084 2897 5779 7792 
1085 113 112 6105 
1086 7523 9233 9384 
1087 5671 4196 6254 
1088 6947 2197 7647 
1089 5849 5846 9835 
1090 7515 425 9093 
1091 7145 7144 7636 
1092 6179 3801 8020 
1093 2658 5871 8644 
1094 6574 7921 8073 
1095 6089 3914 9615 
1096 6552 5387 6953 
1097 9234 3343 9250 
1098 7640 5737 7859 
1099 6147 445 7089 
1100 7147 4634 7633 
1101 4942 6292 8273 
1102 6104 6103 8221 
1103 4167 5918 5919 
1104 5814 5813 9830 
1105 1099 7279 9702 
1106 8806 5434 8887 
1107 555 6178 8818 
1108 5457 5878 6169 
1109 6260 6350 8838 
1110 4167 3714 5916 
1111 5964 5064 9335 
1112 8637 2726 9830 
1113 5885 8267 8756 
1114 6202 5141 6203 
1115 4634 7145 7636 
1116 5669 456 8864 
1117 6578 6587 8674 
1118 8693 6323 8941 
1119 5218 2014 6072 
1120 5885 4490 8267 
1121 5637 3142 8766 
1122 5779 2897 7040 
1123 6751 4853 9855 
1124 5941 2493 9019 
1125 6402 6401 8375 
1126 6452 6451 6456 
1127 4050 5797 9279 
1128 5959 3056 8173 
1129 11 12 6078 
1130 3031 3033 5847 
1131 4899 5803 7788 
1132 201 559 9638 
1133 8440 4475 8970 
1134 5428 9222 9352 
1135 447 113 6105 
1136 5561 423 9143 
1137 7921 1447 8073 
1138 7022 522 9045 
1139 3684 5819 6161 
1140 7025 8633 9090 
1141 4490 5885 5886 
1142 5929 4555 8804 
1143 4029 3410 7565 
1144 1367 1365 5970 
1145 2911 3263 9785 
1146 5387 4970 6953 
1147 6451 3764 6456 
1148 3265 6001 7554 
1149 6572 5049 8640 
1150 5677 517 9540 
1151 6238 117 8677 
1152 6770 1970 8715 
1153 6245 2286 7425 
1154 6714 8236 9172 
1155 5795 4836 8379 
1156 5231 7716 8949 
1157 6779 8643 8661 
1158 8971 7340 9054 
1159 6811 1045 7496 
1160 8626 5161 9543 
1161 6411 3246 7546 
1162 6097 197 9636 
1163 6001 4971 7554 
1164 5212 6744 8484 
1165 5327 8782 8865 
1166 6488 8900 9012 
1167 8611 6037 8708 
1168 9233 2178 9384 
1169 6251 2145 8885 
1170 3381 3855 6924 
1171 4393 6235 8358 
1172 6602 8336 9021 
1173 7283 5605 8713 
1174 9222 6598 9352 
1175 1881 1876 8599 
1176 6142 443 9726 
1177 3342 4167 5920 
1178 3732 6384 6386 
1179 2457 8713 9325 
1180 3558 6037 6038 
1181 423 5561 9387 
1182 6120 455 6121 
1183 6971 2560 6972 
1184 8675 4518 9036 
1185 6633 4331 6739 
1186 7366 5271 9080 
1187 6160 538 9793 
1188 3313 6021 8197 
1189 5110 8283 8367 
1190 5867 3897 7557 
1191 516 7226 7309 
1192 3142 5637 8828 
1193 5063 6779 8661 
1194 5387 6552 8462 
1195 6263 505 8015 
1196 3914 6089 8452 
1197 8060 6819 9059 
1198 2716 2714 5949 
1199 4965 5048 8564 
1200 6245 7425 8277 
1201 524 5806 9328 
1202 427 6297 6318 
1203 837 9259 9298 
1204 8785 6140 8890 
1205 541 6101 6102 
1206 199 498 564 
1207 499 106 5921 
1208 7466 3013 9075 
1209 6034 4408 8242 
1210 541 6100 6101 
1211 5964 536 8891 
1212 5376 8971 9054 
1213 4302 8623 8733 
1214 6037 4886 6038 
1215 8782 6778 8865 
1216 2942 2943 7477 
1217 3803 3802 6322 
1218 6276 4568 7206 
1219 6683 6682 6685 
1220 6361 1558 8956 
1221 5799 2672 6440 
1222 7361 5251 8540 
1223 5174 8611 8708 
1224 2666 8296 8354 
1225 7400 8392 8981 
1226 6141 6142 9726 
1227 5621 6411 7546 
1228 445 6532 8639 
1229 4942 4943 6292 
1230 840 885 7188 
1231 6328 6329 8282 
1232 8623 6760 8733 
1233 7162 7165 8516 
1234 3012 6793 8464 
1235 8907 5932 9154 
1236 5192 5194 8033 
1237 6339 2181 6341 
1238 1115 1098 6563 
1239 8986 5094 9003 
1240 4513 4504 7544 
1241 3639 5752 9480 
1242 1881 6258 7364 
1243 5193 7932 7933 
1244 188 8528 9151 
1245 499 5921 6166 
1246 8296 5229 8354 
1247 5871 2658 8747 
1248 3870 6381 6382 
1249 8564 5048 8699 
1250 7507 9052 9139 
1251 6402 8375 9018 
1252 6030 1879 7328 
1253 5605 7283 9549 
1254 342 479 6621 
1255 6432 1970 7364 
1256 1858 1860 7411 
1257 5812 5811 9484 
1258 1015 1013 6983 
1259 5704 5662 9620 
1260 3409 4942 6439 
1261 5890 4482 6322 
1262 5856 1291 7912 
1263 5801 5800 8246 
1264 5817 5959 8173 
1265 6378 337 8888 
1266 531 341 6621 
1267 1672 1800 6766 
1268 3269 4724 9614 
1269 6184 7014 7015 
1270 5229 6826 8354 
1271 1291 5856 6715 
1272 5345 6586 9124 
1273 8357 8260 8910 
1274 4206 566 6096 
1275 5076 6432 7364 
1276 6344 7669 9303 
1277 5752 3639 8834 
1278 6440 2304 8709 
1279 505 6263 8999 
1280 5971 9181 9202 
1281 3119 5872 6751 
1282 131 130 6412 
1283 6765 6626 6873 
1284 3395 4205 6072 
1285 4697 6870 6938 
1286 5865 3460 7236 
1287 6121 546 6131 
1288 3025 8785 8890 
1289 7507 6499 8738 
1290 5908 4289 6827 
1291 5809 5810 9037 
1292 5155 8245 8688 
1293 5937 5699 5985 
1294 6328 8282 9388 
1295 337 6378 9522 
1296 5725 9124 9289 
1297 5803 3858 7788 
1298 5923 779 6051 
1299 3460 3459 7236 
1300 6341 2181 6601 
1301 9062 7193 9126 
1302 9259 5539 9298 
1303 1121 6388 8237 
1304 4733 8872 9657 
1305 7187 839 7188 
1306 6575 1584 7870 
1307 6066 5581 6878 
1308 4044 5854 9235 
1309 7716 5231 9321 
1310 8724 6630 8810 
1311 7410 5586 8451 
1312 3495 4328 6300 
1313 6279 427 8826 
1314 3807 4812 7174 
1315 6203 5141 9607 
1316 1410 6192 6557 
1317 6038 8986 9003 
1318 6489 6442 8210 
1319 3402 5693 9707 
1320 5971 6565 9181 
1321 5442 6987 7464 
1322 5693 3402 9684 
1323 3141 5860 6335 
1324 7046 3027 8827 
1325 2053 5886 6497 
1326 5251 7361 8683 
1327 5891 5187 6326 
1328 6000 4031 6050 
1329 7661 8955 9142 
1330 5962 4319 5964 
1331 6550 6549 8658 
1332 4115 4114 6739 
1333 6897 9161 9331 
1334 7629 420 9661 
1335 3881 7166 7879 
1336 779 5923 8121 
1337 3786 3787 6254 
1338 422 6429 9403 
1339 9052 3497 9139 
1340 632 630 6093 
1341 3142 8828 8840 
1342 5648 5870 7335 
1343 5779 7040 7776 
1344 474 7387 8483 
1345 8177 3116 8197 
1346 4867 6240 9653 
1347 6021 3313 8250 
1348 7458 5943 8839 
1349 4943 5007 6292 
1350 5638 6034 8242 
1351 7132 4625 7144 
1352 4170 6329 8159 
1353 5811 5500 9484 
1354 5483 7725 8804 
1355 7144 4625 7636 
1356 426 5783 8555 
1357 2766 8961 9354 
1358 6080 5597 6400 
1359 6634 3142 8840 
1360 6793 3012 8491 
1361 438 8175 8232 
1362 1543 5876 7136 
1363 438 5781 8175 
1364 2568 6463 8478 
1365 4356 5915 6241 
1366 6397 417 9496 
1367 6021 8177 8197 
1368 5900 5893 8835 
1369 566 498 6096 
1370 5649 4919 9850 
1371 3008 6270 7376 
1372 5815 4552 7315 
1373 8175 5230 8232 
1374 5700 4426 6853 
1375 9161 6177 9331 
1376 6408 4589 7259 
1377 6039 1564 7398 
1378 6944 6947 7647 
1379 3302 1115 6026 
1380 8176 5262 8831 
1381 4356 2081 6240 
1382 7040 7041 7776 
1383 6439 4942 8273 
1384 3519 5255 8769 
1385 5794 487 9122 
1386 6026 1115 6563 
1387 1805 1807 6938 
1388 7714 7491 9323 
1389 557 6226 8997 
1390 3899 7838 9807 
1391 3013 7466 9291 
1392 6233 3446 6594 
1393 2845 6055 6057 
1394 3732 6386 9749 
1395 7718 6602 9021 
1396 5670 5919 8092 
1397 6744 5212 9722 
1398 7918 8809 9379 
1399 7718 4247 8365 
1400 5872 3119 6750 
1401 487 5794 9000 
1402 5947 3847 5949 
1403 4521 5811 6248 
1404 5977 6270 7939 
1405 5977 1318 6982 
1406 7023 5807 8427 
1407 7838 3899 9730 
1408 2054 5903 8267 
1409 2287 2286 8625 
1410 7109 6575 7870 
1411 9584 1001 9586 
1412 5869 4291 8655 
1413 6618 466 8718 
1414 6711 5588 8773 
1415 507 6734 6735 
1416 8713 5605 9325 
1417 8461 3343 9234 
1418 6008 9062 9126 
1419 6318 5864 8005 
1420 6603 8701 9218 
1421 5960 3180 7684 
1422 3146 3363 6456 
1423 5542 5540 9495 
1424 5161 8626 8841 
1425 85 86 6847 
1426 5050 8724 8810 
1427 6260 6349 6350 
1428 7502 6220 8465 
1429 8409 4939 8448 
1430 8127 5043 8217 
1431 7166 8655 8794 
1432 7662 7661 9142 
1433 1375 8222 8977 
1434 4588 5937 5985 
1435 3645 6104 8221 
1436 6863 8341 8398 
1437 5725 5345 9124 
1438 4914 7187 7188 
1439 6060 4513 7544 
1440 7049 9584 9586 
1441 8326 5534 8645 
1442 6973 3019 7274 
1443 5872 4853 6751 
1444 6369 6013 6540 
1445 2698 7649 8802 
1446 4968 6039 7398 
1447 5011 6638 6639 
1448 4605 6170 6313 
1449 4289 5908 8462 
1450 8961 5796 9354 
1451 6013 6369 9668 
1452 5934 5143 6661 
1453 6826 5229 8460 
1454 3334 5839 7649 
1455 6750 790 6752 
1456 5541 6103 6235 
1457 2760 5873 6854 
1458 7165 3881 8516 
1459 6451 6449 6455 
1460 1453 1534 6283 
1461 4767 7438 7439 
1462 2831 2829 7074 
1463 6053 6051 8117 
1464 6085 5077 8239 
1465 6085 3167 6442 
1466 7384 7415 8762 
1467 7138 3573 8287 
1468 6408 6407 7760 
1469 4951 6088 6089 
1470 8793 1375 8977 
1471 5943 5944 8839 
1472 5911 7868 8283 
1473 8294 8734 9190 
1474 6009 5153 6015 
1475 541 111 6100 
1476 6189 4473 6871 
1477 4551 3162 8666 
1478 8962 5241 9591 
1479 4874 2456 8506 
1480 2200 8336 8819 
1481 7364 6258 9425 
1482 6407 4981 7760 
1483 5118 7139 7568 
1484 1454 6584 6585 
1485 5966 1668 5969 
1486 7139 1562 7568 
1487 1045 6811 8149 
1488 5241 5242 9591 
1489 1602 1599 6314 
1490 3787 3239 5866 
1491 5444 6985 6986 
1492 5958 533 6332 
1493 1669 1407 6380 
1494 2689 3234 7879 
1495 2628 2631 7335 
1496 8528 5546 9151 
1497 3929 6009 6015 
1498 7132 7131 7651 
1499 483 6346 8468 
1500 8257 6160 8751 
1501 5938 3541 7359 
1502 7021 7023 8427 
1503 2000 6306 9254 
1504 902 6063 8989 
1505 4662 4661 6895 
1506 6024 4028 6027 
1507 7444 5928 7810 
1508 3342 5920 9675 
1509 6081 4457 6505 
1510 6388 6382 8237 
1511 6962 5130 8982 
1512 6993 6991 8442 
1513 4430 5086 6545 
1514 3911 5965 6827 
1515 5001 5083 8176 
1516 6131 546 6149 
1517 5130 6962 9390 
1518 5195 7669 8477 
1519 435 6019 6022 
1520 8850 6587 8939 
1521 6352 4938 8948 
1522 3236 5988 6017 
1523 4906 1670 6766 
1524 6949 5082 7234 
1525 5826 4811 8632 
1526 7037 5370 8710 
1527 6231 4154 6376 
1528 5908 6827 8251 
1529 4205 5892 6072 
1530 1630 6183 7355 
1531 4625 7132 7651 
1532 630 1313 6093 
1533 930 7122 7564 
1534 6321 5018 9117 
1535 5639 5640 6206 
1536 5082 6420 8572 
1537 487 7693 7694 
1538 2754 3185 8563 
1539 5915 4356 6240 
1540 4587 9235 9257 
1541 4951 3526 6088 
1542 7767 5028 8821 
1543 8506 2456 8557 
1544 4495 6024 6027 
1545 6934 8767 8784 
1546 7376 7496 7937 
1547 6924 3855 6925 
1548 1365 1668 5970 
1549 481 9522 9790 
1550 107 499 7620 
1551 5257 5161 8841 
1552 1802 8797 8812 
1553 1794 6542 8712 
1554 2845 6057 6176 
1555 5379 6315 9027 
1556 4577 6031 6032 
1557 7014 6184 7173 
1558 1317 1306 6392 
1559 8236 6483 9172 
1560 6270 3008 7939 
1561 3119 2032 6750 
1562 1318 5977 7939 
1563 3962 7041 7111 
1564 7387 474 9413 
1565 6808 3622 7493 
1566 8767 4757 8784 
1567 1391 1425 6585 
1568 6827 5965 8251 
1569 7122 5385 7564 
1570 6350 525 8838 
1571 5616 8539 9766 
1572 6587 4824 8674 
1573 6006 6742 8927 
1574 6617 6618 8718 
1575 4050 5826 8632 
1576 8797 5397 8812 
1577 5798 1374 8441 
1578 3732 3275 6384 
1579 5127 7444 7810 
1580 3255 5928 7013 
1581 9214 5201 9240 
1582 7616 7094 8411 
1583 6951 6894 9591 
1584 20 21 6244 
1585 6498 5554 9208 
1586 3276 3278 6381 
1587 6306 2000 9356 
1588 1131 6638 8405 
1589 6082 4431 6544 
1590 937 940 8604 
1591 4631 4903 7458 
1592 1668 1363 5969 
1593 9639 5838 9665 
1594 6287 3912 7371 
1595 9483 5398 9509 
1596 5190 5752 8834 
1597 4962 6058 7454 
1598 6258 1881 8599 
1599 4024 8850 8939 
1600 3885 6746 8698 
1601 3829 4182 6167 
1602 5234 5778 8758 
1603 3228 569 6173 
1604 455 6120 6122 
1605 2915 8597 9175 
1606 7226 516 9109 
1607 6848 465 9170 
1608 6051 779 8117 
1609 9475 8208 9488 
1610 6286 4081 9007 
1611 8267 5903 8756 
1612 7497 711 8473 
1613 6074 9349 9400 
1614 3811 5141 6202 
1615 4933 8412 8896 
1616 5385 4823 8679 
1617 8245 6396 8688 
1618 6424 6426 8255 
1619 7400 406 8392 
1620 1794 8712 8746 
1621 4947 5828 5984 
1622 390 391 6305 
1623 4324 7690 8435 
1624 5734 4947 5984 
1625 6010 4295 9061 
1626 6103 5541 8221 
1627 5460 9260 9324 
1628 5503 5791 8568 
1629 6985 5444 8760 
1630 8799 657 9247 
1631 2559 2562 6972 
1632 5244 3859 8706 
1633 6754 5118 8743 
1634 6186 6000 9658 
1635 552 7598 8949 
1636 4853 4854 9855 
1637 5119 9025 9353 
1638 8655 4291 8794 
1639 2560 6970 7274 
1640 1425 1454 6585 
1641 5791 8675 9036 
1642 6805 6804 8514 
1643 5752 5190 8905 
1644 6257 4358 6259 
1645 3008 7376 7937 
1646 3643 4166 6349 
1647 6163 5257 9112 
1648 1854 1856 7553 
1649 1005 7321 9621 
1650 6180 4660 6380 
1651 5435 6000 6186 
1652 1714 6489 8210 
1653 7234 5805 9844 
1654 5704 462 8805 
1655 3898 4932 7557 
1656 8701 6486 9218 
1657 5079 6359 7196 
1658 5126 3567 8038 
1659 4124 7507 8738 
1660 2045 6715 8525 
1661 6145 6146 6523 
1662 6825 5406 8825 
1663 7713 4584 9227 
1664 9260 6620 9324 
1665 5367 6257 6259 
1666 5979 464 8182 
1667 7321 1005 9655 
1668 6746 3885 9794 
1669 9055 6063 9078 
1670 7186 5525 9135 
1671 5829 412 6906 
1672 1313 6012 6093 
1673 2557 2560 7274 
1674 4319 5962 6144 
1675 6204 5640 6205 
1676 5100 9639 9665 
1677 6685 5589 9741 
1678 2028 5631 9532 
1679 1970 6432 8715 
1680 5980 8878 9164 
1681 5406 6825 9506 
1682 4291 5869 9600 
1683 5928 3255 7810 
1684 3827 3829 6167 
1685 9001 8233 9262 
1686 6062 6063 9055 
1687 3019 2555 7274 
1688 3847 2716 5949 
1689 5110 5109 8501 
1690 9057 3593 9232 
1691 4588 5985 6174 
1692 5631 2028 9601 
1693 4056 5911 8283 
1694 2049 4746 8994 
1695 8750 575 9037 
1696 5815 1218 6458 
1697 4577 6032 6274 
1698 8254 6208 8394 
1699 7725 3924 8804 
1700 9495 5540 9562 
1701 8553 2208 8585 
1702 3887 3302 6026 
1703 6805 8514 8567 
1704 5806 7674 8359 
1705 6586 5345 9229 
1706 6074 6129 9349 
1707 6185 5088 8942 
1708 5791 5503 8675 
1709 4587 4044 9235 
1710 5601 6110 9232 
1711 7359 7358 8360 
1712 5988 3236 6291 
1713 6426 4354 8255 
1714 6000 5523 9658 
1715 7496 1045 7937 
1716 3317 6145 6523 
1717 2286 6245 8625 
1718 22 503 7517 
1719 8088 6197 8138 
1720 2208 7005 8585 
1721 5151 6131 6149 
1722 6226 7500 8587 
1723 3966 3448 7287 
1724 5211 8440 8970 
1725 7444 4181 8984 
1726 5778 5234 8872 
1727 5650 1388 9453 
1728 8799 6043 8898 
1729 3009 8453 8472 
1730 3913 6191 7594 
1731 6998 8553 8585 
1732 8453 6808 8472 
1733 2104 2805 9720 
1734 6636 9214 9240 
1735 3843 8333 8380 
1736 4860 5399 8763 
1737 8811 2512 9008 
1738 6922 6924 6925 
1739 7834 5126 8038 
1740 5937 8128 9542 
1741 4874 5888 8412 
1742 435 6022 7036 
1743 4584 7712 7714 
1744 1564 6039 7485 
1745 2553 3019 7430 
1746 3906 6241 7736 
1747 5528 7052 9625 
1748 2019 8513 8601 
1749 2890 6749 7073 
1750 6807 3622 6808 
1751 6002 3446 6233 
1752 2050 6041 6315 
1753 3116 5957 8028 
1754 6667 9483 9509 
1755 8776 1844 9070 
1756 7333 5551 7524 
1757 6058 2625 7454 
1758 5931 3924 8137 
1759 6170 5703 6313 
1760 6120 5120 6122 
1761 7131 4598 7651 
1762 1534 1605 8551 
1763 105 558 5921 
1764 559 200 564 
1765 5341 5980 9164 
1766 8283 5110 8501 
1767 5992 2029 6624 
1768 3485 7340 8707 
1769 7013 6016 7837 
1770 6248 940 7222 
1771 461 5924 8325 
1772 7402 5355 9224 
1773 5789 5787 6489 
1774 5174 5948 9148 
1775 6340 6341 7718 
1776 3965 2551 7430 
1777 6544 4431 6545 
1778 8657 481 9790 
1779 6442 3167 8210 
1780 3666 5879 9145 
1781 5457 6169 6412 
1782 2087 3541 8079 
1783 8418 6269 8521 
1784 6371 6454 9445 
1785 3301 7477 8788 
1786 6352 3537 9717 
1787 5448 8573 8610 
1788 7052 5528 9539 
1789 4921 8418 8521 
1790 6031 5729 6032 
1791 6329 4170 8282 
1792 3263 6273 9785 
1793 4051 9632 9710 
1794 5004 6319 6320 
1795 7041 3962 7776 
1796 3289 8260 8357 
1797 6952 7864 9196 
1798 4598 7131 7133 
1799 5284 6332 8657 
1800 8341 5658 8398 
1801 4589 6408 7760 
1802 5728 5729 6031 
1803 5863 6345 9645 
1804 5706 511 8203 
1805 3927 6162 6842 
1806 8866 2371 9272 
1807 6761 7601 8624 
1808 4570 4568 6276 
1809 5699 5937 9542 
1810 4165 6550 8658 
1811 7195 8943 9456 
1812 192 448 6118 
1813 6077 5705 7518 
1814 7238 9061 9138 
1815 7413 7390 9381 
1816 5969 7138 8287 
1817 6063 902 9078 
1818 4694 7597 7738 
1819 6660 1780 8852 
1820 130 545 6412 
1821 8943 5280 9456 
1822 6034 6118 6119 
1823 7116 7115 8681 
1824 6893 7528 8764 
1825 543 9475 9488 
1826 5107 5922 8222 
1827 6019 435 6244 
1828 2210 6993 8442 
1829 547 8092 8093 
1830 4896 7843 9438 
1831 5904 433 8774 
1832 5495 5497 9410 
1833 3616 3618 8641 
1834 6043 6042 8898 
1835 1071 8455 8481 
1836 7070 4361 9498 
1837 6275 3722 6498 
1838 3913 6190 6191 
1839 2560 2559 6972 
1840 431 5874 9773 
1841 8894 5052 9049 
1842 5120 6159 6160 
1843 6269 3695 8515 
1844 1655 1570 6047 
1845 7044 480 9177 
1846 8455 6887 8481 
1847 5879 3666 9545 
1848 8874 5400 8919 
1849 6022 6188 7036 
1850 5986 5028 7767 
1851 539 6645 8316 
1852 5773 9048 9412 
1853 5931 5929 8804 
1854 5088 6185 9650 
1855 9023 5599 9249 
1856 9155 5927 9257 
1857 6538 4557 8352 
1858 6008 9126 9140 
1859 2721 6457 6752 
1860 111 110 6100 
1861 6638 5011 8405 
1862 4134 6505 7174 
1863 5658 6426 8398 
1864 564 565 9551 
1865 2676 7348 7603 
1866 3912 6287 7671 
1867 5952 9431 9459 
1868 12 470 6078 
1869 6604 5822 9822 
1870 5952 5953 9431 
1871 3764 3146 6456 
1872 5854 5853 9235 
1873 4181 7444 9085 
1874 6205 3246 7644 
1875 5388 8870 8964 
1876 6665 8084 8159 
1877 2879 8344 8781 
1878 7105 3966 7287 
1879 5853 5349 9235 
1880 3428 3431 5984 
1881 3066 5998 7454 
1882 1318 1015 6983 
1883 105 104 558 
1884 201 200 559 
1885 6914 4531 7134 
1886 4014 7007 7008 
1887 7513 5330 9518 
1888 4700 9276 9332 
1889 6007 6008 9140 
1890 555 8818 8899 
1891 3647 3428 5984 
1892 5954 499 9416 
1893 5936 2666 8187 
1894 3460 5865 9309 
1895 7453 5443 9540 
1896 8809 5914 9379 
1897 8336 6602 8819 
1898 6287 6288 7671 
1899 9632 5552 9710 
1900 109 108 6098 
1901 8513 5157 8601 
1902 8573 963 8610 
1903 2721 7168 8193 
1904 6983 8060 9059 
1905 6319 5004 6321 
1906 5822 6604 9766 
1907 5388 4835 8692 
1908 3446 6002 6271 
1909 8128 5937 9627 
1910 6012 1313 6325 
1911 5355 7402 9299 
1912 4570 5748 9806 
1913 3255 7013 7837 
1914 5400 5401 8919 
1915 6945 3628 6946 
1916 444 6894 6951 
1917 4431 6082 7205 
1918 419 5709 9301 
1919 7285 467 9810 
1920 6231 6376 9778 
1921 2100 5929 5930 
1922 7081 7079 7797 
1923 6488 6487 8792 
1924 3965 6486 8701 
1925 6477 6972 8478 
1926 9372 5495 9410 
1927 4134 7174 9774 
1928 5903 2054 9845 
1929 5257 6163 9355 
1930 9144 5490 9404 
1931 3167 6085 8239 
1932 8772 8527 9212 
1933 5909 1760 9759 
1934 6053 3028 6124 
1935 7348 5866 7603 
1936 5221 6065 6960 
1937 6168 6227 8587 
1938 1637 6854 7799 
1939 3383 3381 6924 
1940 5815 6458 6497 
1941 6296 4632 7748 
1942 6328 5527 7731 
1943 3537 6352 9042 
1944 1388 5650 9583 
1945 513 390 6305 
1946 2250 7081 7797 
1947 5956 5260 8308 
1948 1071 6889 8455 
1949 5930 5932 8907 
1950 4361 7070 9635 
1951 2674 6968 8438 
1952 6033 6749 7563 
1953 6488 8792 8900 
1954 6511 478 7766 
1955 4878 9309 9639 
1956 6197 8088 9508 
1957 9497 5844 9649 
1958 7521 3671 7959 
1959 8333 7088 8380 
1960 8620 5237 8678 
1961 3699 3811 6202 
1962 5007 6291 6292 
1963 6234 5010 7279 
1964 2280 6711 8773 
1965 5799 6440 8709 
1966 428 6206 8052 
1967 4651 4650 6228 
1968 2663 7946 8187 
1969 5790 9653 9807 
1970 6749 2890 7563 
1971 4013 7002 7003 
1972 6241 3906 6966 
1973 5376 9054 9084 
1974 8239 5077 8256 
1975 6435 4551 8666 
1976 3028 6053 8117 
1977 5969 1265 7138 
1978 4812 5854 7174 
1979 1780 6660 9687 
1980 6126 4027 9618 
1981 5968 9300 9411 
1982 8284 4751 8308 
1983 3431 3495 6300 
1984 294 458 6342 
1985 1278 5796 8961 
1986 6871 4473 6938 
1987 4039 5983 8603 
1988 5260 8284 8308 
1989 112 541 6105 
1990 5255 6024 8769 
1991 1446 5660 9546 
1992 5884 5717 8847 
1993 7077 7196 7877 
1994 6050 1317 6392 
1995 9359 4672 9425 
1996 2139 2141 6878 
1997 8718 70 8735 
1998 5117 7199 9162 
1999 6458 2053 6497 
2000 4023 3270 6138 
2001 7342 6943 7451 
2002 5702 7056 9715 
2003 7441 8952 9039 
2004 6681 7285 9810 
2005 5709 419 9185 
2006 1568 6044 6353 
2007 5073 6518 6644 
2008 4378 4375 6926 
2009 283 8654 8774 
2010 9104 7427 9241 
2011 5927 4587 9257 
2012 3850 8806 8887 
2013 7251 7219 7252 
2014 7196 6359 9744 
2015 3410 3519 7565 
2016 3979 7217 9559 
2017 6457 6750 6752 
2018 6575 6574 8074 
2019 9115 6877 9204 
2020 3555 6368 6540 
2021 9025 5607 9353 
2022 457 6302 6303 
2023 837 9135 9259 
2024 4457 6081 7395 
2025 4325 6681 8338 
2026 6088 3526 6691 
2027 9300 5996 9411 
2028 6188 506 7036 
2029 5500 6843 9337 
2030 1565 1564 7485 
2031 3564 6016 6296 
2032 4027 6126 8741 
2033 1655 6047 6301 
2034 6283 1534 8551 
2035 8258 8846 9278 
2036 7680 5160 8576 
2037 2140 2138 7647 
2038 3851 4977 6159 
2039 5554 8490 9208 
2040 6318 8005 9221 
2041 4328 5867 6300 
2042 6241 5915 7736 
2043 561 6209 6252 
2044 7055 4757 8767 
2045 7133 7134 7663 
2046 2572 2570 6335 
2047 3317 2550 7324 
2048 5711 9193 9491 
2049 6368 6369 6540 
2050 3870 3276 6381 
2051 9395 5365 9467 
2052 6734 507 6736 
2053 2074 8475 8515 
2054 5888 4874 8506 
2055 5866 804 7603 
2056 7284 6142 8795 
2057 435 20 6244 
2058 6145 3317 7324 
2059 4575 4893 6031 
2060 1879 6030 7553 
2061 7204 4622 7702 
2062 1807 4697 6938 
2063 7649 5839 8802 
2064 7946 5936 8187 
2065 6612 6615 6617 
2066 2460 8620 8678 
2067 3133 6726 6882 
2068 8316 6645 8864 
2069 5442 5444 6987 
2070 6295 8556 8742 
2071 4179 5018 6321 
2072 6346 483 9502 
2073 6715 5856 8525 
2074 6200 3698 6201 
2075 8496 7016 8649 
2076 6630 942 8499 
2077 6279 534 9683 
2078 4660 1669 6380 
2079 4972 8309 8603 
2080 457 6303 6304 
2081 3301 2942 7477 
2082 6183 6184 7355 
2083 6354 509 6355 
2084 4995 6125 6126 
2085 4431 4430 6545 
2086 5660 1446 9550 
2087 8420 7432 8531 
2088 5790 5955 9653 
2089 6503 5434 7273 
2090 5225 9001 9262 
2091 5377 5376 9084 
2092 1889 9023 9249 
2093 6040 1598 6353 
2094 5500 9337 9484 
2095 4598 7133 7663 
2096 5196 6269 8515 
2097 5242 6951 9591 
2098 7196 4669 7877 
2099 459 6086 6099 
2100 3541 5938 8079 
2101 4166 5390 6349 
2102 2674 6276 7206 
2103 5792 9514 9588 
2104 1830 1832 9812 
2105 6574 8073 8074 
2106 6993 8474 8502 
2107 2050 1602 6314 
2108 5170 9159 9271 
2109 5897 5898 9679 
2110 6457 2721 8193 
2111 7069 4489 7070 
2112 9276 5553 9332 
2113 3009 6804 8453 
2114 6162 3927 7486 
2115 5458 8894 9049 
2116 1098 1107 6563 
2117 6016 3564 7837 
2118 9193 3114 9491 
2119 5949 2714 7497 
2120 4407 6132 6689 
2121 3228 5897 9679 
2122 5672 4029 7565 
2123 6187 3350 7503 
2124 6184 7015 7355 
2125 5457 6412 9446 
2126 6681 6356 8338 
2127 3180 2536 7684 
2128 4182 6150 6167 
2129 3929 6015 6530 
2130 6487 2132 8792 
2131 3622 6807 7492 
2132 6860 6862 6863 
2133 6041 2050 6314 
2134 459 109 6098 
2135 6165 4498 6645 
2136 4311 6106 6109 
2137 4363 4563 6691 
2138 8474 2952 8502 
2139 6360 5079 6372 
2140 6092 9293 9326 
2141 6197 6194 6198 
2142 1542 5809 9037 
2143 6359 5079 6360 
2144 7384 7387 7415 
2145 5042 3500 8729 
2146 8870 5065 8964 
2147 2627 5870 8796 
2148 523 5982 8421 
2149 4672 5076 9425 
2150 193 192 6118 
2151 7068 6187 7503 
2152 4577 4575 6031 
2153 6742 6001 8927 
2154 426 131 6412 
2155 3764 6455 7648 
2156 1879 1858 7411 
2157 1195 7616 8411 
2158 6192 1410 8240 
2159 6303 6286 9007 
2160 5916 5751 5917 
2161 6731 5287 6733 
2162 9048 2030 9412 
2163 6557 6192 8475 
2164 3181 8995 9282 
2165 6190 3913 7530 
2166 1984 9115 9204 
2167 6150 6168 9808 
2168 6397 6398 7934 
2169 6505 4457 7174 
2170 1637 6048 6776 
2171 3383 6921 6926 
2172 5157 6542 8601 
2173 5941 7828 8929 
2174 5707 8114 8512 
2175 8387 3050 8423 
2176 4013 7001 7002 
2177 2943 3236 7477 
2178 5844 6333 9649 
2179 8084 4170 8159 
2180 7234 5082 8572 
2181 6351 2077 9814 
2182 4154 6231 7623 
2183 5051 4966 6050 
2184 6728 7371 7813 
2185 1897 6656 8974 
2186 3016 6887 8070 
2187 6408 7259 7291 
2188 5042 6075 8475 
2189 9159 5998 9271 
2190 7328 1879 7411 
2191 6854 5873 7799 
2192 6035 6036 9322 
2193 5943 2770 5944 
2194 5043 6266 8217 
2195 6207 5504 9567 
2196 5874 431 8645 
2197 5284 5958 6332 
2198 4908 8420 8531 
2199 7710 553 9106 
2200 6856 404 8407 
2201 5919 5918 8093 
2202 8952 2217 9039 
2203 766 769 6400 
2204 6228 4650 6229 
2205 4495 6027 6525 
2206 6059 3573 7125 
2207 7564 5385 8679 
2208 6334 6108 8722 
2209 7127 6288 7128 
2210 7404 1556 8723 
2211 5327 6784 8782 
2212 8245 3850 8887 
2213 1306 1308 6392 
2214 2841 8286 8350 
2215 3534 2066 7135 
2216 2666 5936 8296 
2217 6921 3383 6924 
2218 511 5706 9716 
2219 5671 6254 9497 
2220 4672 5951 9290 
2221 7411 1860 7554 
2222 2428 7037 8710 
2223 443 6142 7284 
2224 4014 7006 7007 
2225 6768 7448 8071 
2226 6091 6092 9326 
2227 6678 46 9100 
2228 6093 6013 8470 
2229 7504 5138 7558 
2230 2276 7504 7558 
2231 5216 5215 8816 
2232 6332 481 8657 
2233 6117 3079 9339 
2234 7100 3629 8582 
2235 3079 6117 9281 
2236 1599 1598 6314 
2237 6509 4340 6511 
2238 7233 3587 8884 
2239 6118 448 6119 
2240 9109 7336 9463 
2241 6327 6328 7731 
2242 5004 4179 6321 
2243 940 6248 8604 
2244 1334 6324 6787 
2245 5030 6230 6621 
2246 4307 7345 9813 
2247 5949 7497 8473 
2248 5141 8846 9607 
2249 5462 8087 8368 
2250 1290 1289 9818 
2251 837 7186 9135 
2252 5326 8889 8923 
2253 5970 5967 6988 
2254 424 85 6847 
2255 6126 5372 8741 
2256 1410 1411 8240 
2257 5934 4023 6138 
2258 5697 7692 9593 
2259 6987 3185 7464 
2260 5924 461 9068 
2261 4504 4506 7544 
2262 5133 6275 6498 
2263 6902 8537 8719 
2264 7398 1560 8492 
2265 7077 4593 7121 
2266 5747 6276 8438 
2267 86 502 6847 
2268 1308 1331 8428 
2269 6617 6615 6618 
2270 5796 1278 9101 
2271 8734 3691 9190 
2272 8132 6234 8136 
2273 6221 560 6222 
2274 6082 5114 7205 
2275 4174 5022 5751 
2276 6922 6925 8226 
2277 3171 4407 6689 
2278 7371 5664 7813 
2279 5986 410 8548 
2280 5998 4962 7454 
2281 1208 8291 8629 
2282 4946 5924 6049 
2283 2627 2628 7335 
2284 7470 4345 8990 
2285 7217 3979 9663 
2286 4966 6000 6050 
2287 6728 3539 7452 
2288 5160 7680 9838 
2289 5496 5495 9372 
2290 3436 7317 9424 
2291 5077 4492 6363 
2292 9145 5879 9150 
2293 6159 4977 6160 
2294 6025 2676 6702 
2295 6649 963 8573 
2296 6477 6971 6972 
2297 6342 458 6343 
2298 3927 6842 9180 
2299 6205 5640 7546 
2300 9514 695 9588 
2301 6845 502 6846 
2302 3924 5931 8804 
2303 1832 1834 9812 
2304 7078 5205 7079 
2305 5963 5964 8891 
2306 5360 8946 9250 
2307 1012 1014 7157 
2308 4012 7010 7011 
2309 6394 1130 6396 
2310 3696 3698 6200 
2311 5087 6903 6904 
2312 4971 7411 7554 
2313 6273 3263 9833 
2314 464 5979 8801 
2315 8463 8168 9700 
2316 5957 3116 8177 
2317 6889 1071 8500 
2318 4876 6707 7318 
2319 6170 4605 8520 
2320 3185 6987 8563 
2321 5009 6594 7973 
2322 1478 1435 6312 
2323 4908 7088 8420 
2324 5827 4946 6049 
2325 6388 8387 8423 
2326 4467 3551 6495 
2327 5724 8866 9272 
2328 5092 8127 8217 
2329 6254 5844 9497 
2330 9327 5496 9372 
2331 5745 6855 6856 
2332 6227 6168 8976 
2333 7602 5244 8706 
2334 3860 6374 6375 
2335 3957 9287 9310 
2336 7415 418 8762 
2337 3066 6826 9271 
2338 6055 2845 7553 
2339 4479 4343 6325 
2340 1367 5970 7878 
2341 5901 441 8751 
2342 3564 6296 7748 
2343 8556 2912 8742 
2344 46 6678 9443 
2345 3937 4355 6512 
2346 4747 7931 9097 
2347 8987 5378 9027 
2348 4489 7069 7075 
2349 9435 638 9440 
2350 7078 3627 8348 
2351 6833 8633 8862 
2352 7046 5777 8876 
2353 7694 5697 8234 
2354 6048 1637 7799 
2355 9111 6570 9256 
2356 6727 6728 7452 
2357 4420 4418 7235 
2358 4174 5751 5916 
2359 3562 8409 8448 
2360 6083 6084 8401 
2361 8874 5103 9071 
2362 3218 6863 7468 
2363 4457 3807 7174 
2364 4473 1805 6938 
2365 2625 6058 7197 
2366 6982 1318 6983 
2367 8286 6018 8350 
2368 4098 6113 6114 
2369 486 5993 9015 
2370 5930 8907 9660 
2371 2339 2337 6809 
2372 3089 7756 8565 
2373 3714 4174 5916 
2374 5144 6261 6262 
2375 2650 6111 6358 
2376 8892 6132 9223 
2377 2676 6025 7348 
2378 5780 2084 9417 
2379 1394 6416 9701 
2380 3996 3994 7001 
2381 5151 5038 6131 
2382 5640 6204 6206 
2383 5951 4672 9359 
2384 6294 6342 6343 
2385 6798 6162 7486 
2386 1175 8496 8649 
2387 9322 6036 9414 
2388 3573 6059 8287 
2389 7092 9042 9589 
2390 4605 6857 8520 
2391 1391 6585 7483 
2392 6084 7930 8401 
2393 5657 9395 9467 
2394 423 9387 9664 
2395 5053 6691 7891 
2396 6538 8352 9088 
2397 469 8605 9194 
2398 6376 6379 9778 
2399 1342 6503 7273 
2400 6236 2200 7537 
2401 8222 5922 8977 
2402 7067 5424 9677 
2403 5118 7568 8743 
2404 2759 7153 7154 
2405 715 6437 7422 
2406 6826 8460 9271 
2407 4000 3998 7006 
2408 5980 4768 8878 
2409 6167 6077 7518 
2410 6370 6371 7475 
2411 6700 5553 9276 
2412 6124 3028 8110 
2413 1598 6040 6314 
2414 3135 6033 7563 
2415 6193 4314 6198 
2416 654 9293 9361 
2417 2570 3141 6335 
2418 8470 6013 9668 
2419 420 7845 9661 
2420 8412 5888 8896 
2421 3246 6205 7546 
2422 6807 6809 7492 
2423 7005 7000 8585 
2424 3448 4811 7287 
2425 6789 6525 7752 
2426 11 6078 7420 
2427 7140 6979 7185 
2428 5471 5678 9005 
2429 3204 2689 7879 
2430 6101 6099 6235 
2431 6109 9057 9232 
2432 7528 1625 8764 
2433 1312 6161 7665 
2434 7079 5205 7797 
2435 5193 7933 8780 
2436 400 6677 8958 
2437 589 1342 6320 
2438 6161 5819 7665 
2439 6624 1058 8413 
2440 7317 3436 9374 
2441 4793 8493 8736 
2442 3852 3851 6159 
2443 5021 6114 9733 
2444 5794 545 9000 
2445 7844 4896 8554 
2446 3722 5554 6498 
2447 6675 5425 6677 
2448 7340 5279 8707 
2449 2767 7397 9554 
2450 6804 3009 8514 
2451 6485 6486 7430 
2452 6909 4469 6913 
2453 3228 6173 9525 
2454 565 498 566 
2455 9231 3743 9367 
2456 6632 424 9834 
2457 2200 2175 7537 
2458 9005 5678 9077 
2459 5541 6235 9815 
2460 7601 6478 8624 
2461 3952 7204 7702 
2462 5961 9556 9614 
2463 5544 8357 8910 
2464 1407 1402 6380 
2465 4903 5943 7458 
2466 4467 6208 8254 
2467 4004 4002 7010 
2468 8995 5946 9282 
2469 7203 4622 7204 
2470 6033 3135 7297 
2471 4880 6630 8499 
2472 2069 9104 9241 
2473 6923 6922 8226 
2474 5894 5900 8385 
2475 3275 3870 6384 
2476 116 543 8677 
2477 4325 6679 6681 
2478 1289 7830 9818 
2479 5489 6183 8745 
2480 1996 1979 6967 
2481 9439 993 9465 
2482 6253 3671 7521 
2483 4606 3889 8771 
2484 1066 6054 7590 
2485 4338 5120 6120 
2486 6966 3906 6967 
2487 6656 1897 9622 
2488 5961 5333 9556 
2489 4012 7011 7342 
2490 3246 1712 7644 
2491 6784 5327 8740 
2492 9042 5339 9589 
2493 5688 7346 9615 
2494 5424 7067 8958 
2495 3562 6087 9245 
2496 4890 5383 8142 
2497 1035 7150 7151 
2498 6981 423 9664 
2499 565 566 567 
2500 7397 2767 9641 
2501 561 298 6209 
2502 396 560 6221 
2503 2631 2770 7335 
2504 3490 3488 6313 
2505 6537 4557 6538 
2506 6983 1013 8060 
2507 1414 6319 6321 
2508 3367 6370 7475 
2509 9061 4295 9138 
2510 8719 6243 8836 
2511 6437 5060 7422 
2512 4154 3449 6375 
2513 6043 8799 9247 
2514 5434 6503 8887 
2515 6315 5379 9073 
2516 6863 6862 7468 
2517 6707 4876 7319 
2518 8651 7142 8803 
2519 6107 3233 6108 
2520 5762 9333 9457 
2521 4759 6337 9344 
2522 6608 6610 6611 
2523 6640 7045 8381 
2524 6080 774 6401 
2525 4473 6189 7347 
2526 7200 7068 7503 
2527 5378 5379 9027 
2528 4355 5801 6512 
2529 7429 2300 8529 
2530 6208 4467 6495 
2531 6266 5043 7499 
2532 6626 6765 7267 
2533 5260 5956 8511 
2534 6123 3891 6531 
2535 5045 8188 8205 
2536 5287 6731 7281 
2537 4724 5961 9614 
2538 5121 6916 7447 
2539 4604 6547 9563 
2540 3762 4751 8720 
2541 3278 3891 6381 
2542 6960 6065 7320 
2543 7134 4531 7663 
2544 6836 2997 7542 
2545 5788 5787 5789 
2546 7219 7251 7325 
2547 8395 2021 9191 
2548 6288 7127 7671 
2549 3891 6123 6255 
2550 6194 6193 6198 
2551 4485 6281 6282 
2552 5764 7297 7579 
2553 5286 5702 9715 
2554 3342 3714 4167 
2555 1850 1852 6176 
2556 6136 3818 6260 
2557 7738 7597 9189 
2558 3555 6403 7686 
2559 6866 2530 7600 
2560 1107 1117 7980 
2561 6102 6101 6103 
2562 5826 7135 7287 
2563 6581 6582 9072 
2564 7713 7534 7715 
2565 534 6279 8826 
2566 3618 7354 8641 
2567 3962 7111 7798 
2568 391 457 6305 
2569 6404 5142 8663 
2570 3157 6143 7442 
2571 3452 3331 6614 
2572 7410 1138 9585 
2573 4401 6496 8281 
2574 4013 3996 7001 
2575 8299 7356 8569 
2576 2008 6367 9497 
2577 3818 6136 6490 
2578 6044 5034 6353 
2579 6175 2019 8261 
2580 3234 3881 7879 
2581 9059 6819 9153 
2582 3358 4314 6193 
2583 6702 6593 7856 
2584 6454 6371 9450 
2585 6228 4631 7458 
2586 6612 6614 6615 
2587 4593 7077 7877 
2588 4932 5734 7557 
2589 5884 8931 8969 
2590 4859 8254 8394 
2591 6368 3555 7686 
2592 1174 1181 7356 
2593 1574 6626 7267 
2594 1856 1879 7553 
2595 1650 1746 6595 
2596 6150 4182 6168 
2597 6157 7061 8189 
2598 6221 6222 6223 
2599 1852 2845 6176 
2600 6594 6595 7973 
2601 479 7767 8821 
2602 5954 5036 7620 
2603 6086 459 6098 
2604 375 7249 8467 
2605 5958 6330 6331 
2606 6883 4782 6886 
2607 6707 6705 7318 
2608 5144 4470 6261 
2609 6018 2510 8350 
2610 7880 7357 8017 
2611 520 6984 7481 
2612 5452 6866 7600 
2613 9179 7913 9186 
2614 6911 3980 7327 
2615 6044 1568 7485 
2616 1815 9077 9253 
2617 6641 6190 7530 
2618 567 569 3228 
2619 5007 5988 6291 
2620 4973 7565 8769 
2621 1435 1445 6312 
2622 6860 6861 6862 
2623 5342 6289 6290 
2624 3818 3643 6349 
2625 6526 1935 6530 
2626 5971 1406 9137 
2627 6223 6222 6225 
2628 424 6632 9529 
2629 7690 7691 8435 
2630 7104 3966 7105 
2631 6111 2650 6917 
2632 6858 5414 9113 
2633 5504 6207 9725 
2634 517 7453 9540 
2635 1402 1350 8235 
2636 8597 6649 9175 
2637 4522 7102 7105 
2638 1448 9111 9256 
2639 5068 7168 7331 
2640 5855 8842 9543 
2641 6297 5862 6318 
2642 6426 5658 9575 
2643 5124 8892 9223 
2644 4544 6346 6399 
2645 5938 7359 8360 
2646 4759 9344 9504 
2647 4551 6232 7330 
2648 5399 7547 8763 
2649 5786 6441 6442 
2650 3551 5102 6495 
2651 6450 6449 6451 
2652 5066 7204 8375 
2653 7555 1552 7609 
2654 4340 6509 6510 
2655 6994 5186 8304 
2656 5443 7453 8760 
2657 7390 7414 8630 
2658 6968 5743 8438 
2659 5923 4606 8754 
2660 1713 8750 9089 
2661 5933 9435 9440 
2662 7088 4908 8380 
2663 6756 6755 8497 
2664 6382 6255 8237 
2665 6589 3949 7783 
2666 5372 4351 9329 
2667 5490 6413 9404 
2668 2997 6836 7296 
2669 3897 3898 7557 
2670 595 1130 6394 
2671 1104 1131 8016 
2672 8889 6780 8923 
2673 6547 4604 9620 
2674 473 8093 9695 
2675 547 8093 9099 
2676 5610 9458 9486 
2677 453 7723 8384 
2678 1584 6575 8074 
2679 2255 2253 7112 
2680 7082 8811 9008 
2681 457 392 6302 
2682 6312 6311 7618 
2683 5916 5917 5918 
2684 6914 6913 7679 
2685 4154 6375 6376 
2686 681 7107 7307 
2687 5333 5961 9516 
2688 525 6350 8152 
2689 6634 5397 8797 
2690 1014 7155 7157 
2691 6334 8722 9578 
2692 5414 5415 9156 
2693 4938 3823 8948 
2694 7583 7116 8681 
2695 6774 6652 7806 
2696 5159 6061 7610 
2697 6505 4134 7608 
2698 2764 2579 6427 
2699 6392 1308 8428 
2700 5745 6856 8407 
2701 6903 5087 8700 
2702 9385 1923 9392 
2703 4632 6296 7519 
2704 4878 5454 9309 
2705 5879 4561 9150 
2706 8374 6920 8404 
2707 6921 4378 6926 
2708 5034 6040 6353 
2709 470 6077 6078 
2710 2845 1854 7553 
2711 8188 5142 8205 
2712 7828 5941 9782 
2713 2484 6994 8304 
2714 5677 4829 6172 
2715 5644 6273 7446 
2716 9165 5481 9212 
2717 7610 6061 7611 
2718 1525 7167 7461 
2719 7481 6984 9594 
2720 7297 3135 7579 
2721 7167 6308 7461 
2722 8931 2381 8969 
2723 7164 4016 7957 
2724 502 6845 6847 
2725 4746 8373 8994 
2726 7455 9231 9367 
2727 6383 6382 6388 
2728 3587 7233 9732 
2729 2913 3102 3464 
2730 5612 9763 9855 
2731 5979 5561 8801 
2732 6947 6943 7342 
2733 4485 4483 6281 
2734 3644 8393 9494 
2735 9333 2039 9457 
2736 2952 6998 8502 
2737 4030 5159 8429 
2738 549 7615 8228 
2739 9293 6092 9361 
2740 7174 5854 9774 
2741 4749 7521 7959 
2742 5120 6160 9793 
2743 9287 5733 9310 
2744 5787 5786 6489 
2745 5138 6600 8469 
2746 4840 2139 6878 
2747 4535 5644 7446 
2748 5957 8023 8028 
2749 2663 6916 7895 
2750 3827 6167 7518 
2751 5995 4371 9493 
2752 7618 6311 8031 
2753 6110 6109 9232 
2754 2253 2476 7112 
2755 5686 4156 6278 
2756 2759 7152 7153 
2757 1542 579 9255 
2758 3273 2764 6427 
2759 4829 4830 6172 
2760 4780 7989 8070 
2761 8023 3157 8028 
2762 6141 4723 6142 
2763 7448 4280 8071 
2764 2100 766 6400 
2765 5226 7429 8529 
2766 9458 7393 9486 
2767 6320 1342 7273 
2768 8605 6561 9194 
2769 7128 6288 7394 
2770 5983 4039 8614 
2771 7352 5096 7353 
2772 6842 5580 9573 
2773 5489 8745 8824 
2774 3270 3131 6138 
2775 6346 5641 8468 
2776 6024 5255 9415 
2777 4571 4573 6277 
2778 4207 3559 6144 
2779 1747 3300 6521 
2780 3272 3730 6510 
2781 5783 5784 8555 
2782 7042 2260 7110 
2783 6507 4452 6508 
2784 4920 5981 6284 
2785 7114 7113 8439 
2786 5492 6864 9731 
2787 5342 4496 6289 
2788 2074 6557 8475 
2789 5708 7676 9163 
2790 5665 4398 6247 
2791 4343 6012 6325 
2792 1702 6164 7705 
2793 7005 2208 8861 
2794 5140 6642 8456 
2795 4945 5785 6026 
2796 7111 7112 7798 
2797 1024 1012 7157 
2798 7107 5067 7307 
2799 8309 4039 8603 
2800 6459 6895 9132 
2801 3541 6790 7359 
2802 7588 5388 8692 
2803 5225 9262 9370 
2804 3415 4154 7623 
2805 4371 5995 9323 
2806 5814 5815 6497 
2807 1089 8374 8404 
2808 4400 3747 6271 
2809 1035 7149 7150 
2810 6652 2465 7806 
2811 581 9173 9255 
2812 963 6649 8597 
2813 6809 2337 7492 
2814 7598 7739 9189 
2815 8344 5145 8781 
2816 7629 5868 9277 
2817 6736 6619 7732 
2818 6703 7121 7841 
2819 9156 5415 9169 
2820 8987 4334 9013 
2821 5046 6076 8639 
2822 9383 908 9569 
2823 3772 4452 6507 
2824 6246 1875 8482 
2825 5715 5596 8659 
2826 3559 3466 6144 
2827 5140 7555 7609 
2828 1580 7341 9544 
2829 5564 8776 9070 
2830 5826 3534 7135 
2831 4939 5176 8448 
2832 4854 5612 9855 
2833 1570 1638 6047 
2834 5444 6986 6987 
2835 6679 4325 6680 
2836 2132 6487 9737 
2837 5478 5139 7978 
2838 4563 6088 6691 
2839 9652 4517 9744 
2840 1131 6409 8016 
2841 6864 5492 9784 
2842 6268 5890 6322 
2843 107 106 499 
2844 199 198 498 
2845 6025 6702 7856 
2846 5848 5847 5849 
2847 6367 5671 9497 
2848 5522 5855 9543 
2849 4531 6914 7679 
2850 4031 1317 6050 
2851 8754 4606 8771 
2852 6729 6727 7452 
2853 7168 5068 8193 
2854 5462 8368 9277 
2855 295 294 6342 
2856 3994 6999 7001 
2857 8142 5383 8291 
2858 6525 6027 7752 
2859 545 5794 9446 
2860 6908 6911 7327 
2861 5613 9439 9465 
2862 9113 5414 9156 
2863 2141 2165 6878 
2864 1619 1622 6502 
2865 2449 2448 6861 
2866 2099 7147 7148 
2867 5614 7048 7049 
2868 6849 7066 9503 
2869 4622 7203 7282 
2870 4014 4000 7006 
2871 6015 6526 6530 
2872 4206 6096 6097 
2873 7341 1580 9481 
2874 4768 5980 9756 
2875 7232 5472 9521 
2876 6230 531 6621 
2877 6504 6505 7608 
2878 1919 9351 9378 
2879 498 198 6096 
2880 6046 7242 9251 
2881 1764 1652 6411 
2882 8682 5117 9162 
2883 7319 4876 8339 
2884 3211 3840 6174 
2885 784 6295 8118 
2886 6673 6674 6680 
2887 1875 1872 8482 
2888 3361 7014 7173 
2889 7661 5913 8955 
2890 4433 4420 7235 
2891 1596 1465 6590 
2892 110 459 6100 
2893 2945 2947 6291 
2894 4951 6089 9615 
2895 6364 2389 7393 
2896 9077 5678 9253 
2897 5482 5481 9165 
2898 3300 4362 6521 
2899 537 8168 8463 
2900 6499 4500 8012 
2901 6542 5157 8712 
2902 4919 3490 6313 
2903 5953 4703 6550 
2904 431 7688 8645 
2905 6081 1070 7395 
2906 1638 1727 2913 
2907 6355 402 8158 
2908 2575 2572 6335 
2909 6684 6683 6685 
2910 4375 5096 6926 
2911 9041 2657 9149 
2912 769 774 6400 
2913 7141 7142 8377 
2914 2084 5780 9606 
2915 3112 5935 9380 
2916 2138 3628 7647 
2917 522 7024 7025 
2918 8664 5859 8857 
2919 6590 6589 7783 
2920 1018 1020 7152 
2921 4012 4004 7010 
2922 3331 3877 6614 
2923 3752 4676 8436 
2924 3870 6383 6384 
2925 6608 6609 6610 
2926 4898 7066 9677 
2927 6243 6242 8836 
2928 5037 4338 6120 
2929 4073 7214 9449 
2930 6264 3361 7301 
2931 2048 2715 7199 
2932 6324 1334 7508 
2933 656 658 6964 
2934 3779 5848 6298 
2935 5129 4479 6325 
2936 3236 2945 6291 
2937 2055 4484 7194 
2938 4401 6495 6496 
2939 4450 6640 8381 
2940 4676 7109 7870 
2941 7461 6308 8150 
2942 6376 6375 6377 
2943 3211 6174 6569 
2944 514 5987 8628 
2945 2550 2548 7324 
2946 447 5859 9401 
2947 3518 1661 6256 
2948 6546 5731 9734 
2949 5958 4312 6330 
2950 6936 7055 8767 
2951 7167 7164 7957 
2952 8093 5918 9695 
2953 5205 7078 8348 
2954 9114 5213 9201 
2955 571 573 1713 
2956 5053 4363 6691 
2957 5623 4984 6391 
2958 2110 2112 7054 
2959 5992 6624 8413 
2960 6064 3112 9380 
2961 5723 9197 9198 
2962 4012 7342 7451 
2963 2452 2449 6861 
2964 7527 6304 9524 
2965 6584 1454 9124 
2966 5659 9385 9392 
2967 2072 7590 7992 
2968 3466 3465 6144 
2969 7102 4522 7253 
2970 4961 7889 9321 
2971 7096 4525 7260 
2972 1014 1016 7155 
2973 4911 5862 6297 
2974 6259 4358 8447 
2975 6036 1180 9414 
2976 5178 6499 8012 
2977 7435 6218 9729 
2978 6860 6863 8398 
2979 3671 6253 7582 
2980 5037 6120 6121 
2981 7097 5482 9165 
2982 9343 3964 9416 
2983 7042 7110 7111 
2984 6925 6928 8226 
2985 5575 6782 8936 
2986 969 970 7232 
2987 3683 8299 8569 
2988 2019 1787 8261 
2989 5271 5273 9080 
2990 5357 5946 8995 
2991 6563 1107 7980 
2992 1608 1606 6316 
2993 4513 6060 8360 
2994 8393 3644 9455 
2995 6456 3363 9445 
2996 7002 7000 7005 
2997 1750 3171 6689 
2998 1638 2913 6047 
2999 4888 3305 6410 
3000 7269 2414 7687 
3001 567 568 569 
3002 7346 4951 9615 
3003 7358 4513 8360 
3004 8537 6243 8719 
3005 6187 5053 7891 
3006 7066 6849 9170 
3007 6098 108 7620 
3008 3840 4588 6174 
3009 2782 2778 6568 
3010 5786 6442 6489 
3011 1687 1650 6595 
3012 9238 5767 9377 
3013 1022 1025 7149 
3014 5913 7661 9797 
3015 6926 5096 7352 
3016 6099 6086 8358 
3017 4295 6010 9373 
3018 5814 6497 8027 
3019 6280 1711 7730 
3020 2080 2078 7299 
3021 5993 486 9371 
3022 3230 3883 6185 
3023 6002 4400 6271 
3024 1917 1914 7212 
3025 8512 8114 9831 
3026 5139 7977 7978 
3027 6850 4517 9652 
3028 1462 7438 9542 
3029 3906 1996 6967 
3030 1608 6316 6317 
3031 6049 5924 9068 
3032 393 6285 6302 
3033 1951 7880 8017 
3034 1445 6310 6312 
3035 6511 7766 8937 
3036 4094 4498 6165 
3037 5997 4423 9468 
3038 6200 6201 8463 
3039 4403 9370 9488 
3040 7308 8897 8902 
3041 7756 5281 8565 
3042 2152 2181 8885 
3043 6009 6010 9061 
3044 6977 3576 7399 
3045 6518 6516 6644 
3046 1465 1428 6590 
3047 6201 6203 9283 
3048 6569 6174 7535 
3049 4403 5225 9370 
3050 6337 4758 7968 
3051 3449 3860 6375 
3052 6978 6977 7399 
3053 1980 1995 7353 
3054 7164 7162 8516 
3055 2663 7895 7946 
3056 6506 6507 6513 
3057 3488 4605 6313 
3058 5425 6675 6710 
3059 6497 5886 8027 
3060 1988 7323 9765 
3061 2778 2582 6568 
3062 1451 6266 7499 
3063 6369 651 9668 
3064 3638 7319 8339 
3065 6882 6726 8744 
3066 4338 3976 5120 
3067 3236 6017 7477 
3068 932 7412 8314 
3069 5075 7354 7851 
3070 1270 2045 6357 
3071 9338 4787 9576 
3072 7323 1988 9821 
3073 7104 7103 7745 
3074 8654 5906 8774 
3075 2197 2140 7647 
3076 6388 1121 8387 
3077 5959 5788 9473 
3078 2920 3445 6844 
3079 8801 5561 9143 
3080 3133 6725 6726 
3081 5802 9236 9666 
3082 7061 6157 9531 
3083 6225 6222 6226 
3084 1181 1630 7356 
3085 2099 7146 7147 
3086 9273 5880 9564 
3087 4620 7269 7687 
3088 9053 5802 9666 
3089 6501 6502 7473 
3090 5100 6961 7417 
3091 4412 4544 6399 
3092 3730 4340 6510 
3093 2389 6364 7471 
3094 7137 5805 9644 
3095 1977 5857 9748 
3096 6059 7125 7697 
3097 9146 421 9750 
3098 540 193 6118 
3099 7705 4775 8106 
3100 2761 2504 6327 
3101 1294 6083 8401 
3102 5576 8013 9044 
3103 5685 9059 9153 
3104 5415 6796 9169 
3105 1917 7212 7213 
3106 1915 9297 9350 
3107 2342 2339 6809 
3108 6698 5570 6699 
3109 4517 4669 9744 
3110 5591 4271 6362 
3111 6213 6220 6252 
3112 4984 5642 6391 
3113 4163 5445 6551 
3114 5786 4173 6441 
3115 6315 6041 9027 
3116 7624 7450 8243 
3117 5991 489 9592 
3118 6958 505 8999 
3119 6146 9010 9205 
3120 6380 1402 8235 
3121 3453 3452 6609 
3122 7412 5210 8314 
3123 6810 6811 7496 
3124 5962 4207 6144 
3125 4977 4207 5901 
3126 4825 6957 8238 
3127 8392 5820 8981 
3128 6198 6199 9009 
3129 8676 838 8732 
3130 6174 5985 7535 
3131 1568 1565 7485 
3132 4550 7068 7200 
3133 6417 2026 6419 
3134 6980 5166 9006 
3135 7212 7211 7214 
3136 2913 1727 3102 
3137 8291 5383 8629 
3138 6370 3367 7645 
3139 1300 3242 6415 
3140 4595 7280 7607 
3141 6936 7054 7055 
3142 6681 6679 7285 
3143 7074 5775 8827 
3144 3994 3992 6999 
3145 1415 3684 6161 
3146 6900 4582 6902 
3147 487 7694 9122 
3148 2579 6423 6427 
3149 2390 2389 7471 
3150 6998 2952 8553 
3151 3528 4172 6710 
3152 725 6525 6789 
3153 6677 5425 8958 
3154 6672 3025 8890 
3155 7251 1925 7325 
3156 651 6369 9640 
3157 8904 3610 8932 
3158 1876 1875 8599 
3159 2087 6338 7265 
3160 5926 460 9697 
3161 5805 7137 9844 
3162 9173 5755 9255 
3163 6745 4746 7374 
3164 3914 5688 9615 
3165 6110 9383 9569 
3166 1338 1415 6161 
3167 8816 5215 9146 
3168 7121 4593 7841 
3169 6463 6462 6464 
3170 2066 4522 7135 
3171 6261 4470 6690 
3172 5051 6050 6392 
3173 5899 8385 9689 
3174 5537 8932 8963 
3175 5551 7333 8916 
3176 3966 7104 7745 
3177 3456 3453 6609 
3178 6981 9664 9853 
3179 2085 6348 7258 
3180 7009 7007 8616 
3181 421 9146 9438 
3182 6607 6608 6613 
3183 6329 6663 8159 
3184 8118 5129 8241 
3185 8946 6115 9250 
3186 3998 4013 7006 
3187 5422 6899 8323 
3188 6501 7473 7862 
3189 6493 5216 6494 
3190 5579 6705 6706 
3191 6559 7288 8183 
3192 8853 4111 8886 
3193 6913 4469 7679 
3194 1621 1619 6502 
3195 6751 5636 7664 
3196 9418 7218 9630 
3197 3177 9273 9564 
3198 4651 6228 7458 
3199 7240 5764 7525 
3200 7296 6836 7419 
3201 4979 8651 8803 
3202 5076 7364 9425 
3203 1473 1570 1655 
3204 3976 3852 6159 
3205 4705 7094 7616 
3206 4702 6549 6550 
3207 3337 3272 6510 
3208 4358 3553 8447 
3209 6677 400 9443 
3210 1734 1735 6699 
3211 5809 1542 9347 
3212 6861 2448 6862 
3213 1312 1338 6161 
3214 4617 6419 9082 
3215 3851 3559 4207 
3216 6351 4938 6352 
3217 3497 6843 9139 
3218 7534 430 7715 
3219 5722 7472 8271 
3220 3555 3229 6403 
3221 6103 6101 6235 
3222 2899 2896 6336 
3223 9220 1873 9230 
3224 1455 656 6964 
3225 6991 6994 8442 
3226 3747 3267 6271 
3227 3811 4094 5141 
3228 4608 3734 8788 
3229 6135 9109 9463 
3230 1066 6700 9276 
3231 7343 7011 8523 
3232 1059 1555 6421 
3233 3119 6751 7664 
3234 4002 4014 7010 
3235 4340 3937 6512 
3236 7590 6054 7992 
3237 3926 3478 6898 
3238 6407 4527 8848 
3239 8194 5884 8847 
3240 4522 7105 7135 
3241 5878 5825 9825 
3242 5842 5844 6254 
3243 7932 5193 9252 
3244 4648 4967 6347 
3245 2184 4417 6798 
3246 4396 5202 6556 
3247 3055 7489 8403 
3248 4881 6228 6229 
3249 410 5986 9444 
3250 1371 1391 7483 
3251 6198 4314 6199 
3252 4480 6190 6641 
3253 5579 6704 6705 
3254 7475 6371 9445 
3255 2021 1614 6406 
3256 6731 6730 7281 
3257 4312 3706 6330 
3258 3539 6728 7813 
3259 3912 3202 9682 
3260 4929 6138 6844 
3261 6052 6123 6531 
3262 6845 5852 6847 
3263 4716 6622 6623 
3264 5073 8576 8851 
3265 6899 3148 8323 
3266 6925 3855 6927 
3267 3465 4319 6144 
3268 6674 6679 6680 
3269 292 512 6414 
3270 587 589 6320 
3271 7179 4453 8172 
3272 5901 5962 5963 
3273 569 570 571 
3274 6076 14 8639 
3275 5400 8874 9071 
3276 8312 7179 8372 
3277 6136 5084 6490 
3278 3235 2688 6719 
3279 5655 6019 6244 
3280 5114 6415 7205 
3281 2761 6327 7731 
3282 5857 1977 9762 
3283 6589 6578 8674 
3284 1406 5971 9202 
3285 6887 6886 8070 
3286 1118 1334 6639 
3287 3112 6064 9313 
3288 4546 5641 6346 
3289 4668 6635 7772 
3290 5906 5904 8774 
3291 5080 7300 7519 
3292 3851 4207 4977 
3293 6824 5377 9084 
3294 1432 1473 8737 
3295 1445 1539 6310 
3296 3698 3699 6202 
3297 3445 4929 6844 
3298 6516 1404 6644 
3299 5965 3911 9025 
3300 7525 5764 7579 
3301 6635 2446 7772 
3302 507 6735 9533 
3303 6706 6707 8822 
3304 5729 8312 8372 
3305 4703 4702 6550 
3306 2561 3116 8028 
3307 4539 6445 7047 
3308 5831 5829 6906 
3309 5036 6098 7620 
3310 7955 7349 8135 
3311 6164 1702 8139 
3312 6052 6531 6772 
3313 5397 6634 8840 
3314 6870 6871 6938 
3315 5458 9049 9180 
3316 6923 1089 8404 
3317 6610 3452 6614 
3318 2278 5999 9031 
3319 1979 1974 6967 
3320 6390 4527 7255 
3321 5674 8395 9191 
3322 5082 927 6420 
3323 4165 4163 6551 
3324 6842 5459 9180 
3325 3850 8245 9199 
3326 4319 4023 5064 
3327 3261 6443 7463 
3328 7178 7179 8172 
3329 6295 4851 8118 
3330 6163 1701 9355 
3331 6434 5563 7257 
3332 3361 6264 7014 
3333 3350 6187 7891 
3334 6122 5120 9793 
3335 8258 442 8846 
3336 1490 1571 7098 
3337 6665 6666 7617 
3338 7048 5614 7403 
3339 466 6618 9306 
3340 6899 5470 8476 
3341 6739 5832 8944 
3342 4484 5494 7194 
3343 6140 1175 8649 
3344 6366 6917 7670 
3345 8633 7025 8862 
3346 743 1139 6791 
3347 6349 5390 6350 
3348 4418 6357 7235 
3349 6300 5867 7557 
3350 6396 1130 9024 
3351 2759 1018 7152 
3352 4517 6850 9694 
3353 7288 6268 8183 
3354 501 6221 6223 
3355 7438 5699 9542 
3356 6189 829 7347 
3357 503 6981 9853 
3358 6460 5686 8290 
3359 2971 3764 7648 
3360 5141 4094 6165 
3361 2548 2547 8032 
3362 2715 3657 7199 
3363 1869 9203 9216 
3364 4620 6404 7269 
3365 1415 1416 1464 
3366 6427 6424 8255 
3367 393 394 6285 
3368 1667 3623 8915 
3369 6114 5021 9234 
3370 1612 1609 6405 
3371 2841 6866 8201 
3372 4156 4155 6278 
3373 3222 3839 7099 
3374 605 2026 6417 
3375 5004 6320 7273 
3376 6319 587 6320 
3377 822 6189 7189 
3378 6281 4483 7027 
3379 299 298 561 
3380 396 397 560 
3381 567 566 568 
3382 6490 5084 6520 
3383 1073 1060 6504 
3384 6653 5154 6657 
3385 7365 7033 7366 
3386 4573 4577 6277 
3387 509 6354 6356 
3388 4692 6434 7257 
3389 6755 7573 8497 
3390 2569 3180 6345 
3391 2182 2190 8259 
3392 7125 1283 7697 
3393 6454 6456 9445 
3394 1035 1022 7149 
3395 3324 2899 6336 
3396 4989 6688 8181 
3397 5015 6759 6760 
3398 5438 6841 7522 
3399 2112 2583 7054 
3400 1612 6405 6406 
3401 200 199 564 
3402 106 105 5921 
3403 2342 6806 7043 
3404 6937 2110 7054 
3405 2229 6727 6729 
3406 3133 1685 6725 
3407 6263 4556 6491 
3408 6916 2609 7447 
3409 6705 2677 7318 
3410 6883 5291 7894 
3411 786 789 6752 
3412 632 6093 8470 
3413 5854 4044 9774 
3414 6617 8718 8735 
3415 2851 3809 6690 
3416 6437 715 8122 
3417 296 295 6293 
3418 5930 5929 5931 
3419 6143 3157 8023 
3420 2713 6745 7374 
3421 5137 3890 7173 
3422 6940 4698 7286 
3423 6886 4782 8070 
3424 6083 1294 8646 
3425 4985 5625 6877 
3426 1769 1802 6433 
3427 2478 6274 7948 
3428 6942 6945 6948 
3429 6428 422 6431 
3430 2579 2461 6423 
3431 5952 4073 9449 
3432 5575 8936 9066 
3433 5990 8676 8732 
3434 6947 7342 7343 
3435 4469 6909 7327 
3436 5751 5022 6178 
3437 2668 7197 8030 
3438 1703 6268 7288 
3439 1334 1123 7508 
3440 6846 502 7459 
3441 1593 6796 7847 
3442 9043 95 9058 
3443 2688 2686 6719 
3444 577 579 1542 
3445 1396 1637 6776 
3446 7294 7929 8044 
3447 6841 6625 7522 
3448 6616 8085 8410 
3449 7107 4518 8675 
3450 3210 6953 7316 
3451 4397 4400 5003 
3452 7229 7853 8202 
3453 4397 3747 4400 
3454 1525 1522 7163 
3455 1525 7163 7167 
3456 6410 3305 6716 
3457 6664 2467 6665 
3458 5570 1734 6699 
3459 2041 6597 6598 
3460 6289 4496 7169 
3461 4669 7196 9744 
3462 874 8758 9405 
3463 6916 5121 7895 
3464 6583 7275 7483 
3465 4647 4649 6917 
3466 5245 5244 9127 
3467 6366 2804 7302 
3468 8384 7723 9348 
3469 6453 6452 6454 
3470 6586 6584 9124 
3471 1646 4523 6597 
3472 6375 6374 6377 
3473 8596 3228 9525 
3474 5375 5537 8963 
3475 2175 2182 7537 
3476 6324 4759 9504 
3477 609 1087 6438 
3478 6769 1886 6770 
3479 7989 3016 8070 
3480 6348 2085 7259 
3481 3825 6756 6757 
3482 1027 1029 7146 
3483 7259 2085 7291 
3484 7227 7228 8143 
3485 6128 450 8869 
3486 5166 5144 9006 
3487 569 571 6173 
3488 3537 2080 7299 
3489 3478 3476 6898 
3490 6404 4620 7268 
3491 6796 5415 7847 
3492 5841 5866 7348 
3493 392 393 6302 
3494 1294 7882 8646 
3495 6393 6395 6503 
3496 2463 2763 6666 
3497 6028 9501 9721 
3498 6293 295 6342 
3499 4920 6284 7208 
3500 7594 6191 8319 
3501 6703 2248 7121 
3502 3465 3270 4023 
3503 6104 8664 8857 
3504 5736 5179 5983 
3505 8555 5784 9103 
3506 6448 454 8945 
3507 4304 5798 6539 
3508 8208 4403 9488 
3509 6776 6048 7773 
3510 613 2029 6459 
3511 6701 4535 7446 
3512 3189 4551 7330 
3513 5003 5147 5689 
3514 593 595 6394 
3515 7008 7007 7009 
3516 6775 6776 7773 
3517 1796 6538 9088 
3518 6192 5042 8475 
3519 1935 6526 8147 
3520 2043 3446 6271 
3521 6189 6871 7189 
3522 297 500 6209 
3523 501 395 6221 
3524 907 893 6949 
3525 6399 6346 9502 
3526 6307 1644 8150 
3527 1042 2063 7171 
3528 2804 6366 7670 
3529 4417 6162 6798 
3530 6274 6032 7948 
3531 4015 6995 6996 
3532 2635 2637 6358 
3533 6609 3452 6610 
3534 7690 4324 9634 
3535 4823 6533 6534 
3536 4742 6853 7724 
3537 7648 6455 7804 
3538 3037 4709 6533 
3539 5935 3112 9511 
3540 3684 1464 5179 
3541 7168 794 7331 
3542 4771 6940 7286 
3543 4928 5146 7129 
3544 6209 500 6210 
3545 1921 1918 7215 
3546 2290 2287 8625 
3547 5287 5286 8558 
3548 4407 3230 6185 
3549 6441 6085 6442 
3550 6273 5644 9785 
3551 4702 6548 6549 
3552 3178 3358 6193 
3553 6971 6477 7531 
3554 4638 1246 6564 
3555 6013 4342 6540 
3556 3825 4195 6756 
3557 5003 4400 5147 
3558 1690 1618 6514 
3559 3391 2781 6520 
3560 1902 2096 6548 
3561 6538 1796 9633 
3562 8493 6496 8736 
3563 3293 6960 7320 
3564 4434 6658 6659 
3565 1921 7215 7216 
3566 6329 2517 6663 
3567 3171 3230 4407 
3568 3465 4023 4319 
3569 5874 6073 9773 
3570 5921 558 8779 
3571 4534 6365 6939 
3572 1598 1569 6353 
3573 725 726 7295 
3574 2582 6566 6568 
3575 4490 1224 6515 
3576 165 164 7846 
3577 7245 518 7310 
3578 6828 6829 7026 
3579 6639 1334 6787 
3580 6626 1431 6873 
3581 1359 1346 6854 
3582 5497 7093 9410 
3583 4670 6650 6651 
3584 7097 7098 7311 
3585 7240 2840 7578 
3586 571 572 573 
3587 3461 4468 7301 
3588 6902 4582 7763 
3589 3445 3405 4155 
3590 6213 6214 6215 
3591 7110 2255 7112 
3592 1949 1946 6901 
3593 7069 1295 7075 
3594 7197 6058 8030 
3595 4486 1230 6524 
3596 4172 5425 6710 
3597 9351 6840 9378 
3598 6697 7099 7100 
3599 7003 7002 7004 
3600 1582 5073 6644 
3601 1338 1387 1415 
3602 4571 6277 7656 
3603 2464 2463 6666 
3604 1995 7352 7353 
3605 7157 7156 8356 
3606 3358 3696 4314 
3607 4480 6641 6758 
3608 7041 7042 7111 
3609 6914 7134 7171 
3610 5434 4451 7273 
3611 3964 8922 9416 
3612 2099 1027 7146 
3613 5152 5151 5893 
3614 4271 3724 6362 
3615 1888 1886 6769 
3616 2242 2239 6372 
3617 2581 2148 6714 
3618 1699 1747 6521 
3619 4015 6996 6997 
3620 3267 2043 6271 
3621 1702 7705 8106 
3622 7683 8881 8889 
3623 433 5904 9603 
3624 9280 5224 9320 
3625 2997 2754 8563 
3626 6568 6567 8096 
3627 5566 6560 6561 
3628 3418 3340 8434 
3629 4391 5996 9300 
3630 2304 7429 8709 
3631 6829 6833 7026 
3632 2637 2650 6358 
3633 1959 5132 6529 
3634 1523 7955 8135 
3635 1936 1935 8147 
3636 2487 7656 8003 
3637 6957 1316 8238 
3638 1409 6578 6588 
3639 6308 6307 8150 
3640 3664 6193 6194 
3641 1302 1300 6415 
3642 2261 2260 7326 
3643 1053 1059 6421 
3644 6527 4553 9712 
3645 4073 5952 9459 
3646 6495 5102 6496 
3647 5404 4595 7607 
3648 6397 4411 6398 
3649 715 716 8122 
3650 2896 2897 6336 
3651 6278 4910 6279 
3652 114 447 6627 
3653 2050 6315 6316 
3654 196 195 460 
3655 110 109 459 
3656 1569 1568 6353 
3657 6718 6719 8190 
3658 996 999 6931 
3659 3404 3973 6646 
3660 4429 3591 7208 
3661 6819 8060 9769 
3662 9532 5631 9535 
3663 4146 3320 6558 
3664 4555 5483 8804 
3665 4113 8832 9334 
3666 1884 1970 6770 
3667 1793 6537 9633 
3668 6931 999 6932 
3669 3367 3368 7645 
3670 7192 2391 7622 
3671 6218 7435 9408 
3672 4716 3086 6622 
3673 2331 2330 6758 
3674 1240 2056 7027 
3675 7929 938 8044 
3676 2565 3157 7442 
3677 3229 1799 6403 
3678 1011 2110 6937 
3679 753 906 7291 
3680 6393 593 6394 
3681 4782 6883 7894 
3682 7370 4611 7456 
3683 790 786 6752 
3684 3839 5078 7099 
3685 1742 3211 6569 
3686 2308 2305 6440 
3687 1261 1362 6559 
3688 571 1713 6173 
3689 4499 953 6562 
3690 5566 4140 6560 
3691 4407 6185 9223 
3692 2063 1046 6912 
3693 6184 5137 7173 
3694 541 6102 6105 
3695 7558 5138 8469 
3696 2343 2342 7043 
3697 9501 3482 9721 
3698 4464 5560 6570 
3699 2029 615 6624 
3700 6476 6485 6973 
3701 4600 7241 7749 
3702 951 2071 7169 
3703 2530 7126 7600 
3704 5159 7610 8429 
3705 936 8604 8619 
3706 6419 2026 9656 
3707 7068 4550 7722 
3708 7259 4589 7728 
3709 4406 5046 6532 
3710 4292 5069 6422 
3711 6335 5860 7751 
3712 2260 7042 7326 
3713 2812 6007 9140 
3714 6514 2021 8395 
3715 3313 2554 6522 
3716 6260 3818 6349 
3717 1409 6576 6577 
3718 1135 1136 1341 
3719 1020 1035 7152 
3720 5143 4156 5686 
3721 5175 7404 8723 
3722 5079 2242 6372 
3723 1276 1270 6357 
3724 6541 3128 7927 
3725 6302 6286 6303 
3726 7280 691 7607 
3727 1409 1383 6576 
3728 817 2016 6593 
3729 5129 6325 7270 
3730 2536 2526 7684 
3731 1683 3133 7771 
3732 6146 6147 9010 
3733 6533 4709 6534 
3734 6348 7259 7728 
3735 1921 7216 7325 
3736 5447 6646 6647 
3737 2941 2938 7582 
3738 1346 2760 6854 
3739 6588 6578 6589 
3740 3103 6820 7543 
3741 6409 1131 8405 
3742 2920 2577 3405 
3743 6219 7277 7501 
3744 6210 6212 6213 
3745 4740 6875 7637 
3746 5117 700 6723 
3747 6917 2650 7670 
3748 4014 7008 7010 
3749 3877 3329 8085 
3750 6686 5979 8182 
3751 1016 2759 7155 
3752 5691 5562 9360 
3753 2468 2467 6664 
3754 4930 6605 6606 
3755 4945 6026 6563 
3756 3445 4155 4156 
3757 3262 907 6949 
3758 1614 1612 6406 
3759 4633 7192 7622 
3760 6629 942 6630 
3761 4582 6900 7733 
3762 4684 5031 6573 
3763 585 587 6319 
3764 7356 7355 8569 
3765 6213 6215 6220 
3766 5143 5686 6460 
3767 7555 5140 8456 
3768 2189 6599 6603 
3769 6548 2096 6549 
3770 9080 5273 9827 
3771 4356 6241 6965 
3772 2047 4475 6643 
3773 621 2038 6571 
3774 4797 6684 7849 
3775 2166 2168 7911 
3776 6909 6908 7327 
3777 450 6128 9598 
3778 5632 4301 8538 
3779 2200 6236 8336 
3780 4668 6298 6635 
3781 6500 1621 6502 
3782 6797 6798 7486 
3783 3795 4304 6539 
3784 6900 6788 7733 
3785 658 6963 6964 
3786 6912 6909 6913 
3787 8586 1542 9255 
3788 8333 5780 9417 
3789 2920 3405 3445 
3790 970 973 7232 
3791 6875 6874 7637 
3792 4529 5690 6620 
3793 2204 7128 7394 
3794 4286 5979 6686 
3795 3133 6882 7771 
3796 3214 6673 6680 
3797 3447 1341 3938 
3798 190 542 6628 
3799 1974 1968 7863 
3800 2774 3178 3664 
3801 3891 6255 6381 
3802 3300 3200 3557 
3803 4088 3557 5522 
3804 6393 6394 6395 
3805 2517 2473 6663 
3806 7241 7201 7749 
3807 1000 1003 6933 
3808 6178 497 9719 
3809 5631 7038 9535 
3810 6600 3043 6720 
3811 1592 1710 7730 
3812 1735 1738 6699 
3813 533 6331 8711 
3814 3038 3592 7306 
3815 583 585 1414 
3816 3496 6732 6737 
3817 5843 4873 6596 
3818 6933 1003 6934 
3819 6195 6194 6196 
3820 2673 2314 6939 
3821 4391 6694 6695 
3822 6285 6286 6302 
3823 6597 4523 6598 
3824 7489 5235 8403 
3825 4487 6085 6441 
3826 3300 3557 4088 
3827 1649 1574 7267 
3828 7968 4758 9820 
3829 6296 5080 7519 
3830 6507 6508 6513 
3831 5579 2442 6704 
3832 4556 3844 6491 
3833 9258 4028 9415 
3834 2575 6335 7751 
3835 5129 7270 8241 
3836 6673 3506 6674 
3837 4391 3719 6694 
3838 6298 4668 6890 
3839 6806 2342 6809 
3840 401 6735 8558 
3841 2346 2343 7043 
3842 4835 6717 6718 
3843 900 9268 9407 
3844 1361 1410 6557 
3845 6559 1362 7288 
3846 1414 585 6319 
3847 6790 6791 7359 
3848 6213 6212 6214 
3849 6585 6583 7483 
3850 6506 6513 9358 
3851 6124 8110 8237 
3852 5120 3976 6159 
3853 7300 881 7519 
3854 6459 2029 6895 
3855 6614 3877 6615 
3856 6671 6528 6672 
3857 1521 7161 7162 
3858 1421 1582 6644 
3859 5628 9220 9230 
3860 6887 3016 8481 
3861 6255 6124 8237 
3862 6608 6611 6613 
3863 2582 2440 6566 
3864 4015 3990 6995 
3865 7139 5403 8956 
3866 625 942 6629 
3867 1342 6393 6503 
3868 4930 3611 6605 
3869 6580 2020 7275 
3870 6357 2045 7235 
3871 3748 3747 4397 
3872 9671 5945 9676 
3873 6196 6194 6197 
3874 6691 3526 7891 
3875 4167 5919 5920 
3876 3224 3804 6636 
3877 6102 6103 6104 
3878 4013 7003 7006 
3879 6652 5237 8545 
3880 7853 4057 8202 
3881 4155 4279 4910 
3882 1040 1042 7171 
3883 3051 3506 6673 
3884 5818 7867 8901 
3885 5998 3066 9271 
3886 5142 8188 8663 
3887 3980 6911 7842 
3888 862 9238 9377 
3889 6511 4340 6512 
3890 7292 2393 7639 
3891 1478 6312 7618 
3892 6042 3013 8898 
3893 1982 1980 7353 
3894 4546 5639 5641 
3895 4511 5154 6653 
3896 4334 7115 7116 
3897 4173 3938 6441 
3898 2063 6912 6913 
3899 6642 3547 6753 
3900 1248 1291 6715 
3901 3197 7442 8009 
3902 4155 4910 6278 
3903 3505 3528 6710 
3904 4989 4106 6688 
3905 558 104 9735 
3906 7215 7213 7217 
3907 1606 2050 6316 
3908 1025 2099 7149 
3909 7851 7354 8426 
3910 5535 4869 6872 
3911 4468 6264 7301 
3912 448 191 6628 
3913 7732 6619 8410 
3914 4550 6956 7722 
3915 7033 7365 7423 
3916 1319 1189 7928 
3917 6433 1802 8753 
3918 540 5926 9697 
3919 8646 7882 8781 
3920 1004 1007 6935 
3921 7082 7081 8757 
3922 3496 6730 6731 
3923 8741 5372 9329 
3924 1648 1646 6597 
3925 5944 6358 8839 
3926 6270 7375 7376 
3927 6935 1007 6936 
3928 7584 7114 8439 
3929 2131 6713 6714 
3930 1117 1126 1135 
3931 4968 7398 8492 
3932 5894 5893 5900 
3933 7324 2548 8032 
3934 4487 4492 5077 
3935 569 568 570 
3936 5256 4674 6846 
3937 5587 5589 9619 
3938 5920 5670 9270 
3939 1624 1621 6500 
3940 1188 2051 6721 
3941 3862 665 6701 
3942 3208 1821 6637 
3943 5852 4410 6631 
3944 1711 6280 8725 
3945 6201 6202 6203 
3946 1747 3200 3300 
3947 112 111 541 
3948 194 193 540 
3949 629 2044 6669 
3950 3856 4954 6927 
3951 4314 3696 6200 
3952 5015 985 6759 
3953 1696 1712 3246 
3954 4383 4423 6668 
3955 808 6593 6702 
3956 5733 9287 9307 
3957 7272 4632 7519 
3958 1415 1464 3684 
3959 1415 1387 1416 
3960 2148 2131 6714 
3961 6543 6082 6544 
3962 3977 3976 4338 
3963 3684 5179 5736 
3964 6215 6216 6217 
3965 785 2031 7282 
3966 2168 2154 6761 
3967 6646 3973 6647 
3968 6425 2475 6859 
3969 7216 7219 7325 
3970 2672 2308 6440 
3971 4035 3772 6507 
3972 3496 2734 6730 
3973 1044 7144 7145 
3974 2912 6782 8742 
3975 3763 2094 6712 
3976 9039 2217 9092 
3977 5804 5803 7789 
3978 3888 4607 6772 
3979 5323 5299 6888 
3980 647 809 7344 
3981 4101 4411 6397 
3982 2028 1825 6667 
3983 2904 2906 6890 
3984 1492 1490 7098 
3985 543 115 6627 
3986 6723 2048 7199 
3987 6961 2320 7417 
3988 6775 1413 6776 
3989 6225 6226 6227 
3990 4649 6111 6917 
3991 4835 4018 6717 
3992 1243 4638 7221 
3993 3664 3178 6193 
3994 741 743 6791 
3995 1329 1327 7439 
3996 6696 3221 6697 
3997 6524 2055 7194 
3998 1097 1098 1115 
3999 5504 979 6785 
4000 3261 7648 7804 
4001 2713 6743 6744 
4002 3141 2569 6345 
4003 906 6408 7291 
4004 6210 6213 6252 
4005 2757 2851 6690 
4006 6972 2562 8478 
4007 9197 2377 9198 
4008 512 7284 8795 
4009 4349 6754 6755 
4010 3230 3319 3883 
4011 6343 458 6344 
4012 2781 2780 6520 
4013 3883 5540 5542 
4014 1008 1011 6937 
4015 5736 5983 9795 
4016 2988 3150 6757 
4017 3096 1806 6974 
4018 1044 7143 7144 
4019 6579 2020 6580 
4020 5323 6888 6889 
4021 1275 1324 8004 
4022 573 574 575 
4023 6797 2185 6798 
4024 1775 3142 6634 
4025 4544 4546 6346 
4026 6094 9179 9186 
4027 2717 3894 6722 
4028 1685 1721 6725 
4029 2170 2180 6781 
4030 6217 6218 6219 
4031 4605 2784 6857 
4032 536 6662 9421 
4033 2841 8201 8286 
4034 6358 6111 8839 
4035 2393 2390 7471 
4036 6847 5852 9834 
4037 711 7422 8473 
4038 8269 7823 8399 
4039 2526 2523 6592 
4040 5901 4207 5962 
4041 3809 6261 6690 
4042 633 838 6741 
4043 5298 6884 6885 
4044 8576 5160 8851 
4045 973 7230 7231 
4046 1521 1518 7161 
4047 789 2721 6752 
4048 6030 6055 7553 
4049 2569 2536 3180 
4050 1930 3929 6530 
4051 5862 5864 6318 
4052 1637 1359 6854 
4053 3485 2875 6747 
4054 1663 1699 1701 
4055 6768 6769 7448 
4056 6862 2448 7060 
4057 3143 3333 3724 
4058 3542 5095 6963 
4059 1746 1753 3143 
4060 2956 2954 6720 
4061 2330 4480 6758 
4062 6727 4592 6728 
4063 1987 6880 6881 
4064 3309 3576 7293 
4065 9309 5865 9639 
4066 6767 1891 6768 
4067 6080 6401 6402 
4068 589 591 1342 
4069 4365 6001 6742 
4070 1932 1930 6530 
4071 6790 741 6791 
4072 6107 6108 6334 
4073 4577 6274 6277 
4074 3724 3725 6362 
4075 6928 6927 8069 
4076 7656 6277 8003 
4077 7418 7578 7589 
4078 6309 4928 7129 
4079 2036 1835 6740 
4080 6384 6383 6385 
4081 6808 7493 8472 
4082 7286 8930 9032 
4083 4052 5429 7239 
4084 4152 6528 6671 
4085 1634 1652 1764 
4086 2274 2271 7242 
4087 4053 5185 6837 
4088 1326 1394 6604 
4089 7447 2661 7922 
4090 2060 4489 7075 
4091 4334 4323 7115 
4092 2504 2491 6327 
4093 1658 1661 3518 
4094 3932 4286 6686 
4095 1135 1341 3447 
4096 6414 512 8477 
4097 6377 6374 6378 
4098 3426 3647 6738 
4099 2046 1865 6773 
4100 1989 1839 6748 
4101 6298 5848 6299 
4102 3535 1133 7012 
4103 1986 1982 7424 
4104 2035 6777 6778 
4105 1652 1696 6411 
4106 591 593 6393 
4107 6734 6736 7732 
4108 3176 1115 3302 
4109 6311 3518 8859 
4110 6525 725 7295 
4111 4436 4701 6658 
4112 8107 6718 8190 
4113 3176 4457 7395 
4114 1288 1295 6692 
4115 1180 6036 9693 
4116 3592 4536 7306 
4117 2037 1849 6771 
4118 2035 1857 6777 
4119 1798 3517 7064 
4120 1983 6783 6784 
4121 5378 8987 9013 
4122 4197 4670 6651 
4123 6837 5185 6838 
4124 5266 3871 8120 
4125 6360 6372 7991 
4126 1574 1477 6626 
4127 2442 2426 6704 
4128 3938 4285 4487 
4129 2131 2119 6713 
4130 1987 1845 6880 
4131 549 8228 9129 
4132 4650 4648 6347 
4133 6412 545 9446 
4134 1983 1861 6783 
4135 6607 4130 6608 
4136 889 896 7266 
4137 7412 936 8619 
4138 3095 2761 3520 
4139 5324 6792 6793 
4140 6821 2132 6822 
4141 416 7875 7899 
4142 1978 1853 6780 
4143 2722 6171 9470 
4144 5298 5295 6884 
4145 6176 6057 6177 
4146 1746 1649 1753 
4147 5871 4904 6839 
4148 1342 591 6393 
4149 7182 7445 7509 
4150 3753 3520 4292 
4151 5115 6082 6543 
4152 8091 5245 8209 
4153 1090 2047 6643 
4154 6169 426 6412 
4155 4894 4292 6422 
4156 6583 6580 7275 
4157 3150 3825 6757 
4158 192 191 448 
4159 114 113 447 
4160 6648 3973 7050 
4161 4983 4985 6877 
4162 869 874 6794 
4163 1497 7096 7260 
4164 3018 2923 6753 
4165 5862 5863 5864 
4166 1579 1666 6591 
4167 2713 1079 6743 
4168 4342 3554 6540 
4169 7472 4642 8271 
4170 2682 3103 7543 
4171 575 576 577 
4172 1133 1134 7012 
4173 1246 1250 6564 
4174 1485 7102 7253 
4175 7182 7181 7445 
4176 1305 2060 7075 
4177 6853 2760 7724 
4178 2043 2042 3446 
4179 5424 4898 9677 
4180 3855 3856 6927 
4181 3316 2871 6823 
4182 4272 5590 7279 
4183 2078 6529 7299 
4184 663 3542 6963 
4185 5167 5418 5669 
4186 5318 6799 6800 
4187 1886 1884 6770 
4188 2759 7154 7155 
4189 1073 6504 7608 
4190 7165 7160 7166 
4191 4657 4398 5665 
4192 5907 7624 8243 
4193 2185 2184 6798 
4194 5946 5357 9824 
4195 2231 2229 6729 
4196 4339 4338 5037 
4197 4538 4539 7047 
4198 6607 6613 9366 
4199 5855 5522 9561 
4200 3143 1753 3333 
4201 3978 4396 6556 
4202 2031 4622 7282 
4203 6061 7544 8662 
4204 1084 1094 1097 
4205 293 292 6414 
4206 7142 7566 8377 
4207 1676 1677 6670 
4208 5590 4271 5591 
4209 7213 7212 7214 
4210 1060 1062 6504 
4211 6291 2947 6292 
4212 1411 1423 8240 
4213 6941 6942 6948 
4214 3043 2956 6720 
4215 628 626 7270 
4216 5054 7406 7623 
4217 6828 3144 6829 
4218 6611 6610 6612 
4219 7442 6143 8009 
4220 1711 1592 7730 
4221 3724 3333 3725 
4222 1466 1595 7103 
4223 5321 5315 6810 
4224 4687 4692 7257 
4225 5324 5303 6792 
4226 1197 1200 7087 
4227 7510 7511 7691 
4228 3807 3302 3886 
4229 787 6064 9182 
4230 7683 5328 8881 
4231 6280 4847 9022 
4232 6513 414 9358 
4233 4910 4911 6297 
4234 6502 1622 7473 
4235 2475 2454 6859 
4236 2677 2422 7580 
4237 3232 3037 6533 
4238 5318 5307 6799 
4239 6591 6117 9339 
4240 2003 7038 7039 
4241 3581 3404 6646 
4242 3154 3043 6600 
4243 5322 5311 6915 
4244 818 822 7189 
4245 700 702 6723 
4246 2840 7240 7525 
4247 1904 1902 6548 
4248 2187 2185 6797 
4249 3447 3938 4173 
4250 1097 3176 7395 
4251 7076 7077 7121 
4252 7684 6592 8140 
4253 6576 2020 6579 
4254 6420 1053 6421 
4255 5834 5833 6867 
4256 6327 2517 6328 
4257 5788 5789 9473 
4258 688 691 7280 
4259 6425 6859 6860 
4260 6395 6394 6396 
4261 2061 4491 7124 
4262 3992 4015 6999 
4263 5524 5733 9307 
4264 3705 3706 4312 
4265 5785 4173 5786 
4266 1463 1669 1670 
4267 1871 6874 6875 
4268 6014 3501 9342 
4269 4812 3886 4813 
4270 6363 5736 9795 
4271 4565 5275 7435 
4272 927 965 6420 
4273 6665 7617 8084 
4274 681 7106 7107 
4275 1740 3221 6696 
4276 4823 6534 8679 
4277 2249 2248 6703 
4278 1218 1219 6458 
4279 2305 2304 6440 
4280 5107 7344 7345 
4281 1440 1413 6775 
4282 8121 5923 8754 
4283 3128 2006 7927 
4284 3703 3704 3705 
4285 6664 6665 8159 
4286 4098 6114 6115 
4287 4633 7191 7192 
4288 1667 1583 3623 
4289 1077 2713 7374 
4290 2744 7296 7419 
4291 6896 5162 6897 
4292 6643 4475 8440 
4293 4451 5004 7273 
4294 936 937 8604 
4295 6876 4983 6877 
4296 1413 1396 6776 
4297 1135 1126 1136 
4298 5147 6002 6003 
4299 1224 1225 6515 
4300 1806 1804 6974 
4301 1537 1478 1583 
4302 1459 1541 1651 
4303 3171 3172 3230 
4304 3086 3152 6622 
4305 5014 3757 6893 
4306 4272 4271 5590 
4307 7357 4716 8017 
4308 298 297 6209 
4309 395 396 6221 
4310 7248 5285 7392 
4311 1035 7151 7152 
4312 5960 7684 8140 
4313 6616 3877 8085 
4314 6841 5438 7523 
4315 1477 1431 6626 
4316 1230 1231 6524 
4317 1914 1913 7212 
4318 6625 4220 7522 
4319 6365 2673 6939 
4320 6791 1139 7358 
4321 2056 6281 7027 
4322 6554 3978 6556 
4323 3547 3018 6753 
4324 7039 9338 9576 
4325 3954 4283 7120 
4326 6640 2096 7045 
4327 4770 2670 7209 
4328 8347 2024 8542 
4329 2522 2504 2761 
4330 6372 2237 7991 
4331 1698 8094 8233 
4332 3876 5162 6896 
4333 2070 4521 7222 
4334 5064 4023 5934 
4335 5147 6003 9319 
4336 4058 4101 5449 
4337 945 2070 7222 
4338 3753 4292 4894 
4339 8924 5300 8947 
4340 4911 5861 5862 
4341 2670 2294 7209 
4342 2542 3261 7463 
4343 3720 3722 6275 
4344 4487 5077 6085 
4345 3045 3866 6724 
4346 738 741 6790 
4347 6465 6467 7531 
4348 1428 6588 6590 
4349 929 932 6786 
4350 1237 1240 7027 
4351 1945 1942 6788 
4352 4293 5633 6565 
4353 2207 2482 6599 
4354 2068 4520 7202 
4355 2181 2159 6601 
4356 878 881 7300 
4357 3938 4487 6441 
4358 8909 1990 9033 
4359 2071 6289 7169 
4360 4263 7370 7456 
4361 722 725 6789 
4362 1111 6417 6418 
4363 4689 6575 7109 
4364 9069 5756 9629 
4365 1701 1699 6521 
4366 6322 3802 6323 
4367 4438 4440 6535 
4368 844 2040 6864 
4369 4066 3547 6642 
4370 4498 5167 6645 
4371 2239 2237 6372 
4372 1605 1676 8551 
4373 6284 4429 7208 
4374 809 2052 7344 
4375 6523 6146 9205 
4376 2626 2625 7197 
4377 5084 3391 6520 
4378 1088 6907 6908 
4379 1212 2061 7124 
4380 3095 3520 3753 
4381 6595 1746 7973 
4382 1327 1374 7439 
4383 923 2068 7202 
4384 1747 1748 3200 
4385 2042 1687 6595 
4386 4486 6524 7194 
4387 6929 995 6930 
4388 457 6304 6305 
4389 6728 4592 7371 
4390 2994 2996 6774 
4391 6001 3265 8927 
4392 2228 4592 6727 
4393 6508 4452 6509 
4394 6504 6081 6505 
4395 3591 3525 7208 
4396 4349 4350 6754 
4397 1053 1054 1059 
4398 4493 731 7265 
4399 5740 5982 6855 
4400 5963 5962 5964 
4401 6252 6220 8844 
4402 3446 2042 6594 
4403 6954 4565 7435 
4404 1670 1671 1672 
4405 2179 2189 6603 
4406 1618 1616 6514 
4407 6574 6573 7921 
4408 595 597 1130 
4409 1537 1583 1667 
4410 3484 2886 6954 
4411 1097 1115 3176 
4412 4633 7190 7191 
4413 1059 1060 1073 
4414 4751 8284 8720 
4415 953 954 6562 
4416 5727 6065 9137 
4417 1781 1783 6542 
4418 5940 4367 6941 
4419 6338 4493 7265 
4420 3701 3702 3703 
4421 1766 1767 3304 
4422 1672 1673 1766 
4423 1892 1891 6767 
4424 6215 6214 6216 
4425 1208 7124 8291 
4426 1102 1104 8016 
4427 3576 6977 7293 
4428 678 681 7307 
4429 1650 1649 1746 
4430 5121 7447 7922 
4431 948 951 7169 
4432 1767 1769 6433 
4433 297 296 500 
4434 394 395 501 
4435 2938 3671 7582 
4436 1046 1048 6912 
4437 1791 1798 7064 
4438 4501 745 7258 
4439 3826 3827 7518 
4440 3674 4518 7106 
4441 812 817 6593 
4442 3221 3222 7099 
4443 7312 7313 7861 
4444 6605 4130 6607 
4445 1954 1953 6762 
4446 6348 4501 7258 
4447 6274 2478 8003 
4448 7369 5273 7370 
4449 4283 6805 7120 
4450 1945 6788 6900 
4451 985 986 6759 
4452 6201 3698 6202 
4453 1304 1280 7724 
4454 5321 6810 7496 
4455 2125 2132 6821 
4456 571 570 572 
4457 7076 2843 7077 
4458 2491 2473 2517 
4459 4432 4434 6659 
4460 1575 1574 1649 
4461 6969 6475 6970 
4462 7249 419 9301 
4463 2750 3144 6828 
4464 2154 2150 6761 
4465 3247 3818 6490 
4466 6209 6210 6252 
4467 848 871 6892 
4468 3719 3097 6694 
4469 1960 1959 6529 
4470 2063 6914 7171 
4471 979 980 6785 
4472 973 974 7230 
4473 4704 5645 6519 
4474 6993 2210 8474 
4475 7225 7389 7390 
4476 1582 3521 3701 
4477 1803 4473 7347 
4478 4498 5111 5167 
4479 2467 2464 6666 
4480 2906 3029 6890 
4481 5449 4101 6397 
4482 4362 4088 5161 
4483 5256 6846 7459 
4484 2522 2761 3095 
4485 973 7231 7232 
4486 7250 1925 7251 
4487 4676 7870 8436 
4488 4886 6037 8611 
4489 424 6847 9834 
4490 5837 5834 6867 
4491 1089 6923 8487 
4492 2162 2170 6781 
4493 7020 7018 7024 
4494 4471 5166 6848 
4495 4639 7302 7655 
4496 6648 7050 7051 
4497 1555 1073 1642 
4498 1451 1459 6266 
4499 8475 6075 8515 
4500 6231 5054 7623 
4501 3649 7048 7403 
4502 6366 4647 6917 
4503 1113 1118 6639 
4504 1871 1868 6874 
4505 2405 2404 6956 
4506 5273 4611 7370 
4507 1343 5114 5115 
4508 5785 5786 5787 
4509 4462 7465 7903 
4510 6915 6801 8204 
4511 1088 1056 6907 
4512 4680 4689 7109 
4513 3874 3978 6554 
4514 4292 4326 5069 
4515 3664 6194 6195 
4516 4463 4464 6570 
4517 1434 1478 1537 
4518 3705 3704 3706 
4519 2334 2331 6758 
4520 6549 6640 8658 
4521 4168 9671 9676 
4522 3320 3122 6558 
4523 1383 1381 6576 
4524 6330 5449 6331 
4525 1278 1169 7062 
4526 3560 3559 3851 
4527 1463 1407 1669 
4528 164 490 7846 
4529 6232 4063 7330 
4530 6130 9114 9201 
4531 2243 2843 7076 
4532 1690 6514 7784 
4533 1062 1070 6081 
4534 1539 1658 6310 
4535 116 115 543 
4536 190 189 542 
4537 3891 3280 6531 
4538 3432 4529 6620 
4539 1062 6081 6504 
4540 1397 1409 6588 
4541 6967 1974 7863 
4542 6415 3242 7205 
4543 4607 6052 6772 
4544 2073 1173 7084 
4545 1421 1441 1582 
4546 3726 3724 4271 
4547 7586 1713 9089 
4548 6984 6985 9594 
4549 6249 5837 6867 
4550 6129 4335 7256 
4551 4522 2064 7253 
4552 8476 5470 8566 
4553 6492 1580 9544 
4554 5106 6554 6555 
4555 9166 7908 9714 
4556 6065 5531 7320 
4557 7465 5559 7903 
4558 7101 7103 7104 
4559 6633 463 9176 
4560 444 388 6894 
4561 6529 5132 7299 
4562 1268 1179 7071 
4563 665 666 6701 
4564 6970 6973 7274 
4565 1670 1669 1671 
4566 886 2864 7272 
4567 965 1053 6420 
4568 2962 2964 7778 
4569 1696 3246 6411 
4570 567 3228 9679 
4571 7216 7215 7217 
4572 1376 1404 6516 
4573 4311 6109 6110 
4574 5940 6941 6948 
4575 1259 1261 6559 
4576 4960 4312 5284 
4577 2084 1187 7085 
4578 2114 2116 6825 
4579 4140 3736 6560 
4580 2324 4874 7057 
4581 2168 7449 7911 
4582 5518 5997 9468 
4583 2159 2163 6601 
4584 6419 4617 9079 
4585 7533 553 8634 
4586 4576 4572 7053 
4587 7192 7193 8024 
4588 5143 6460 6661 
4589 4525 2848 7260 
4590 858 862 6955 
4591 3990 3988 6995 
4592 577 578 579 
4593 3573 1267 7125 
4594 5040 5038 5151 
4595 5033 4037 5402 
4596 5928 4714 7013 
4597 1512 5869 7159 
4598 1409 6577 6578 
4599 4516 4983 6876 
4600 6034 540 6118 
4601 3104 3496 6737 
4602 3469 4053 6837 
4603 6925 6927 6928 
4604 6011 4344 7250 
4605 965 1051 1053 
4606 2864 4632 7272 
4607 1755 1687 2042 
4608 4021 6990 6991 
4609 1070 1084 7395 
4610 4613 5852 6845 
4611 7017 7018 7020 
4612 6717 3235 6719 
4613 3176 3302 3807 
4614 2965 2963 7822 
4615 2491 2517 6327 
4616 3304 1767 6433 
4617 4811 8501 8632 
4618 685 3674 7106 
4619 1661 1663 6256 
4620 2530 2531 7126 
4621 3310 4080 6857 
4622 5069 5526 5818 
4623 6195 6196 6204 
4624 1803 907 1804 
4625 2765 2764 3272 
4626 3703 3702 3704 
4627 5115 5114 6082 
4628 6477 6465 7531 
4629 6613 504 9366 
4630 6325 1313 7270 
4631 3973 3403 7050 
4632 6128 4883 7058 
4633 5284 4312 5958 
4634 1769 1771 1802 
4635 3242 4418 4419 
4636 6310 3518 6311 
4637 2461 2458 6423 
4638 5655 6244 7517 
4639 4155 3405 4279 
4640 3532 4049 6962 
4641 4419 4420 4430 
4642 7161 7160 7165 
4643 5999 2278 9141 
4644 1982 7353 7424 
4645 2265 2892 7201 
4646 3890 3268 7173 
4647 6253 7433 7582 
4648 1688 2074 3695 
4649 4430 4432 5086 
4650 1446 6516 6517 
4651 5086 6659 6660 
4652 7578 2840 7589 
4653 1117 1135 7980 
4654 4063 3290 7330 
4655 2998 3247 6490 
4656 2599 3051 6673 
4657 2763 2579 2764 
4658 3106 3354 6682 
4659 7048 6815 7049 
4660 3377 3415 7623 
4661 3745 3267 3747 
4662 7214 7211 9449 
4663 2725 2726 6779 
4664 3522 3523 3874 
4665 603 605 6417 
4666 2264 2261 7326 
4667 4588 4587 5927 
4668 4929 4156 5143 
4669 7388 3057 7450 
4670 675 4519 6716 
4671 3796 3950 5026 
4672 4579 6652 6774 
4673 3017 3588 7072 
4674 3722 3723 5554 
4675 4062 4063 4293 
4676 892 1803 7347 
4677 3415 3449 4154 
4678 3807 3886 4812 
4679 2015 5218 9136 
4680 6501 7862 8343 
4681 7239 5429 7416 
4682 5531 3729 7320 
4683 6581 4024 8939 
4684 7318 2677 7580 
4685 3187 3941 7303 
4686 3284 3888 6772 
4687 1408 1407 1463 
4688 1672 1671 1673 
4689 6549 2096 6640 
4690 1356 1360 1688 
4691 1935 1932 6530 
4692 579 580 581 
4693 7162 7161 7165 
4694 6859 2452 6861 
4695 4108 5287 7281 
4696 601 603 1111 
4697 3833 3826 4176 
4698 451 7022 9045 
4699 2314 2311 6939 
4700 1343 1314 5114 
4701 1643 1642 1742 
4702 6381 6255 6382 
4703 5467 5470 6899 
4704 4487 4285 4492 
4705 4682 4684 6573 
4706 4406 4176 5046 
4707 1766 1673 1767 
4708 6674 3506 6675 
4709 2101 6390 7255 
4710 892 893 907 
4711 5772 5775 7073 
4712 4668 2904 6890 
4713 3840 4044 4587 
4714 4481 5480 6795 
4715 3211 3254 3840 
4716 4341 5274 6840 
4717 5054 3950 7406 
4718 1896 1971 7207 
4719 5328 6778 8881 
4720 2094 2091 6712 
4721 6884 6883 6886 
4722 7203 778 7282 
4723 2057 3224 6636 
4724 3361 2853 7301 
4725 6224 6223 6239 
4726 1742 1744 3211 
4727 2784 2783 6857 
4728 1111 603 6417 
4729 1404 1421 6644 
4730 7235 2045 8525 
4731 1805 1804 1806 
4732 1480 2852 7195 
4733 4745 7778 7779 
4734 5530 5531 5532 
4735 4419 4418 4420 
4736 4497 5342 6843 
4737 1630 7355 7356 
4738 1403 1402 1407 
4739 1347 1376 1446 
4740 7377 4601 9597 
4741 1328 1339 6416 
4742 1663 1664 1699 
4743 2734 2732 6730 
4744 4398 4397 6247 
4745 6619 6616 8410 
4746 3451 8845 9482 
4747 4701 6535 6536 
4748 4021 3986 6990 
4749 4220 6625 7278 
4750 3695 2074 8515 
4751 3271 3270 3465 
4752 966 969 6700 
4753 4552 2724 7315 
4754 893 905 6949 
4755 4430 4420 4432 
4756 5692 5115 6543 
4757 425 7515 7516 
4758 759 2101 7255 
4759 6963 5095 6964 
4760 1688 1360 2074 
4761 5086 4432 6659 
4762 1097 1094 1098 
4763 5646 4118 7373 
4764 6423 2475 6424 
4765 4224 4221 7278 
4766 3793 3792 3794 
4767 4094 4158 4498 
4768 1029 1044 7146 
4769 2473 2471 6663 
4770 4509 4511 6653 
4771 2064 1489 7253 
4772 7017 3609 7018 
4773 3772 3337 4452 
4774 6706 6705 6707 
4775 7101 1468 7103 
4776 1658 1659 1661 
4777 1661 1662 1663 
4778 4578 4847 6280 
4779 2482 2481 2507 
4780 3550 4467 6865 
4781 784 8118 8241 
4782 1712 2774 7644 
4783 3498 1667 3499 
4784 2022 5068 7331 
4785 1773 1775 6634 
4786 1313 628 7270 
4787 2733 2730 7305 
4788 4106 3394 6688 
4789 5118 4526 7139 
4790 2848 1501 7260 
4791 7141 4068 7142 
4792 4335 3944 7256 
4793 5249 7845 7846 
4794 6687 2671 7595 
4795 6499 5178 8738 
4796 515 386 7028 
4797 4812 4813 5853 
4798 611 613 6459 
4799 6279 4910 6297 
4800 5299 5298 6888 
4801 6647 3973 6648 
4802 7448 6770 8715 
4803 2834 2838 7119 
4804 3938 1341 4285 
4805 2727 4800 7304 
4806 2471 2468 6664 
4807 992 995 6929 
4808 6012 6013 6093 
4809 1775 1777 3142 
4810 6632 6633 9176 
4811 6217 6216 6218 
4812 3496 6731 6732 
4813 2830 3238 7108 
4814 4304 4305 4767 
4815 2463 2461 2579 
4816 6472 6475 6969 
4817 2765 3272 3337 
4818 7180 3418 8434 
4819 607 609 6438 
4820 3706 4058 6330 
4821 3554 3555 6540 
4822 4344 1929 7250 
4823 4910 4279 4911 
4824 3242 1299 4418 
4825 5015 6760 8623 
4826 6918 4378 6919 
4827 6812 3713 6813 
4828 6153 5837 6249 
4829 7375 5321 7376 
4830 2508 2507 2547 
4831 4330 4383 6668 
4832 1798 1799 3229 
4833 405 6172 9463 
4834 6418 6417 6419 
4835 3701 3521 3702 
4836 5046 5705 6076 
4837 7660 485 7661 
4838 1708 2041 4532 
4839 3720 3721 3722 
4840 5117 6723 7199 
4841 7098 1571 7311 
4842 1609 1608 6405 
4843 3795 3794 4304 
4844 4460 4461 4463 
4845 6688 3000 7123 
4846 2394 2393 7292 
4847 7302 2804 7655 
4848 7073 5775 7074 
4849 905 927 5082 
4850 2763 2764 2765 
4851 3371 3373 3796 
4852 1779 1781 1794 
4853 7388 7450 7624 
4854 7099 5078 7100 
4855 4458 4459 4460 
4856 7176 4111 7177 
4857 1729 3461 7301 
4858 1059 1073 1555 
4859 4869 4868 6872 
4860 33 462 6904 
4861 1189 1186 7928 
4862 4873 4871 6596 
4863 6229 4650 6347 
4864 1807 1806 1808 
4865 4706 7548 7701 
4866 5026 3950 5030 
4867 1582 1441 3521 
4868 3866 3672 4352 
4869 5572 4532 6087 
4870 2959 2957 7117 
4871 4284 3695 6269 
4872 4434 4436 6658 
4873 4701 4438 6535 
4874 735 2087 7265 
4875 6665 2467 6666 
4876 605 607 2026 
4877 4293 4063 5633 
4878 1794 1781 6542 
4879 3950 3373 7406 
4880 4565 3874 5106 
4881 6692 1295 7069 
4882 7351 7350 7698 
4883 2849 2850 8786 
4884 4436 4438 4701 
4885 7511 7512 7513 
4886 6812 6815 7048 
4887 5220 8269 8399 
4888 1058 6571 6572 
4889 2097 7130 7131 
4890 1252 1248 6715 
4891 4904 4630 6839 
4892 3132 3131 3270 
4893 404 6856 9523 
4894 5734 6300 7557 
4895 3839 4118 4704 
4896 5106 3874 6554 
4897 2325 2324 7057 
4898 6450 6451 6452 
4899 3306 4108 7281 
4900 5489 5137 6183 
4901 2026 607 6438 
4902 3272 3273 3730 
4903 6957 6920 8324 
4904 2045 1252 6715 
4905 4568 2494 7206 
4906 1326 1328 1394 
4907 515 7028 7029 
4908 3694 4845 7118 
4909 1315 1314 1343 
4910 7675 408 8575 
4911 5123 5122 6140 
4912 749 2085 7258 
4913 1708 1706 2041 
4914 2884 2883 3522 
4915 1729 1728 3461 
4916 3485 6747 7340 
4917 290 443 7284 
4918 3811 3812 4094 
4919 5532 5531 5727 
4920 867 869 6794 
4921 2099 7148 7149 
4922 5027 5026 5028 
4923 2060 4031 4276 
4924 3164 3826 3833 
4925 1691 1690 1728 
4926 484 7510 7691 
4927 3210 3472 6953 
4928 1691 1728 1729 
4929 3796 3373 3950 
4930 5136 5137 5489 
4931 1087 611 6459 
4932 1059 1054 1060 
4933 2207 2481 2482 
4934 3791 1743 3792 
4935 1801 3097 3719 
4936 4558 5266 7317 
4937 1785 1787 2019 
4938 1865 1863 6773 
4939 2806 1052 7298 
4940 6506 4035 6507 
4941 4277 5128 6891 
4942 2578 2577 2920 
4943 1699 1700 1747 
4944 4468 5122 5123 
4945 2458 2454 2475 
4946 2058 3187 7303 
4947 1434 1435 1478 
4948 7054 2583 7055 
4949 4118 3838 7373 
4950 187 186 437 
4951 119 118 438 
4952 4130 3456 6609 
4953 6579 6580 6581 
4954 5318 6801 6915 
4955 9297 5808 9350 
4956 1323 1326 6604 
4957 4276 4031 5435 
4958 672 675 6716 
4959 3500 3499 3501 
4960 6730 3073 7281 
4961 2016 825 3864 
4962 6674 6675 6676 
4963 1803 1804 1805 
4964 5971 4293 6565 
4965 5764 5763 7297 
4966 834 891 892 
4967 4468 4151 5122 
4968 7113 3438 7117 
4969 5116 5115 5692 
4970 3886 3302 3887 
4971 7548 3069 7701 
4972 2724 1214 7315 
4973 6424 6425 6426 
4974 6522 3317 6523 
4975 4062 3290 4063 
4976 7198 1375 8793 
4977 4502 4513 7358 
4978 3714 3963 4174 
4979 1645 1628 4741 
4980 1622 1690 1691 
4981 4704 4118 5645 
4982 892 907 1803 
4983 4442 4444 4557 
4984 6288 4591 7394 
4985 1459 1651 6266 
4986 2871 2869 6823 
4987 4782 4780 8070 
4988 619 621 6571 
4989 6578 6577 6587 
4990 1841 1989 6879 
4991 4988 4989 5643 
4992 2025 3535 3806 
4993 3730 3731 3937 
4994 2060 1317 4031 
4995 3164 3165 3826 
4996 2780 2998 6520 
4997 2700 2695 7363 
4998 559 564 9551 
4999 609 611 1087 
5000 1616 2021 6514 
5001 2097 1036 7130 
5002 1291 1192 6721 
5003 6073 182 9773 
5004 4959 4957 6782 
5005 7537 2182 8259 
5006 670 672 6716 
5007 1468 1466 7103 
5008 3522 2883 3523 
5009 3187 2059 3432 
5010 1280 4742 7724 
5011 1192 1188 6721 
5012 4018 3487 6717 
5013 2463 2579 2763 
5014 1522 1521 7163 
5015 1791 1797 1798 
5016 7378 7379 7941 
5017 7216 7217 7218 
5018 3025 6672 9026 
5019 2168 6761 8624 
5020 1695 1765 2014 
5021 2585 2586 2757 
5022 5368 8853 8886 
5023 2296 2727 7304 
5024 3809 3844 4556 
5025 5164 6354 6355 
5026 6676 6677 6678 
5027 6825 2116 7571 
5028 2669 2668 2883 
5029 6732 6731 6733 
5030 3730 3937 4340 
5031 4463 4461 4464 
5032 6044 7485 8000 
5033 3940 3432 6620 
5034 3565 3905 4603 
5035 4460 4459 4461 
5036 5221 4293 5971 
5037 4579 4934 5237 
5038 3623 3624 3720 
5039 6767 6768 7405 
5040 2494 2495 7206 
5041 1801 1287 3097 
5042 2730 2728 7305 
5043 6127 519 8981 
5044 3237 2664 8165 
5045 581 582 583 
5046 1809 1808 1810 
5047 5136 3890 5137 
5048 3474 3876 6896 
5049 5575 4959 6782 
5050 4037 4035 6506 
5051 1861 1859 6783 
5052 6423 6424 6427 
5053 1798 1797 1799 
5054 3833 4176 4406 
5055 3053 3600 4458 
5056 6517 6516 6518 
5057 5530 3729 5531 
5058 3611 3458 6605 
5059 1269 1275 8004 
5060 4195 4349 6756 
5061 4172 4898 5424 
5062 3201 3203 3565 
5063 7015 6265 7016 
5064 3291 3290 4062 
5065 3664 6195 7644 
5066 3187 3432 3940 
5067 4464 5557 5560 
5068 2058 2059 3187 
5069 2058 1682 2059 
5070 4471 5144 5166 
5071 3222 3838 3839 
5072 2106 2717 6722 
5073 2820 3177 7158 
5074 7512 544 7516 
5075 2588 2589 2590 
5076 3839 3838 4118 
5077 3932 3969 4286 
5078 817 818 825 
5079 4458 3600 4459 
5080 800 2022 7331 
5081 5459 5458 9180 
5082 1918 1917 7215 
5083 1305 1317 2060 
5084 3045 3672 3866 
5085 4527 755 7255 
5086 1300 1299 3242 
5087 2577 2575 7751 
5088 3096 6974 7137 
5089 2597 2598 2599 
5090 7515 7512 7516 
5091 3268 2853 3361 
5092 3874 3523 3978 
5093 1740 2013 3221 
5094 1285 1287 1801 
5095 1555 1642 1643 
5096 6907 2049 6910 
5097 4572 4569 7053 
5098 2477 2584 2585 
5099 4367 4010 6941 
5100 751 753 7291 
5101 9298 5539 9317 
5102 3221 2013 3222 
5103 6647 6648 6649 
5104 1857 1855 6777 
5105 5622 9280 9320 
5106 2189 2207 6599 
5107 1622 1618 1690 
5108 3816 4470 4471 
5109 623 625 6629 
5110 4633 2795 7190 
5111 5606 4335 6074 
5112 3097 6693 6694 
5113 6475 6476 6973 
5114 1811 1810 1812 
5115 2482 2507 2508 
5116 613 615 2029 
5117 3461 4151 4468 
5118 3469 3391 4053 
5119 6146 5058 6147 
5120 4578 6280 7730 
5121 3554 3229 3555 
5122 1738 1740 6696 
5123 5454 7835 9309 
5124 6734 6733 6735 
5125 2017 3045 6724 
5126 1805 1806 1807 
5127 583 584 585 
5128 2623 3066 7454 
5129 3438 2959 7117 
5130 6638 1113 6639 
5131 3532 3534 4049 
5132 3122 3324 6558 
5133 1813 1812 3149 
5134 1616 1614 2021 
5135 4083 4835 5388 
5136 2228 4591 4592 
5137 4376 4378 6918 
5138 1362 1363 1364 
5139 6593 2016 7856 
5140 4286 5361 5561 
5141 1692 1693 1756 
5142 2065 2066 3532 
5143 5395 5393 5935 
5144 1364 1365 1366 
5145 5029 5028 5986 
5146 7991 2477 8064 
5147 1134 1323 7012 
5148 1366 1367 1368 
5149 7106 4518 7107 
5150 1044 1031 7143 
5151 1368 1369 1370 
5152 1370 1371 1372 
5153 5726 4704 6519 
5154 7186 839 7187 
5155 2894 2895 2896 
5156 4396 4963 5202 
5157 4591 2226 7394 
5158 6012 4342 6013 
5159 1446 1376 6516 
5160 1507 1504 7183 
5161 5033 5402 7044 
5162 3903 3695 4284 
5163 3715 6404 7268 
5164 3892 4365 6742 
5165 9515 3926 9672 
5166 4355 5800 5801 
5167 4484 4485 4561 
5168 2896 2895 2897 
5169 6697 7100 9848 
5170 2014 1765 3395 
5171 2749 2741 7200 
5172 3804 4481 5510 
5173 6997 6996 6998 
5174 3139 3609 7017 
5175 2056 2057 3570 
5176 2209 2587 2588 
5177 2061 2724 2725 
5178 2476 2596 2597 
5179 4607 5923 6051 
5180 3476 6896 6898 
5181 4027 4335 5606 
5182 6676 6675 6677 
5183 3937 4353 4355 
5184 5286 4925 5702 
5185 3865 3864 4868 
5186 2709 3038 7306 
5187 3259 3713 6812 
5188 4411 4412 6399 
5189 627 629 6669 
5190 5172 4463 6570 
5191 2875 2873 6747 
5192 2055 4483 4484 
5193 1364 1363 1365 
5194 1571 2064 2065 
5195 1756 1693 1758 
5196 1595 1596 1692 
5197 1891 1888 6769 
5198 4049 3534 4050 
5199 2847 2848 2849 
5200 6712 2093 7316 
5201 2731 2730 2732 
5202 4388 3719 4391 
5203 1366 1365 1367 
5204 3791 3792 3793 
5205 1368 1367 1369 
5206 1692 1596 1693 
5207 2205 7262 7263 
5208 3532 2066 3534 
5209 1370 1369 1371 
5210 5315 5313 6810 
5211 1853 1851 6780 
5212 5510 4481 6795 
5213 1381 2020 6576 
5214 4601 3729 5530 
5215 2729 2728 2730 
5216 5031 5562 5691 
5217 4454 3806 4758 
5218 3862 6701 7446 
5219 2065 2064 2066 
5220 2779 2778 2780 
5221 3736 4146 6560 
5222 3570 2057 6636 
5223 3975 3852 3976 
5224 2599 2598 3051 
5225 3149 6708 6709 
5226 1497 7095 7096 
5227 1485 7101 7102 
5228 4578 4846 4847 
5229 4205 3900 5187 
5230 4108 4925 5286 
5231 1058 619 6571 
5232 3162 3160 8666 
5233 1362 1265 1363 
5234 4322 7113 7114 
5235 2408 2405 6956 
5236 4484 4483 4485 
5237 9520 5475 9547 
5238 822 829 6189 
5239 7096 7095 7097 
5240 2849 2848 2850 
5241 3395 3900 4205 
5242 2894 2893 2895 
5243 7485 6039 8000 
5244 1128 1133 2025 
5245 4108 3904 4925 
5246 2393 7471 7639 
5247 2892 2893 2894 
5248 2597 2596 2598 
5249 5207 5566 5706 
5250 5518 5519 6171 
5251 3538 1259 6559 
5252 1849 1847 6771 
5253 4689 6573 6574 
5254 2725 2724 2726 
5255 2554 2552 6522 
5256 4883 4574 7058 
5257 2727 2670 2728 
5258 1821 1819 6637 
5259 3515 3911 6827 
5260 6460 439 6661 
5261 2053 1224 4490 
5262 1680 1682 2058 
5263 2552 2550 3317 
5264 2067 5015 5582 
5265 1606 1602 2050 
5266 5061 3859 5244 
5267 4607 4606 5923 
5268 585 586 587 
5269 1724 1734 2034 
5270 2458 2475 6423 
5271 3804 3803 4481 
5272 2836 3017 7072 
5273 4529 5536 5690 
5274 3817 3469 6837 
5275 2056 1244 2057 
5276 2843 5079 7196 
5277 7624 5907 8483 
5278 4343 4342 6012 
5279 3305 670 6716 
5280 4355 5365 5800 
5281 7845 165 7846 
5282 5164 4476 6354 
5283 5341 4138 5980 
5284 2034 1734 5570 
5285 1643 1742 1743 
5286 4971 4366 7328 
5287 3840 4587 4588 
5288 2054 1230 4486 
5289 5063 8661 9110 
5290 7133 1065 7134 
5291 3122 2899 3324 
5292 6355 509 9526 
5293 4329 4330 4980 
5294 2055 1236 4483 
5295 1573 1477 1574 
5296 5298 6885 6888 
5297 1845 1843 6880 
5298 4588 5927 5937 
5299 3288 2993 7184 
5300 1608 6317 6405 
5301 8934 1122 9184 
5302 3556 3554 4342 
5303 1825 1823 6667 
5304 4519 6410 6716 
5305 3544 3545 4329 
5306 5153 6009 9061 
5307 829 834 7347 
5308 2715 2716 2768 
5309 4988 4106 4989 
5310 2768 2846 3558 
5311 1812 2000 6708 
5312 2707 2708 2709 
5313 4745 2962 7778 
5314 3205 4068 7141 
5315 1372 1371 7483 
5316 9167 7886 9350 
5317 1400 1350 1402 
5318 3258 3257 3932 
5319 2048 2714 2715 
5320 5446 5447 5448 
5321 4705 3677 7094 
5322 5930 5931 5932 
5323 3051 3505 3506 
5324 2096 1900 7045 
5325 7062 2073 7063 
5326 2046 6773 7408 
5327 4494 4493 4973 
5328 4471 4470 5144 
5329 4966 4284 5523 
5330 4499 6562 7993 
5331 2076 2706 2707 
5332 4549 5662 5663 
5333 6009 4344 6010 
5334 2727 2728 2729 
5335 4265 4254 7246 
5336 5967 4390 5968 
5337 6732 6733 6734 
5338 2705 2783 2784 
5339 3517 3229 3554 
5340 631 633 6741 
5341 1839 1837 6748 
5342 2070 4496 4497 
5343 2703 2704 2705 
5344 2061 1214 2724 
5345 2086 4493 4494 
5346 3592 3928 4341 
5347 2709 2708 3038 
5348 2777 2582 2778 
5349 4341 3928 5274 
5350 6195 6205 7644 
5351 7010 7008 7011 
5352 2547 2595 3164 
5353 2707 2706 2708 
5354 4027 3944 4335 
5355 2851 3540 3809 
5356 2971 3146 3764 
5357 3209 2090 7405 
5358 2022 804 3239 
5359 3736 3320 4146 
5360 7389 7225 7391 
5361 3528 3717 4172 
5362 1139 4502 7358 
5363 1118 1123 1334 
5364 4489 4276 9527 
5365 2068 2693 2694 
5366 726 729 7295 
5367 3929 4344 6009 
5368 2729 2730 2731 
5369 1517 7159 7160 
5370 2508 2547 2548 
5371 2694 2695 2696 
5372 1695 1640 1765 
5373 2696 2695 2697 
5374 1762 3275 3732 
5375 1917 7213 7215 
5376 6866 5452 8201 
5377 4296 4823 5385 
5378 3709 5253 7276 
5379 2556 2554 3313 
5380 4329 3545 4330 
5381 2696 2697 2698 
5382 2086 731 4493 
5383 2694 2693 2695 
5384 2038 623 6629 
5385 3198 3197 3257 
5386 4920 5649 5981 
5387 4497 4496 5342 
5388 1053 1051 1054 
5389 5192 5191 5193 
5390 2087 737 3541 
5391 4980 4330 6668 
5392 2576 2575 2577 
5393 2705 2704 2783 
5394 5311 5309 6915 
5395 4759 4758 6337 
5396 2695 2693 7363 
5397 4275 3842 4325 
5398 5207 4140 5566 
5399 5682 5977 6982 
5400 4546 4547 5639 
5401 3334 6682 6683 
5402 3558 2846 6037 
5403 2731 2732 2734 
5404 2768 2716 2846 
5405 2071 4499 4500 
5406 4502 4501 4503 
5407 2757 2586 2851 
5408 2715 2714 2716 
5409 3423 3970 4579 
5410 4417 4623 5580 
5411 1261 1265 1362 
5412 1139 745 4501 
5413 6387 6385 6389 
5414 1941 2075 2703 
5415 4466 4463 5172 
5416 2068 928 2693 
5417 2091 2093 6712 
5418 2880 4702 4703 
5419 5166 6980 8266 
5420 5518 4918 5519 
5421 1139 4501 4502 
5422 4172 3717 4898 
5423 2076 721 2706 
5424 5043 3521 7499 
5425 2454 2452 6859 
5426 4920 4919 5649 
5427 1535 1531 1644 
5428 6062 4429 6063 
5429 3592 3511 3928 
5430 1394 1328 6416 
5431 2703 2075 2704 
5432 2070 947 4496 
5433 5391 5183 6064 
5434 2207 2216 2481 
5435 6802 4488 6803 
5436 2585 2584 2586 
5437 1256 1259 3538 
5438 1835 1833 6740 
5439 1222 1224 2053 
5440 817 825 2016 
5441 1425 1452 1454 
5442 2116 2117 2118 
5443 2118 2119 2131 
5444 5491 5172 5933 
5445 5862 5861 5863 
5446 2089 2090 2091 
5447 3669 7118 8144 
5448 7050 3763 7052 
5449 2114 2115 2116 
5450 2852 3529 3544 
5451 3544 3529 3545 
5452 3168 4537 4538 
5453 6434 5735 6492 
5454 9203 6005 9216 
5455 1971 2088 2089 
5456 4502 4503 4504 
5457 5318 6800 6801 
5458 842 844 6864 
5459 7143 7132 7144 
5460 3403 3763 7050 
5461 2296 2670 2727 
5462 2048 707 2714 
5463 3224 3803 3804 
5464 7178 2509 7179 
5465 3429 3425 4114 
5466 4083 4018 4835 
5467 4080 3613 4698 
5468 2079 2080 2081 
5469 1595 1465 1596 
5470 3334 3106 6682 
5471 1455 6964 9836 
5472 2098 5504 5730 
5473 3214 2599 6673 
5474 4504 4503 4505 
5475 5001 4884 5083 
5476 1158 1160 7312 
5477 5668 5382 6164 
5478 3793 3794 3795 
5479 5307 5305 6799 
5480 1228 1230 2054 
5481 5987 514 9499 
5482 3888 4606 4607 
5483 4504 4505 4506 
5484 6893 4596 7528 
5485 5031 4688 5562 
5486 856 858 6955 
5487 3219 2781 3391 
5488 1240 1244 2056 
5489 3605 4111 7176 
5490 1212 1214 2061 
5491 1234 1236 2055 
5492 3524 4919 4920 
5493 1717 1719 7227 
5494 2081 2082 2083 
5495 3674 4277 4281 
5496 2112 2113 2114 
5497 3521 1441 7499 
5498 7085 1196 7086 
5499 7425 2282 7426 
5500 1397 1383 1409 
5501 1750 3170 3171 
5502 1428 1397 6588 
5503 4345 4429 6062 
5504 2998 6490 6520 
5505 4506 4505 4507 
5506 2184 3777 4417 
5507 1701 6521 9355 
5508 1571 1489 2064 
5509 2606 2605 2607 
5510 617 619 1058 
5511 2892 2264 2893 
5512 1381 1379 2020 
5513 2604 2603 2605 
5514 3306 3904 4108 
5515 1596 6590 7783 
5516 5132 2077 6351 
5517 2996 3423 6774 
5518 4514 6653 6654 
5519 4692 5735 6434 
5520 2083 2082 3899 
5521 2081 2080 2082 
5522 5774 5777 7046 
5523 6429 6430 8099 
5524 2847 1501 2848 
5525 5063 2725 6779 
5526 5303 5301 6792 
5527 2079 2078 2080 
5528 4689 4682 6573 
5529 6566 2457 6567 
5530 5052 3203 7436 
5531 4860 4127 5399 
5532 2016 3864 3865 
5533 7082 8757 8811 
5534 5295 5293 6884 
5535 1959 2077 5132 
5536 6654 6653 6657 
5537 2537 2536 2569 
5538 2476 2252 2596 
5539 7227 5014 7228 
5540 846 848 6892 
5541 8142 5063 9110 
5542 5844 5843 6333 
5543 6812 6813 6815 
5544 1066 966 6700 
5545 812 816 817 
5546 1593 1588 6796 
5547 2071 953 4499 
5548 3240 3239 3786 
5549 4684 4688 5031 
5550 942 627 6669 
5551 3809 3540 3844 
5552 5197 7595 7599 
5553 3189 3162 4551 
5554 3565 3203 3905 
5555 2713 6744 6745 
5556 3203 2593 7436 
5557 2602 2601 2603 
5558 2542 2544 3261 
5559 7155 7154 7156 
5560 983 985 2067 
5561 3542 3862 4100 
5562 1969 2078 2079 
5563 4603 3905 5262 
5564 6262 4556 6263 
5565 6631 4331 6632 
5566 3829 3831 4182 
5567 2150 2581 6761 
5568 4871 4869 5535 
5569 4425 4918 5518 
5570 961 966 1066 
5571 6270 5681 7375 
5572 5181 4959 5575 
5573 3342 3584 3714 
5574 945 947 2070 
5575 2561 2558 3116 
5576 3193 3191 3290 
5577 7660 7662 7708 
5578 2832 2834 7119 
5579 4592 4591 6287 
5580 5675 9041 9149 
5581 923 928 2068 
5582 4514 4509 6653 
5583 5770 5772 7073 
5584 705 707 2048 
5585 5202 4963 5236 
5586 4604 4603 5087 
5587 4304 4767 5798 
5588 4257 7243 7244 
5589 5428 6087 9222 
5590 3779 6298 6890 
5591 4383 4422 4423 
5592 4680 4682 4689 
5593 573 572 574 
5594 2963 3640 7822 
5595 2091 2090 2093 
5596 5446 4164 5447 
5597 7689 484 7690 
5598 3440 2346 7043 
5599 5614 4386 7403 
5600 3816 3206 4470 
5601 2592 2590 2593 
5602 4265 7246 7247 
5603 3104 2734 3496 
5604 4100 4360 5576 
5605 4519 5020 5021 
5606 1969 2079 6965 
5607 989 991 2062 
5608 6011 7250 7251 
5609 1634 1764 9423 
5610 6341 6601 6602 
5611 2440 2437 6566 
5612 3468 3466 3559 
5613 4998 4096 5138 
5614 6518 5073 8851 
5615 4281 4277 6891 
5616 6138 3131 6844 
5617 808 812 6593 
5618 3038 3511 3592 
5619 6261 4556 6262 
5620 2594 2593 3201 
5621 2089 2088 2090 
5622 4998 5138 7504 
5623 719 721 2076 
5624 3696 3697 3698 
5625 5058 4406 6532 
5626 3788 3786 4196 
5627 2621 2619 6826 
5628 2110 2111 2112 
5629 4296 3582 4823 
5630 3677 3675 7094 
5631 6990 5186 6994 
5632 5356 4341 6840 
5633 5952 4703 5953 
5634 2880 1907 4702 
5635 2783 3310 6857 
5636 3381 3382 3855 
5637 3929 1929 4344 
5638 4534 2672 5795 
5639 1485 1470 7101 
5640 1807 1808 1809 
5641 7152 7151 7153 
5642 2732 3073 6730 
5643 5078 4704 5726 
5644 6290 4500 6499 
5645 6421 1555 8048 
5646 2780 2782 2998 
5647 4322 3931 7113 
5648 3310 3613 4080 
5649 729 731 2086 
5650 4500 4499 8012 
5651 5500 4497 6843 
5652 4716 6623 8017 
5653 3201 2593 3203 
5654 6134 7223 7226 
5655 4410 4135 6631 
5656 1497 1494 7095 
5657 3325 3104 6737 
5658 8954 8953 9638 
5659 4871 5535 6596 
5660 781 785 7282 
5661 2691 2679 7408 
5662 2296 2294 2670 
5663 2205 7261 7262 
5664 1582 3701 5073 
5665 2477 2234 2584 
5666 957 959 2072 
5667 3488 2784 4605 
5668 2701 3106 3334 
5669 2444 2440 2582 
5670 1171 2073 7062 
5671 8396 4935 8541 
5672 2843 2242 5079 
5673 4197 4196 4670 
5674 2063 6913 6914 
5675 2623 2621 3066 
5676 4954 5803 5804 
5677 4448 4526 5118 
5678 4397 5003 6247 
5679 3594 4127 4860 
5680 4579 5237 6652 
5681 5625 5626 5634 
5682 951 953 2071 
5683 6162 5580 6842 
5684 3211 1744 3254 
5685 906 755 4527 
5686 4535 4888 5644 
5687 2779 2780 2781 
5688 4058 5449 6330 
5689 2638 2629 2668 
5690 2866 2865 2867 
5691 2448 2445 7060 
5692 3840 3254 4044 
5693 2260 2257 7110 
5694 3865 4868 4869 
5695 2196 2195 2209 
5696 7574 5517 7852 
5697 1941 1939 2075 
5698 2167 2166 2173 
5699 3759 4596 6893 
5700 6830 3144 7419 
5701 735 737 2087 
5702 4895 4894 5191 
5703 2413 2411 7181 
5704 4544 4545 4546 
5705 3548 5100 7417 
5706 6979 7140 9157 
5707 2174 2173 2184 
5708 2004 2005 3381 
5709 2868 2867 2869 
5710 3855 3382 3856 
5711 4452 3337 6510 
5712 4053 5085 5185 
5713 621 623 2038 
5714 3524 3490 4919 
5715 8094 7118 8233 
5716 6210 6211 6212 
5717 2189 2201 2207 
5718 4620 2930 7268 
5719 2228 2226 4591 
5720 2031 790 2032 
5721 5191 4894 7875 
5722 3980 3981 7327 
5723 6988 5968 6989 
5724 4062 5221 6960 
5725 4283 6802 6804 
5726 3206 2757 6690 
5727 5800 5802 9053 
5728 2828 2830 7108 
5729 6386 6385 6387 
5730 8013 5576 9849 
5731 4345 3591 4429 
5732 905 5082 6949 
5733 2044 631 6741 
5734 1743 1742 6569 
5735 663 665 3542 
5736 906 4527 6407 
5737 4149 3288 7184 
5738 7006 7003 7007 
5739 2565 2563 3157 
5740 2155 2154 2166 
5741 1183 2084 7071 
5742 2714 707 7497 
5743 454 6450 8914 
5744 2998 2999 3247 
5745 4053 5084 5085 
5746 5154 4515 5599 
5747 2518 2530 6866 
5748 4279 3405 7751 
5749 2022 3239 3240 
5750 1971 1895 2088 
5751 4387 3719 4388 
5752 4080 4698 6940 
5753 743 745 1139 
5754 2151 2150 2154 
5755 1946 1945 6901 
5756 1913 1910 7210 
5757 3057 7388 7474 
5758 4954 3858 5803 
5759 2590 2591 7436 
5760 912 3233 4311 
5761 4352 4663 5950 
5762 3609 6828 7026 
5763 3674 2917 4277 
5764 800 801 804 
5765 4971 7328 7411 
5766 2758 2757 3206 
5767 2607 2608 2661 
5768 3908 2806 7298 
5769 6083 5643 6084 
5770 3335 4078 4578 
5771 2852 1479 3529 
5772 3381 2005 3382 
5773 1564 1561 7398 
5774 1108 1113 6638 
5775 3705 4312 4960 
5776 1742 1642 1744 
5777 977 979 2098 
5778 3403 2094 3763 
5779 6969 6970 6971 
5780 2090 2088 7405 
5781 1177 1268 7084 
5782 3331 3329 3877 
5783 7163 7162 7164 
5784 2162 2169 2170 
5785 749 751 2085 
5786 4767 4305 5699 
5787 2864 2863 2865 
5788 2864 2865 2866 
5789 7862 3956 8343 
5790 2939 3715 7268 
5791 5542 8066 9650 
5792 3219 3391 3469 
5793 1995 1996 2004 
5794 6531 3282 6772 
5795 3577 3587 7399 
5796 3280 3282 6531 
5797 6697 3221 7099 
5798 4423 5997 9691 
5799 4292 3520 4326 
5800 4138 3795 6539 
5801 4539 6444 6445 
5802 3548 2673 4877 
5803 4878 4877 5454 
5804 5842 4873 5843 
5805 4868 6868 6869 
5806 2661 2662 3064 
5807 835 839 7186 
5808 685 2917 3674 
5809 1293 1276 1299 
5810 645 647 7344 
5811 2227 2226 2228 
5812 1959 1957 2077 
5813 2590 2589 2591 
5814 4741 6500 6501 
5815 3064 3065 3425 
5816 4507 4509 4514 
5817 5967 5968 6988 
5818 2229 2228 6727 
5819 3898 3611 4930 
5820 6196 6197 9508 
5821 184 183 486 
5822 122 121 485 
5823 2015 2014 5218 
5824 6759 2062 6760 
5825 1104 1108 1131 
5826 2149 2148 2150 
5827 1311 1302 1314 
5828 6515 2054 8267 
5829 6011 7251 7252 
5830 4946 4931 5924 
5831 2248 2245 7076 
5832 6603 6599 8701 
5833 1190 1196 7085 
5834 3458 3456 4130 
5835 6328 2517 6329 
5836 7660 7661 7662 
5837 2534 2538 3168 
5838 1560 1557 7404 
5839 4288 7078 7079 
5840 4955 4851 6295 
5841 4286 3969 5361 
5842 6823 3067 6824 
5843 1556 1551 7401 
5844 3711 3709 7276 
5845 4602 4370 5140 
5846 753 755 906 
5847 2629 2626 7197 
5848 1096 1102 7549 
5849 2866 2867 2868 
5850 3178 3179 3358 
5851 198 197 6096 
5852 2033 2032 3117 
5853 3757 3759 6893 
5854 5085 6136 6137 
5855 5612 5611 5857 
5856 2552 3317 6522 
5857 4472 4471 6848 
5858 1819 1817 2009 
5859 3441 3440 3953 
5860 3118 3117 3473 
5861 2588 2587 2589 
5862 2004 1996 2005 
5863 4755 5405 5956 
5864 3542 665 3862 
5865 1550 1547 7402 
5866 1331 1353 8428 
5867 4868 6869 6872 
5868 4987 4106 4988 
5869 1494 1492 7095 
5870 4613 4410 5852 
5871 3953 4488 6802 
5872 3968 4375 4376 
5873 1470 1468 7101 
5874 2062 991 5384 
5875 1913 7210 7211 
5876 8883 6910 8994 
5877 500 296 6293 
5878 3066 2621 6826 
5879 3207 3206 3816 
5880 5149 4149 7184 
5881 2774 2775 3178 
5882 3240 3786 3788 
5883 587 588 589 
5884 2067 985 5015 
5885 800 804 2022 
5886 6190 4933 6191 
5887 6831 6834 7170 
5888 4511 4515 5154 
5889 4638 6564 8693 
5890 2868 2869 2871 
5891 2101 2102 2103 
5892 2235 2234 2477 
5893 2310 2672 4534 
5894 4849 4479 5129 
5895 4674 4615 6846 
5896 5245 8091 8578 
5897 675 3845 4519 
5898 4975 4674 5256 
5899 1969 1963 2078 
5900 3932 3257 3969 
5901 3727 3295 3729 
5902 7365 384 7423 
5903 2158 2161 2162 
5904 3007 3967 3968 
5905 2777 2778 2779 
5906 2031 2032 2033 
5907 4615 4613 6845 
5908 3954 3953 4283 
5909 3931 3438 7113 
5910 1694 1640 1695 
5911 3474 3473 3876 
5912 5842 5843 5844 
5913 6298 6299 6635 
5914 2570 2569 3141 
5915 4540 4538 4541 
5916 2180 2179 6603 
5917 4201 3933 4884 
5918 8212 5715 8659 
5919 7095 1492 7098 
5920 4386 3653 7403 
5921 4714 4713 7013 
5922 394 501 6285 
5923 4304 3794 4305 
5924 2437 2435 2457 
5925 1809 1810 1811 
5926 4263 7289 7290 
5927 1517 1514 7159 
5928 2310 2308 2672 
5929 3856 3858 4954 
5930 4519 3845 5020 
5931 2613 2611 2663 
5932 5625 5624 5626 
5933 3102 3173 3342 
5934 2741 2739 7200 
5935 3247 3248 3643 
5936 4100 3862 4360 
5937 1804 3262 6974 
5938 6836 6830 7419 
5939 6745 6744 6746 
5940 7102 7104 7105 
5941 3423 4579 6774 
5942 2979 2977 7294 
5943 625 627 942 
5944 1169 1171 7062 
5945 4599 6918 6920 
5946 6445 6444 6446 
5947 1594 1593 1640 
5948 3307 3309 7293 
5949 4480 2720 4933 
5950 2097 7132 7143 
5951 2033 3117 3118 
5952 3788 4196 4197 
5953 3215 7271 7809 
5954 2685 2687 7334 
5955 2147 2131 2148 
5956 4135 4115 4331 
5957 4538 4537 4539 
5958 7130 1065 7133 
5959 5162 4999 5564 
5960 5576 4360 5925 
5961 3315 3766 7229 
5962 5644 4888 6113 
5963 2209 2195 2587 
5964 7510 544 7511 
5965 7228 7850 8143 
5966 5681 5320 7375 
5967 1536 1535 1587 
5968 3461 3462 4151 
5969 961 1066 7590 
5970 3045 3046 3672 
5971 2617 2615 2666 
5972 7223 7224 7226 
5973 2245 2243 7076 
5974 2072 959 7590 
5975 3898 4930 4931 
5976 4533 4532 5572 
5977 3458 4130 6605 
5978 2103 2102 2104 
5979 2257 2255 7110 
5980 4389 4388 4390 
5981 1270 1252 2045 
5982 1867 2046 2678 
5983 7397 7559 9474 
5984 4432 4433 4434 
5985 6606 6605 6607 
5986 1628 1624 6500 
5987 5317 5321 7375 
5988 6277 6274 8003 
5989 4985 5624 5625 
5990 892 891 893 
5991 933 936 7412 
5992 3196 2567 3197 
5993 669 3305 4535 
5994 2025 1133 3535 
5995 3118 3473 3474 
5996 3922 4715 7407 
5997 4960 5284 5584 
5998 886 2863 2864 
5999 1179 1183 7071 
6000 4385 4386 5354 
6001 3513 3515 4289 
6002 2678 2679 2680 
6003 2527 2526 2536 
6004 2316 3548 7417 
6005 1719 3755 7227 
6006 4268 5710 7289 
6007 4542 4541 5450 
6008 1173 1177 7084 
6009 3883 5542 9650 
6010 3432 4528 4529 
6011 1314 1302 6415 
6012 2286 2283 7425 
6013 4884 3933 6686 
6014 874 872 7407 
6015 2166 2154 2168 
6016 5870 4904 5871 
6017 4475 3550 6865 
6018 1274 1283 7125 
6019 6725 6724 6726 
6020 2098 979 5504 
6021 2805 2106 6722 
6022 5823 7968 9820 
6023 1514 1512 7159 
6024 7914 2051 9095 
6025 6253 5104 7433 
6026 3649 6812 7048 
6027 6264 5123 6265 
6028 3550 3551 4467 
6029 3836 5461 7540 
6030 5966 4390 5967 
6031 1811 1812 1813 
6032 5103 5104 5369 
6033 2680 2681 2682 
6034 1819 2009 6637 
6035 2214 2509 7178 
6036 3552 2442 5578 
6037 4535 3305 4888 
6038 1823 1821 3208 
6039 3522 4565 6954 
6040 3286 2712 7314 
6041 1187 1190 7085 
6042 2679 2046 7408 
6043 2873 2871 3316 
6044 3103 8371 9237 
6045 6171 2722 9699 
6046 1248 1192 1291 
6047 7432 1204 8598 
6048 6134 3915 7223 
6049 2990 2992 7349 
6050 1532 1531 1535 
6051 4854 5611 5612 
6052 2869 3067 6823 
6053 3358 3359 3696 
6054 2336 2334 2601 
6055 1267 1274 7125 
6056 3792 1743 6569 
6057 3968 3967 4375 
6058 4623 5731 6546 
6059 794 796 7331 
6060 1706 1648 6597 
6061 4376 4375 4378 
6062 1767 1768 1769 
6063 4285 1341 7665 
6064 1588 1587 6796 
6065 5648 4904 5870 
6066 4854 4199 5611 
6067 6919 6922 6923 
6068 3643 4136 4166 
6069 2179 2188 2189 
6070 1296 1305 7075 
6071 5580 4623 6546 
6072 1827 1825 2028 
6073 2348 2346 3440 
6074 2316 2314 2673 
6075 2600 2599 3214 
6076 2104 2106 2805 
6077 6075 5042 8729 
6078 5467 5469 5470 
6079 4477 4476 5164 
6080 6615 6616 6618 
6081 2243 2242 2843 
6082 7014 6265 7015 
6083 2583 2114 6825 
6084 875 3922 7407 
6085 4529 4530 5536 
6086 4724 3890 5136 
6087 4619 5812 9611 
6088 3548 4877 4878 
6089 712 715 7422 
6090 2580 2162 6781 
6091 2170 2177 2179 
6092 3269 3268 3890 
6093 1530 1529 1531 
6094 7513 7512 7514 
6095 1995 1979 1996 
6096 7511 544 7512 
6097 1088 6908 6909 
6098 1863 1983 6773 
6099 2047 3549 3550 
6100 2027 1729 2853 
6101 5667 5382 5668 
6102 2184 2173 3777 
6103 4166 4922 4923 
6104 8758 5778 9405 
6105 785 790 2031 
6106 6704 2677 6705 
6107 3933 3932 6686 
6108 4289 3515 6827 
6109 2324 2322 2456 
6110 2170 2179 2180 
6111 4274 3842 4275 
6112 629 631 2044 
6113 589 590 591 
6114 4263 7290 7370 
6115 1201 1204 7432 
6116 1769 1770 1771 
6117 2515 2518 2841 
6118 3894 3892 6742 
6119 2944 2941 7582 
6120 2989 1654 7350 
6121 7112 2476 7798 
6122 2156 2157 2158 
6123 3168 2538 4537 
6124 2316 2673 3548 
6125 3429 4114 4115 
6126 4364 4275 4476 
6127 1859 2035 6783 
6128 3841 3214 3842 
6129 4847 4846 8207 
6130 2873 3316 6747 
6131 3981 4469 7327 
6132 1188 1184 2051 
6133 4567 2849 5373 
6134 3168 4540 7126 
6135 4434 4435 4436 
6136 1707 1706 1708 
6137 2854 2853 3268 
6138 5038 5037 6131 
6139 1646 1645 4523 
6140 5069 4326 5526 
6141 4491 2725 5063 
6142 1423 1424 1434 
6143 4101 4102 4411 
6144 1823 3208 6667 
6145 5031 5691 7921 
6146 2375 2388 7339 
6147 3476 3474 6896 
6148 6164 5382 7705 
6149 6803 6807 6808 
6150 2717 3892 3894 
6151 7243 5407 7245 
6152 4670 6367 6650 
6153 1799 3053 6403 
6154 796 798 800 
6155 6815 6813 7321 
6156 3282 3284 6772 
6157 813 810 814 
6158 1079 1081 6743 
6159 5147 4400 6002 
6160 1619 1618 1622 
6161 1666 1724 6591 
6162 3533 3532 6962 
6163 2531 2534 7126 
6164 2994 6774 7806 
6165 181 180 431 
6166 125 124 432 
6167 2678 2046 2679 
6168 3247 3643 3818 
6169 813 814 819 
6170 1771 1772 1773 
6171 1855 1978 6777 
6172 5680 5681 5682 
6173 1757 1756 3348 
6174 1851 2037 6780 
6175 3941 3940 3942 
6176 1629 1628 1645 
6177 4038 4037 5033 
6178 995 996 6931 
6179 6100 6099 6101 
6180 1378 1372 1379 
6181 3792 6569 7535 
6182 1323 6604 7012 
6183 5494 4561 5879 
6184 809 810 813 
6185 819 814 820 
6186 7080 7079 7081 
6187 7312 2766 7313 
6188 2017 2018 3045 
6189 5422 5467 6899 
6190 1617 1616 1618 
6191 4596 5850 5851 
6192 1356 1357 1360 
6193 4019 4018 4083 
6194 1546 1482 7195 
6195 6052 6051 6053 
6196 6281 3570 6282 
6197 4417 3777 4623 
6198 2680 2679 2681 
6199 4436 4437 4438 
6200 1615 1614 1616 
6201 2500 2510 6968 
6202 3425 3426 6738 
6203 2205 2206 7261 
6204 1463 4906 6873 
6205 2304 2301 7429 
6206 809 654 810 
6207 3097 6692 6693 
6208 3849 3836 7540 
6209 3064 3425 3429 
6210 1512 1511 5869 
6211 986 989 6759 
6212 2253 2252 2476 
6213 660 663 6963 
6214 2158 2162 2580 
6215 1090 1095 2047 
6216 1847 1987 6771 
6217 2444 2582 2777 
6218 2481 2483 7220 
6219 2398 2394 7292 
6220 3755 5014 7227 
6221 3062 3081 7357 
6222 1712 1745 2774 
6223 2267 2265 7201 
6224 1299 1276 6357 
6225 6663 2471 6664 
6226 1837 1835 2036 
6227 3484 6954 7435 
6228 2194 2187 2195 
6229 2150 2148 2581 
6230 980 983 6785 
6231 7019 7017 7020 
6232 3844 4549 6491 
6233 5450 4541 5708 
6234 4438 4439 4440 
6235 3876 4999 5162 
6236 5010 4272 7279 
6237 2101 767 2102 
6238 2025 3806 4454 
6239 4221 4220 7278 
6240 2270 2267 7201 
6241 1837 2036 6748 
6242 6147 5058 6532 
6243 1502 1501 2847 
6244 2606 2607 2609 
6245 6443 4537 7463 
6246 4257 4258 7243 
6247 1264 3573 7138 
6248 4599 4376 6918 
6249 3029 3031 3779 
6250 1380 1379 1381 
6251 1680 1681 1682 
6252 2732 2733 3073 
6253 3448 3348 4056 
6254 2898 2896 2899 
6255 2030 867 6794 
6256 3943 3942 3944 
6257 4645 6366 7302 
6258 2121 2123 3543 
6259 1382 1381 1383 
6260 6978 7399 9732 
6261 1384 1383 1397 
6262 6123 6053 6124 
6263 3480 3478 3926 
6264 7021 7020 7022 
6265 826 824 827 
6266 4945 4173 5785 
6267 6566 6567 6568 
6268 6153 6249 6250 
6269 803 806 2676 
6270 1482 1480 7195 
6271 3143 3724 3726 
6272 1398 1397 1428 
6273 3007 1997 3967 
6274 2877 2875 3485 
6275 1843 6879 6880 
6276 6969 6971 7531 
6277 1970 1882 7364 
6278 5046 4176 5705 
6279 823 820 824 
6280 3191 3189 7330 
6281 1833 1831 2003 
6282 1429 1428 1465 
6283 1466 1465 1595 
6284 2604 2605 2606 
6285 2682 2681 3103 
6286 7102 7101 7104 
6287 4923 4924 5806 
6288 2795 2797 7190 
6289 633 635 838 
6290 1490 1489 1571 
6291 3300 4088 4362 
6292 4795 3682 7329 
6293 1789 1791 7064 
6294 4579 3970 4934 
6295 4569 4570 7053 
6296 7329 3680 8007 
6297 5104 3390 7433 
6298 2609 2607 7447 
6299 1305 1306 1317 
6300 819 820 823 
6301 4365 4971 6001 
6302 1561 1560 7398 
6303 692 695 7434 
6304 5653 5655 7517 
6305 2424 2422 2677 
6306 1804 907 3262 
6307 3945 3944 4027 
6308 591 592 593 
6309 2112 2111 2113 
6310 5682 5681 5977 
6311 1833 2003 6740 
6312 3706 3707 4058 
6313 8527 2850 9212 
6314 2225 2221 2226 
6315 4558 3871 5266 
6316 1773 1774 1775 
6317 835 832 836 
6318 2701 3334 7649 
6319 389 513 6894 
6320 6693 7069 7070 
6321 5818 5526 9177 
6322 7849 2288 7906 
6323 5369 5370 7037 
6324 2900 2899 3122 
6325 7045 1898 7207 
6326 785 786 790 
6327 1539 1657 1658 
6328 831 827 832 
6329 276 476 7414 
6330 1898 1896 7207 
6331 6885 6886 6887 
6332 5354 4386 5613 
6333 5370 7521 8710 
6334 2209 7127 7128 
6335 2114 2113 2115 
6336 4628 3954 7120 
6337 7595 2671 7599 
6338 6868 3873 6870 
6339 839 836 840 
6340 823 824 826 
6341 1775 1776 1777 
6342 2602 2603 2604 
6343 2611 2609 6916 
6344 1557 1556 7404 
6345 5313 5322 6810 
6346 6813 6816 7321 
6347 2265 2264 2892 
6348 3073 3074 3306 
6349 1812 1810 2000 
6350 3123 3122 3320 
6351 4440 4441 4442 
6352 1867 1865 2046 
6353 1777 1778 1779 
6354 1859 1857 2035 
6355 1851 1849 2037 
6356 999 1000 6933 
6357 1551 1550 7401 
6358 3306 3307 3904 
6359 6424 2475 6425 
6360 3922 3921 4713 
6361 5860 4279 7751 
6362 2116 2115 2117 
6363 6476 6484 6485 
6364 6622 4860 6623 
6365 2092 2091 2094 
6366 5293 5291 6883 
6367 1843 1841 6879 
6368 1613 1612 1614 
6369 869 872 874 
6370 3726 4271 4272 
6371 2588 2592 7127 
6372 3149 1812 6708 
6373 2416 2413 7181 
6374 3272 2764 3273 
6375 4670 5671 6367 
6376 2233 2231 2234 
6377 4036 4035 4037 
6378 6696 6697 6698 
6379 6156 6155 6157 
6380 4875 7181 7182 
6381 3130 2921 3131 
6382 1847 1845 1987 
6383 4135 4331 6631 
6384 2429 2426 2442 
6385 32 33 6904 
6386 6970 6475 6973 
6387 3692 3627 7078 
6388 6472 6474 6475 
6389 6810 5322 6811 
6390 1841 1839 1989 
6391 1547 1546 7402 
6392 6033 5768 6749 
6393 6289 4500 6290 
6394 8545 5237 8620 
6395 1758 1759 1760 
6396 2248 7076 7121 
6397 6470 6472 6969 
6398 294 293 458 
6399 391 392 457 
6400 3916 4107 4310 
6401 2118 2117 2119 
6402 4537 2538 7463 
6403 5291 4788 7894 
6404 4166 4923 5390 
6405 3576 3577 7399 
6406 1779 1780 1781 
6407 1452 1453 1543 
6408 1658 3518 6310 
6409 2217 8200 9092 
6410 2710 2709 3181 
6411 4442 4443 4444 
6412 3426 3428 3647 
6413 2330 2328 2720 
6414 4444 5412 5529 
6415 2324 2456 4874 
6416 5297 5295 5298 
6417 7192 7191 7193 
6418 7263 7262 7476 
6419 1863 1861 1983 
6420 5293 6883 6884 
6421 5980 4138 6539 
6422 2786 2784 3488 
6423 4481 4482 5480 
6424 1855 1853 1978 
6425 4536 4341 5356 
6426 4385 3653 4386 
6427 4245 4268 7289 
6428 5297 5298 5299 
6429 475 380 7368 
6430 7885 6212 8856 
6431 647 654 809 
6432 4630 4628 6839 
6433 6420 6421 8572 
6434 5301 5323 6792 
6435 2812 2813 7237 
6436 826 827 831 
6437 5309 5318 6915 
6438 1285 1286 1287 
6439 2057 3156 3224 
6440 2095 2094 3403 
6441 825 818 7189 
6442 1663 1701 6256 
6443 3295 3293 7320 
6444 1940 1939 1941 
6445 1261 1262 1265 
6446 643 645 5107 
6447 3733 4308 7271 
6448 4615 6845 6846 
6449 3404 3403 3973 
6450 3739 2529 7538 
6451 3035 2979 7294 
6452 1976 2002 7378 
6453 5301 5299 5323 
6454 3649 3259 6812 
6455 6901 6900 6902 
6456 1081 1085 1112 
6457 5409 4703 5952 
6458 2079 4356 6965 
6459 3449 3450 3860 
6460 7377 9597 9760 
6461 4495 4494 6024 
6462 3259 3087 3713 
6463 7004 7002 7005 
6464 7344 2052 7345 
6465 3321 3320 3736 
6466 2097 7131 7132 
6467 2492 2491 2504 
6468 4058 4059 4101 
6469 5305 5324 6799 
6470 4521 4497 5500 
6471 1077 1079 2713 
6472 5402 4037 6506 
6473 1480 1479 2852 
6474 1209 1212 7124 
6475 4105 3394 4106 
6476 5274 5432 5808 
6477 4019 4083 7457 
6478 7440 4210 7441 
6479 1781 1782 1783 
6480 1603 1602 1606 
6481 2546 4568 4569 
6482 5146 3908 5464 
6483 2818 2820 7158 
6484 2498 2500 2674 
6485 458 293 6414 
6486 1425 1426 1452 
6487 831 832 835 
6488 1721 2017 6725 
6489 835 836 839 
6490 3038 3510 3511 
6491 4139 3736 4140 
6492 1056 1063 6907 
6493 5445 4164 5446 
6494 6829 3144 6830 
6495 2699 2698 5139 
6496 3394 3000 6688 
6497 5761 5764 7240 
6498 5680 5320 5681 
6499 743 744 745 
6500 4574 4576 7058 
6501 865 867 2030 
6502 5357 5356 5659 
6503 2294 2291 7209 
6504 875 3921 3922 
6505 1160 1163 7312 
6506 1391 1392 1425 
6507 1760 1761 1762 
6508 2437 2457 6566 
6509 5030 5054 6230 
6510 5464 3908 7298 
6511 1607 1606 1608 
6512 1762 1763 3275 
6513 5685 5682 6982 
6514 3778 3390 5103 
6515 1051 1050 7890 
6516 2921 2920 6844 
6517 7149 7148 7150 
6518 5206 4140 5207 
6519 2841 2518 6866 
6520 1259 1260 1261 
6521 7077 2843 7196 
6522 2697 2700 2701 
6523 1799 3052 3053 
6524 1783 1784 1785 
6525 3275 3276 3870 
6526 6655 6654 6656 
6527 4294 3582 4296 
6528 3224 3802 3803 
6529 749 750 751 
6530 4288 3692 7078 
6531 2041 6598 9222 
6532 1590 1588 1593 
6533 3888 3889 4606 
6534 4186 5228 7229 
6535 1896 1895 1971 
6536 7086 7087 7088 
6537 1371 1373 1391 
6538 759 767 2101 
6539 3688 3878 5333 
6540 1748 1750 6689 
6541 3489 3488 3490 
6542 941 945 7222 
6543 729 730 731 
6544 5062 4149 5149 
6545 501 6223 6224 
6546 1930 1929 3929 
6547 735 736 737 
6548 2698 2697 7649 
6549 4526 4594 5403 
6550 3766 4186 7229 
6551 4480 4933 6190 
6552 3071 4180 7254 
6553 2283 2282 7425 
6554 1634 1635 1652 
6555 5587 4998 5588 
6556 945 946 947 
6557 753 754 755 
6558 5305 5303 5324 
6559 751 752 753 
6560 2328 2325 7057 
6561 4021 6991 6992 
6562 4448 4449 4526 
6563 2426 2424 6704 
6564 5159 6060 6061 
6565 515 7030 7423 
6566 741 742 743 
6567 1785 1786 1787 
6568 4464 4465 5557 
6569 4507 4508 4509 
6570 2241 2239 2242 
6571 1240 1241 1244 
6572 2783 2785 3310 
6573 1789 1790 1791 
6574 4872 5841 7348 
6575 5369 5104 5370 
6576 1787 1788 1789 
6577 5403 5994 6361 
6578 4997 4096 4998 
6579 5317 5315 5321 
6580 1403 1407 1408 
6581 4010 4011 6941 
6582 3715 3957 5142 
6583 5313 5311 5322 
6584 8024 7193 8123 
6585 3796 5026 5027 
6586 1908 1907 2880 
6587 2687 3021 7334 
6588 3029 3779 6890 
6589 5589 5588 6711 
6590 3222 3223 3838 
6591 3268 3361 7173 
6592 3730 3273 3731 
6593 5171 4358 6257 
6594 3864 3873 6868 
6595 1131 1108 6638 
6596 4178 3286 7314 
6597 2701 2702 3106 
6598 4297 3653 4385 
6599 932 933 7412 
6600 4565 5106 5275 
6601 1791 1796 1797 
6602 1228 1229 1230 
6603 3106 3107 3354 
6604 920 923 7202 
6605 3588 3174 3916 
6606 3491 3490 3524 
6607 1521 7162 7163 
6608 4571 4569 4572 
6609 1234 1235 1236 
6610 639 641 1375 
6611 5309 5307 5318 
6612 4454 4758 4759 
6613 923 924 928 
6614 2505 2504 2522 
6615 3395 3536 3900 
6616 1256 1257 1259 
6617 575 574 576 
6618 4377 4376 4599 
6619 719 720 721 
6620 5742 5740 6855 
6621 1958 1957 1959 
6622 122 485 7660 
6623 4067 7350 7351 
6624 7690 484 7691 
6625 4330 4382 4383 
6626 2119 2121 6713 
6627 2336 2601 2602 
6628 6771 8895 8920 
6629 3557 3200 6132 
6630 4470 3206 6690 
6631 951 952 953 
6632 4286 5561 5979 
6633 1586 1633 1634 
6634 3310 3311 3613 
6635 1808 1806 3096 
6636 1219 1222 6458 
6637 817 816 818 
6638 1672 1766 1800 
6639 5103 3390 5104 
6640 1998 1997 3007 
6641 3821 3591 4345 
6642 5381 4777 5382 
6643 1353 1354 1356 
6644 3260 3259 3649 
6645 1222 1223 1224 
6646 3053 3599 3600 
6647 3616 3617 3618 
6648 5966 5969 8287 
6649 1065 1040 7171 
6650 4677 4680 7109 
6651 4242 4224 7278 
6652 3798 5493 7421 
6653 1250 1256 6564 
6654 3338 3337 3772 
6655 1677 1680 6670 
6656 1980 1979 1995 
6657 2429 3552 7283 
6658 1964 1963 1969 
6659 5453 5451 5737 
6660 1003 1004 6935 
6661 2295 2294 2296 
6662 3922 4713 4714 
6663 6839 4628 7120 
6664 1463 1670 4906 
6665 5537 8904 8932 
6666 711 712 7422 
6667 682 685 7106 
6668 4425 4426 4918 
6669 4526 5403 7139 
6670 1975 1974 1979 
6671 912 913 3233 
6672 2301 2300 7429 
6673 1200 1201 7432 
6674 789 792 2721 
6675 974 977 7230 
6676 2247 2245 2248 
6677 4903 4630 4904 
6678 803 2676 7603 
6679 4383 4421 4422 
6680 705 706 707 
6681 4422 4424 4425 
6682 1212 1213 1214 
6683 666 669 6701 
6684 4062 4293 5221 
6685 3339 3139 7017 
6686 615 617 6624 
6687 1136 1312 7665 
6688 4283 3953 6802 
6689 3051 3504 3505 
6690 3773 3772 4035 
6691 2683 2682 3087 
6692 4509 4510 4511 
6693 2869 2870 3067 
6694 4152 6527 6528 
6695 1866 1865 1867 
6696 959 960 961 
6697 2495 2498 7206 
6698 6829 6830 6831 
6699 3415 3416 3449 
6700 2671 6687 7631 
6701 1528 1526 1529 
6702 1882 1881 7364 
6703 2992 3347 7349 
6704 4713 6016 7013 
6705 3876 3923 4999 
6706 3088 3087 3259 
6707 1225 1228 6515 
6708 6885 6884 6886 
6709 957 958 959 
6710 7927 3007 7952 
6711 6615 3877 6616 
6712 2603 2601 6641 
6713 3258 3932 3933 
6714 3198 3257 3258 
6715 3139 2752 3609 
6716 593 594 595 
6717 7030 7033 7423 
6718 6908 6910 6911 
6719 1231 1234 6524 
6720 2735 2734 3104 
6721 1011 1024 2110 
6722 6223 6225 6239 
6723 4573 4572 4574 
6724 7066 4898 9503 
6725 5740 5738 5982 
6726 1740 1741 2013 
6727 3856 3857 3858 
6728 4649 4650 4651 
6729 840 842 885 
6730 961 962 966 
6731 5939 4367 5940 
6732 3569 2989 7350 
6733 2474 2473 2491 
6734 2838 2836 7072 
6735 3937 3731 4353 
6736 128 127 487 
6737 178 177 484 
6738 781 783 785 
6739 1081 1112 6743 
6740 2489 2494 2546 
6741 2669 2883 2884 
6742 2251 2249 2252 
6743 387 444 7028 
6744 6577 6576 6579 
6745 1524 1522 1525 
6746 5775 5774 7046 
6747 6862 7060 7468 
6748 3682 3680 7329 
6749 1683 1685 3133 
6750 7056 5702 9065 
6751 1085 1090 6643 
6752 6384 6385 6386 
6753 6154 5165 6155 
6754 699 700 5117 
6755 869 870 872 
6756 844 846 2040 
6757 4371 4370 4602 
6758 872 873 875 
6759 4283 6804 6805 
6760 3183 7840 8131 
6761 7019 7020 7021 
6762 702 705 6723 
6763 3594 4126 4127 
6764 4305 3794 7535 
6765 867 868 869 
6766 5199 4367 5939 
6767 1695 2015 7123 
6768 8329 6259 8447 
6769 3755 3757 5014 
6770 2047 3550 4475 
6771 132 131 426 
6772 174 173 425 
6773 3759 4427 4596 
6774 6833 6831 7170 
6775 2348 3440 3441 
6776 2025 4454 7508 
6777 1520 1518 1521 
6778 4709 3035 7294 
6779 1510 1508 1511 
6780 1343 5115 5116 
6781 3364 3367 7475 
6782 756 759 7255 
6783 5578 2442 5579 
6784 6310 6311 6312 
6785 886 887 2863 
6786 1696 1697 1712 
6787 966 967 969 
6788 7405 6768 8071 
6789 5233 4714 5928 
6790 8406 4243 9837 
6791 7181 2411 7445 
6792 4610 2416 4875 
6793 1036 1038 7130 
6794 292 291 512 
6795 389 390 513 
6796 1361 1390 1410 
6797 7123 2015 8181 
6798 595 596 597 
6799 4682 4683 4684 
6800 3377 3378 3415 
6801 3522 3874 4565 
6802 882 886 7272 
6803 4575 4574 4883 
6804 6749 5770 7073 
6805 3152 3594 6622 
6806 4641 4645 7302 
6807 6992 6991 6993 
6808 7230 5753 7231 
6809 1163 2766 7312 
6810 3081 3084 7357 
6811 4277 4595 5128 
6812 865 866 867 
6813 1500 1498 1501 
6814 6588 6589 6590 
6815 5744 5742 5745 
6816 3953 3440 4488 
6817 3986 3984 6990 
6818 7219 7218 9418 
6819 4684 4685 4688 
6820 2865 4590 7360 
6821 4006 4012 7451 
6822 1063 1067 2049 
6823 2836 2837 3017 
6824 6733 5287 8558 
6825 4511 4512 4515 
6826 2110 1024 2111 
6827 5745 5742 6855 
6828 4201 4884 5001 
6829 2663 2611 6916 
6830 7999 4847 8207 
6831 1506 1504 1507 
6832 6104 3645 8664 
6833 3505 3527 3528 
6834 2607 2605 2608 
6835 3498 3499 3500 
6836 3017 3071 3174 
6837 4680 4681 4682 
6838 1031 1033 7143 
6839 848 850 871 
6840 6943 4011 7451 
6841 691 692 7434 
6842 3472 3513 6552 
6843 3487 3235 6717 
6844 954 957 6562 
6845 176 175 544 
6846 130 129 545 
6847 3196 3197 3198 
6848 3105 3104 3325 
6849 2093 3209 3210 
6850 1541 1585 1586 
6851 1516 1514 1517 
6852 863 864 865 
6853 1488 1486 1489 
6854 3748 4397 4398 
6855 1705 1648 1706 
6856 2263 2261 2264 
6857 4017 3487 4018 
6858 1288 1290 1295 
6859 4171 4010 4367 
6860 2259 2257 2260 
6861 4287 3692 4288 
6862 3291 4062 6960 
6863 4412 4543 4544 
6864 6110 5601 9383 
6865 5027 5028 5029 
6866 3472 6552 6953 
6867 2330 2720 4480 
6868 6976 6978 6979 
6869 2674 2500 6968 
6870 2888 2886 3484 
6871 1063 2049 6907 
6872 1721 1731 2017 
6873 1688 3695 3903 
6874 4096 3154 6600 
6875 2780 2778 2782 
6876 7185 6979 8114 
6877 3441 3953 3954 
6878 4333 4323 4334 
6879 617 1058 6624 
6880 5684 5682 5685 
6881 1496 1494 1497 
6882 1738 1739 1740 
6883 3238 2832 7119 
6884 382 434 7367 
6885 1864 1863 1865 
6886 4893 4883 6127 
6887 875 876 3921 
6888 7378 5105 7379 
6889 3481 3480 3482 
6890 1907 1904 6548 
6891 2588 2590 2592 
6892 2939 3077 3715 
6893 2791 4620 7687 
6894 885 842 6864 
6895 6599 2482 7995 
6896 7264 7476 7677 
6897 3475 3474 3476 
6898 1652 1653 1696 
6899 274 516 7309 
6900 518 372 7310 
6901 4767 5699 7438 
6902 1484 1470 1485 
6903 4269 4744 7172 
6904 4692 4693 5735 
6905 6632 4331 6633 
6906 4011 4008 7451 
6907 3582 3232 6533 
6908 1007 1008 6937 
6909 6942 6944 6945 
6910 2544 2971 7648 
6911 2884 3522 6954 
6912 3715 3077 3957 
6913 2750 2746 3144 
6914 5538 4178 7314 
6915 854 856 2039 
6916 3958 3677 4705 
6917 7290 7369 7370 
6918 4164 3581 6646 
6919 773 776 5066 
6920 3528 3716 3717 
6921 1724 1725 1734 
6922 6908 6907 6910 
6923 2739 4550 7200 
6924 4417 5580 6162 
6925 2125 2127 2132 
6926 2752 2750 6828 
6927 7018 3609 7026 
6928 1411 1419 1423 
6929 3479 3478 3480 
6930 5679 5320 5680 
6931 4569 4568 4570 
6932 837 835 7186 
6933 2221 2204 7394 
6934 597 598 599 
6935 1346 1344 2760 
6936 2019 6175 8513 
6937 4875 2416 7181 
6938 4357 3553 4358 
6939 3371 3372 3373 
6940 7289 5710 7290 
6941 3565 4603 4604 
6942 2472 2471 2473 
6943 1677 1679 1680 
6944 3114 2828 7108 
6945 4355 4353 5365 
6946 2638 2668 2669 
6947 2998 2782 2999 
6948 3699 3805 3811 
6949 3193 3290 3291 
6950 3577 3586 3587 
6951 3339 7017 7019 
6952 5066 7203 7204 
6953 4321 3931 4322 
6954 2661 2608 2662 
6955 1296 1298 1305 
6956 1396 1359 1637 
6957 6843 5342 9139 
6958 3477 3476 3478 
6959 3506 3505 6710 
6960 5748 5746 5749 
6961 2834 2835 2836 
6962 1123 1128 7508 
6963 1283 1284 1285 
6964 4288 7080 7083 
6965 4328 5000 5867 
6966 448 6628 8091 
6967 6919 6921 6922 
6968 5319 5317 5320 
6969 6718 6717 6719 
6970 2040 846 6892 
6971 4454 6324 7508 
6972 7058 4576 7059 
6973 1862 1861 1863 
6974 3389 2946 3390 
6975 2002 2012 7378 
6976 1537 1667 3498 
6977 2668 2629 7197 
6978 858 860 862 
6979 4114 3425 6738 
6980 2300 2297 7304 
6981 3842 3214 6680 
6982 3550 3549 3551 
6983 4007 4006 4008 
6984 3247 2999 3248 
6985 4009 4008 4010 
6986 4350 4448 6754 
6987 1938 1936 1939 
6988 3064 2662 3065 
6989 599 600 601 
6990 1518 1517 7161 
6991 4713 5080 6016 
6992 516 7336 9109 
6993 2309 2308 2310 
6994 4419 4430 4431 
6995 3309 3575 3576 
6996 685 686 2917 
6997 1948 1946 1949 
6998 860 861 863 
6999 1755 2042 2043 
7000 1379 1372 7275 
7001 1389 9181 9788 
7002 3864 825 3873 
7003 1860 1859 1861 
7004 5985 4305 7535 
7005 3669 3694 7118 
7006 1048 1056 1088 
7007 1472 1440 1479 
7008 4370 4066 6642 
7009 4195 4348 4349 
7010 2872 2871 2873 
7011 1944 1942 1945 
7012 3021 7141 7334 
7013 4010 4008 4011 
7014 1884 1882 1970 
7015 5285 4248 7392 
7016 2273 2271 2274 
7017 3168 4538 4540 
7018 8450 6170 8520 
7019 6582 6584 6586 
7020 1215 1218 7315 
7021 6941 4011 6942 
7022 1163 1165 2766 
7023 5774 5776 5777 
7024 1563 1561 1564 
7025 2104 2105 2106 
7026 1486 1485 7253 
7027 1605 1675 1676 
7028 1798 3229 3517 
7029 1895 1892 6767 
7030 4574 4572 4576 
7031 2277 2275 2278 
7032 2429 2442 3552 
7033 2424 2677 6704 
7034 1498 1497 7260 
7035 1890 1888 1891 
7036 4199 4197 6651 
7037 2832 2833 2834 
7038 6852 4742 9764 
7039 1567 1565 1568 
7040 24 423 6981 
7041 1992 1986 1997 
7042 2252 2249 6703 
7043 3330 3329 3331 
7044 2269 2267 2270 
7045 4265 7248 7392 
7046 2738 2737 2739 
7047 2322 2320 6961 
7048 3821 4345 7470 
7049 5800 5365 5802 
7050 1894 1892 1895 
7051 738 740 741 
7052 3543 2123 6821 
7053 2534 3168 7126 
7054 937 939 940 
7055 7207 1971 7332 
7056 1928 1926 1929 
7057 4053 3391 5084 
7058 1957 1954 6762 
7059 2281 2279 2282 
7060 4163 3581 4164 
7061 1924 1922 1925 
7062 1934 1932 1935 
7063 5947 4913 5948 
7064 4460 4463 4466 
7065 2830 2831 2832 
7066 4983 4984 4985 
7067 4870 4869 4871 
7068 4350 4447 4448 
7069 2118 2131 2147 
7070 3127 2006 3128 
7071 3210 3471 3472 
7072 3332 3331 3452 
7073 2740 2739 2741 
7074 4872 4871 4873 
7075 941 944 945 
7076 4015 6997 6999 
7077 1400 1402 1403 
7078 4985 5623 5624 
7079 2567 2565 7442 
7080 722 724 725 
7081 1956 1954 1957 
7082 3579 3232 3582 
7083 5640 4547 7546 
7084 1627 1624 1628 
7085 5116 5692 6179 
7086 1962 1960 1963 
7087 1920 1918 1921 
7088 1874 1872 1875 
7089 663 664 665 
7090 6769 6770 7448 
7091 5772 5773 5774 
7092 804 801 7603 
7093 5316 5315 5317 
7094 2289 2287 2290 
7095 2047 1095 3549 
7096 726 728 729 
7097 5020 5067 5503 
7098 1549 1547 1550 
7099 2851 3539 3540 
7100 1858 1857 1859 
7101 858 859 860 
7102 1559 1557 1560 
7103 2285 2283 2286 
7104 732 734 735 
7105 933 935 936 
7106 4198 4197 4199 
7107 1575 1649 1650 
7108 3652 3650 3653 
7109 5386 5385 7122 
7110 1479 1440 6775 
7111 1295 1296 7075 
7112 4006 4004 4012 
7113 1916 1914 1917 
7114 3809 4556 6261 
7115 1577 1569 1598 
7116 2293 2291 2294 
7117 1553 1551 1556 
7118 3037 3035 4709 
7119 4030 5158 5159 
7120 745 746 7258 
7121 1225 1227 1228 
7122 1878 1876 1881 
7123 1963 1960 6529 
7124 2112 2114 2583 
7125 5626 5627 5628 
7126 5037 6121 6131 
7127 2742 2741 2748 
7128 6956 2404 7722 
7129 2098 5753 7230 
7130 3844 4548 4549 
7131 645 646 647 
7132 929 931 932 
7133 6831 6832 6834 
7134 2209 2588 7127 
7135 516 273 7336 
7136 371 518 7337 
7137 3425 3065 3426 
7138 1058 6572 8413 
7139 3694 4843 4845 
7140 5841 4873 5842 
7141 675 676 3845 
7142 1611 1609 1612 
7143 4549 5663 6491 
7144 1231 1233 1234 
7145 1900 1898 7045 
7146 5770 5771 5772 
7147 4366 4732 7328 
7148 2206 2212 7261 
7149 1038 1065 7130 
7150 948 950 951 
7151 2748 2749 2754 
7152 1926 1925 7250 
7153 6485 6484 6486 
7154 746 748 749 
7155 3556 4342 4343 
7156 1744 1642 7608 
7157 647 648 654 
7158 716 718 719 
7159 3284 3781 3888 
7160 3590 3525 3591 
7161 1236 1237 7027 
7162 5017 7823 7824 
7163 3278 3280 3891 
7164 1902 1900 2096 
7165 1237 1239 1240 
7166 4868 3864 6868 
7167 1906 1904 1907 
7168 2174 2184 2185 
7169 2167 2173 2174 
7170 1952 1950 1953 
7171 712 714 715 
7172 1870 1868 1871 
7173 1912 1910 1913 
7174 1973 1968 1974 
7175 6127 4883 6128 
7176 1243 1246 4638 
7177 488 7613 7614 
7178 4095 3154 4096 
7179 989 2062 6759 
7180 1856 1855 1857 
7181 731 732 7265 
7182 4647 4648 4649 
7183 4604 5087 5704 
7184 708 710 711 
7185 920 922 923 
7186 909 911 912 
7187 1545 1482 1546 
7188 901 903 908 
7189 7279 5590 9702 
7190 2585 2757 2758 
7191 643 644 645 
7192 759 760 767 
7193 769 771 774 
7194 1601 1599 1602 
7195 1042 1046 2063 
7196 2039 856 6955 
7197 983 2067 6785 
7198 3727 3729 4601 
7199 2155 2166 2167 
7200 1167 1169 1278 
7201 3470 3469 3817 
7202 800 798 801 
7203 2546 2494 4568 
7204 3347 7176 7349 
7205 3205 3775 4068 
7206 3253 3615 3616 
7207 6210 500 6211 
7208 4349 6755 6756 
7209 4248 4249 7392 
7210 5314 5313 5315 
7211 3588 3916 5622 
7212 1033 2097 7143 
7213 2214 2218 2509 
7214 3021 3205 7141 
7215 6185 8942 9223 
7216 4853 4199 4854 
7217 4540 4541 4542 
7218 1171 1173 2073 
7219 29 6905 6950 
7220 2828 2829 2830 
7221 4067 3569 7350 
7222 5819 4285 7665 
7223 856 857 858 
7224 5537 4178 5538 
7225 601 602 603 
7226 5768 5769 5770 
7227 2106 2107 2717 
7228 1408 1463 6873 
7229 4005 4004 4006 
7230 897 899 900 
7231 1177 1179 1268 
7232 852 853 854 
7233 3363 3364 7475 
7234 854 855 856 
7235 3643 3248 4136 
7236 669 670 3305 
7237 7244 7243 7245 
7238 4323 4322 7115 
7239 1183 1187 2084 
7240 1250 1255 1256 
7241 1197 1199 1200 
7242 6834 6835 6984 
7243 3944 3942 7256 
7244 2592 2593 2594 
7245 3517 3554 3556 
7246 2594 3201 3202 
7247 3623 1583 3624 
7248 2748 2997 7296 
7249 2151 2154 2155 
7250 3017 3174 3588 
7251 1421 1422 1441 
7252 1190 1194 1196 
7253 850 851 852 
7254 1044 7145 7146 
7255 3826 3165 3827 
7256 1854 1853 1855 
7257 3053 4458 6403 
7258 3472 3512 3513 
7259 915 918 919 
7260 2847 4567 7183 
7261 4151 4152 6671 
7262 4166 4136 4922 
7263 4549 5661 5662 
7264 290 289 443 
7265 387 388 444 
7266 4238 4263 7456 
7267 6446 6447 6448 
7268 954 956 957 
7269 4002 4000 4014 
7270 2149 2150 2151 
7271 2967 2970 3610 
7272 6991 6990 6994 
7273 5085 5084 6136 
7274 5772 5774 5775 
7275 1201 1203 1204 
7276 4052 4735 5429 
7277 1423 1434 7802 
7278 3984 3982 5186 
7279 756 758 759 
7280 4365 4366 4971 
7281 1264 1267 3573 
7282 3046 3048 7093 
7283 764 766 2100 
7284 1459 1540 1541 
7285 4419 4431 7205 
7286 2196 2209 7128 
7287 1752 7574 7852 
7288 4586 4585 5465 
7289 848 849 850 
7290 2133 2137 2156 
7291 6475 6474 6476 
7292 1852 1851 1853 
7293 2717 2718 3892 
7294 7146 7145 7147 
7295 6732 6734 7732 
7296 702 704 705 
7297 2121 3543 6713 
7298 3353 4951 7346 
7299 5871 6839 8644 
7300 3892 3893 4365 
7301 431 180 7688 
7302 2315 2314 2316 
7303 2299 2297 2300 
7304 4466 5172 5491 
7305 7057 4874 8412 
7306 3988 3986 4021 
7307 2995 2891 7596 
7308 6826 2619 8354 
7309 6869 6868 7460 
7310 551 7712 7713 
7311 2834 2836 2838 
7312 5510 6795 7469 
7313 2720 2328 7057 
7314 3903 4284 4966 
7315 3992 3990 4015 
7316 123 7660 7708 
7317 889 895 896 
7318 8950 2692 9032 
7319 1205 1207 1208 
7320 1868 1867 6874 
7321 6121 455 9096 
7322 3084 4716 7357 
7323 2874 2873 2875 
7324 882 884 886 
7325 4732 6030 7328 
7326 4542 5450 5451 
7327 6932 999 6933 
7328 6936 6937 7054 
7329 1850 1849 1851 
7330 3347 3605 7176 
7331 5312 5311 5313 
7332 2462 2461 2463 
7333 3605 4110 4111 
7334 577 576 578 
7335 2603 6641 7530 
7336 3978 4395 4396 
7337 1489 1486 7253 
7338 3513 3514 3515 
7339 696 698 699 
7340 6813 6814 6816 
7341 3397 3396 7391 
7342 6562 2072 7993 
7343 2123 2125 6821 
7344 5768 5770 6749 
7345 9484 3155 9780 
7346 4310 4107 4597 
7347 1112 1085 6643 
7348 2459 2458 2461 
7349 603 604 605 
7350 2754 2755 3185 
7351 171 170 488 
7352 135 134 489 
7353 1929 1926 7250 
7354 6829 6831 6833 
7355 2303 2301 2304 
7356 1451 1458 1459 
7357 1209 1211 1212 
7358 1360 1361 6557 
7359 681 682 7106 
7360 1219 1221 1222 
7361 3839 4704 5078 
7362 5766 5768 6033 
7363 4923 4922 4924 
7364 2270 7201 7241 
7365 3368 3371 7645 
7366 7396 4586 7397 
7367 5558 6042 6043 
7368 1084 1097 7395 
7369 4649 4648 4650 
7370 2085 751 7291 
7371 4369 4066 4370 
7372 2212 2214 7178 
7373 3998 3996 4013 
7374 613 614 615 
7375 4362 5161 5257 
7376 2194 2195 2196 
7377 279 418 7415 
7378 4172 5424 5425 
7379 2147 2148 2149 
7380 5016 4032 5017 
7381 692 694 695 
7382 846 847 848 
7383 2930 2932 7268 
7384 878 880 881 
7385 615 616 617 
7386 3790 1743 3791 
7387 844 845 846 
7388 4261 4269 5407 
7389 1215 1217 1218 
7390 5310 5309 5311 
7391 3816 4471 4472 
7392 1848 1847 1849 
7393 35 505 6958 
7394 1501 1498 7260 
7395 611 612 613 
7396 746 749 7258 
7397 1293 1299 1300 
7398 6003 6002 6233 
7399 125 432 7692 
7400 4555 3483 5483 
7401 1404 1405 1421 
7402 4825 4599 6957 
7403 7210 5409 7211 
7404 2498 2674 7206 
7405 3705 4960 7680 
7406 2410 2408 2737 
7407 842 843 844 
7408 6199 8463 9700 
7409 2378 2375 7339 
7410 3152 3422 3594 
7411 4932 4931 4946 
7412 6239 3837 8133 
7413 4186 5070 5228 
7414 4966 5523 6000 
7415 617 618 619 
7416 1846 1845 1847 
7417 4676 4677 7109 
7418 1438 1461 3079 
7419 1724 2034 6591 
7420 2547 2507 2595 
7421 115 114 6627 
7422 3164 2595 3165 
7423 619 620 621 
7424 637 638 639 
7425 3743 3569 4067 
7426 3084 3086 4716 
7427 4988 5643 6083 
7428 3073 3306 7281 
7429 6137 6136 6260 
7430 3984 5186 6990 
7431 2830 2832 3238 
7432 1922 1921 7325 
7433 2826 2827 2828 
7434 1208 1209 7124 
7435 732 735 7265 
7436 2546 4569 4571 
7437 635 636 637 
7438 5308 5307 5309 
7439 4396 4962 4963 
7440 3722 3721 3723 
7441 6542 1783 8601 
7442 2946 2944 7433 
7443 621 622 623 
7444 3146 3147 3363 
7445 2234 2231 6729 
7446 4243 4228 7380 
7447 3609 2752 6828 
7448 633 634 635 
7449 2307 2305 2308 
7450 1844 1843 1845 
7451 688 690 691 
7452 4645 4646 4647 
7453 4757 7055 9662 
7454 627 628 629 
7455 2227 2228 2229 
7456 5057 4406 5058 
7457 5766 5767 5768 
7458 5759 5761 7240 
7459 1695 2014 2015 
7460 1801 3719 4387 
7461 1840 1839 1841 
7462 2826 2828 3114 
7463 4495 6525 7295 
7464 641 642 643 
7465 4930 6606 8325 
7466 3740 5189 7362 
7467 5441 4829 5677 
7468 459 6099 6100 
7469 5761 5763 5764 
7470 1842 1841 1843 
7471 3318 2818 7158 
7472 2012 5105 7378 
7473 1311 1314 1315 
7474 5306 5305 5307 
7475 2093 3210 7316 
7476 623 624 625 
7477 2544 2545 2971 
7478 5083 4884 8182 
7479 2853 1729 7301 
7480 4045 3853 4829 
7481 1997 1986 7424 
7482 2549 2548 2550 
7483 5300 5299 5301 
7484 4677 4679 4680 
7485 4516 4982 4983 
7486 3883 3319 5540 
7487 631 632 633 
7488 2098 5730 5753 
7489 139 138 421 
7490 167 166 420 
7491 6768 1891 6769 
7492 137 136 549 
7493 169 168 548 
7494 153 152 422 
7495 288 287 514 
7496 385 386 515 
7497 5304 5303 5305 
7498 1274 1282 1283 
7499 625 626 627 
7500 475 7368 7369 
7501 682 684 685 
7502 2041 1706 6597 
7503 3075 9243 9411 
7504 639 640 641 
7505 2455 2454 2458 
7506 3459 3458 3611 
7507 605 606 607 
7508 1838 1837 1839 
7509 2225 2226 2227 
7510 2525 2523 2526 
7511 3897 3611 3898 
7512 2739 2737 4550 
7513 5173 7561 8362 
7514 1038 1040 1065 
7515 7338 2378 7339 
7516 5302 5301 5303 
7517 840 841 842 
7518 3457 3456 3458 
7519 1850 6176 8378 
7520 1353 1356 7720 
7521 1331 1352 1353 
7522 737 738 6790 
7523 1048 1088 6912 
7524 6934 1003 6935 
7525 970 972 973 
7526 7381 3770 7382 
7527 1735 1737 1738 
7528 4687 4691 4692 
7529 6896 6897 6898 
7530 9398 5950 9399 
7531 1287 1288 6692 
7532 2824 2825 2826 
7533 2758 3206 3207 
7534 2012 4994 5105 
7535 629 630 631 
7536 4483 1236 7027 
7537 3515 3516 3911 
7538 2321 2320 2322 
7539 3752 4148 4676 
7540 6863 3218 8341 
7541 512 291 7284 
7542 2746 2744 7419 
7543 5407 4269 7172 
7544 5453 5737 5738 
7545 1942 1941 6788 
7546 1836 1835 1837 
7547 4539 6443 6444 
7548 3542 4100 5095 
7549 5296 5295 5297 
7550 5988 5989 6017 
7551 3328 3326 3329 
7552 4610 4875 4876 
7553 2932 2939 7268 
7554 5744 5745 5746 
7555 678 680 681 
7556 607 608 609 
7557 6816 6817 6818 
7558 4571 4572 4573 
7559 3383 6926 7352 
7560 2971 2972 3146 
7561 2386 2443 7393 
7562 3916 3174 4107 
7563 3333 1753 3846 
7564 1376 1377 1404 
7565 2271 2270 7242 
7566 806 808 6702 
7567 573 575 8750 
7568 4903 4904 5648 
7569 977 978 979 
7570 947 948 7169 
7571 4506 4507 7322 
7572 1298 1297 7541 
7573 2608 2605 7530 
7574 4472 6848 6849 
7575 3400 3397 7391 
7576 4741 1628 6500 
7577 6674 6676 6679 
7578 5465 6625 6841 
7579 4003 4002 4004 
7580 5806 4924 5807 
7581 3936 2723 4363 
7582 4947 4946 5827 
7583 6999 6997 7000 
7584 2740 2741 2742 
7585 983 984 985 
7586 3627 3625 8348 
7587 1828 1827 1829 
7588 3982 3711 7276 
7589 4748 7849 7906 
7590 672 674 675 
7591 4755 4756 5405 
7592 1830 1829 1831 
7593 2233 2234 2235 
7594 1818 1817 1819 
7595 1710 3335 7730 
7596 4578 4078 4846 
7597 1328 1329 1339 
7598 7111 7110 7112 
7599 5007 5008 5988 
7600 6398 4411 6399 
7601 1814 1813 1815 
7602 989 990 991 
7603 2820 2822 3177 
7604 4352 3672 4663 
7605 3218 2781 3219 
7606 6345 3180 8033 
7607 1033 1036 2097 
7608 2223 7263 7264 
7609 3220 4726 7418 
7610 5164 6355 8158 
7611 4258 4261 7243 
7612 4266 4586 7396 
7613 4363 4562 4563 
7614 3769 3767 7467 
7615 4746 6745 9794 
7616 1832 1831 1833 
7617 3181 2709 7306 
7618 2574 2572 2575 
7619 4137 3795 4138 
7620 7022 7020 7024 
7621 2313 2311 2314 
7622 2364 3113 7443 
7623 5763 5765 5766 
7624 6679 6676 7285 
7625 8346 6246 8482 
7626 1820 1819 1821 
7627 2453 2452 2454 
7628 834 892 7347 
7629 755 756 7255 
7630 2880 5409 7210 
7631 666 668 669 
7632 3230 3172 3319 
7633 5294 5293 5295 
7634 1834 1833 1835 
7635 1792 9670 9686 
7636 2542 2543 2544 
7637 108 107 7620 
7638 6851 5700 6852 
7639 1824 1823 1825 
7640 3374 3377 7406 
7641 7353 5096 7424 
7642 4573 4574 4575 
7643 2822 2823 2824 
7644 1826 1825 1827 
7645 2738 2739 2740 
7646 4326 3520 7731 
7647 2323 2322 2324 
7648 5539 7695 9317 
7649 2212 7178 7261 
7650 3374 3376 3377 
7651 2816 2818 3318 
7652 6443 3261 7804 
7653 609 610 611 
7654 2195 2187 6797 
7655 6737 6732 7732 
7656 2060 4276 4489 
7657 1196 1197 7087 
7658 2291 2290 7209 
7659 721 722 6789 
7660 3786 3239 3787 
7661 1822 1821 1823 
7662 1816 1815 1817 
7663 1666 1723 1724 
7664 1347 1348 1376 
7665 4254 4257 7246 
7666 8091 6628 8578 
7667 8324 6920 8374 
7668 3525 3524 7208 
7669 1326 1327 1328 
7670 3352 3353 3853 
7671 7397 9474 9554 
7672 8332 5950 9398 
7673 4732 6029 6030 
7674 5107 645 7344 
7675 4670 4196 5671 
7676 2400 2398 2723 
7677 928 929 6786 
7678 3988 4021 6995 
7679 5748 5749 5750 
7680 2190 2198 2223 
7681 5761 5762 5763 
7682 3513 4289 6552 
7683 2597 2599 2600 
7684 637 639 7198 
7685 2808 2810 3667 
7686 2748 2754 2997 
7687 2119 2120 2121 
7688 8281 6496 8493 
7689 4519 5021 6410 
7690 4718 5215 5216 
7691 5225 3769 7467 
7692 919 920 7202 
7693 5292 5291 5293 
7694 796 800 7331 
7695 4563 4564 4841 
7696 5759 5760 5761 
7697 4592 6287 7371 
7698 3729 3295 7320 
7699 2456 2322 6961 
7700 1694 1695 7123 
7701 159 158 7715 
7702 4689 6574 6575 
7703 5340 4138 5341 
7704 940 941 7222 
7705 4387 4388 4389 
7706 2162 2161 2169 
7707 4001 4000 4002 
7708 9631 5615 9749 
7709 660 662 663 
7710 1594 1640 1694 
7711 3796 5027 7645 
7712 6714 6713 8236 
7713 6356 6354 8338 
7714 3674 4281 4518 
7715 974 976 977 
7716 2820 2821 2822 
7717 6183 5137 6184 
7718 3389 3390 3778 
7719 6975 4926 6976 
7720 6831 6830 6832 
7721 7342 7011 7343 
7722 4647 4646 4648 
7723 2551 2550 2552 
7724 5122 4151 6671 
7725 977 2098 7230 
7726 2061 2725 4491 
7727 3432 2059 4528 
7728 4575 4883 4893 
7729 3461 1728 3462 
7730 5757 5758 5759 
7731 785 783 786 
7732 3290 3191 7330 
7733 514 287 7333 
7734 1536 1587 1588 
7735 2754 2749 2755 
7736 3650 3649 7403 
7737 1526 1525 7461 
7738 2847 2849 4567 
7739 6145 5058 6146 
7740 5207 5707 7233 
7741 7889 4961 9334 
7742 5527 6328 9388 
7743 2156 2137 2157 
7744 4045 4829 5441 
7745 3352 4045 7464 
7746 7561 1464 8362 
7747 669 4535 6701 
7748 3055 3253 7489 
7749 4925 4926 6975 
7750 6755 6754 8743 
7751 4257 7244 7246 
7752 6467 6470 7531 
7753 1029 1031 1044 
7754 3999 3998 4000 
7755 3913 2608 7530 
7756 4641 4644 4645 
7757 992 994 995 
7758 1517 7160 7161 
7759 2748 2741 2749 
7760 4045 5442 7464 
7761 2742 2748 7296 
7762 658 660 6963 
7763 5179 1464 7561 
7764 5215 4896 9438 
7765 1925 1922 7325 
7766 1323 1325 1326 
7767 6088 4841 6089 
7768 7051 7050 7052 
7769 2241 2242 2243 
7770 2065 3532 3533 
7771 285 284 433 
7772 382 383 434 
7773 4266 4242 4585 
7774 3017 2837 3071 
7775 2049 1067 4746 
7776 1241 1243 7221 
7777 4877 2673 6365 
7778 708 711 7497 
7779 996 998 999 
7780 3733 4306 4308 
7781 7163 7164 7167 
7782 2732 2730 2733 
7783 1339 1340 1347 
7784 5629 6004 6005 
7785 3093 3770 7381 
7786 4484 4561 5494 
7787 2158 2157 2161 
7788 1364 1366 1703 
7789 1222 2053 6458 
7790 2836 2835 2837 
7791 1370 1372 1378 
7792 4288 7079 7080 
7793 4586 5465 7559 
7794 4105 4106 4987 
7795 6242 1953 8836 
7796 5828 5827 5829 
7797 1747 1700 1748 
7798 1532 1535 1536 
7799 1692 1756 1757 
7800 2818 2819 2820 
7801 7322 6655 7323 
7802 4496 947 7169 
7803 4297 4385 5607 
7804 2056 3570 6281 
7805 3368 3370 3371 
7806 4726 4730 7418 
7807 2089 2091 2092 
7808 6760 2062 8877 
7809 4462 7239 7416 
7810 2319 2317 2320 
7811 4134 1744 7608 
7812 6936 1007 6937 
7813 5448 5447 8573 
7814 579 578 580 
7815 3352 3853 4045 
7816 4389 4390 5966 
7817 7131 7130 7133 
7818 2017 6724 6725 
7819 2876 2875 2877 
7820 1000 1002 1003 
7821 4918 5700 6851 
7822 4607 6051 6052 
7823 3727 4601 7377 
7824 3396 7389 7391 
7825 1256 3538 6564 
7826 3725 3333 6763 
7827 3968 4376 4377 
7828 4322 7114 7115 
7829 3997 3996 3998 
7830 191 190 6628 
7831 2744 2742 7296 
7832 3058 3057 7474 
7833 2534 2535 2538 
7834 1867 2678 6874 
7835 4266 4585 4586 
7836 1708 4533 7175 
7837 3215 3733 7271 
7838 3333 3846 6763 
7839 1432 1443 1473 
7840 2348 3441 7552 
7841 3311 5153 7238 
7842 4639 4641 7302 
7843 3186 3351 3352 
7844 2320 2317 7417 
7845 4623 4624 5731 
7846 4599 6920 6957 
7847 6501 6500 6502 
7848 2878 2877 3089 
7849 1590 1593 1594 
7850 4468 5123 6264 
7851 6994 2484 8442 
7852 2715 2768 3657 
7853 2198 2205 7263 
7854 5702 4925 6975 
7855 4329 4980 5752 
7856 7190 3667 7191 
7857 6763 3846 6764 
7858 3745 3747 3748 
7859 2466 2464 2467 
7860 2728 2670 4770 
7861 519 368 7400 
7862 9082 6419 9656 
7863 4116 4115 4135 
7864 2410 2737 2738 
7865 1228 2054 6515 
7866 1530 1531 1532 
7867 5361 5362 5363 
7868 6074 4335 6129 
7869 7381 7385 7389 
7870 142 141 491 
7871 164 163 490 
7872 1573 1574 1575 
7873 1004 1006 1007 
7874 2894 2896 2898 
7875 2680 2682 2683 
7876 1025 1027 2099 
7877 150 149 492 
7878 156 155 493 
7879 434 383 7365 
7880 6676 6678 7285 
7881 5611 4199 6651 
7882 5759 7240 7578 
7883 5830 5829 5831 
7884 6345 8033 9645 
7885 6133 3915 6134 
7886 4357 4358 5171 
7887 7389 7385 7390 
7888 4791 5499 7667 
7889 6834 6832 6835 
7890 4881 6229 8285 
7891 2121 2122 2123 
7892 2939 3076 3077 
7893 5867 5000 7236 
7894 4925 3904 4926 
7895 1234 2055 6524 
7896 3364 3366 3367 
7897 881 882 7272 
7898 7135 7105 7287 
7899 2816 2817 2818 
7900 5983 5179 8603 
7901 1680 2058 6670 
7902 2556 3313 8197 
7903 2355 2772 7480 
7904 3455 3453 3456 
7905 1691 1729 2027 
7906 3187 3940 3941 
7907 3260 3649 3650 
7908 4960 6373 7680 
7909 4252 4254 4265 
7910 3720 3624 3721 
7911 4649 4651 6111 
7912 6581 6580 6582 
7913 2079 2081 4356 
7914 7216 7218 7219 
7915 3088 3259 3260 
7916 986 988 989 
7917 1283 1285 7697 
7918 7539 7538 8141 
7919 2004 3381 3383 
7920 3594 4860 6622 
7921 4645 4644 4646 
7922 2832 2831 2833 
7923 3915 3572 7223 
7924 7155 7156 7157 
7925 471 7277 8917 
7926 2071 4500 6289 
7927 2247 2248 2249 
7928 5777 5776 5778 
7929 705 2048 6723 
7930 1008 1010 1011 
7931 7001 7000 7002 
7932 1866 1867 1868 
7933 2705 2784 2786 
7934 1941 2703 6788 
7935 3904 3307 7293 
7936 7080 7081 7082 
7937 6199 4314 6200 
7938 5381 5382 5667 
7939 2834 2833 2835 
7940 2707 2709 2710 
7941 5114 1314 6415 
7942 178 484 7689 
7943 1913 7211 7212 
7944 1442 1450 1451 
7945 1174 7356 8299 
7946 2382 2378 7338 
7947 6984 6835 6985 
7948 3541 737 6790 
7949 3762 4120 4751 
7950 4503 4501 6348 
7951 5017 7824 8227 
7952 4193 3400 7391 
7953 4515 4516 6876 
7954 3995 3994 3996 
7955 6308 7167 7957 
7956 5774 5773 5776 
7957 3715 5142 6404 
7958 5588 7504 8773 
7959 6618 6616 6619 
7960 4301 3783 8466 
7961 6278 6279 9683 
7962 887 889 7266 
7963 4363 2723 4562 
7964 3185 2755 3186 
7965 4477 5164 5165 
7966 282 281 474 
7967 379 380 475 
7968 4211 4210 7440 
7969 2830 2829 2831 
7970 3592 4341 4536 
7971 7223 4193 7224 
7972 3810 3739 7538 
7973 2470 2468 2471 
7974 653 656 1455 
7975 4741 6501 8343 
7976 1265 1262 7138 
7977 2600 3214 3841 
7978 3117 2032 3119 
7979 4973 4493 6338 
7980 2793 4633 7622 
7981 4715 4714 5233 
7982 3876 3473 3923 
7983 5199 5939 5941 
7984 6133 6134 6135 
7985 2070 4497 4521 
7986 6814 3713 7543 
7987 2068 2694 4520 
7988 2553 2552 2554 
7989 6463 6464 6465 
7990 2065 3533 7311 
7991 3841 3842 4274 
7992 4296 5385 5386 
7993 3566 3089 3567 
7994 942 6669 8499 
7995 430 159 7715 
7996 3031 3032 3033 
7997 5186 3982 7276 
7998 4228 4230 7380 
7999 1644 1531 8150 
8000 980 982 983 
8001 4249 4252 7392 
8002 487 127 7693 
8003 2696 2698 2699 
8004 2101 2103 6390 
8005 4752 4754 4755 
8006 5772 5771 5773 
8007 2610 2609 2611 
8008 778 781 7282 
8009 2683 3087 3088 
8010 957 2072 6562 
8011 4507 4505 4508 
8012 1416 1417 1432 
8013 4730 5757 7418 
8014 2526 6592 7684 
8015 4274 4275 4364 
8016 4151 3462 4152 
8017 3652 3653 4297 
8018 4377 4599 4825 
8019 6868 6870 7460 
8020 4514 6654 6655 
8021 2086 4494 4495 
8022 388 389 6894 
8023 2897 2895 7040 
8024 832 2762 7428 
8025 2880 4703 5409 
8026 4432 4420 4433 
8027 1502 2847 7183 
8028 2895 4524 7040 
8029 5343 3689 8062 
8030 4563 4562 4564 
8031 7418 5757 7578 
8032 144 143 550 
8033 1528 1529 1530 
8034 158 157 551 
8035 5274 3928 5432 
8036 4409 4135 4410 
8037 162 161 553 
8038 6063 4429 6284 
8039 148 147 552 
8040 755 754 756 
8041 5770 5769 5771 
8042 2400 2723 3936 
8043 751 750 752 
8044 1992 1997 1998 
8045 9402 1455 9836 
8046 3038 2708 3510 
8047 6463 6465 6477 
8048 3524 4920 7208 
8049 6010 4344 6011 
8050 6078 6077 6150 
8051 4529 4528 4530 
8052 2118 2147 7571 
8053 5460 7256 9260 
8054 7888 492 7889 
8055 4364 4476 4477 
8056 3097 1287 6692 
8057 3993 3992 3994 
8058 2697 2695 2700 
8059 4418 1299 6357 
8060 4171 4367 5199 
8061 872 875 7407 
8062 4645 4647 6366 
8063 6666 2763 7617 
8064 2706 721 6789 
8065 4596 4427 5850 
8066 5680 5682 5684 
8067 3936 4363 5053 
8068 2895 2893 4524 
8069 1758 1693 1759 
8070 6573 5031 7921 
8071 2676 806 6702 
8072 1870 1871 1872 
8073 3089 2877 7756 
8074 4287 4288 7083 
8075 639 1375 7198 
8076 1016 1018 2759 
8077 5138 4096 6600 
8078 6360 7991 8064 
8079 753 752 754 
8080 5320 5317 7375 
8081 1874 1875 1876 
8082 1378 1379 1380 
8083 831 835 837 
8084 4541 4538 7047 
8085 2869 2867 2870 
8086 4261 5407 7243 
8087 146 145 429 
8088 160 159 430 
8089 1945 6900 6901 
8090 6675 3506 6710 
8091 4841 4564 5693 
8092 381 7367 7368 
8093 1860 1862 7554 
8094 2441 2440 2444 
8095 7040 4524 7041 
8096 4050 3534 5826 
8097 792 794 7168 
8098 1524 1525 1526 
8099 4943 5006 5007 
8100 2555 2554 2556 
8101 1757 3348 3448 
8102 3242 4419 7205 
8103 2693 928 6786 
8104 6052 6053 6123 
8105 4481 3803 4482 
8106 2066 2064 4522 
8107 1708 4532 4533 
8108 4502 4504 4513 
8109 1380 1381 1382 
8110 4698 3613 5635 
8111 1738 6696 6699 
8112 2207 2201 2216 
8113 174 425 7516 
8114 3116 2558 8197 
8115 1382 1383 1384 
8116 3572 3400 4193 
8117 6995 6992 6996 
8118 745 744 746 
8119 4702 1907 6548 
8120 6123 6124 6255 
8121 2057 1244 3156 
8122 2360 2368 7478 
8123 6930 995 6931 
8124 1343 5116 7717 
8125 2518 2519 2530 
8126 9147 8262 9213 
8127 476 275 7309 
8128 373 477 7310 
8129 4245 4248 4268 
8130 2251 2252 2253 
8131 1384 1397 1398 
8132 3448 4056 4811 
8133 1520 1521 1522 
8134 5290 4788 5291 
8135 2728 4770 7305 
8136 1864 1865 1866 
8137 6670 2058 7303 
8138 1975 1979 1980 
8139 4823 3582 6533 
8140 1128 1129 1133 
8141 2791 2930 4620 
8142 1510 1511 1512 
8143 2783 2704 2785 
8144 906 6407 6408 
8145 2089 2092 7332 
8146 7103 1595 7745 
8147 1123 1124 1128 
8148 5207 5706 5707 
8149 2226 2221 7394 
8150 1398 1428 1429 
8151 4730 5756 5757 
8152 1682 1681 1683 
8153 3900 5414 6858 
8154 824 1122 7431 
8155 3991 3990 3992 
8156 7097 7095 7098 
8157 484 177 7510 
8158 5731 5732 6461 
8159 3899 2082 7092 
8160 2082 3537 7092 
8161 4108 5286 5287 
8162 1429 1465 1466 
8163 5447 4164 6646 
8164 5000 5865 7236 
8165 3941 3942 3943 
8166 743 742 744 
8167 4007 4008 4009 
8168 2092 2094 2095 
8169 2557 2556 2558 
8170 6919 4378 6921 
8171 2850 2848 4525 
8172 2651 4639 7655 
8173 2082 2080 3537 
8174 1506 1507 1508 
8175 2846 2716 3847 
8176 1365 1363 1668 
8177 5363 5364 5651 
8178 2828 2827 2829 
8179 1676 6670 8330 
8180 4514 6655 7322 
8181 4009 4010 4171 
8182 4612 4410 4613 
8183 2170 2169 2177 
8184 3073 2733 3074 
8185 2932 2934 2939 
8186 6264 6265 7014 
8187 5140 4370 6642 
8188 4999 3923 5332 
8189 4265 7247 7248 
8190 4448 5118 6754 
8191 2797 2808 7190 
8192 4005 4006 4007 
8193 3293 3291 6960 
8194 1516 1517 1518 
8195 1500 1501 1502 
8196 2810 2811 2812 
8197 2074 1360 6557 
8198 6304 7527 9747 
8199 581 580 582 
8200 737 736 738 
8201 1878 1881 1882 
8202 279 278 418 
8203 376 377 419 
8204 2311 2310 6939 
8205 5519 4918 6851 
8206 2223 2198 7263 
8207 3029 3030 3031 
8208 4330 3545 4382 
8209 4214 4211 7440 
8210 4017 4018 4019 
8211 3675 1319 7928 
8212 4829 3853 4830 
8213 2020 1379 7275 
8214 6942 6943 6944 
8215 5768 5767 5769 
8216 3306 3074 3307 
8217 386 387 7028 
8218 2443 2382 7338 
8219 5465 4585 6625 
8220 2865 2863 4590 
8221 2726 2724 4552 
8222 2095 3403 3404 
8223 8218 3638 8339 
8224 3943 3944 3945 
8225 2559 2558 2561 
8226 2438 2437 2440 
8227 2515 2516 2518 
8228 2171 2175 2200 
8229 3819 3810 5125 
8230 1371 1369 1373 
8231 3989 3988 3990 
8232 4601 5530 9500 
8233 3445 4156 4929 
8234 7086 1196 7087 
8235 4563 4841 6088 
8236 2898 2899 2900 
8237 731 730 732 
8238 3045 2018 3046 
8239 1940 1941 1942 
8240 2389 2386 7393 
8241 1496 1497 1498 
8242 1068 1077 7374 
8243 5437 4214 7440 
8244 2727 2729 4800 
8245 2710 3181 3264 
8246 2347 2346 2348 
8247 3856 3382 3857 
8248 2077 1957 6762 
8249 5651 5652 5653 
8250 1488 1489 1490 
8251 5653 5654 5655 
8252 1020 1022 1035 
8253 814 2069 7437 
8254 4614 4613 4615 
8255 4724 5136 5961 
8256 4240 4245 7289 
8257 585 584 586 
8258 1118 1119 1123 
8259 2204 2196 7128 
8260 3269 3890 4724 
8261 1973 1974 1975 
8262 2854 3268 3269 
8263 2786 3488 3489 
8264 2078 1963 6529 
8265 2813 2815 2816 
8266 4673 4615 4674 
8267 2808 2809 2810 
8268 2297 2296 7304 
8269 4325 3842 6680 
8270 2088 1895 6767 
8271 7248 7247 7249 
8272 2900 3122 3123 
8273 4536 5356 5357 
8274 176 544 7510 
8275 5655 5656 6019 
8276 1011 1012 1024 
8277 6594 2042 6595 
8278 4646 4644 7484 
8279 1671 1669 4660 
8280 1484 1485 1486 
8281 1938 1939 1940 
8282 4713 3921 5080 
8283 5357 5659 5914 
8284 2366 2364 7443 
8285 2027 2853 2854 
8286 5668 6164 8808 
8287 4777 4775 7705 
8288 2826 2825 2827 
8289 7201 2892 7749 
8290 3653 3650 7403 
8291 4526 4449 4594 
8292 3987 3986 3988 
8293 876 878 7300 
8294 3409 4070 4942 
8295 1472 1479 1480 
8296 1615 1616 1617 
8297 272 405 7336 
8298 406 370 7337 
8299 3572 4193 7223 
8300 1958 1959 1960 
8301 6403 4458 7686 
8302 4934 5336 5598 
8303 5599 4515 6876 
8304 2612 2611 2613 
8305 1617 1618 1619 
8306 6813 3713 6814 
8307 4357 5171 7427 
8308 5319 5320 5679 
8309 2546 4571 7656 
8310 3118 3474 3475 
8311 2731 2734 2735 
8312 5403 4594 5994 
8313 2864 2866 4632 
8314 869 868 870 
8315 5027 6370 7645 
8316 3352 3351 3353 
8317 2813 2816 7237 
8318 4184 3682 4795 
8319 4967 4646 7484 
8320 2259 2260 2261 
8321 2630 2638 7757 
8322 2562 2561 2563 
8323 2386 2382 2443 
8324 1661 1659 1662 
8325 2031 2033 4622 
8326 4509 4508 4510 
8327 1434 1424 1435 
8328 378 6148 9185 
8329 4216 4214 5437 
8330 4521 5500 5811 
8331 1969 6965 7827 
8332 7851 5448 8579 
8333 1890 1891 1892 
8334 6889 6888 8455 
8335 3489 3490 3491 
8336 2436 2435 2437 
8337 872 870 873 
8338 3529 1479 6775 
8339 1416 1432 8362 
8340 5472 7232 9776 
8341 1663 1662 1664 
8342 5808 5432 6112 
8343 2263 2264 2265 
8344 3481 3482 3483 
8345 2699 5139 5478 
8346 5763 5766 7297 
8347 5645 4118 5646 
8348 1638 1726 1727 
8349 875 873 876 
8350 1108 1109 1113 
8351 4321 4322 4323 
8352 1452 1426 1453 
8353 8206 1427 8345 
8354 4349 4348 4350 
8355 385 515 7423 
8356 867 866 868 
8357 3511 3510 4028 
8358 1962 1963 1964 
8359 3396 3093 7381 
8360 4268 5285 5709 
8361 4997 4998 5587 
8362 749 748 750 
8363 3123 3320 3321 
8364 2614 2613 2615 
8365 1908 2880 7210 
8366 2005 1996 3906 
8367 4238 4240 4263 
8368 9009 6199 9700 
8369 7351 7698 7857 
8370 3491 3524 3525 
8371 4268 4248 5285 
8372 3395 1765 3536 
8373 276 275 476 
8374 373 374 477 
8375 2584 6729 7452 
8376 551 7711 7712 
8377 6154 6155 6156 
8378 2721 792 7168 
8379 645 644 646 
8380 3051 2598 3504 
8381 741 740 742 
8382 1214 1215 7315 
8383 3816 4472 7643 
8384 3607 5197 7560 
8385 2539 2541 2542 
8386 1613 1614 1615 
8387 1956 1957 1958 
8388 6693 6692 7069 
8389 3800 4451 5433 
8390 2593 2590 7436 
8391 2596 2252 6703 
8392 3479 3480 3481 
8393 1307 1298 7541 
8394 5125 7538 7539 
8395 5587 5588 5589 
8396 2701 2700 2702 
8397 2498 2499 2500 
8398 1948 1949 1950 
8399 5316 5317 5319 
8400 1862 1863 1864 
8401 721 720 722 
8402 44 400 7067 
8403 3985 3984 3986 
8404 5720 5721 5722 
8405 5527 4326 7731 
8406 6016 5080 6296 
8407 6019 6020 6022 
8408 759 758 760 
8409 947 946 948 
8410 5562 4688 5563 
8411 277 276 7414 
8412 5562 5563 7341 
8413 5187 3900 6858 
8414 1934 1935 1936 
8415 5253 3642 7807 
8416 3106 2702 3107 
8417 3576 3575 3577 
8418 1894 1895 1896 
8419 2500 2501 2510 
8420 6383 6388 8423 
8421 7383 3770 7474 
8422 1261 1260 1262 
8423 1760 1759 1761 
8424 4163 4164 5445 
8425 865 864 866 
8426 5480 4482 5889 
8427 2289 2290 2291 
8428 2824 2823 2825 
8429 5159 5158 6060 
8430 1287 1286 1288 
8431 7225 4193 7391 
8432 928 924 929 
8433 1549 1550 1551 
8434 3579 3582 4294 
8435 819 823 1138 
8436 4252 4265 7392 
8437 7388 7383 7474 
8438 5720 5722 6687 
8439 735 734 736 
8440 6156 6157 6158 
8441 429 7737 7738 
8442 2093 2090 3209 
8443 583 582 584 
8444 4448 4447 4449 
8445 1545 1546 1547 
8446 643 642 644 
8447 729 728 730 
8448 3310 2785 3311 
8449 3224 3156 3802 
8450 4434 4433 4435 
8451 3140 3139 3339 
8452 2616 2615 2617 
8453 1425 1392 1426 
8454 3477 3478 3479 
8455 1113 1114 1118 
8456 809 813 2052 
8457 1944 1945 1946 
8458 2179 2177 2188 
8459 1928 1929 1930 
8460 2868 2871 2872 
8461 1680 1679 1681 
8462 1860 1861 1862 
8463 1924 1925 1926 
8464 4139 4140 5206 
8465 3321 3736 4139 
8466 7382 3770 7383 
8467 2104 2102 2105 
8468 7381 7382 7385 
8469 1563 1564 1565 
8470 4462 7416 7465 
8471 1553 1556 1557 
8472 2269 2270 2271 
8473 2893 2264 7326 
8474 5766 5765 5767 
8475 4459 3600 4462 
8476 3144 2746 7419 
8477 2564 2563 2565 
8478 1104 1105 1108 
8479 434 7365 7366 
8480 3275 1763 3276 
8481 1762 1761 1763 
8482 2017 1731 2018 
8483 1799 1797 3052 
8484 2273 2274 2275 
8485 3441 4627 7552 
8486 4464 4461 4465 
8487 515 7029 7030 
8488 1559 1560 1561 
8489 4277 2917 4595 
8490 5206 5207 7233 
8491 5975 5973 5976 
8492 23 24 6981 
8493 4511 4510 4512 
8494 953 952 954 
8495 2295 2296 2297 
8496 2189 2188 2201 
8497 940 939 941 
8498 1295 1290 1296 
8499 3475 3476 3477 
8500 2797 2799 2808 
8501 7528 5851 8957 
8502 639 638 640 
8503 1920 1921 1922 
8504 2434 2433 2435 
8505 1858 1859 1860 
8506 3590 3591 3821 
8507 1952 1953 1954 
8508 635 634 636 
8509 2531 2533 2534 
8510 637 636 638 
8511 2613 2663 8187 
8512 633 632 634 
8513 3983 3982 3984 
8514 2782 6568 8096 
8515 1350 1333 8235 
8516 6927 4954 8069 
8517 725 724 726 
8518 2886 2884 6954 
8519 2293 2294 2295 
8520 2666 2615 8187 
8521 274 273 516 
8522 371 372 518 
8523 3087 2682 7543 
8524 3858 3857 4867 
8525 3093 3090 3770 
8526 1567 1568 1569 
8527 945 944 946 
8528 1916 1917 1918 
8529 1391 1373 1392 
8530 1236 1235 1237 
8531 1230 1229 1231 
8532 641 640 642 
8533 2022 3240 5068 
8534 4095 4096 4997 
8535 936 935 937 
8536 1200 7432 8420 
8537 1676 1675 1677 
8538 5314 5315 5316 
8539 1259 1257 1260 
8540 2693 6786 7363 
8541 4685 4687 7257 
8542 4003 4004 4005 
8543 3423 3424 3970 
8544 1629 1645 1646 
8545 1906 1907 1908 
8546 647 646 648 
8547 1175 6140 8785 
8548 1767 1673 1768 
8549 2400 3936 7498 
8550 4438 4437 4439 
8551 4675 4674 4975 
8552 2277 2278 2279 
8553 2737 2408 6956 
8554 932 931 933 
8555 4436 4435 4437 
8556 2327 2325 2328 
8557 2310 4534 6939 
8558 1912 1913 1914 
8559 2566 2565 2567 
8560 4791 5498 5499 
8561 2076 7791 8122 
8562 4744 5728 5820 
8563 4383 4382 4421 
8564 3222 2013 3223 
8565 1224 1223 1225 
8566 6316 6315 9304 
8567 719 718 720 
8568 707 706 708 
8569 4918 4426 5700 
8570 4261 4262 4269 
8571 5626 5624 5627 
8572 776 778 7203 
8573 28 29 6950 
8574 1856 1857 1858 
8575 959 958 960 
8576 2822 2821 2823 
8577 2136 4840 7462 
8578 2281 2282 2283 
8579 4425 4424 4426 
8580 2351 2359 7536 
8581 715 714 716 
8582 4269 4270 4744 
8583 951 950 952 
8584 6025 4872 7348 
8585 4422 4421 4424 
8586 629 628 630 
8587 900 899 901 
8588 2147 3563 7571 
8589 961 960 962 
8590 1360 1357 1361 
8591 2906 2909 3029 
8592 912 911 913 
8593 2329 2328 2330 
8594 863 861 864 
8595 3185 3186 7464 
8596 1688 3903 7720 
8597 587 586 588 
8598 3888 3781 3889 
8599 369 406 7400 
8600 923 922 924 
8601 1658 1657 1659 
8602 1577 1598 1599 
8603 5351 4558 7317 
8604 908 903 909 
8605 2753 2752 3139 
8606 1603 1606 1607 
8607 6803 6806 6807 
8608 631 630 632 
8609 1228 1227 1229 
8610 34 35 6958 
8611 7224 4193 7225 
8612 3396 7381 7389 
8613 4127 4126 5094 
8614 4440 4439 4441 
8615 4515 4512 4516 
8616 6022 6023 6188 
8617 1102 1103 1104 
8618 2375 2373 2388 
8619 3616 3615 3617 
8620 686 688 7280 
8621 1240 1239 1241 
8622 79 80 6906 
8623 2487 2489 7656 
8624 1607 1608 1609 
8625 1571 2065 7311 
8626 1234 1233 1235 
8627 881 880 882 
8628 2451 2449 2452 
8629 3798 4662 5493 
8630 4976 4975 5002 
8631 2335 2334 2336 
8632 1707 1708 7175 
8633 1214 1213 1215 
8634 896 895 897 
8635 5066 776 7203 
8636 1344 1304 7724 
8637 886 884 887 
8638 7413 277 7414 
8639 7907 1277 7908 
8640 2345 2343 2346 
8641 919 918 920 
8642 5312 5313 5314 
8643 2547 3164 8032 
8644 272 271 405 
8645 369 370 406 
8646 6180 6380 8235 
8647 2285 2286 2287 
8648 6903 32 6904 
8649 711 710 712 
8650 3551 5101 5102 
8651 1705 1706 1707 
8652 4263 4240 7289 
8653 3788 4197 4198 
8654 4068 3775 7308 
8655 1854 1855 1856 
8656 3753 4894 4895 
8657 627 626 628 
8658 3079 6094 9186 
8659 2601 2334 6758 
8660 2341 2339 2342 
8661 5198 5719 5720 
8662 3390 2946 7433 
8663 5763 5762 5765 
8664 2072 7992 7993 
8665 3197 2567 7442 
8666 2299 2300 2301 
8667 5977 5681 6270 
8668 5761 5760 5762 
8669 7681 8067 9495 
8670 2489 2490 2494 
8671 3508 5247 7642 
8672 966 962 967 
8673 4460 4466 7686 
8674 3599 4052 7239 
8675 5240 4287 7083 
8676 5442 5441 5443 
8677 4369 4370 4371 
8678 2681 2679 2691 
8679 957 956 958 
8680 4375 3967 5096 
8681 1305 1298 1306 
8682 1852 1853 1854 
8683 1611 1612 1613 
8684 2788 3237 7450 
8685 381 382 7367 
8686 5020 3845 5067 
8687 2607 2661 7447 
8688 8531 7432 8598 
8689 1753 1649 7267 
8690 5759 5758 5760 
8691 2303 2304 2305 
8692 3417 3340 3418 
8693 832 827 2762 
8694 2735 3104 3105 
8695 380 381 7368 
8696 526 7640 7859 
8697 705 704 706 
8698 625 624 626 
8699 6911 6910 8883 
8700 4815 5288 7787 
8701 2820 2819 2821 
8702 1601 1602 1603 
8703 4442 4441 4443 
8704 2152 2159 2181 
8705 5070 4187 7577 
8706 2793 2795 4633 
8707 1771 1770 1772 
8708 1256 1255 1257 
8709 1196 1194 1197 
8710 1850 1851 1852 
8711 4008 4006 7451 
8712 31 32 6903 
8713 2808 3667 7190 
8714 7034 8406 9837 
8715 5310 5311 5312 
8716 3936 5134 7498 
8717 5030 3950 5054 
8718 1200 1199 1201 
8719 280 279 7415 
8720 1769 1768 1770 
8721 4444 4443 5412 
8722 4268 5709 5710 
8723 1971 2089 7332 
8724 969 967 970 
8725 623 622 624 
8726 4709 7294 8044 
8727 7349 7176 8135 
8728 1204 1203 1205 
8729 5128 4595 5404 
8730 2902 4668 7772 
8731 1208 1207 1209 
8732 5727 5531 6065 
8733 2802 4091 7606 
8734 4001 4002 4003 
8735 1773 1772 1774 
8736 1278 7062 9478 
8737 3105 3325 3326 
8738 5108 4019 7457 
8739 1222 1221 1223 
8740 418 278 7413 
8741 2309 2310 2311 
8742 4507 4514 7322 
8743 814 810 2069 
8744 1848 1849 1850 
8745 5297 5299 5300 
8746 5233 5928 7444 
8747 2425 2424 2426 
8748 3508 4900 5247 
8749 5308 5309 5310 
8750 621 620 622 
8751 3608 4117 7621 
8752 4264 5271 5272 
8753 6030 6029 6055 
8754 1777 1776 1778 
8755 3245 2995 7596 
8756 5881 5717 5884 
8757 3594 3422 4126 
8758 3210 3209 3471 
8759 6922 6921 6924 
8760 3900 3536 5414 
8761 840 836 841 
8762 2539 2542 7463 
8763 1212 1211 1213 
8764 2088 6767 7405 
8765 2106 2105 2107 
8766 2487 2488 2489 
8767 824 820 1122 
8768 1134 1322 1323 
8769 699 698 700 
8770 2818 2817 2819 
8771 1779 1778 1780 
8772 1862 3265 7554 
8773 4682 4681 4683 
8774 5925 4360 6273 
8775 860 859 861 
8776 5633 4063 6232 
8777 1627 1628 1629 
8778 5511 3918 7638 
8779 819 1138 7410 
8780 2427 2426 2429 
8781 1775 1774 1776 
8782 2377 2366 7443 
8783 7581 1631 7740 
8784 1218 1217 1219 
8785 2751 2750 2752 
8786 6800 6799 8449 
8787 3981 3711 3982 
8788 4985 4984 5623 
8789 2749 7200 7503 
8790 5371 6695 9485 
8791 4684 4683 4685 
8792 5722 5721 5723 
8793 5254 3632 7795 
8794 2307 2308 2309 
8795 3673 2908 8063 
8796 2447 2445 2448 
8797 5693 5694 5695 
8798 1640 1593 7847 
8799 4264 4611 5271 
8800 619 618 620 
8801 4365 3893 4366 
8802 2357 2355 7480 
8803 2052 813 7410 
8804 3865 4869 4870 
8805 4983 4982 4984 
8806 3548 4878 5100 
8807 2214 2215 2218 
8808 1846 1847 1848 
8809 2717 2107 2718 
8810 695 694 696 
8811 4697 1809 7893 
8812 2511 2514 2515 
8813 5757 5756 5758 
8814 1781 1780 1782 
8815 3057 2788 7450 
8816 4040 3689 5343 
8817 1120 3681 7658 
8818 7382 7383 7384 
8819 1699 1664 1700 
8820 5263 4076 7874 
8821 4244 4242 4266 
8822 5712 5596 5715 
8823 5306 5307 5308 
8824 3053 3052 3599 
8825 3892 2718 3893 
8826 3999 4000 4001 
8827 4230 4234 4264 
8828 2362 2360 7478 
8829 665 664 666 
8830 38 39 6980 
8831 4198 4199 4853 
8832 43 44 7067 
8833 2902 2904 4668 
8834 9144 5108 9158 
8835 2872 2873 2874 
8836 4800 2729 7409 
8837 1537 3498 7802 
8838 2747 2746 2750 
8839 3505 3504 3527 
8840 2423 2422 2424 
8841 6237 4665 7646 
8842 2851 2586 3539 
8843 1783 1782 1784 
8844 1785 1784 1786 
8845 1791 1790 1796 
8846 617 616 618 
8847 1789 1788 1790 
8848 1844 1845 1846 
8849 691 690 692 
8850 7920 5649 9850 
8851 268 449 7453 
8852 5304 5305 5306 
8853 1803 1805 4473 
8854 3315 7229 8202 
8855 1787 1786 1788 
8856 2964 2967 7778 
8857 5557 4465 5558 
8858 5192 5193 5194 
8859 1801 4387 7697 
8860 2584 2234 6729 
8861 275 274 7309 
8862 372 373 7310 
8863 3997 3998 3999 
8864 8101 6175 8261 
8865 5898 5896 5899 
8866 3330 3331 3332 
8867 589 588 590 
8868 858 857 859 
8869 1529 1526 7461 
8870 6183 1630 8745 
8871 1324 3688 8004 
8872 2433 2430 7283 
8873 4680 4679 4681 
8874 2218 2219 2478 
8875 1842 1843 1844 
8876 3090 3058 7474 
8877 856 855 857 
8878 5628 5627 5629 
8879 2481 2216 2483 
8880 615 614 616 
8881 676 678 7307 
8882 5887 4267 7396 
8883 544 175 7516 
8884 3607 4046 5197 
8885 273 272 7336 
8886 370 371 7337 
8887 5302 5303 5304 
8888 6874 2678 7637 
8889 460 5926 9690 
8890 854 853 855 
8891 1840 1841 1842 
8892 852 851 853 
8893 1090 1091 1095 
8894 2731 2735 7409 
8895 5429 4735 5650 
8896 2765 3337 3338 
8897 4267 4266 7396 
8898 850 849 851 
8899 3709 3642 5253 
8900 591 590 592 
8901 2369 2366 2377 
8902 3472 3471 3512 
8903 4653 2787 5213 
8904 7034 7031 7035 
8905 2816 2815 2817 
8906 3740 3925 5189 
8907 3195 2567 3196 
8908 5613 4386 5614 
8909 2333 2331 2334 
8910 5271 4611 5273 
8911 5300 5301 5302 
8912 2212 2213 2214 
8913 1088 6909 6912 
8914 4827 4825 8238 
8915 1838 1839 1840 
8916 2723 2398 7292 
8917 6820 6814 7543 
8918 1285 1284 1286 
8919 5688 3915 6133 
8920 6999 7000 7001 
8921 4254 4255 4257 
8922 973 972 974 
8923 3844 3540 4548 
8924 4252 4253 4254 
8925 5422 5466 5467 
8926 4676 4148 4677 
8927 4639 4640 4641 
8928 6287 4591 6288 
8929 4872 4873 5841 
8930 2745 2744 2746 
8931 1081 1082 1085 
8932 6905 411 9572 
8933 6344 458 6414 
8934 613 612 614 
8935 6537 6538 9633 
8936 158 551 7715 
8937 2620 2619 2621 
8938 3800 5433 8229 
8939 3528 3527 3716 
8940 2313 2314 2315 
8941 3328 3329 3330 
8942 2430 2429 7283 
8943 4200 3933 4201 
8944 4641 4643 4644 
8945 685 684 686 
8946 52 53 7061 
8947 7384 7386 7387 
8948 2816 3318 7237 
8949 5384 991 6929 
8950 1085 1086 1090 
8951 5467 5468 5469 
8952 3513 3512 3514 
8953 3663 3245 4831 
8954 3922 4714 4715 
8955 848 847 849 
8956 6816 6814 6817 
8957 2315 2316 2317 
8958 4021 6992 6995 
8959 5720 5719 5721 
8960 3995 3996 3997 
8961 681 680 682 
8962 3131 2921 6844 
8963 2996 3244 3423 
8964 4233 4224 4242 
8965 4692 4691 4693 
8966 3706 3704 3707 
8967 1442 1451 7499 
8968 3898 4931 4932 
8969 270 269 517 
8970 367 368 519 
8971 383 384 7365 
8972 4308 4306 5586 
8973 846 845 847 
8974 7825 2075 8147 
8975 3717 3716 4517 
8976 2812 2811 2813 
8977 1079 1080 1081 
8978 3634 3632 5254 
8979 675 674 676 
8980 1875 6246 8599 
8981 3738 7362 8160 
8982 5061 5244 5245 
8983 6541 7927 7952 
8984 4870 4871 4872 
8985 1836 1837 1838 
8986 844 843 845 
8987 1153 1277 7907 
8988 2317 2316 7417 
8989 5720 6687 7595 
8990 7572 3061 7729 
8991 3914 3572 3915 
8992 4032 2965 7822 
8993 3401 3400 3572 
8994 2495 2497 2498 
8995 2743 2742 2744 
8996 2680 2683 7637 
8997 6446 6444 6447 
8998 6236 4665 6237 
8999 669 668 670 
9000 6793 6792 8464 
9001 1682 1683 7771 
9002 4258 4260 4261 
9003 2618 2617 2619 
9004 1410 1390 1411 
9005 287 286 7333 
9006 517 269 7453 
9007 5134 5053 6187 
9008 4230 4264 7380 
9009 2136 2139 4840 
9010 842 841 843 
9011 3738 3740 7362 
9012 5294 5295 5296 
9013 2788 2664 3237 
9014 92 93 7091 
9015 2123 2124 2125 
9016 1734 1725 1735 
9017 4264 4234 4611 
9018 3838 4159 7373 
9019 4907 4076 5263 
9020 6119 448 8091 
9021 3838 3223 4159 
9022 3426 3427 3428 
9023 6818 6817 6819 
9024 6017 5989 6553 
9025 7064 8101 8261 
9026 7384 7383 7386 
9027 3993 3994 3995 
9028 5747 5746 5748 
9029 8695 6706 8822 
9030 2422 2419 7580 
9031 6005 6004 6006 
9032 991 992 6929 
9033 1740 1739 1741 
9034 4472 6850 7643 
9035 2810 2809 2811 
9036 2563 2561 8028 
9037 3000 1694 7123 
9038 6470 6471 6472 
9039 3186 3350 3351 
9040 1136 1137 1312 
9041 5766 6033 7297 
9042 7746 6267 9745 
9043 5353 8220 9394 
9044 6553 8793 8977 
9045 3184 3182 7681 
9046 3515 3514 3516 
9047 1399 1400 8125 
9048 2141 2143 2165 
9049 813 819 7410 
9050 7275 1372 7483 
9051 1834 1835 1836 
9052 2417 2416 4610 
9053 3353 3526 4951 
9054 663 662 664 
9055 5288 1689 7734 
9056 4249 4251 4252 
9057 1077 1078 1079 
9058 2399 2398 2400 
9059 3332 3452 3453 
9060 6476 6480 6484 
9061 59 60 7185 
9062 5710 5709 6148 
9063 5370 5104 6253 
9064 593 592 594 
9065 5186 7276 8304 
9066 3143 3726 7973 
9067 5197 4046 5198 
9068 2625 2623 7454 
9069 5420 5421 5422 
9070 368 369 7400 
9071 3823 3821 7470 
9072 1117 1125 1126 
9073 291 290 7284 
9074 5743 5742 5744 
9075 5988 5008 5989 
9076 3077 3076 3356 
9077 4627 3954 4628 
9078 2364 2362 3113 
9079 1473 1474 1570 
9080 93 446 7091 
9081 5581 4267 5887 
9082 1828 1829 1830 
9083 3991 3992 3993 
9084 2319 2320 2321 
9085 2651 2667 4639 
9086 4245 4246 4248 
9087 5780 8333 9434 
9088 1830 1831 1832 
9089 3219 3469 3470 
9090 3447 4173 4945 
9091 2655 2653 2769 
9092 5739 5738 5740 
9093 5987 5521 6141 
9094 3171 3170 3172 
9095 2522 3095 6592 
9096 7030 7029 7031 
9097 5292 5293 5294 
9098 3903 5051 7720 
9099 4216 5437 5438 
9100 1832 1833 1834 
9101 5451 5450 7859 
9102 6230 5054 6231 
9103 3186 3352 7464 
9104 4240 4241 4245 
9105 599 598 600 
9106 5452 5451 5453 
9107 4539 4537 6443 
9108 4235 4238 7456 
9109 2808 2799 2809 
9110 3117 3119 7664 
9111 1807 1809 4697 
9112 3071 3072 4180 
9113 5520 4655 5521 
9114 2198 2199 2205 
9115 1826 1827 1828 
9116 2883 2668 8030 
9117 8953 562 9638 
9118 2479 2486 2487 
9119 2113 2111 2493 
9120 5741 5740 5742 
9121 5708 4541 7047 
9122 611 610 612 
9123 1098 1106 1107 
9124 2939 2934 3076 
9125 597 596 598 
9126 995 994 996 
9127 3905 3203 5052 
9128 6290 6499 7507 
9129 5017 7822 7823 
9130 1724 1723 1725 
9131 3978 3523 4395 
9132 2587 2195 6797 
9133 2874 2875 2876 
9134 3399 3397 3400 
9135 6263 6491 8999 
9136 4895 5191 5192 
9137 601 600 602 
9138 1007 1006 1008 
9139 1003 1002 1004 
9140 6472 6473 6474 
9141 999 998 1000 
9142 2321 2322 2323 
9143 1011 1010 1012 
9144 595 594 596 
9145 3989 3990 3991 
9146 7822 3640 7823 
9147 893 904 905 
9148 4264 5272 7380 
9149 3833 4406 5057 
9150 6647 6649 8573 
9151 135 489 7615 
9152 6467 6469 6470 
9153 488 170 7613 
9154 3853 3353 7346 
9155 3428 3430 3431 
9156 5116 6180 7717 
9157 7026 6833 8862 
9158 4036 4037 4038 
9159 4840 5887 9826 
9160 5722 5723 7472 
9161 1738 1737 1739 
9162 2432 2430 2433 
9163 1338 1385 1387 
9164 1824 1825 1826 
9165 2403 2401 2404 
9166 2270 7241 7242 
9167 2634 2632 7545 
9168 3094 3093 3396 
9169 3253 3616 7489 
9170 2508 2548 2549 
9171 3174 3071 7254 
9172 2323 2324 2325 
9173 2779 2781 3218 
9174 3770 3090 7474 
9175 5125 3810 7538 
9176 1096 1101 1102 
9177 2729 2731 7409 
9178 6448 6447 6449 
9179 8897 4093 8902 
9180 1811 1813 1814 
9181 6942 4011 6943 
9182 3442 5032 7840 
9183 603 602 604 
9184 3923 3473 7664 
9185 5010 6234 9772 
9186 4238 4239 4240 
9187 1651 1541 9242 
9188 4226 4228 4243 
9189 2353 2351 7536 
9190 905 926 927 
9191 4549 4548 5661 
9192 5007 5006 5008 
9193 3775 5023 7308 
9194 5290 5291 5292 
9195 3784 5512 8055 
9196 1818 1819 1820 
9197 4861 3778 4862 
9198 1822 1823 1824 
9199 3987 3988 3989 
9200 2186 2185 2187 
9201 4585 4242 7278 
9202 4911 5860 5861 
9203 1063 1064 1067 
9204 3113 2362 7478 
9205 1150 1294 8401 
9206 5662 5661 6547 
9207 4275 4325 8338 
9208 4631 4630 4903 
9209 2190 2191 2198 
9210 1283 1282 1284 
9211 3459 3611 3897 
9212 3457 3458 3459 
9213 2206 2211 2212 
9214 7264 7263 7476 
9215 4027 5606 9618 
9216 1820 1821 1822 
9217 7498 5134 7722 
9218 1529 7461 8150 
9219 2173 2166 7911 
9220 6811 5322 8204 
9221 268 267 449 
9222 365 366 450 
9223 1356 1354 1357 
9224 269 268 7453 
9225 7433 2944 7582 
9226 4466 6368 7686 
9227 8457 5582 8623 
9228 5213 2787 7593 
9229 4785 5071 7494 
9230 1816 1817 1818 
9231 3176 3807 4457 
9232 2119 2117 2120 
9233 2641 2639 7495 
9234 605 604 606 
9235 1431 1408 6873 
9236 3455 3456 3457 
9237 3091 3090 3093 
9238 2591 2589 3927 
9239 2360 2357 2368 
9240 4550 2737 6956 
9241 2622 2621 2623 
9242 2125 2126 2127 
9243 1423 1419 1424 
9244 4755 5956 8308 
9245 3373 3374 7406 
9246 7314 2712 7755 
9247 5405 4756 5406 
9248 549 136 7615 
9249 169 548 7613 
9250 4028 6024 9415 
9251 1504 1502 7183 
9252 5845 4862 5846 
9253 7333 7524 9499 
9254 1048 1049 1056 
9255 5588 4998 7504 
9256 3220 7418 7589 
9257 3373 3372 3374 
9258 6786 932 8314 
9259 607 606 608 
9260 2129 2130 2133 
9261 4932 4946 4947 
9262 1060 1061 1062 
9263 7561 4972 8603 
9264 1056 1057 1063 
9265 4755 4754 4756 
9266 6744 6743 8484 
9267 6788 2703 7733 
9268 2133 2134 2137 
9269 4623 3777 4624 
9270 4629 4628 4630 
9271 2127 2128 2129 
9272 3793 3795 4137 
9273 6687 5722 8271 
9274 3985 3986 3987 
9275 1084 1093 1094 
9276 5693 4564 5694 
9277 3449 3416 3450 
9278 2624 2623 2625 
9279 5821 4666 5823 
9280 1643 1743 3790 
9281 609 608 610 
9282 2409 2408 2410 
9283 3470 3817 5657 
9284 485 8570 9797 
9285 2203 2196 2204 
9286 4045 5441 5442 
9287 421 138 7628 
9288 167 420 7629 
9289 4503 6348 7728 
9290 137 549 7628 
9291 548 168 7629 
9292 7261 7178 8172 
9293 2182 2183 2190 
9294 7120 6805 8644 
9295 1814 1815 1816 
9296 2121 2120 2122 
9297 4715 5233 5234 
9298 2587 6797 7486 
9299 1353 1352 1354 
9300 4210 3849 7540 
9301 3429 4115 4116 
9302 2355 2353 2772 
9303 2769 2653 7529 
9304 384 385 7423 
9305 6422 5069 8901 
9306 139 421 7843 
9307 1046 1047 1048 
9308 1692 1757 7745 
9309 6370 5029 6371 
9310 4751 4120 4752 
9311 5520 5521 5987 
9312 3393 2908 3673 
9313 4562 7292 7639 
9314 2397 2394 2398 
9315 420 166 7845 
9316 977 976 978 
9317 4284 6269 8418 
9318 4947 5827 5828 
9319 2644 2657 7593 
9320 2947 2946 3389 
9321 3773 4035 4036 
9322 3292 3291 3293 
9323 278 277 7413 
9324 7386 7383 7388 
9325 1370 1378 7746 
9326 4596 5851 7528 
9327 449 267 7481 
9328 365 450 7482 
9329 2391 7192 8024 
9330 1128 2025 7508 
9331 2193 2187 2194 
9332 4520 2694 7744 
9333 2218 2478 7948 
9334 4072 3849 4210 
9335 4453 7179 8312 
9336 7376 5321 7496 
9337 3060 3058 3090 
9338 6944 6943 6947 
9339 3498 5041 7802 
9340 5197 5198 7595 
9341 3338 3772 3773 
9342 989 988 990 
9343 4648 4646 4967 
9344 2789 2788 3057 
9345 4387 6059 7697 
9346 6091 5506 6092 
9347 3983 3984 3985 
9348 2878 3089 3566 
9349 3702 3521 5043 
9350 5695 5694 6364 
9351 6635 6299 8313 
9352 5394 5393 5395 
9353 5392 5391 5393 
9354 3415 3378 3416 
9355 5618 5617 5619 
9356 4213 4211 4214 
9357 1042 1043 1046 
9358 2230 2229 2231 
9359 2683 4740 7637 
9360 4812 5853 5854 
9361 2606 2609 2610 
9362 4546 4545 4547 
9363 3192 3191 3193 
9364 5396 5395 5617 
9365 1070 1083 1084 
9366 5627 5624 7685 
9367 6269 5196 8521 
9368 2630 2629 2638 
9369 7902 9060 9465 
9370 5361 3969 5362 
9371 2706 6789 7752 
9372 2876 2877 2878 
9373 1375 641 8222 
9374 8809 4380 9824 
9375 2387 2386 2389 
9376 4528 2059 7771 
9377 2404 2401 7498 
9378 2705 2786 7733 
9379 2894 2898 7749 
9380 267 266 7481 
9381 364 365 7482 
9382 4562 2723 7292 
9383 4184 4795 5097 
9384 1068 1076 1077 
9385 1570 1632 1638 
9386 4942 4070 4943 
9387 6354 4476 8338 
9388 5091 2108 7735 
9389 2220 2204 2221 
9390 2175 2176 2182 
9391 983 982 984 
9392 2945 2944 2946 
9393 2224 2221 2225 
9394 3363 3147 3364 
9395 4508 4505 7728 
9396 3462 1728 7784 
9397 3566 3567 5126 
9398 7045 7207 8381 
9399 5198 5718 5719 
9400 4233 4242 4244 
9401 6860 6859 6861 
9402 2171 2172 2175 
9403 2523 2522 6592 
9404 4185 5419 5420 
9405 5913 4844 8153 
9406 1107 1116 1117 
9407 3033 3032 3407 
9408 60 7140 7185 
9409 2661 3064 7922 
9410 2383 2382 2386 
9411 6632 9176 9529 
9412 3190 3189 3191 
9413 7023 451 8973 
9414 5338 7470 8990 
9415 979 978 980 
9416 5184 5183 5391 
9417 2368 2357 7480 
9418 5608 4079 5609 
9419 985 984 986 
9420 991 990 992 
9421 3022 7610 7611 
9422 2544 2543 2545 
9423 3294 3293 3295 
9424 6130 5521 9114 
9425 3161 3160 3162 
9426 4963 4962 5998 
9427 7560 5197 7599 
9428 5912 4844 5913 
9429 4302 4301 5632 
9430 1040 1041 1042 
9431 4411 4102 4412 
9432 4091 2800 7753 
9433 2602 2604 3622 
9434 1341 1136 7665 
9435 3188 3162 3189 
9436 2379 2378 2382 
9437 4654 4653 4655 
9438 2236 2235 2237 
9439 2696 2699 7744 
9440 6608 4130 6609 
9441 2444 2777 7060 
9442 5639 4547 5640 
9443 716 719 8122 
9444 3102 3342 9675 
9445 2421 2419 2422 
9446 3257 3197 8009 
9447 2133 2130 2134 
9448 5442 5443 5444 
9449 4235 4237 4238 
9450 2885 2884 2886 
9451 3880 3783 4301 
9452 4328 4858 5000 
9453 4622 2033 7702 
9454 2685 7334 7781 
9455 965 1050 1051 
9456 2392 2390 2393 
9457 2971 2545 2972 
9458 3377 3376 3378 
9459 3981 3982 3983 
9460 4396 4395 4962 
9461 5905 5906 5907 
9462 2991 1631 7581 
9463 4478 4343 4479 
9464 7556 7264 7677 
9465 5182 5181 5183 
9466 3737 3212 7576 
9467 6155 5165 8158 
9468 3612 3553 4357 
9469 4230 4231 4234 
9470 2232 2231 2233 
9471 643 5107 8222 
9472 7775 3237 8165 
9473 4269 4262 4270 
9474 4187 4189 7577 
9475 5830 5831 5832 
9476 834 890 891 
9477 4845 4843 5283 
9478 4783 7494 7808 
9479 3651 3650 3652 
9480 3296 3295 3727 
9481 4176 3826 7518 
9482 2407 2405 2408 
9483 3371 3370 3372 
9484 6791 7358 7359 
9485 266 265 520 
9486 363 364 521 
9487 1038 1039 1040 
9488 3041 3039 7575 
9489 266 520 7481 
9490 521 364 7482 
9491 6875 8346 8482 
9492 2605 2603 7530 
9493 5708 7047 8575 
9494 5134 7068 7722 
9495 2648 2646 2787 
9496 6470 6969 7531 
9497 3118 3475 7702 
9498 3186 2755 3350 
9499 3031 3030 3032 
9500 1312 1337 1338 
9501 3790 3791 4203 
9502 1999 1998 2006 
9503 6168 4182 8976 
9504 818 821 822 
9505 3510 2708 7752 
9506 7032 7031 7034 
9507 4639 2667 4640 
9508 5620 5619 5833 
9509 6368 5491 6369 
9510 2527 2536 2537 
9511 4852 4851 4955 
9512 3367 3366 3368 
9513 5000 5838 5865 
9514 3137 3127 3553 
9515 3495 4327 4328 
9516 4956 4955 4957 
9517 3794 3792 7535 
9518 6803 4488 6806 
9519 2802 2800 4091 
9520 2628 2626 2629 
9521 871 9069 9629 
9522 3080 3061 7572 
9523 5529 9166 9714 
9524 2665 2664 2788 
9525 927 964 965 
9526 4744 4270 5728 
9527 1873 1872 1874 
9528 4974 4959 5181 
9529 5828 5829 5830 
9530 2351 2349 2359 
9531 4656 4655 5520 
9532 4652 2787 4653 
9533 7778 3610 7779 
9534 1910 1908 7210 
9535 3146 2972 3147 
9536 7134 1065 7171 
9537 3955 3207 5676 
9538 4189 4191 5675 
9539 2005 3906 7736 
9540 3529 6775 7773 
9541 4261 4260 4262 
9542 2415 2413 2416 
9543 4644 4643 5013 
9544 2549 2550 2551 
9545 7688 179 7689 
9546 4958 4957 4959 
9547 2660 2659 2664 
9548 4171 5199 7526 
9549 2376 2375 2378 
9550 4783 4785 7494 
9551 3399 3400 3401 
9552 5530 5532 9436 
9553 2129 2128 2130 
9554 4244 4266 4267 
9555 812 815 816 
9556 4641 4640 4643 
9557 5609 4079 7570 
9558 4850 4849 4851 
9559 2238 2237 2239 
9560 4137 4138 5340 
9561 8231 5475 9520 
9562 3401 3572 3914 
9563 4632 2866 7748 
9564 4186 4187 5070 
9565 1036 1037 1038 
9566 3857 3382 7736 
9567 2163 2164 2171 
9568 4826 4825 4827 
9569 1033 1034 1036 
9570 7489 3616 8641 
9571 3936 5053 5134 
9572 4785 4787 5071 
9573 3681 4185 7658 
9574 1869 1868 1870 
9575 4848 4479 4849 
9576 2374 2373 2375 
9577 2007 2006 3127 
9578 3914 3915 5688 
9579 4838 4837 5366 
9580 2636 2643 7704 
9581 2542 2541 2543 
9582 801 802 803 
9583 4252 4251 4253 
9584 3353 3351 3526 
9585 3419 2983 7585 
9586 7441 4210 7540 
9587 2123 2122 2124 
9588 6061 6060 7544 
9589 2538 2535 2539 
9590 2240 2239 2241 
9591 1262 1264 7138 
9592 5085 6137 8384 
9593 6612 6610 6614 
9594 4058 3707 4059 
9595 97 98 7277 
9596 5156 6062 9055 
9597 4561 4485 9215 
9598 6832 6830 6836 
9599 2244 2243 2245 
9600 4828 4827 4837 
9601 1062 1069 1070 
9602 3654 4743 5278 
9603 1759 1693 7783 
9604 1031 1032 1033 
9605 3271 3465 3466 
9606 3050 6389 8423 
9607 3094 3396 3397 
9608 4830 3853 7346 
9609 4157 9119 9304 
9610 2345 2346 2347 
9611 6965 6966 7827 
9612 2116 2118 7571 
9613 3607 3917 4046 
9614 1991 1986 1992 
9615 3967 1997 7424 
9616 5057 5058 6145 
9617 829 833 834 
9618 6464 6462 8154 
9619 265 264 7505 
9620 362 363 7506 
9621 4654 4655 4656 
9622 4248 4246 4249 
9623 2576 2577 2578 
9624 4116 4135 4409 
9625 5589 6711 9741 
9626 4257 4255 4258 
9627 1939 1936 8147 
9628 5731 4624 5732 
9629 2657 2641 7495 
9630 5358 4089 5359 
9631 4101 4059 4102 
9632 808 811 812 
9633 5636 3923 7664 
9634 6735 6733 8558 
9635 822 828 829 
9636 3140 3339 3340 
9637 126 7692 7693 
9638 3660 3658 7591 
9639 4611 4234 7456 
9640 4254 4253 4255 
9641 2646 2644 7593 
9642 3329 3326 8085 
9643 4652 4653 4654 
9644 7030 7032 7033 
9645 4382 3545 7773 
9646 4403 3769 5225 
9647 796 797 798 
9648 707 708 7497 
9649 1981 1980 1982 
9650 7030 7031 7032 
9651 2466 2467 2468 
9652 2534 2533 2535 
9653 4722 4721 5548 
9654 1877 1876 1878 
9655 2789 3057 3058 
9656 2740 2742 2743 
9657 1985 1982 1986 
9658 4544 4543 4545 
9659 4369 4371 7490 
9660 2813 2814 2815 
9661 786 788 789 
9662 2530 2519 2531 
9663 1029 1030 1031 
9664 2399 2400 2401 
9665 4245 4241 4246 
9666 6151 5837 6153 
9667 4573 4575 4577 
9668 2157 2137 2767 
9669 6049 9068 9801 
9670 3683 7016 8496 
9671 806 807 808 
9672 4240 4239 4241 
9673 1883 1882 1884 
9674 5579 6706 8726 
9675 3128 8329 8447 
9676 3608 3121 4117 
9677 3029 2909 3030 
9678 6641 2601 6758 
9679 2656 2655 2659 
9680 3323 2991 7581 
9681 4644 5013 7484 
9682 5505 4359 5506 
9683 3159 1733 3160 
9684 4228 4229 4230 
9685 959 961 7590 
9686 2753 3139 3140 
9687 4392 3184 7681 
9688 6966 6967 7863 
9689 2134 2136 7462 
9690 2474 2491 2492 
9691 3362 8046 8146 
9692 3393 3673 7619 
9693 1072 4706 7701 
9694 4215 4214 4216 
9695 2492 2504 2505 
9696 7397 4586 7559 
9697 3273 6427 8255 
9698 4055 3728 5825 
9699 3060 3090 3091 
9700 8969 2381 8991 
9701 881 7272 7519 
9702 6007 5975 6008 
9703 7061 53 8189 
9704 2515 2841 8350 
9705 2127 2126 2128 
9706 2868 2872 7748 
9707 6985 6835 6986 
9708 4831 3245 7596 
9709 4142 3737 7576 
9710 3013 6042 9075 
9711 2455 2458 2459 
9712 4547 5621 7546 
9713 4730 5416 5756 
9714 2774 3664 7644 
9715 2578 2920 2921 
9716 4602 5140 7609 
9717 4409 4410 4612 
9718 3782 3099 3783 
9719 1995 2004 7352 
9720 2372 2371 2373 
9721 3059 3502 3607 
9722 2518 2516 2519 
9723 4125 3041 7575 
9724 5068 3240 7758 
9725 1027 1028 1029 
9726 4153 3080 7572 
9727 2551 2552 2553 
9728 6965 6241 6966 
9729 2445 2444 7060 
9730 2537 2569 2570 
9731 2943 2941 2944 
9732 2596 6703 7841 
9733 3223 2013 7852 
9734 2643 2634 7545 
9735 4488 3440 7043 
9736 6176 6177 8378 
9737 2776 1694 3000 
9738 2650 2640 7670 
9739 3091 3093 3094 
9740 2347 2348 2349 
9741 2462 2463 2464 
9742 3975 3976 3977 
9743 2477 2585 8064 
9744 2711 5075 7769 
9745 2250 2249 2251 
9746 3551 3549 5101 
9747 5974 5973 5975 
9748 4720 4656 4721 
9749 2538 2539 7463 
9750 5524 4299 5733 
9751 2617 2666 8354 
9752 5346 4086 5347 
9753 6461 5732 6462 
9754 794 795 796 
9755 2159 2160 2163 
9756 2246 2245 2247 
9757 7126 4540 7600 
9758 7172 4744 8392 
9759 5721 5719 5724 
9760 2472 2473 2474 
9761 2190 2223 8259 
9762 3121 2802 7606 
9763 2152 2153 2159 
9764 6625 4585 7278 
9765 1589 1588 1590 
9766 1642 1073 7608 
9767 2500 2499 2501 
9768 491 141 7844 
9769 7650 9219 9427 
9770 264 263 403 
9771 361 362 404 
9772 5548 4721 5551 
9773 2772 2353 7536 
9774 6071 6339 6340 
9775 3713 3087 7543 
9776 4299 3608 7621 
9777 5134 6187 7068 
9778 2510 2501 2511 
9779 3626 3625 3627 
9780 2145 2146 2152 
9781 2610 2611 2612 
9782 4996 3918 5511 
9783 803 805 806 
9784 1965 1964 1966 
9785 4722 5549 5550 
9786 5198 4046 5718 
9787 4226 4227 4228 
9788 150 492 7888 
9789 691 7434 7607 
9790 2498 2497 2499 
9791 2459 2461 2462 
9792 2684 7627 7764 
9793 2410 2738 7445 
9794 6572 6571 8660 
9795 2525 2526 2527 
9796 490 8498 9285 
9797 2494 2490 2495 
9798 5168 4809 5169 
9799 1885 1884 1886 
9800 2515 2514 2516 
9801 4612 4613 4614 
9802 5096 3967 7424 
9803 789 791 792 
9804 4554 3483 4555 
9805 4234 4235 7456 
9806 5972 5883 5973 
9807 5597 4555 5929 
9808 1025 1026 1027 
9809 4107 3174 7254 
9810 6295 784 8556 
9811 520 265 7505 
9812 363 521 7506 
9813 5380 4777 5381 
9814 5608 5609 5610 
9815 7476 4259 7677 
9816 3766 3935 4186 
9817 2214 2213 2215 
9818 5757 5759 7578 
9819 551 7713 7715 
9820 4729 4727 4863 
9821 792 793 794 
9822 4934 3970 5336 
9823 4174 4949 5022 
9824 4238 4237 4239 
9825 2254 2253 2255 
9826 4654 4656 4720 
9827 4722 5548 5549 
9828 4776 4775 4777 
9829 4610 4876 7318 
9830 5549 5548 5904 
9831 1972 1968 1973 
9832 4614 4615 4673 
9833 3921 876 7300 
9834 3646 3627 3692 
9835 1481 1480 1482 
9836 2453 2454 2455 
9837 4087 3692 4287 
9838 3001 3000 3394 
9839 1967 1966 1968 
9840 4720 4721 4722 
9841 2751 2752 2753 
9842 7978 5375 9035 
9843 781 782 783 
9844 3166 5331 7785 
9845 4453 7919 8172 
9846 2218 2215 2219 
9847 3263 2910 5267 
9848 2553 2554 2555 
9849 4234 4231 4235 
9850 6761 2581 7601 
9851 5041 3500 5042 
9852 1527 1526 1528 
9853 2797 2798 2799 
9854 1887 1886 1888 
9855 5924 4931 8325 
9856 1961 1960 1962 
9857 1523 1522 1524 
9858 3433 3394 4105 
9859 4905 3419 7585 
9860 5905 5904 5906 
9861 2973 6035 9322 
9862 1509 1508 1510 
9863 5203 8351 8416 
9864 4879 5133 5602 
9865 7514 7512 7515 
9866 2555 2556 2557 
9867 2137 2134 7462 
9868 5363 5362 5364 
9869 2665 2788 2789 
9870 6069 6070 6071 
9871 778 780 781 
9872 836 832 7428 
9873 2401 2400 7498 
9874 2403 2404 2405 
9875 5266 8120 8294 
9876 5549 5904 5905 
9877 2489 2488 2490 
9878 5744 5746 5747 
9879 1022 1023 1025 
9880 2648 2787 4652 
9881 2341 2342 2343 
9882 1519 1518 1520 
9883 4384 4287 5240 
9884 1503 1502 1504 
9885 3901 5547 7770 
9886 2557 2558 2559 
9887 3071 2837 3072 
9888 5699 4305 5985 
9889 7238 5153 9061 
9890 1513 1512 1514 
9891 3251 2927 3625 
9892 4150 4149 5062 
9893 8579 5448 8610 
9894 2863 887 7266 
9895 2397 2398 2399 
9896 3788 4198 7758 
9897 2662 2608 3913 
9898 2612 2613 2614 
9899 4454 4759 6324 
9900 2370 2369 2371 
9901 4726 4728 4730 
9902 3536 1765 7847 
9903 5009 4272 5010 
9904 5370 6253 7521 
9905 2867 2865 7360 
9906 6737 7732 8410 
9907 123 122 7660 
9908 3132 3270 3271 
9909 5676 3207 7643 
9910 2644 2641 2657 
9911 2559 2561 2562 
9912 3759 3820 4427 
9913 2367 2366 2369 
9914 3613 3311 7238 
9915 2835 2833 3027 
9916 4899 3660 7591 
9917 2938 2936 3671 
9918 6980 39 8266 
9919 1499 1498 1500 
9920 3007 3968 7952 
9921 1889 1888 1890 
9922 2660 2664 2665 
9923 2654 2653 2655 
9924 2747 2750 2751 
9925 1955 1954 1956 
9926 5506 4359 7427 
9927 5359 4089 7699 
9928 1947 1946 1948 
9929 1943 1942 1944 
9930 2614 2615 2616 
9931 2212 2211 2213 
9932 3757 3758 3759 
9933 1937 1936 1938 
9934 2795 2796 2797 
9935 4359 4357 7427 
9936 4445 4019 5108 
9937 2697 2701 7649 
9938 2505 2522 2523 
9939 1412 1396 1413 
9940 1491 1490 1492 
9941 4216 5438 7522 
9942 1757 3966 7745 
9943 3672 3046 7093 
9944 1362 1364 7288 
9945 776 777 778 
9946 2451 2452 2453 
9947 3335 3336 4078 
9948 6275 5133 8519 
9949 2327 2328 2329 
9950 9177 5526 9269 
9951 2125 2124 2126 
9952 6976 6977 6978 
9953 2487 2486 2488 
9954 2478 2219 2479 
9955 1439 1413 1440 
9956 1378 3583 7746 
9957 5825 3728 7377 
9958 3504 2598 7841 
9959 2656 2659 2660 
9960 1893 1892 1894 
9961 2745 2746 2747 
9962 3755 3756 3757 
9963 773 775 776 
9964 2438 2440 2441 
9965 1244 1241 7221 
9966 1487 1486 1488 
9967 142 491 7709 
9968 4922 4136 5334 
9969 156 493 7711 
9970 30 411 6905 
9971 490 163 7710 
9972 2562 2563 2564 
9973 492 149 7716 
9974 4548 3540 7813 
9975 5882 5881 5883 
9976 1395 1359 1396 
9977 4350 4446 4447 
9978 2829 2827 2890 
9979 3248 2999 3571 
9980 1467 1466 1468 
9981 6139 9258 9415 
9982 4566 3264 4913 
9983 4223 4225 4226 
9984 1471 1440 1472 
9985 2256 2255 2257 
9986 1897 1896 1898 
9987 8265 1132 8424 
9988 827 824 7431 
9989 2143 2144 2145 
9990 3630 4892 5533 
9991 2870 7360 7361 
9992 771 772 773 
9993 5493 4662 5552 
9994 2010 2001 5360 
9995 6055 6056 6057 
9996 1247 1192 1248 
9997 7941 7379 8155 
9998 2205 2199 2206 
9999 1020 1021 1022 
10000 3398 3397 3399 
10001 3059 3058 3060 
10002 1358 1346 1359 
10003 6067 6068 6069 
10004 729 2086 7295 
10005 3068 3597 4839 
10006 5099 4169 8765 
10007 1787 1789 8261 
10008 1505 1504 1506 
10009 1326 1325 1327 
10010 2756 4909 7780 
10011 5630 5627 7685 
10012 3728 3727 7377 
10013 2786 4582 7733 
10014 5148 4665 6236 
10015 5836 5834 5837 
10016 1636 2807 4879 
10017 5651 5364 5652 
10018 5198 5720 7595 
10019 2652 2649 2653 
10020 738 739 740 
10021 3671 2936 7959 
10022 2262 2261 2263 
10023 3580 3404 3581 
10024 5771 5769 5858 
10025 1951 1950 1952 
10026 760 761 762 
10027 3822 3821 3823 
10028 1931 1930 1932 
10029 4459 4462 7903 
10030 1927 1926 1928 
10031 2292 2291 2293 
10032 4589 4508 7728 
10033 876 877 878 
10034 3307 3308 3309 
10035 1548 1547 1549 
10036 3589 3525 3590 
10037 2441 2444 2445 
10038 3196 3198 3349 
10039 1968 1966 7863 
10040 3441 3954 4627 
10041 4835 6718 8692 
10042 2574 2575 2576 
10043 1191 1188 1192 
10044 2470 2471 2472 
10045 2642 2645 2804 
10046 2564 2565 2566 
10047 4195 4347 4348 
10048 4040 5343 5344 
10049 3426 3065 3427 
10050 2793 2794 2795 
10051 746 747 748 
10052 756 757 758 
10053 1345 1344 1346 
10054 4745 7779 8276 
10055 120 8232 8570 
10056 2266 2265 2267 
10057 3261 2544 7648 
10058 1552 1551 1553 
10059 1515 1514 1516 
10060 3607 3502 3917 
10061 4332 4323 4333 
10062 6447 6444 7804 
10063 2789 3058 3059 
10064 2411 2410 7445 
10065 1923 1922 1924 
10066 2825 2823 3135 
10067 2656 2660 2671 
10068 3577 3585 3586 
10069 732 733 734 
10070 4213 4214 4215 
10071 2258 2257 2259 
10072 7115 7114 8681 
10073 2392 2393 2394 
10074 801 803 7603 
10075 2434 2435 2436 
10076 7209 2290 8524 
10077 1544 1482 1545 
10078 769 770 771 
10079 1493 1492 1494 
10080 5583 5165 6154 
10081 3825 4194 4195 
10082 4656 5520 7524 
10083 1181 1180 1184 
10084 1328 1327 1329 
10085 1185 1184 1188 
10086 4065 3547 4066 
10087 4673 4674 4675 
10088 7039 7038 9338 
10089 1050 1636 7890 
10090 5653 5652 5654 
10091 1018 1019 1020 
10092 4046 3917 7567 
10093 2272 2271 2273 
10094 4152 4553 6527 
10095 1495 1494 1496 
10096 1919 1918 1920 
10097 4230 4229 4231 
10098 4202 3945 4346 
10099 2898 4600 7749 
10100 820 814 7437 
10101 3328 3330 7520 
10102 4455 3111 4739 
10103 5807 4924 7180 
10104 3486 3235 3487 
10105 2436 2437 2438 
10106 2396 2792 2793 
10107 1332 1315 1333 
10108 2333 2334 2335 
10109 5453 5738 5739 
10110 2699 5479 7744 
10111 1562 1561 1563 
10112 1909 1908 1910 
10113 3475 3952 7702 
10114 4016 3487 4017 
10115 1710 3125 3335 
10116 766 768 769 
10117 6882 4528 7771 
10118 5060 4913 5947 
10119 1558 1557 1559 
10120 2447 2448 2449 
10121 4103 3299 4775 
10122 4366 4731 4732 
10123 2276 2275 2277 
10124 726 727 728 
10125 2801 3120 7569 
10126 1933 1932 1934 
10127 5102 5101 6409 
10128 1469 1468 1470 
10129 4867 5915 6240 
10130 4219 4217 4220 
10131 4542 5451 5452 
10132 3120 3355 3357 
10133 3068 4839 7820 
10134 2743 2744 2745 
10135 1915 1914 1916 
10136 550 143 7709 
10137 941 943 944 
10138 2365 2364 2366 
10139 551 157 7711 
10140 3107 3960 3961 
10141 162 553 7710 
10142 148 552 7716 
10143 887 888 889 
10144 5655 5654 5656 
10145 2280 2279 2281 
10146 1483 1470 1484 
10147 4516 4981 4982 
10148 6476 6474 6480 
10149 3808 4300 4914 
10150 722 723 724 
10151 2821 2819 7525 
10152 3356 4710 4711 
10153 2302 2301 2303 
10154 5426 4736 5427 
10155 4030 5081 5158 
10156 882 883 884 
10157 4732 6028 6029 
10158 937 938 939 
10159 1292 1276 1293 
10160 5324 6793 8449 
10161 897 898 899 
10162 3389 3778 4861 
10163 5823 4666 7750 
10164 1333 1315 7717 
10165 4721 4656 7524 
10166 2198 2191 2199 
10167 1899 1898 1900 
10168 4936 3823 4938 
10169 3930 3438 3931 
10170 180 179 7688 
10171 4553 3462 7784 
10172 2298 2297 2299 
10173 933 934 935 
10174 2284 2283 2285 
10175 2777 2779 7468 
10176 901 902 903 
10177 6951 5243 6952 
10178 2190 2183 2191 
10179 5821 5823 9820 
10180 3311 4583 5153 
10181 2306 2305 2307 
10182 948 949 950 
10183 3655 4029 4030 
10184 929 930 931 
10185 264 403 7505 
10186 404 362 7506 
10187 909 910 911 
10188 5880 5717 5881 
10189 4320 3931 4321 
10190 1143 1141 3013 
10191 6582 6583 6584 
10192 1147 1145 1388 
10193 3687 3581 4163 
10194 2383 2386 2387 
10195 6112 4282 9167 
10196 3889 3895 3896 
10197 3371 3796 7645 
10198 6019 5656 6020 
10199 1566 1565 1567 
10200 2819 2817 2840 
10201 913 914 915 
10202 5760 5758 5942 
10203 764 765 766 
10204 1421 1405 1422 
10205 1275 1270 1276 
10206 1251 1248 1252 
10207 3059 3607 7560 
10208 3578 3232 3579 
10209 3258 3933 4200 
10210 1901 1900 1902 
10211 1683 1684 1685 
10212 762 763 764 
10213 716 717 718 
10214 4229 4227 4232 
10215 2379 2382 2383 
10216 2288 2287 2289 
10217 4711 4712 5513 
10218 4368 4066 4369 
10219 4664 4250 4665 
10220 2387 2389 2390 
10221 2423 2424 2425 
10222 4851 4849 8118 
10223 878 879 880 
10224 262 261 522 
10225 359 360 523 
10226 2329 2330 2331 
10227 2639 2636 7704 
10228 5792 4298 5793 
10229 4688 4685 7257 
10230 3586 3882 4168 
10231 3082 3080 4153 
10232 3309 3574 3575 
10233 3120 3357 7569 
10234 1903 1902 1904 
10235 954 955 956 
10236 1016 1017 1018 
10237 2647 2649 2651 
10238 920 921 922 
10239 1014 1015 1016 
10240 2967 2969 2970 
10241 2651 2652 2667 
10242 144 550 7737 
10243 1225 1226 1227 
10244 1269 1252 1270 
10245 3917 3502 4079 
10246 2268 2267 2269 
10247 552 147 7739 
10248 3231 3037 3232 
10249 2024 1707 7175 
10250 4903 5648 5943 
10251 4082 5329 5335 
10252 3910 3288 4149 
10253 4815 1689 5288 
10254 2507 2481 7220 
10255 2678 2680 7637 
10256 1301 1300 1302 
10257 4706 4707 5615 
10258 712 713 714 
10259 1622 1691 7473 
10260 2409 2410 2411 
10261 4168 4581 5264 
10262 2425 2426 2427 
10263 4228 4227 4229 
10264 6509 4452 6510 
10265 5716 5714 5717 
10266 3036 3035 3037 
10267 2917 686 7280 
10268 6027 3510 7752 
10269 708 709 710 
10270 2970 3530 3531 
10271 5604 5099 8879 
10272 1241 1242 1243 
10273 5375 4178 5537 
10274 126 125 7692 
10275 5876 4346 7136 
10276 3531 4048 4162 
10277 4746 1067 7374 
10278 4223 4221 4224 
10279 3130 3131 3132 
10280 4748 4796 4797 
10281 5507 5508 6181 
10282 4225 4224 4233 
10283 1231 1232 1233 
10284 3094 3397 3398 
10285 4033 4032 5016 
10286 1905 1904 1906 
10287 2335 2336 2337 
10288 1280 1272 4742 
10289 2632 2630 7757 
10290 1911 1910 1912 
10291 1336 1304 1344 
10292 4675 4975 4976 
10293 5889 5890 6267 
10294 2654 2655 2656 
10295 5264 5265 5824 
10296 3153 3043 3154 
10297 2566 2567 3195 
10298 429 145 7737 
10299 146 429 7739 
10300 3961 4618 4619 
10301 5525 5524 9369 
10302 3155 3154 4095 
10303 1576 1569 1577 
10304 5268 3971 5269 
10305 5713 5712 5714 
10306 2312 2311 2313 
10307 2935 3026 7682 
10308 2779 3218 7468 
10309 1441 1422 1442 
10310 4819 4817 4915 
10311 4189 5675 7577 
10312 3276 3277 3278 
10313 5255 4282 6139 
10314 4316 4267 5581 
10315 4235 4231 4236 
10316 4249 4250 4251 
10317 4191 4723 6130 
10318 3878 3879 5507 
10319 3098 2975 4747 
10320 4180 3072 4181 
10321 6807 6806 6809 
10322 4226 4225 4227 
10323 3546 3018 3547 
10324 3560 3851 3852 
10325 4465 4461 7903 
10326 889 894 895 
10327 1719 3199 3755 
10328 1453 1533 1534 
10329 1677 1678 1679 
10330 1323 1322 1325 
10331 4640 2667 4642 
10332 7118 8094 8144 
10333 2376 2378 2379 
10334 1620 1619 1621 
10335 6340 6339 6341 
10336 2813 2811 2814 
10337 3322 2991 3323 
10338 4991 4079 5608 
10339 2427 2429 2430 
10340 179 178 7689 
10341 3059 3060 3502 
10342 1349 1333 1350 
10343 1399 1350 1400 
10344 3896 4351 5372 
10345 2223 7264 8171 
10346 2141 2142 2143 
10347 1339 1329 1340 
10348 1123 1119 1124 
10349 1128 1124 1129 
10350 1133 1129 1134 
10351 3845 676 7307 
10352 5915 3857 7736 
10353 4235 4236 4237 
10354 1012 1013 1014 
10355 3225 3041 4125 
10356 8371 5684 9237 
10357 1108 1105 1109 
10358 3055 3252 3253 
10359 5034 4333 5035 
10360 1237 1238 1239 
10361 700 701 702 
10362 3873 825 7189 
10363 3253 3614 3615 
10364 2932 2933 2934 
10365 2930 2931 2932 
10366 5824 6045 6046 
10367 2147 2149 3563 
10368 4380 5816 5946 
10369 5056 4853 5872 
10370 75 461 6959 
10371 1104 1103 1105 
10372 6661 439 6662 
10373 4316 6066 6067 
10374 2139 2140 2141 
10375 2791 2929 2930 
10376 5711 5596 5712 
10377 3207 3816 7643 
10378 1197 1198 1199 
10379 3703 3705 7680 
10380 2175 2172 2176 
10381 2489 2546 7656 
10382 2182 2176 2183 
10383 1717 7227 8143 
10384 3726 5009 7973 
10385 4141 3737 4142 
10386 5741 5742 5743 
10387 2640 2642 7670 
10388 4123 4124 5430 
10389 127 126 7693 
10390 1586 1585 1633 
10391 4061 3380 5005 
10392 1262 1263 1264 
10393 3733 3734 4306 
10394 2432 2433 2434 
10395 4005 4007 4580 
10396 2374 2375 2376 
10397 5718 4046 7567 
10398 5139 2698 8802 
10399 3688 3875 3878 
10400 1201 1202 1203 
10401 915 917 918 
10402 6070 6068 6251 
10403 1113 1109 1114 
10404 5551 4721 7524 
10405 3917 4079 4991 
10406 4706 5615 7548 
10407 4765 2108 5091 
10408 2648 4652 7529 
10409 3150 3824 3825 
10410 4659 3660 4899 
10411 2136 2138 2139 
10412 1600 1599 1601 
10413 30 31 411 
10414 78 79 412 
10415 4009 4171 4474 
10416 3399 3401 3402 
10417 1205 1206 1207 
10418 5629 5630 6004 
10419 1209 1210 1211 
10420 1685 1720 1721 
10421 4339 5037 5038 
10422 1583 1478 7618 
10423 4122 5188 5440 
10424 5242 4256 5243 
10425 696 697 698 
10426 6071 6070 6339 
10427 4190 4188 5195 
10428 2363 2362 2364 
10429 6040 5035 6041 
10430 2665 2789 7560 
10431 4112 3419 4905 
10432 2787 2646 7593 
10433 6022 6020 6023 
10434 1404 1377 1405 
10435 1243 1245 1246 
10436 7350 1654 7698 
10437 1420 5110 7479 
10438 7422 5060 8473 
10439 2171 2164 2172 
10440 9809 5821 9820 
10441 2767 2137 7462 
10442 2647 2646 2648 
10443 1376 1348 1377 
10444 4117 3121 7606 
10445 2960 2962 4745 
10446 2652 2653 2654 
10447 1215 1216 1217 
10448 3327 3326 3328 
10449 2361 2360 2362 
10450 1219 1220 1221 
10451 4303 7426 8967 
10452 3341 2855 4917 
10453 4001 4003 4609 
10454 6821 6822 8486 
10455 3215 3301 3733 
10456 1288 1289 1290 
10457 2964 2966 2967 
10458 5250 4803 5251 
10459 702 703 704 
10460 504 74 6959 
10461 3836 3834 5461 
10462 3278 3279 3280 
10463 3437 2959 3438 
10464 6457 5872 6750 
10465 3676 3675 3677 
10466 3280 3281 3282 
10467 2358 2357 2360 
10468 3284 3780 3781 
10469 5739 5740 5741 
10470 3865 4870 7856 
10471 3282 3283 3284 
10472 970 971 972 
10473 2359 2349 7552 
10474 6341 6602 7718 
10475 2738 2740 7509 
10476 5595 5594 5596 
10477 3423 3244 3424 
10478 2372 2373 2374 
10479 3254 1744 4134 
10480 3234 2688 3235 
10481 2809 2799 2839 
10482 4132 2859 4736 
10483 2637 2640 2650 
10484 4817 4815 7787 
10485 692 693 694 
10486 7791 6437 8122 
10487 2858 2856 4912 
10488 1534 1604 1605 
10489 3086 3151 3152 
10490 4239 4237 4247 
10491 3084 3085 3086 
10492 3775 4290 5023 
10493 3205 3774 3775 
10494 5023 5024 5214 
10495 2935 2937 3026 
10496 2151 2155 2222 
10497 6069 6068 6070 
10498 4952 4953 5501 
10499 4976 5002 5170 
10500 5177 3920 5178 
10501 2636 2634 2643 
10502 2318 2317 2319 
10503 4072 4210 4211 
10504 5347 4086 7727 
10505 3600 3599 7239 
10506 3152 3421 3422 
10507 2421 2422 2423 
10508 2950 3410 3655 
10509 3814 3677 3958 
10510 4804 5600 5601 
10511 3949 1759 7783 
10512 2174 2185 2186 
10513 1118 1114 1119 
10514 4360 3862 7446 
10515 3021 3204 3205 
10516 1190 1193 1194 
10517 177 176 7510 
10518 5514 5516 5539 
10519 3042 2956 3043 
10520 6364 5694 7471 
10521 2406 2928 3508 
10522 4940 3958 5674 
10523 3444 2985 4979 
10524 2651 2649 2652 
10525 4994 5555 5556 
10526 6470 6469 6471 
10527 2755 2749 7503 
10528 2012 3109 4994 
10529 2872 3564 7748 
10530 1246 1249 1250 
10531 3503 9087 9168 
10532 1634 1633 1635 
10533 2968 2965 4032 
10534 3398 3399 7551 
10535 2134 2135 2136 
10536 1072 3815 4706 
10537 3428 3427 3430 
10538 3520 2761 7731 
10539 1179 1182 1183 
10540 1671 4660 8020 
10541 2981 2979 3035 
10542 1183 1186 1187 
10543 2604 2606 7493 
10544 6623 4860 8763 
10545 4894 6422 7875 
10546 3473 3117 7664 
10547 3997 3999 4634 
10548 1081 1080 1082 
10549 4564 4562 7639 
10550 3285 4025 4748 
10551 2647 2648 2649 
10552 4937 6242 6243 
10553 4026 3286 4178 
10554 1605 1674 1675 
10555 7060 2777 7468 
10556 4308 5586 8694 
10557 1721 1730 1731 
10558 1610 1609 1611 
10559 6048 4382 7773 
10560 1187 1189 1190 
10561 2616 2617 2618 
10562 4297 5607 5951 
10563 4677 4678 4679 
10564 5974 5975 6007 
10565 4128 4192 5439 
10566 3508 3509 4900 
10567 1250 1254 1255 
10568 4185 5420 7658 
10569 7386 7388 7624 
10570 686 687 688 
10571 1008 1009 1010 
10572 1310 1302 1311 
10573 3335 4578 7730 
10574 6063 6284 8989 
10575 3659 4658 4737 
10576 3595 2987 4897 
10577 3046 3047 3048 
10578 3260 3650 3651 
10579 1347 1340 1348 
10580 84 85 424 
10581 24 25 423 
10582 6870 3873 6871 
10583 1169 1170 1171 
10584 6472 6471 6473 
10585 4258 4259 4260 
10586 4685 4686 4687 
10587 3665 3751 3752 
10588 3519 2951 4282 
10589 1177 1178 1179 
10590 1004 1005 1006 
10591 2654 2656 7631 
10592 1171 1172 1173 
10593 5422 5421 5466 
10594 5013 4643 5203 
10595 2683 3088 4740 
10596 2415 2416 2417 
10597 4219 4221 4222 
10598 4458 4460 7686 
10599 3980 3711 3981 
10600 2349 2348 7552 
10601 1420 5109 5110 
10602 5467 5466 5468 
10603 1173 1176 1177 
10604 3605 4109 4110 
10605 3749 5431 8025 
10606 5972 5973 5974 
10607 4933 2720 8412 
10608 2980 3054 3055 
10609 3347 3604 3605 
10610 5390 4923 8359 
10611 6429 4372 6430 
10612 5382 4777 7705 
10613 2963 2961 3640 
10614 81 82 463 
10615 27 28 464 
10616 5733 4299 7621 
10617 1430 1408 1431 
10618 1102 1101 1103 
10619 2006 1998 7927 
10620 3431 3430 3495 
10621 4110 4889 4890 
10622 2984 3420 5156 
10623 2815 2814 3220 
10624 4249 4246 4250 
10625 682 683 684 
10626 3771 4379 4380 
10627 2606 2610 7493 
10628 6832 6836 7542 
10629 2711 5074 5075 
10630 3742 3569 3743 
10631 7406 3377 7623 
10632 2337 2336 7492 
10633 2955 4123 7612 
10634 3622 2604 7493 
10635 2940 2942 3215 
10636 5568 5569 5571 
10637 3163 4404 5130 
10638 2955 3014 4123 
10639 3993 3995 4625 
10640 7127 2592 7671 
10641 1079 1078 1080 
10642 3516 4671 4672 
10643 2953 2955 7612 
10644 688 689 690 
10645 5469 5468 5471 
10646 2774 1745 2775 
10647 2194 2196 2203 
10648 7242 6046 9608 
10649 1000 1001 1002 
10650 1090 1086 1091 
10651 1095 1091 1096 
10652 5148 6236 7537 
10653 3048 3344 3345 
10654 676 677 678 
10655 5910 4805 5911 
10656 4189 4190 4191 
10657 3752 4147 4148 
10658 1153 1151 1277 
10659 1384 1398 7650 
10660 2769 7529 7668 
10661 3749 4042 5431 
10662 2418 2420 2791 
10663 1264 1266 1267 
10664 1167 1168 1169 
10665 974 975 976 
10666 2684 3443 7627 
10667 3919 4699 4700 
10668 1085 1082 1086 
10669 3710 3709 3711 
10670 1296 1297 1298 
10671 6067 6066 6068 
10672 5593 5488 5594 
10673 4223 4224 4225 
10674 4926 3904 7293 
10675 3443 4122 7627 
10676 2414 7269 8302 
10677 996 997 998 
10678 4244 4267 4316 
10679 1165 1166 1167 
10680 670 671 672 
10681 1160 1162 1163 
10682 4861 4862 5845 
10683 1866 1868 1869 
10684 2177 2169 2178 
10685 3443 4092 4122 
10686 4664 4665 5148 
10687 4629 4630 4631 
10688 4693 4717 4718 
10689 2649 2648 7529 
10690 1870 1872 1873 
10691 7094 3675 7928 
10692 2594 3202 3912 
10693 502 87 7459 
10694 3136 1319 3675 
10695 4654 4720 7668 
10696 4377 4825 4826 
10697 1992 1998 1999 
10698 2407 2408 2409 
10699 2656 2671 7631 
10700 1174 1161 1180 
10701 1451 1450 1458 
10702 5323 6889 8464 
10703 1154 1156 2879 
10704 7465 7416 7466 
10705 7182 8218 8339 
10706 4753 8830 8860 
10707 1623 1621 1624 
10708 2402 2401 2403 
10709 3760 4456 5190 
10710 4524 2893 7326 
10711 4215 4216 4217 
10712 3405 2577 7751 
10713 1457 1592 1711 
10714 666 667 668 
10715 1267 1273 1274 
10716 1647 1646 1648 
10717 2881 3274 5072 
10718 1163 1164 1165 
10719 2760 1344 7724 
10720 260 259 451 
10721 357 358 452 
10722 7827 6966 7863 
10723 2356 2355 2357 
10724 4191 4190 4723 
10725 3081 3083 3084 
10726 3819 5125 5155 
10727 1436 1437 1438 
10728 3217 3884 4952 
10729 4253 4251 7556 
10730 3040 3145 3639 
10731 3022 7611 8077 
10732 8693 8183 9777 
10733 2163 2160 2164 
10734 3917 4991 7567 
10735 3901 5131 5547 
10736 1715 4131 4133 
10737 2789 3059 7560 
10738 5252 4788 5290 
10739 2002 2011 2012 
10740 2756 2958 4909 
10741 1541 1540 1585 
10742 2336 2602 7492 
10743 75 76 461 
10744 33 34 462 
10745 4729 4863 4948 
10746 5882 5883 5972 
10747 2476 2597 7798 
10748 2653 2649 7529 
10749 1077 1076 1078 
10750 1455 6091 9326 
10751 4219 4220 4221 
10752 3060 3091 7570 
10753 4781 4780 4782 
10754 4215 4217 4218 
10755 2227 2229 2230 
10756 8759 7888 8832 
10757 3568 2989 3569 
10758 4687 4690 4691 
10759 2159 2153 2160 
10760 1641 3194 3666 
10761 2363 2365 2385 
10762 1459 1458 1540 
10763 2857 3384 3385 
10764 4200 4201 5458 
10765 5189 3925 5573 
10766 1157 1155 2973 
10767 4730 4728 5416 
10768 4212 4256 5241 
10769 2370 2371 2372 
10770 5249 4273 5423 
10771 1067 1064 1068 
10772 1067 1068 7374 
10773 2152 2146 2153 
10774 3723 4695 4696 
10775 2924 3406 3665 
10776 2687 2689 3021 
10777 2237 2235 7991 
10778 6835 6832 7542 
10779 2602 3622 7492 
10780 2134 2130 2135 
10781 1324 3561 3688 
10782 8570 5912 9797 
10783 1438 1460 1461 
10784 1095 1096 7549 
10785 5420 5419 5421 
10786 2367 2369 2370 
10787 678 679 680 
10788 29 30 6905 
10789 1993 2911 4097 
10790 1285 1801 7697 
10791 74 75 6959 
10792 6129 799 9349 
10793 5319 5679 5683 
10794 3989 3991 4598 
10795 3454 3453 3455 
10796 5412 5413 6035 
10797 2794 2792 4708 
10798 6696 6698 6699 
10799 4203 3791 8021 
10800 2233 2235 2236 
10801 3166 3735 5331 
10802 1874 1876 1877 
10803 1768 1673 8020 
10804 4621 3854 4836 
10805 648 649 650 
10806 3004 3006 3691 
10807 4775 3299 8106 
10808 4198 5056 7758 
10809 2986 3213 7641 
10810 4222 4221 4223 
10811 1056 1049 1057 
10812 4251 4250 4664 
10813 3213 3861 4128 
10814 73 74 504 
10815 35 36 505 
10816 5242 5243 6951 
10817 2479 2487 8003 
10818 71 72 399 
10819 37 38 398 
10820 1315 1343 7717 
10821 4533 5572 7999 
10822 2992 3346 3347 
10823 672 673 674 
10824 1046 1043 1047 
10825 4213 4215 7657 
10826 2145 2144 2146 
10827 4718 4896 5215 
10828 22 23 503 
10829 86 87 502 
10830 3379 4060 4891 
10831 1048 1047 1049 
10832 1461 1578 1579 
10833 3708 3642 3709 
10834 5314 5316 5327 
10835 2365 2366 2367 
10836 5487 5486 5488 
10837 432 124 7708 
10838 5332 3923 5636 
10839 4652 4654 7668 
10840 4627 4628 4629 
10841 969 7232 9521 
10842 2797 2796 2798 
10843 992 993 994 
10844 1356 1688 7720 
10845 2793 2792 2794 
10846 5167 5111 5418 
10847 4353 3731 4354 
10848 2396 2394 2397 
10849 3345 3621 4415 
10850 1966 1964 7827 
10851 7445 2738 7509 
10852 1063 1057 1064 
10853 5149 7184 8433 
10854 2645 2644 2646 
10855 1704 1648 1705 
10856 2631 2633 2770 
10857 4316 5581 6066 
10858 577 1542 9037 
10859 3885 3637 4734 
10860 2618 2619 2620 
10861 2033 3118 7702 
10862 7088 7087 8420 
10863 1862 1864 3265 
10864 1306 1307 1308 
10865 3654 5278 7790 
10866 2004 3383 7352 
10867 175 174 7516 
10868 1975 1980 1981 
10869 3350 2755 7503 
10870 4258 4255 4259 
10871 2586 2584 7452 
10872 1279 1303 3070 
10873 7271 4308 8595 
10874 1271 1279 7654 
10875 3213 4128 7641 
10876 4820 5567 5568 
10877 5241 4256 5242 
10878 2877 3485 7756 
10879 2076 2707 7791 
10880 4212 4213 4256 
10881 5267 2910 7719 
10882 5558 5559 6042 
10883 1878 1882 1883 
10884 1652 1635 1653 
10885 4328 4327 4858 
10886 5793 4298 8075 
10887 1150 1152 1294 
10888 6920 6918 8404 
10889 2795 2794 2796 
10890 2740 2743 7509 
10891 2976 3312 5065 
10892 5485 5239 5486 
10893 2799 2798 7666 
10894 4943 4944 5006 
10895 2399 2401 2402 
10896 3599 3601 4052 
10897 5476 5097 5477 
10898 2758 3207 3955 
10899 3985 3987 4531 
10900 4186 3935 4187 
10901 2671 2660 7599 
10902 3827 3828 3829 
10903 5880 5881 5882 
10904 2376 2379 2384 
10905 1476 1431 1477 
10906 3200 1748 6689 
10907 2642 2641 2644 
10908 3399 3402 7551 
10909 2945 2946 2947 
10910 1042 1041 1043 
10911 7329 8206 8345 
10912 4505 4503 7728 
10913 2023 1707 2024 
10914 4752 4753 4754 
10915 4816 4818 4866 
10916 5624 5623 7685 
10917 4217 4216 7522 
10918 5310 5312 5328 
10919 6642 6753 8456 
10920 1040 1039 1041 
10921 356 357 7640 
10922 5631 5477 7038 
10923 2703 2705 7733 
10924 4786 4784 4788 
10925 3178 2775 3179 
10926 1335 1393 1436 
10927 6237 7646 7829 
10928 4337 3620 5238 
10929 2798 2796 2800 
10930 8512 6978 9732 
10931 1441 1442 7499 
10932 8753 1802 8812 
10933 6526 7825 8147 
10934 5080 3921 7300 
10935 2827 2825 7563 
10936 2326 2325 2327 
10937 2350 2349 2351 
10938 3481 3483 4554 
10939 89 90 436 
10940 19 20 435 
10941 1279 3070 7654 
10942 2521 2485 3642 
10943 4220 4217 7522 
10944 6940 8450 8520 
10945 7450 3237 8243 
10946 6211 6293 6294 
10947 4838 5366 5367 
10948 4212 4211 4213 
10949 4218 4217 4219 
10950 2138 2135 3628 
10951 2823 2821 7579 
10952 5278 4743 5279 
10953 2241 2243 2244 
10954 5000 4858 5838 
10955 2146 2144 2919 
10956 3351 3350 7891 
10957 1579 1665 1666 
10958 3193 3291 3292 
10959 1368 1370 7746 
10960 1735 1736 1737 
10961 1856 1858 1879 
10962 436 90 7090 
10963 19 435 7036 
10964 660 661 662 
10965 658 659 660 
10966 2354 2353 2355 
10967 5415 3536 7847 
10968 5549 5905 7775 
10969 4472 6849 6850 
10970 2660 2665 7599 
10971 3829 3830 3831 
10972 2694 2696 7744 
10973 5495 4317 5497 
10974 1595 1692 7745 
10975 3502 3060 7570 
10976 656 657 658 
10977 2943 2944 2945 
10978 2391 2390 2392 
10979 1626 1624 1627 
10980 3635 3634 3637 
10981 3636 8396 8541 
10982 2370 2372 2381 
10983 4965 925 5047 
10984 412 79 6906 
10985 4474 4171 7526 
10986 87 88 7459 
10987 3356 3076 4710 
10988 1852 1854 2845 
10989 8046 4794 8146 
10990 5716 5717 5880 
10991 5238 3620 7854 
10992 986 987 988 
10993 2352 2351 2353 
10994 653 655 656 
10995 2892 2894 7749 
10996 5306 5308 5326 
10997 4593 3504 7841 
10998 4262 4260 4453 
10999 2645 2646 2647 
11000 4642 2667 7635 
11001 2392 2394 2396 
11002 3382 2005 7736 
11003 1274 1281 1282 
11004 7495 2639 7704 
11005 3651 3652 3918 
11006 4208 3493 4209 
11007 1092 1075 4780 
11008 1144 1146 1554 
11009 3948 4970 5387 
11010 3468 3559 3560 
11011 3981 3983 4469 
11012 9268 5600 9407 
11013 136 135 7615 
11014 2704 2075 7825 
11015 170 169 7613 
11016 2967 3610 7778 
11017 4828 4837 4838 
11018 5040 5151 5152 
11019 6285 6224 6286 
11020 4052 4121 4735 
11021 2866 2868 7748 
11022 4990 4856 5374 
11023 1038 1037 1039 
11024 4079 3502 7570 
11025 2819 2840 7525 
11026 1036 1034 1037 
11027 5538 7314 8349 
11028 2387 2390 2391 
11029 5027 5029 6370 
11030 1033 1032 1034 
11031 4183 3682 4184 
11032 8052 6206 8925 
11033 2708 2706 7752 
11034 2817 2815 7589 
11035 650 652 653 
11036 4415 4416 6014 
11037 5713 5714 5716 
11038 3407 3408 3409 
11039 2186 2187 2193 
11040 3475 3477 3952 
11041 3612 4357 4359 
11042 3409 4069 4070 
11043 5505 5506 6091 
11044 4960 5584 6373 
11045 3220 2814 4725 
11046 7657 4218 7864 
11047 4826 4827 4828 
11048 4189 4188 4190 
11049 5517 3223 7852 
11050 5728 4270 5729 
11051 2431 2882 3750 
11052 3137 3553 3612 
11053 2669 2884 2885 
11054 3596 1110 5408 
11055 464 28 6950 
11056 6055 6029 6056 
11057 5461 3834 8270 
11058 411 31 6903 
11059 4696 5565 6163 
11060 2356 2358 2380 
11061 5705 4176 7518 
11062 1962 1964 1965 
11063 138 137 7628 
11064 168 167 7629 
11065 5896 5894 8385 
11066 5713 5716 5978 
11067 3698 3697 3699 
11068 3762 4119 4120 
11069 2247 2249 2250 
11070 5433 4451 5434 
11071 4466 5491 6368 
11072 3250 3685 3686 
11073 6986 6835 7542 
11074 5711 5712 5713 
11075 1999 2006 2007 
11076 5302 5304 5325 
11077 2667 2652 7635 
11078 2801 2800 2802 
11079 505 36 8015 
11080 5524 9307 9369 
11081 6629 6630 8724 
11082 1741 1751 1752 
11083 2363 2364 2365 
11084 2396 2793 7622 
11085 37 398 8015 
11086 6148 378 9552 
11087 2665 7560 7599 
11088 3556 4343 4478 
11089 536 5964 9335 
11090 6857 4080 8520 
11091 2642 2644 2645 
11092 2396 2397 2792 
11093 5180 8347 8542 
11094 3412 3340 3417 
11095 980 981 982 
11096 2206 2210 2211 
11097 4996 5511 6258 
11098 1712 1697 1745 
11099 4246 4241 7646 
11100 140 139 7843 
11101 1752 4635 7574 
11102 2804 2645 7655 
11103 2811 2809 7605 
11104 1029 1028 1030 
11105 2642 2804 7670 
11106 1031 1030 1032 
11107 3492 3110 3493 
11108 1666 1722 1723 
11109 2007 3127 3137 
11110 3859 3718 8706 
11111 166 165 7845 
11112 503 23 6981 
11113 2361 2362 2363 
11114 6600 6720 8469 
11115 5427 4736 8263 
11116 2203 2204 2220 
11117 2870 2867 7360 
11118 64 65 401 
11119 44 45 400 
11120 4232 4227 7632 
11121 4366 3893 4731 
11122 2352 2354 3175 
11123 5694 4564 7639 
11124 6430 7490 7491 
11125 5243 7657 7864 
11126 4229 4232 7630 
11127 258 257 524 
11128 355 356 526 
11129 868 866 2916 
11130 3633 3632 3634 
11131 5595 5596 5711 
11132 1958 1960 1961 
11133 2191 2183 2952 
11134 2391 2392 7622 
11135 7159 5869 8655 
11136 2142 2140 2197 
11137 5664 4548 7813 
11138 2143 2142 2144 
11139 2059 1682 7771 
11140 2926 3249 3250 
11141 845 843 2901 
11142 2358 2360 2361 
11143 2620 2621 2622 
11144 90 91 7090 
11145 18 19 7036 
11146 3880 4301 4302 
11147 68 69 466 
11148 40 41 465 
11149 1140 1142 3648 
11150 51 52 402 
11151 3655 4030 8429 
11152 2220 2221 2224 
11153 1472 1480 1481 
11154 4256 4213 7657 
11155 3216 7706 7925 
11156 462 34 6958 
11157 2230 2231 2232 
11158 3545 3529 7773 
11159 864 861 968 
11160 3103 2681 8371 
11161 8066 5542 8067 
11162 4187 4188 4189 
11163 3220 4725 4726 
11164 6778 5328 8865 
11165 2798 2800 2801 
11166 4225 4233 7632 
11167 7467 3767 8185 
11168 2718 2107 3924 
11169 1846 1848 1880 
11170 4928 3908 5146 
11171 876 873 877 
11172 849 847 1316 
11173 841 836 7428 
11174 5360 2001 7761 
11175 2344 3620 4336 
11176 4337 5239 5337 
11177 3240 3788 7758 
11178 3681 3680 3682 
11179 5381 5667 6094 
11180 2589 2587 7486 
11181 4726 4725 4727 
11182 2417 4610 7580 
11183 2403 2405 2406 
11184 1728 1690 7784 
11185 2141 2140 2142 
11186 5850 4427 7455 
11187 4876 4875 8339 
11188 7529 4652 7668 
11189 2815 3220 7589 
11190 4387 4389 6059 
11191 3903 4966 5051 
11192 1369 1367 7878 
11193 2506 2496 3632 
11194 2762 827 7431 
11195 41 42 7065 
11196 3708 3710 5289 
11197 1985 1986 1991 
11198 2495 2496 2497 
11199 1693 1596 7783 
11200 66 67 507 
11201 42 43 508 
11202 7542 2997 8563 
11203 2160 2153 2202 
11204 1696 1653 1697 
11205 3414 3761 3762 
11206 2176 2172 2208 
11207 5211 4935 5212 
11208 7882 2879 8781 
11209 9181 6565 9788 
11210 1309 3507 3629 
11211 4590 2863 7266 
11212 2356 2357 2358 
11213 6946 2128 9105 
11214 4215 4218 7657 
11215 4510 4508 4589 
11216 4236 4231 7630 
11217 2251 2253 2254 
11218 6534 4709 8044 
11219 1027 1026 1028 
11220 2640 2641 2642 
11221 4729 4948 5492 
11222 5017 4032 7822 
11223 2139 2138 2140 
11224 465 41 7065 
11225 4251 4664 7556 
11226 2236 2237 2238 
11227 859 857 2862 
11228 4209 3493 8621 
11229 1594 1694 2776 
11230 1952 1954 1955 
11231 2654 7631 7635 
11232 7680 6373 9838 
11233 1530 1532 3002 
11234 6817 6814 6820 
11235 4624 3777 7911 
11236 1890 1892 1893 
11237 1025 1023 1026 
11238 1840 1842 1990 
11239 1536 1588 1589 
11240 4231 4229 7630 
11241 4665 4250 7646 
11242 2344 2343 2345 
11243 3101 3413 3414 
11244 3424 3798 7421 
11245 6976 4926 6977 
11246 3784 5088 5512 
11247 1981 1982 1985 
11248 4492 4285 5819 
11249 1686 1650 1687 
11250 4516 4512 4981 
11251 1155 1153 7907 
11252 63 64 7056 
11253 3782 3783 3880 
11254 3358 3179 3359 
11255 1361 1389 1390 
11256 4105 4987 5145 
11257 752 750 3069 
11258 64 401 7056 
11259 7545 2632 7757 
11260 3429 4116 7922 
11261 1520 1522 1523 
11262 4449 4447 4584 
11263 2786 3489 4582 
11264 4233 4244 7659 
11265 2647 2651 7655 
11266 1752 3297 4635 
11267 1510 1512 1513 
11268 4350 4348 4446 
11269 2479 2485 2486 
11270 1940 1942 1943 
11271 1948 1950 1951 
11272 5593 5594 5595 
11273 2640 2639 2641 
11274 4003 4005 7604 
11275 6455 6447 7804 
11276 2095 3404 3580 
11277 1549 1551 1552 
11278 2600 3841 3962 
11279 2409 2411 2412 
11280 786 783 788 
11281 1122 820 7437 
11282 42 508 7065 
11283 1364 1703 7288 
11284 1894 1896 1897 
11285 4084 3417 4169 
11286 1545 1547 1548 
11287 2136 2135 2138 
11288 2238 2239 2240 
11289 5994 4594 5995 
11290 2213 2211 2484 
11291 4726 4727 4728 
11292 3631 5209 5261 
11293 5737 5451 7859 
11294 1506 1508 1509 
11295 2710 3264 4566 
11296 5446 5448 7851 
11297 2338 2340 5223 
11298 4867 3857 5915 
11299 141 140 7844 
11300 2652 2654 7635 
11301 2126 2124 2192 
11302 801 798 802 
11303 8846 6165 9278 
11304 1516 1518 1519 
11305 1934 1936 1937 
11306 2839 2799 7666 
11307 2086 4495 7295 
11308 2699 5478 5479 
11309 4554 4555 5597 
11310 3491 3525 3589 
11311 1524 1526 1527 
11312 3216 4808 7706 
11313 2872 2874 3564 
11314 3120 2802 3121 
11315 6753 2923 7961 
11316 3590 3821 3822 
11317 2206 2199 2210 
11318 1500 1502 1503 
11319 5281 4075 5282 
11320 4984 4982 5642 
11321 49 50 509 
11322 5098 4169 5099 
11323 151 150 7888 
11324 17 18 506 
11325 91 92 510 
11326 756 754 757 
11327 4808 4810 4902 
11328 2890 2827 7563 
11329 1435 1444 1445 
11330 1944 1946 1947 
11331 5635 3613 7238 
11332 4728 4727 4729 
11333 7229 5228 7853 
11334 2300 7304 8529 
11335 2825 3135 7563 
11336 5420 5422 8323 
11337 2289 2291 2292 
11338 5492 4948 5840 
11339 1378 1380 3583 
11340 1834 1836 1977 
11341 9562 5540 9815 
11342 760 758 761 
11343 1928 1930 1931 
11344 2801 2802 3120 
11345 1496 1498 1499 
11346 882 880 883 
11347 1382 1384 1639 
11348 644 642 7625 
11349 642 640 1448 
11350 4227 4225 7632 
11351 893 891 904 
11352 4927 4907 4935 
11353 47 48 467 
11354 2295 2297 2298 
11355 3633 3635 3636 
11356 2528 3100 3101 
11357 91 510 7090 
11358 506 18 7036 
11359 2309 2311 2312 
11360 5629 5627 5630 
11361 1553 1557 1558 
11362 738 736 739 
11363 3579 4294 4295 
11364 1757 3448 3966 
11365 2801 7569 7666 
11366 3808 4914 7696 
11367 257 256 7674 
11368 354 355 7676 
11369 1924 1926 1927 
11370 3135 2823 7579 
11371 1488 1490 1491 
11372 732 730 733 
11373 746 744 747 
11374 1883 1884 1885 
11375 2821 7525 7579 
11376 5243 4256 7657 
11377 4198 4853 5056 
11378 7065 508 7066 
11379 2303 2305 2306 
11380 887 884 888 
11381 6195 6204 6205 
11382 4028 3510 6027 
11383 3307 3074 3308 
11384 1429 1466 1467 
11385 1022 1021 1023 
11386 4794 5049 5050 
11387 7919 7262 8172 
11388 2406 2405 2407 
11389 7861 7313 8344 
11390 7064 3517 8101 
11391 855 853 1089 
11392 2628 2629 2630 
11393 5168 5169 5217 
11394 2340 2339 2341 
11395 2768 3558 8480 
11396 7549 1102 8016 
11397 4274 4364 5779 
11398 140 7843 7844 
11399 1020 1019 1021 
11400 1484 1486 1487 
11401 2299 2301 2302 
11402 1920 1922 1923 
11403 4017 4019 4445 
11404 7096 7097 9165 
11405 4077 4076 4907 
11406 4597 4107 7834 
11407 3107 2702 3960 
11408 3641 4090 5259 
11409 3977 4338 4339 
11410 2315 2317 2318 
11411 3357 3355 7696 
11412 1559 1561 1562 
11413 2259 2261 2262 
11414 897 895 898 
11415 4900 3509 5045 
11416 2508 2549 7995 
11417 5326 7683 8889 
11418 6474 6473 7626 
11419 2876 2878 3255 
11420 742 740 7479 
11421 1916 1918 1919 
11422 1965 1966 1967 
11423 4259 7476 7919 
11424 4095 4997 5701 
11425 5559 4465 7903 
11426 2906 2907 2909 
11427 1906 1908 1909 
11428 1966 7827 7863 
11429 3311 2785 4583 
11430 4711 4710 4712 
11431 4870 6025 7856 
11432 7390 7385 9381 
11433 2511 2513 2514 
11434 2412 2411 2413 
11435 948 946 949 
11436 1967 1968 1972 
11437 901 899 902 
11438 2263 2265 2266 
11439 3995 3997 7636 
11440 6582 6580 6583 
11441 2675 2513 4076 
11442 3999 4001 7633 
11443 2273 2275 2276 
11444 1912 1914 1915 
11445 2269 2271 2272 
11446 1012 1010 1013 
11447 3577 3575 3585 
11448 941 939 943 
11449 3710 3711 3980 
11450 3292 3293 3294 
11451 2662 3913 7594 
11452 1308 1330 1331 
11453 3508 2928 3509 
11454 954 952 955 
11455 3251 3625 3626 
11456 6215 6217 8465 
11457 7041 4524 7042 
11458 4316 6067 7659 
11459 929 924 930 
11460 3955 5676 6359 
11461 3509 2928 4738 
11462 4321 4323 4332 
11463 5989 5008 5990 
11464 3512 3471 4280 
11465 398 38 6980 
11466 2531 2532 2533 
11467 2840 2817 7589 
11468 2244 2245 2246 
11469 1885 1886 1887 
11470 5487 5488 5593 
11471 5609 7570 7794 
11472 3294 3295 3296 
11473 3355 3121 3608 
11474 4107 7254 7834 
11475 937 935 938 
11476 933 931 934 
11477 2898 2900 4600 
11478 6901 6902 8719 
11479 7668 4720 8026 
11480 5513 4712 5514 
11481 2323 2325 2326 
11482 909 903 910 
11483 4395 3523 8030 
11484 3296 3727 3728 
11485 958 956 963 
11486 2763 2765 7617 
11487 1563 1565 1566 
11488 722 720 723 
11489 913 911 914 
11490 16 17 7089 
11491 2675 4077 4859 
11492 5669 5418 5670 
11493 2277 2279 2280 
11494 5603 5099 5604 
11495 726 724 727 
11496 6720 2954 7997 
11497 2598 2596 7841 
11498 6273 4360 7446 
11499 2539 2540 2541 
11500 1158 7312 7861 
11501 3156 1244 7221 
11502 1567 1569 1576 
11503 818 816 821 
11504 3943 3945 4202 
11505 7319 3638 8546 
11506 4636 4950 5878 
11507 2281 2283 2284 
11508 7756 3485 8707 
11509 6804 6802 8453 
11510 5526 4326 5527 
11511 2404 7498 7722 
11512 4477 5165 5583 
11513 3566 5126 5127 
11514 1120 1100 3680 
11515 1008 1006 1009 
11516 6430 4372 7490 
11517 3183 3442 7840 
11518 5094 4126 5150 
11519 3626 3627 3646 
11520 920 918 921 
11521 5375 8963 9035 
11522 3120 3121 3355 
11523 2988 6757 7942 
11524 7840 5032 8922 
11525 716 714 717 
11526 3708 3709 3710 
11527 5550 5549 7775 
11528 1215 1213 1216 
11529 4372 4369 7490 
11530 1797 1796 7963 
11531 4595 2917 7280 
11532 4187 3935 4188 
11533 2930 2929 2931 
11534 2402 2403 7642 
11535 962 960 2915 
11536 3248 3571 7587 
11537 2397 2399 7673 
11538 636 634 651 
11539 1018 1017 1019 
11540 2622 2623 2624 
11541 1016 1015 1017 
11542 3646 3692 4087 
11543 970 967 971 
11544 3190 3191 3192 
11545 3105 3326 3327 
11546 2495 2490 2496 
11547 2285 2287 2288 
11548 4421 4382 6048 
11549 6998 6996 8502 
11550 3970 3424 7421 
11551 1225 1223 1226 
11552 1209 1207 1210 
11553 3516 3514 4671 
11554 708 706 709 
11555 5067 3845 7307 
11556 2659 2655 8104 
11557 2664 2659 8165 
11558 5485 5486 5487 
11559 100 101 7502 
11560 1887 1888 1889 
11561 4426 4424 5873 
11562 1231 1229 1232 
11563 1004 1002 1005 
11564 3793 4137 8021 
11565 4732 4731 6028 
11566 712 710 713 
11567 3808 3608 4299 
11568 4087 4287 4384 
11569 143 142 7709 
11570 157 156 7711 
11571 2887 2886 2888 
11572 1828 1830 2008 
11573 60 61 7140 
11574 8471 4993 9714 
11575 163 162 7710 
11576 4085 6436 8036 
11577 6466 6464 6478 
11578 149 148 7716 
11579 1014 1013 1015 
11580 2624 2625 2626 
11581 4300 4299 5524 
11582 93 94 446 
11583 15 16 445 
11584 1434 1537 7802 
11585 4530 4528 6882 
11586 2932 2931 2933 
11587 7166 7160 8655 
11588 1765 1640 7847 
11589 7184 2993 7958 
11590 3991 3993 7651 
11591 5889 4482 5890 
11592 3123 3321 3598 
11593 648 646 649 
11594 7632 4233 7659 
11595 4072 4211 4212 
11596 4708 2792 7673 
11597 1577 1599 1600 
11598 4490 6515 8267 
11599 4255 4253 7677 
11600 2354 2355 2356 
11601 2479 2219 2485 
11602 2332 2861 4773 
11603 1715 4133 8113 
11604 1205 1203 1206 
11605 4722 5550 8026 
11606 3392 3869 4794 
11607 5539 5516 7695 
11608 974 972 975 
11609 1761 1759 3949 
11610 4007 4009 7634 
11611 1955 1956 3061 
11612 4540 4542 7600 
11613 7025 7024 8862 
11614 2934 2933 2935 
11615 4881 4631 6228 
11616 4139 5206 5945 
11617 1481 1482 1544 
11618 1964 1969 7827 
11619 1219 1217 1220 
11620 5554 3723 8503 
11621 3833 5057 8032 
11622 6782 4957 8742 
11623 1241 1239 1242 
11624 5831 6906 8535 
11625 3696 3359 3697 
11626 4152 3462 4553 
11627 4384 5240 5553 
11628 3889 3781 3895 
11629 2814 2811 7605 
11630 3276 1763 3277 
11631 6426 6425 8398 
11632 4071 3849 4072 
11633 2338 2337 2339 
11634 3946 3226 4161 
11635 2347 2349 2350 
11636 256 255 407 
11637 353 354 408 
11638 1237 1235 1238 
11639 6067 6069 8098 
11640 3364 3365 3366 
11641 1197 1194 1198 
11642 700 698 701 
11643 7038 5477 9338 
11644 4020 8752 8867 
11645 1991 1992 7719 
11646 6465 6466 6467 
11647 1201 1199 1202 
11648 2904 2905 2906 
11649 1000 998 1001 
11650 6919 6923 8404 
11651 3072 2837 7821 
11652 3094 3398 7794 
11653 2332 2331 2333 
11654 2352 2353 2354 
11655 696 694 697 
11656 4136 3248 7587 
11657 7113 7117 8439 
11658 535 8052 8925 
11659 2791 2420 2929 
11660 7355 7015 8569 
11661 5563 4688 7257 
11662 3355 3608 3808 
11663 4181 3072 4733 
11664 4250 4246 7646 
11665 4337 5238 5239 
11666 2835 3027 7821 
11667 145 144 7737 
11668 3128 6541 8329 
11669 147 146 7739 
11670 3412 4084 4772 
11671 3188 3189 3190 
11672 1453 1426 1533 
11673 1683 1681 1684 
11674 7100 8582 9848 
11675 1392 1373 3679 
11676 2350 2351 2352 
11677 3161 3162 3188 
11678 3126 4790 4791 
11679 2521 3642 3708 
11680 4681 4679 4694 
11681 4791 4792 5498 
11682 2419 2417 7580 
11683 2745 2747 3638 
11684 1412 1413 1439 
11685 1641 3666 8108 
11686 1601 1603 7698 
11687 4212 5241 7527 
11688 2809 2839 7605 
11689 3549 1095 7549 
11690 996 994 997 
11691 1262 1260 1263 
11692 5473 5340 6306 
11693 6064 787 9313 
11694 2016 3865 7856 
11695 1785 2019 8601 
11696 6669 2044 8415 
11697 17 506 7089 
11698 4065 4066 4368 
11699 352 353 7675 
11700 2837 2835 7821 
11701 7476 7262 7919 
11702 4427 3820 4428 
11703 692 690 693 
11704 3808 4299 4300 
11705 2254 2255 2256 
11706 61 62 468 
11707 4401 3661 6208 
11708 2392 2396 7622 
11709 1439 1440 1471 
11710 3332 3453 3454 
11711 4677 4148 4678 
11712 3987 3989 7663 
11713 1395 1396 1412 
11714 6479 6468 6483 
11715 4306 3734 4307 
11716 3065 2662 7594 
11717 54 55 469 
11718 3374 3375 3376 
11719 1017 1015 1318 
11720 6465 6464 6466 
11721 7334 7141 8377 
11722 2751 2753 3360 
11723 5914 8809 9824 
11724 4685 4683 4686 
11725 1060 1054 1061 
11726 3540 3539 7813 
11727 5362 3969 8009 
11728 7471 5694 7639 
11729 630 628 1313 
11730 1257 1255 3678 
11731 4478 4479 4848 
11732 3457 3459 3460 
11733 1617 1619 1620 
11734 3546 3547 4065 
11735 5337 5239 5485 
11736 3498 3500 5041 
11737 1677 1675 1678 
11738 1358 1359 1395 
11739 508 43 7067 
11740 4776 4777 5380 
11741 2637 2636 2639 
11742 3733 3301 3734 
11743 1411 1418 1419 
11744 4300 5524 5525 
11745 4808 4902 7706 
11746 4498 4158 5111 
11747 3140 3340 3412 
11748 5020 5503 8461 
11749 1611 1613 1625 
11750 4094 3812 4158 
11751 4244 4316 7659 
11752 3907 2806 3908 
11753 2216 2201 2217 
11754 2418 2417 2419 
11755 666 664 667 
11756 2344 2345 3620 
11757 1691 2027 7473 
11758 6444 6443 7804 
11759 4184 5097 5476 
11760 254 253 525 
11761 351 352 527 
11762 1021 1019 3008 
11763 3368 3369 3370 
11764 3759 3758 3820 
11765 4336 3620 4337 
11766 8519 5258 8749 
11767 4756 4754 4757 
11768 1345 1346 1358 
11769 1607 1609 1610 
11770 4846 4078 5180 
11771 2935 2933 2936 
11772 1937 1938 2108 
11773 3091 3094 7794 
11774 682 680 683 
11775 5400 2882 5401 
11776 7576 3212 7858 
11777 4852 4955 4956 
11778 4204 4203 5805 
11779 3635 3637 3885 
11780 6389 3050 8686 
11781 4663 3672 7093 
11782 3215 2942 3301 
11783 4850 4851 4852 
11784 2406 3508 7642 
11785 7117 2957 7924 
11786 686 684 687 
11787 2122 2120 3606 
11788 878 877 879 
11789 3630 5533 7969 
11790 4054 5455 5456 
11791 4870 4872 6025 
11792 8600 5334 8696 
11793 3872 3871 4558 
11794 2415 2417 2418 
11795 8102 2484 8304 
11796 1331 1351 1352 
11797 1746 3143 7973 
11798 3822 3823 4936 
11799 4195 4194 4347 
11800 2450 2860 2902 
11801 1897 1898 1899 
11802 2637 2639 2640 
11803 2418 2791 7687 
11804 676 674 677 
11805 4848 4849 4850 
11806 1822 1824 1994 
11807 2256 2257 2258 
11808 4239 4247 7829 
11809 4693 4691 4717 
11810 5250 5251 5754 
11811 3757 3756 3758 
11812 4072 4212 7527 
11813 3652 4297 7638 
11814 4609 4003 7604 
11815 670 668 671 
11816 4005 4580 7604 
11817 2931 2929 4749 
11818 7570 3091 7794 
11819 7802 5041 8240 
11820 4566 4913 5060 
11821 1591 1456 4278 
11822 4071 4072 7527 
11823 2776 3000 3001 
11824 6592 3095 8140 
11825 3407 3032 3408 
11826 4241 4239 7829 
11827 402 52 7061 
11828 1943 1944 7547 
11829 1993 4097 8059 
11830 5116 6179 6180 
11831 6467 6468 6469 
11832 1527 1528 1631 
11833 1503 1504 1505 
11834 7198 5990 8732 
11835 5749 5746 8407 
11836 3159 3160 3161 
11837 5184 5391 5392 
11838 2193 2194 7699 
11839 1931 1932 1933 
11840 253 252 7703 
11841 2790 2532 3661 
11842 3983 3985 7679 
11843 6688 7123 8181 
11844 3527 3504 4593 
11845 2232 2233 7727 
11846 1513 1514 1515 
11847 4368 4369 4372 
11848 2406 2407 2928 
11849 1643 3790 8048 
11850 36 37 8015 
11851 5051 6392 8428 
11852 5158 5081 5938 
11853 1589 1590 1689 
11854 4943 4070 4944 
11855 2013 1741 7852 
11856 4051 3393 7619 
11857 2854 3269 3956 
11858 5056 5872 6457 
11859 4030 4029 5081 
11860 5182 5183 5184 
11861 4956 4957 4958 
11862 2967 2966 2969 
11863 5514 4712 5515 
11864 6726 6724 8699 
11865 1336 1344 1345 
11866 2292 2293 2712 
11867 2970 2969 3530 
11868 7675 8575 9368 
11869 2902 2903 2904 
11870 2117 2115 7828 
11871 2635 2634 2636 
11872 4103 4775 4776 
11873 1899 1900 1901 
11874 3531 3530 4048 
11875 5392 5393 5394 
11876 2645 2647 7655 
11877 6545 5086 9574 
11878 4915 4817 7787 
11879 4162 4048 4309 
11880 2344 4336 7898 
11881 1092 4781 4783 
11882 3580 3581 3687 
11883 2486 2485 2521 
11884 3001 3394 3433 
11885 5195 4188 7669 
11886 1491 1492 1493 
11887 1872 1871 8482 
11888 7575 3039 7915 
11889 56 57 511 
11890 4958 4959 4974 
11891 2312 2313 2844 
11892 6719 2686 8190 
11893 2266 2267 2268 
11894 2968 4032 4033 
11895 1972 1973 7761 
11896 4974 5181 5182 
11897 1288 1286 1289 
11898 2306 2307 2736 
11899 4461 4459 7903 
11900 3918 3652 7638 
11901 6473 6482 7626 
11902 3825 3824 4194 
11903 2792 2397 7673 
11904 4836 3854 7520 
11905 2318 2319 2395 
11906 1901 1902 1903 
11907 3687 4163 4165 
11908 2798 2801 7666 
11909 5414 3536 5415 
11910 5269 3971 7855 
11911 445 16 7089 
11912 1467 1468 1469 
11913 8684 4222 9616 
11914 4797 4796 5839 
11915 889 888 894 
11916 58 59 413 
11917 3811 3805 3812 
11918 4932 4947 5734 
11919 1818 1820 3256 
11920 4752 4120 4753 
11921 252 251 453 
11922 349 350 454 
11923 1909 1910 1911 
11924 1493 1494 1495 
11925 3961 3960 4618 
11926 1903 1904 1905 
11927 1864 1866 7653 
11928 5394 5395 5396 
11929 3309 3308 3574 
11930 4061 5005 5368 
11931 4559 4558 5351 
11932 3231 3232 3578 
11933 4085 6435 6436 
11934 4141 4142 5813 
11935 3266 2043 3267 
11936 1548 1549 7555 
11937 1469 1470 1483 
11938 6482 6487 6488 
11939 4001 4609 7633 
11940 3910 4149 4150 
11941 3655 3410 4029 
11942 3633 3634 3635 
11943 3854 3328 7520 
11944 6473 6481 6482 
11945 4517 3716 4669 
11946 3036 3037 3231 
11947 3755 3199 3756 
11948 4445 5108 6307 
11949 3753 4895 8140 
11950 3930 3931 4320 
11951 3586 3585 3882 
11952 3846 1753 7267 
11953 3486 3487 4016 
11954 3153 3154 3155 
11955 5396 5617 5618 
11956 4619 4618 5012 
11957 992 990 993 
11958 3495 4047 4327 
11959 8176 6905 9572 
11960 4026 4178 5375 
11961 2246 2247 7797 
11962 2431 2430 2432 
11963 944 943 2690 
11964 8957 5851 9040 
11965 4659 4899 7788 
11966 4542 5452 7600 
11967 4672 4671 5076 
11968 5153 4583 6015 
11969 3437 3438 3930 
11970 2733 7305 8057 
11971 4634 3999 7633 
11972 2635 2636 2637 
11973 1030 1028 3010 
11974 4786 4788 5252 
11975 2511 2501 2513 
11976 915 914 917 
11977 4748 4025 4796 
11978 4783 4784 4785 
11979 5268 5269 5796 
11980 950 949 2711 
11981 4610 7318 7580 
11982 4168 3882 4581 
11983 986 984 987 
11984 3042 3043 3153 
11985 1487 1488 7550 
11986 4911 4279 5860 
11987 7343 8523 9852 
11988 251 250 7723 
11989 922 921 2692 
11990 3997 4634 7636 
11991 4580 4007 7634 
11992 1024 7157 8356 
11993 4097 2911 4098 
11994 4863 4727 8109 
11995 4348 4347 7532 
11996 2981 3035 3036 
11997 2421 2423 2428 
11998 620 618 2912 
11999 3253 3252 3614 
12000 5264 4581 5265 
12001 1309 3629 7592 
12002 124 123 7708 
12003 2298 2299 7562 
12004 1026 1023 1045 
12005 624 622 784 
12006 1092 4780 4781 
12007 4132 4736 5426 
12008 728 727 2109 
12009 3688 5333 8004 
12010 1296 1290 1297 
12011 4332 4333 5034 
12012 3777 2173 7911 
12013 2149 2151 7652 
12014 3615 3614 4073 
12015 2272 2273 7558 
12016 4751 4752 8308 
12017 3519 4282 5255 
12018 734 733 2803 
12019 1227 1226 2719 
12020 4202 4346 5876 
12021 4994 3109 5555 
12022 740 739 1420 
12023 3234 3235 3486 
12024 2516 2514 7672 
12025 3539 2586 7452 
12026 1814 1816 3303 
12027 4792 4790 4793 
12028 6071 6340 8306 
12029 3450 3754 5160 
12030 2509 2218 7948 
12031 4253 7556 7677 
12032 3327 3328 3854 
12033 5741 5743 6018 
12034 2937 2936 2938 
12035 2012 2011 3109 
12036 2506 3632 3633 
12037 411 6903 8700 
12038 702 701 703 
12039 1041 1039 3012 
12040 510 92 7091 
12041 3124 1709 3871 
12042 4380 4379 5816 
12043 4625 3995 7636 
12044 5824 5265 6045 
12045 2773 987 4766 
12046 3086 3085 3151 
12047 2341 2343 2344 
12048 2935 2936 2937 
12049 4427 4428 7455 
12050 1998 3007 7927 
12051 4009 4474 7634 
12052 7332 2092 8039 
12053 1221 1220 2842 
12054 1233 1232 2722 
12055 2497 2496 2506 
12056 5322 6915 8204 
12057 3801 1768 8020 
12058 4700 4699 6054 
12059 4462 3600 7239 
12060 3126 2540 4789 
12061 718 717 2684 
12062 4748 4797 7849 
12063 3055 3054 3252 
12064 250 249 528 
12065 347 348 529 
12066 3152 3151 3421 
12067 3896 3895 4351 
12068 4123 3014 4124 
12069 8930 5386 9032 
12070 2412 2413 2414 
12071 3422 3421 3901 
12072 1211 1210 2756 
12073 3064 3429 7922 
12074 1037 1034 1055 
12075 3690 3689 4040 
12076 980 978 981 
12077 4706 3815 4707 
12078 6584 6583 6585 
12079 1562 1563 7568 
12080 3681 4183 4185 
12081 3046 2018 3047 
12082 5501 4953 5502 
12083 3084 3083 3085 
12084 3750 2882 5400 
12085 4374 5696 5698 
12086 6806 4488 7043 
12087 1243 1242 1245 
12088 8068 5877 8330 
12089 5190 4456 5280 
12090 2414 2413 2415 
12091 4785 4786 4787 
12092 3030 2909 3362 
12093 1809 1811 7893 
12094 3526 3351 7891 
12095 5075 5074 7354 
12096 3454 3455 3902 
12097 7294 2977 7929 
12098 748 747 1072 
12099 7270 626 8241 
12100 1572 1477 1573 
12101 4621 4836 5799 
12102 2258 2259 7860 
12103 61 468 7140 
12104 2903 2860 4750 
12105 3665 3406 3751 
12106 931 930 7564 
12107 4739 3111 7904 
12108 1735 1725 1736 
12109 6803 6808 8453 
12110 7585 2983 7909 
12111 5034 5035 6040 
12112 3278 3277 3279 
12113 1505 1506 7858 
12114 3707 3704 8127 
12115 3442 4315 5032 
12116 5732 4624 7449 
12117 3752 3751 4147 
12118 2633 2634 2635 
12119 4838 5367 6259 
12120 2700 7363 8058 
12121 2403 2406 7642 
12122 7838 5790 9807 
12123 3076 2934 7682 
12124 2399 2402 7673 
12125 249 248 7743 
12126 5476 5477 5631 
12127 7591 3658 8019 
12128 704 703 2685 
12129 1566 1567 7573 
12130 5412 4443 5413 
12131 4441 4439 5592 
12132 5223 2340 5224 
12133 3993 4625 7651 
12134 5558 4465 5559 
12135 1515 1516 7865 
12136 710 709 7566 
12137 880 879 7872 
12138 343 344 7767 
12139 4307 3734 4608 
12140 3078 1321 3689 
12141 6040 6041 6314 
12142 2633 2632 2634 
12143 5308 5310 7683 
12144 4629 4631 4881 
12145 4394 3918 4996 
12146 3935 3934 7669 
12147 2450 2449 2451 
12148 7303 3941 8068 
12149 3280 3279 3281 
12150 988 987 2773 
12151 6449 6447 6455 
12152 3282 3281 3283 
12153 5334 4136 7587 
12154 3775 3774 4290 
12155 4952 3884 4953 
12156 5023 4290 5024 
12157 3284 3283 3780 
12158 2420 2419 2421 
12159 5214 5024 5673 
12160 2446 2445 2447 
12161 4122 4092 5188 
12162 1068 1075 1076 
12163 2531 2519 2532 
12164 3568 3569 3742 
12165 3205 3204 3774 
12166 1495 1496 7869 
12167 1754 1687 1755 
12168 5514 5515 5516 
12169 2943 2945 3236 
12170 4259 4255 7677 
12171 1047 1043 1071 
12172 781 780 782 
12173 1190 1189 1193 
12174 1629 1646 1647 
12175 5076 4671 6432 
12176 762 761 763 
12177 3669 3693 3694 
12178 1732 3158 3669 
12179 2414 2415 7687 
12180 3742 3743 4273 
12181 1183 1182 1186 
12182 1246 1245 1249 
12183 4069 3408 4806 
12184 3927 2589 7486 
12185 2539 2535 2540 
12186 1600 1601 1654 
12187 5661 4548 5664 
12188 3599 3052 3601 
12189 1456 1399 8125 
12190 769 768 770 
12191 4437 4435 5856 
12192 6952 5243 7864 
12193 3412 3417 4084 
12194 2427 2430 2431 
12195 3651 3918 4394 
12196 7646 4241 7829 
12197 5618 5619 5620 
12198 771 770 772 
12199 1187 1186 1189 
12200 4927 4935 5211 
12201 1976 7378 7941 
12202 4826 4828 6541 
12203 688 687 689 
12204 7303 8068 8330 
12205 7621 9094 9310 
12206 3062 7357 7880 
12207 248 247 409 
12208 345 346 410 
12209 1483 1484 7876 
12210 2335 2337 2338 
12211 773 772 775 
12212 2329 2331 2332 
12213 5119 4766 5965 
12214 1293 1300 1301 
12215 1179 1178 1182 
12216 5439 4192 5885 
12217 3766 3934 3935 
12218 4116 4409 5121 
12219 776 775 777 
12220 4043 4833 5410 
12221 4861 5845 6439 
12222 6480 6474 7626 
12223 3605 3604 4109 
12224 895 894 7881 
12225 4110 4109 4889 
12226 2769 7668 8026 
12227 2543 2541 7667 
12228 764 763 765 
12229 3026 2937 7809 
12230 1203 1202 7584 
12231 1306 1298 1307 
12232 1636 4879 7890 
12233 3427 3065 7594 
12234 778 777 780 
12235 5540 5541 9815 
12236 2771 981 4799 
12237 4890 4889 5383 
12238 4077 4907 4927 
12239 1911 1912 7886 
12240 1171 1170 1172 
12241 1199 1198 7583 
12242 3314 3298 7885 
12243 789 788 791 
12244 4718 4717 4896 
12245 1311 1315 1332 
12246 3209 7405 8071 
12247 1250 1249 1254 
12248 3021 2689 3204 
12249 766 765 768 
12250 2940 3215 7809 
12251 2332 2333 2861 
12252 4679 4678 7597 
12253 1741 1739 1751 
12254 4185 5398 5419 
12255 1177 1176 1178 
12256 4687 4686 4690 
12257 2675 4076 4077 
12258 4598 3991 7651 
12259 6181 5508 6182 
12260 5571 5569 5780 
12261 3495 3430 4047 
12262 2418 2419 2420 
12263 1173 1172 1176 
12264 5072 3274 5378 
12265 3563 2149 7652 
12266 3681 3682 4183 
12267 1992 1999 7719 
12268 1057 1049 3016 
12269 3676 3677 3814 
12270 2338 2339 2340 
12271 2595 2507 7220 
12272 2940 2938 2941 
12273 4554 5597 6080 
12274 3433 4105 7855 
12275 694 693 7588 
12276 1534 1533 1604 
12277 3347 3346 3604 
12278 5304 5306 7700 
12279 4128 3861 4192 
12280 1284 1282 7592 
12281 1685 1684 1720 
12282 2942 2941 2943 
12283 1944 1947 7547 
12284 5253 7807 8102 
12285 796 795 797 
12286 982 981 2771 
12287 2318 2395 4761 
12288 4084 4169 5098 
12289 3654 4075 4743 
12290 3702 5043 8127 
12291 1169 1168 1170 
12292 3088 3260 7936 
12293 1973 1975 7678 
12294 4725 2814 7605 
12295 4783 4781 4784 
12296 3454 3902 4064 
12297 3078 3690 4768 
12298 2241 2244 7910 
12299 5533 4892 5534 
12300 4891 4060 5019 
12301 5899 5896 8385 
12302 1748 1749 1750 
12303 5073 3701 8576 
12304 1790 1788 1793 
12305 1605 1604 1674 
12306 1679 1678 3166 
12307 3409 3408 4069 
12308 6473 6471 6481 
12309 7016 3683 8569 
12310 678 677 679 
12311 2326 2914 3654 
12312 5507 3879 5508 
12313 5101 3549 7549 
12314 3136 3675 3676 
12315 3694 4842 4843 
12316 1436 1393 1437 
12317 6739 8944 9802 
12318 1438 1437 1460 
12319 2514 2513 2675 
12320 5568 5567 5569 
12321 7449 4624 7911 
12322 4560 4359 5505 
12323 6906 80 8535 
12324 1784 1782 1792 
12325 2482 2508 7995 
12326 1741 1752 7852 
12327 1786 1784 7819 
12328 3814 3958 4940 
12329 1096 1100 1101 
12330 2557 2559 2560 
12331 5098 5099 5603 
12332 3989 4598 7663 
12333 792 791 793 
12334 2612 2614 3009 
12335 2235 2477 7991 
12336 4737 4658 7838 
12337 5932 5931 8137 
12338 2592 2594 7671 
12339 7667 5499 7943 
12340 4297 5951 7638 
12341 2359 8186 8285 
12342 5005 3380 7865 
12343 1705 1707 2023 
12344 976 975 2918 
12345 1167 1166 1168 
12346 794 793 795 
12347 1264 1263 1266 
12348 1549 1552 7555 
12349 3798 4661 4662 
12350 2889 2888 3298 
12351 4041 1127 4901 
12352 1461 1460 1578 
12353 1165 1164 1166 
12354 3878 3875 3879 
12355 6032 5729 8372 
12356 4614 4673 5936 
12357 672 671 673 
12358 2794 4708 7753 
12359 1993 1991 2910 
12360 1174 1180 1181 
12361 4188 3935 7669 
12362 1068 1064 1075 
12363 4307 4608 5922 
12364 1620 1621 1623 
12365 7408 6773 8650 
12366 2937 2938 2940 
12367 1445 1538 1539 
12368 1721 1720 1730 
12369 3919 4700 7871 
12370 4747 2975 7931 
12371 3869 3393 4051 
12372 1579 1578 1665 
12373 2326 2327 2914 
12374 4531 3987 7663 
12375 6662 536 9335 
12376 4917 2855 7869 
12377 8098 6069 8191 
12378 2465 2464 2466 
12379 5911 4805 7868 
12380 1191 1192 1247 
12381 3157 2563 8028 
12382 4912 2856 7860 
12383 2469 2468 2470 
12384 2007 3137 3138 
12385 4453 4260 7919 
12386 4082 5335 7887 
12387 2800 2796 7753 
12388 1488 1491 7550 
12389 3968 4377 7952 
12390 1985 1991 1993 
12391 2434 2436 2439 
12392 2911 2910 3263 
12393 2549 2551 3965 
12394 1181 1184 1185 
12395 413 59 7185 
12396 5047 925 8163 
12397 4116 5121 7922 
12398 357 452 7640 
12399 6139 5432 9258 
12400 8026 5550 8104 
12401 4394 4996 6246 
12402 7819 1792 9686 
12403 1185 1188 1191 
12404 3424 3797 3798 
12405 5331 3735 5687 
12406 5177 5178 8012 
12407 5555 3109 5791 
12408 3612 4359 4560 
12409 4260 4259 7919 
12410 2381 8011 8991 
12411 3250 3249 3685 
12412 2659 8104 8165 
12413 2631 2630 2632 
12414 4414 3685 4626 
12415 3364 3147 3365 
12416 2151 2222 7652 
12417 4368 4372 6428 
12418 4773 2861 5647 
12419 5352 5351 5353 
12420 2940 2941 2942 
12421 3765 3314 3939 
12422 4834 4806 4880 
12423 4401 6208 6495 
12424 2431 2432 2882 
12425 7794 3398 8119 
12426 245 244 478 
12427 342 343 479 
12428 4071 7527 9524 
12429 1163 1162 1164 
12430 3686 3685 4414 
12431 5041 6192 8240 
12432 1267 1266 1273 
12433 4785 4784 4786 
12434 1885 1887 1984 
12435 614 612 787 
12436 2885 2886 2887 
12437 3762 3761 4119 
12438 1951 1952 7880 
12439 1778 1776 1795 
12440 4736 2859 7876 
12441 5620 5833 5834 
12442 1082 1080 1427 
12443 6119 8209 9541 
12444 2299 2302 7562 
12445 2907 2905 2908 
12446 2972 2545 3241 
12447 2564 2566 2568 
12448 3969 3257 8009 
12449 2312 2844 5219 
12450 2273 2276 7558 
12451 1194 1193 7940 
12452 1274 1273 1281 
12453 1435 1424 1444 
12454 3985 4531 7679 
12455 1967 1972 1976 
12456 3217 4952 7884 
12457 2790 3661 4401 
12458 4159 3223 5517 
12459 3349 3198 8043 
12460 3893 2718 7725 
12461 6709 4373 9568 
12462 803 802 805 
12463 3164 3833 8032 
12464 3665 3752 8436 
12465 2999 2782 8096 
12466 1120 3680 3681 
12467 808 807 811 
12468 6087 5428 9245 
12469 1134 1321 1322 
12470 2973 1155 7907 
12471 1955 3061 3062 
12472 1866 1869 7653 
12473 2934 2935 7682 
12474 1666 1665 1722 
12475 3355 3808 7696 
12476 4965 5047 5048 
12477 4469 3983 7679 
12478 1952 1955 7880 
12479 5041 5042 6192 
12480 2302 2303 7897 
12481 1320 9284 9319 
12482 9583 5650 9637 
12483 240 239 7815 
12484 7024 7018 8862 
12485 3688 3561 3875 
12486 2960 4745 7897 
12487 2631 2632 2633 
12488 5874 4175 5875 
12489 1472 1481 7953 
12490 812 811 815 
12491 4761 4762 4763 
12492 3659 4737 7872 
12493 6467 6466 6468 
12494 2553 2555 3019 
12495 1976 1972 2001 
12496 4733 3072 7821 
12497 2773 4766 5119 
12498 4183 4184 7966 
12499 7453 449 8760 
12500 2533 2532 2790 
12501 4327 4047 5888 
12502 5416 4728 7726 
12503 2240 2241 7910 
12504 244 243 7766 
12505 2549 3965 7995 
12506 6069 6071 8191 
12507 3193 3292 8018 
12508 3761 3413 4129 
12509 3335 3125 3336 
12510 2996 3243 3244 
12511 7409 2735 7801 
12512 1539 1656 1657 
12513 843 841 7741 
12514 740 1420 7479 
12515 4763 5376 5377 
12516 3835 3848 4081 
12517 6757 6756 8497 
12518 866 864 7721 
12519 6294 6293 6342 
12520 2011 2010 3343 
12521 6539 5798 9756 
12522 1623 1624 1626 
12523 879 877 3658 
12524 3494 3184 4392 
12525 2002 2001 2010 
12526 3589 3590 7905 
12527 6469 6468 6479 
12528 2990 7349 7955 
12529 1361 1357 1389 
12530 972 971 7904 
12531 1563 1566 7568 
12532 847 845 7747 
12533 2968 4033 4802 
12534 3327 3854 4034 
12535 5210 8058 8314 
12536 4147 3751 4961 
12537 1255 1254 7954 
12538 5603 5604 5605 
12539 3530 2969 3593 
12540 798 797 7831 
12541 599 601 8544 
12542 690 689 7965 
12543 2372 2374 8011 
12544 4309 4048 6106 
12545 4070 4069 7979 
12546 3414 3413 3761 
12547 2918 975 3111 
12548 3151 3085 3503 
12549 660 659 661 
12550 658 657 659 
12551 3260 3651 7936 
12552 2306 2736 2960 
12553 4137 5340 5473 
12554 4446 4348 7532 
12555 4087 4384 5472 
12556 1567 1576 7573 
12557 884 883 7909 
12558 656 655 657 
12559 6482 6481 6487 
12560 2984 5156 7881 
12561 2288 2289 7906 
12562 5259 4090 5260 
12563 1723 1722 3108 
12564 3641 2193 4089 
12565 2480 2224 2520 
12566 4729 5492 7726 
12567 1673 1671 8020 
12568 3470 5657 5658 
12569 4740 3088 7936 
12570 2842 1220 3039 
12571 806 805 807 
12572 6741 838 8591 
12573 1247 1248 1251 
12574 4780 1075 7989 
12575 1154 2879 7882 
12576 905 904 926 
12577 4675 4976 5229 
12578 1403 1408 1430 
12579 2219 2215 7807 
12580 1774 1772 3602 
12581 934 931 7564 
12582 1481 1544 2922 
12583 243 242 530 
12584 340 341 531 
12585 1737 1736 3216 
12586 3101 3100 3413 
12587 3791 3793 8021 
12588 3546 4065 4113 
12589 3062 3061 3080 
12590 6035 5413 6036 
12591 3249 2927 3251 
12592 3901 3421 4298 
12593 3822 4936 4937 
12594 1927 1928 7918 
12595 12 13 470 
12596 96 97 471 
12597 4691 4690 7972 
12598 4857 5350 6272 
12599 894 888 2983 
12600 1217 1216 7915 
12601 650 649 652 
12602 2441 2445 2446 
12603 4761 2395 4762 
12604 1770 1768 3801 
12605 1471 1472 7953 
12606 653 652 655 
12607 7597 4678 7598 
12608 3385 3384 7871 
12609 1076 1075 1092 
12610 3631 2232 4086 
12611 911 910 7920 
12612 3827 3165 3828 
12613 8058 7363 8314 
12614 2233 2236 7727 
12615 4743 4075 5281 
12616 3523 2883 8030 
12617 3492 3493 4208 
12618 3265 1864 7653 
12619 7717 6180 8235 
12620 1105 1103 3148 
12621 2262 2263 7923 
12622 4090 4089 5358 
12623 5364 5362 6143 
12624 1282 1281 1309 
12625 2247 2250 7797 
12626 5836 5837 6151 
12627 1899 1901 1988 
12628 3392 2908 3393 
12629 3374 3372 3375 
12630 2447 2449 2450 
12631 1639 1384 7650 
12632 3626 3646 4313 
12633 4728 4729 7726 
12634 1993 2910 2911 
12635 1098 1094 1106 
12636 750 748 7701 
12637 4690 4686 5135 
12638 7042 4524 7326 
12639 2289 2292 7906 
12640 3590 3822 7905 
12641 2292 2712 3285 
12642 6160 4977 8751 
12643 713 710 7566 
12644 6428 4372 6429 
12645 1207 1206 7924 
12646 4185 4183 5398 
12647 1903 1905 3022 
12648 4763 4762 5376 
12649 2541 2540 3126 
12650 3742 4273 5248 
12651 3435 3005 3718 
12652 2994 2995 2996 
12653 2503 2240 2925 
12654 2692 921 4771 
12655 4667 4666 5821 
12656 1956 1958 7729 
12657 2719 1226 5222 
12658 4909 2958 7884 
12659 2528 2520 3099 
12660 529 6453 8798 
12661 2796 2794 7753 
12662 4618 3960 5210 
12663 1096 1091 1100 
12664 4902 4810 5991 
12665 2303 2306 7897 
12666 2756 1210 2957 
12667 3776 3369 4666 
12668 2879 1156 7861 
12669 917 914 2982 
12670 2926 2925 2927 
12671 3789 3718 3859 
12672 4962 4395 6058 
12673 3100 3099 3782 
12674 939 938 7929 
12675 4791 4790 4792 
12676 1909 1911 2948 
12677 9536 830 9612 
12678 4937 6243 7905 
12679 1931 1933 2974 
12680 2628 2630 2631 
12681 3580 3687 4450 
12682 1937 2108 4764 
12683 5081 4029 5672 
12684 6015 4583 6526 
12685 2906 2905 2907 
12686 5209 4086 5346 
12687 1206 1203 7584 
12688 3726 4272 5009 
12689 1439 1471 1584 
12690 3004 3691 8272 
12691 3061 1956 7729 
12692 873 870 8019 
12693 3662 4616 4857 
12694 2194 2203 7699 
12695 5408 1110 8199 
12696 6977 4926 7293 
12697 4879 2807 5133 
12698 3285 4748 7906 
12699 4566 5060 6437 
12700 1731 1730 3092 
12701 1928 1931 7918 
12702 2618 2620 2658 
12703 1647 1648 1704 
12704 2238 2240 2503 
12705 1934 1937 7975 
12706 684 683 7931 
12707 7532 4347 7533 
12708 2256 2258 2512 
12709 3406 3018 3546 
12710 2722 1232 5436 
12711 714 713 7938 
12712 4064 3902 5463 
12713 2244 2246 5204 
12714 5283 5781 5782 
12715 4802 4033 4803 
12716 610 608 3112 
12717 4560 5505 6090 
12718 5336 3970 7421 
12719 754 752 7742 
12720 1722 1665 3024 
12721 1202 1199 7583 
12722 4788 4784 7894 
12723 1578 1460 1580 
12724 5123 6140 8649 
12725 7642 5247 8097 
12726 5057 6145 7324 
12727 3614 3252 3979 
12728 2711 949 4774 
12729 2690 943 2977 
12730 4979 2985 7938 
12731 2263 2266 7923 
12732 1251 1252 1269 
12733 4150 5062 7998 
12734 2490 2488 7795 
12735 3042 3153 3497 
12736 1600 1654 2988 
12737 3642 2485 7807 
12738 6885 6887 8455 
12739 5660 6416 9546 
12740 3036 3231 3619 
12741 5790 4659 5955 
12742 888 884 7909 
12743 1510 1513 7951 
12744 4052 3601 4121 
12745 3948 3111 4455 
12746 2266 2268 2953 
12747 2924 2923 3018 
12748 1275 1276 1292 
12749 2922 1544 2923 
12750 1752 1751 3297 
12751 1358 1395 1447 
12752 1976 2001 2002 
12753 5204 2246 5205 
12754 724 723 7944 
12755 3216 1736 4807 
12756 4820 5568 7926 
12757 3081 3080 3082 
12758 879 3658 3659 
12759 646 644 7765 
12760 2771 4799 5908 
12761 4804 4803 5250 
12762 5471 5468 5678 
12763 4636 3297 4637 
12764 2220 2224 2480 
12765 3083 3082 3451 
12766 1506 1509 7858 
12767 3243 2995 3245 
12768 2230 2232 3631 
12769 1576 1577 7942 
12770 7605 2839 8109 
12771 4069 4806 4834 
12772 4658 3660 4659 
12773 4802 4803 4804 
12774 1335 1436 7913 
12775 4694 4679 7597 
12776 5879 9545 9599 
12777 697 694 7588 
12778 689 687 2975 
12779 1555 1643 8048 
12780 4953 3884 5175 
12781 3258 4200 8043 
12782 4804 5250 5600 
12783 4635 3297 4636 
12784 1516 1519 7865 
12785 2002 2010 2011 
12786 4194 3824 4969 
12787 1269 1270 1275 
12788 241 240 414 
12789 338 339 415 
12790 3315 3765 3766 
12791 4970 4455 5528 
12792 3048 3047 3344 
12793 6871 3873 7189 
12794 2259 2262 7860 
12795 4794 3869 5049 
12796 1500 1503 7950 
12797 3345 3344 3621 
12798 7775 5905 8243 
12799 1509 1510 7951 
12800 4309 6106 6107 
12801 3831 3832 3837 
12802 4109 3604 4908 
12803 1437 1393 3668 
12804 1938 1940 7735 
12805 1584 1471 5232 
12806 4446 7532 7534 
12807 6058 4395 8030 
12808 1239 1238 7945 
12809 5219 2844 5220 
12810 2960 2736 2961 
12811 3368 3366 3369 
12812 2415 2418 7687 
12813 1499 1500 7950 
12814 3782 3880 4941 
12815 4034 4621 5226 
12816 4937 4936 5666 
12817 2960 2961 2962 
12818 1523 1524 7955 
12819 5310 5328 7683 
12820 4710 3076 7682 
12821 2387 2391 8024 
12822 2966 2965 2968 
12823 3659 3658 3660 
12824 1524 1527 7955 
12825 4089 2193 7699 
12826 1544 1545 7961 
12827 3882 3585 4303 
12828 4200 5458 5459 
12829 5654 5652 5957 
12830 2186 2193 3641 
12831 1545 1548 7961 
12832 1654 1601 7698 
12833 2964 2965 2966 
12834 2510 2511 8350 
12835 3126 4789 4790 
12836 674 673 8050 
12837 3625 2927 8211 
12838 2984 2983 3419 
12839 3574 3308 4022 
12840 7694 8234 8560 
12841 5265 4581 5999 
12842 4738 2928 7800 
12843 2753 3140 7816 
12844 4658 4659 5790 
12845 4792 4793 5011 
12846 914 911 7920 
12847 5131 4298 5792 
12848 1119 1114 1132 
12849 3930 4320 4968 
12850 822 821 828 
12851 2902 2860 2903 
12852 1496 1499 7869 
12853 2685 703 2686 
12854 1933 1934 7975 
12855 2962 2963 2964 
12856 3624 1583 7618 
12857 3420 3419 4112 
12858 5326 5308 7683 
12859 679 677 4798 
12860 4133 4131 7833 
12861 943 939 7929 
12862 894 2983 2984 
12863 4810 4809 5168 
12864 2684 717 2985 
12865 5254 7795 8134 
12866 2904 2903 2905 
12867 8116 2502 8397 
12868 4290 3774 4291 
12869 2313 2315 7759 
12870 5338 4112 5339 
12871 2962 2961 2963 
12872 2627 2626 2628 
12873 3279 3277 4824 
12874 2307 2309 7754 
12875 4764 2108 4765 
12876 3790 4203 4204 
12877 2964 2963 2965 
12878 3659 3660 4658 
12879 5885 4192 5886 
12880 1245 1242 3044 
12881 3062 3080 3081 
12882 6211 500 6293 
12883 1975 1981 7678 
12884 1254 1249 1258 
12885 4428 3820 5462 
12886 4017 4445 7957 
12887 4897 2987 7944 
12888 1416 1387 1417 
12889 7681 3182 8617 
12890 3283 3281 4024 
12891 4016 4017 7957 
12892 4137 5473 8021 
12893 4034 3854 4621 
12894 2910 1991 7719 
12895 526 356 7640 
12896 829 828 833 
12897 3620 2345 7854 
12898 2974 1933 3439 
12899 2878 3566 7810 
12900 2109 727 2987 
12901 4428 5462 5868 
12902 2594 3912 7671 
12903 5604 8879 8972 
12904 673 671 2993 
12905 2953 7612 7923 
12906 3285 2712 3286 
12907 2512 2258 2856 
12908 7016 6265 8649 
12909 4937 5666 6242 
12910 2675 4859 7672 
12911 6742 6006 9643 
12912 668 667 7958 
12913 1469 1483 1715 
12914 1513 1515 3379 
12915 4332 5034 6044 
12916 3040 3039 3041 
12917 2383 2387 8024 
12918 4808 4807 4809 
12919 883 880 7872 
12920 4512 4510 7760 
12921 3022 1905 5227 
12922 3070 1303 7913 
12923 1484 1487 7876 
12924 1493 1495 1641 
12925 2984 3419 3420 
12926 1503 1505 2986 
12927 3955 6359 6360 
12928 1527 1631 2990 
12929 2924 3018 3406 
12930 5057 7324 8032 
12931 1193 1189 1319 
12932 155 154 8099 
12933 2469 2891 2994 
12934 3022 5227 7610 
12935 2803 733 4778 
12936 4351 3895 5345 
12937 4456 4020 5355 
12938 1294 1152 7882 
12939 3145 3041 3225 
12940 3198 3258 8043 
12941 834 833 890 
12942 5059 3859 5061 
12943 3463 2982 5703 
12944 727 724 7944 
12945 1309 1281 3299 
12946 3723 3721 4695 
12947 1528 1530 7740 
12948 3420 4112 5338 
12949 3760 3225 4020 
12950 1335 1304 1336 
12951 3654 2914 4075 
12952 4886 4765 6038 
12953 919 7202 8722 
12954 4141 5813 5814 
12955 975 972 7904 
12956 2948 1911 2949 
12957 2881 5072 7940 
12958 917 2982 3463 
12959 1303 1280 1304 
12960 6764 3846 6765 
12961 655 652 1716 
12962 2889 3314 3315 
12963 3285 3286 4025 
12964 4147 4961 5231 
12965 1906 1909 7985 
12966 3901 4298 5131 
12967 2356 2380 7836 
12968 2167 2174 8042 
12969 2223 8171 8259 
12970 1210 1207 7924 
12971 2293 2295 7755 
12972 3081 3082 3083 
12973 717 714 7938 
12974 5248 4273 5249 
12975 2692 4771 7286 
12976 3771 3439 4074 
12977 4950 4637 4986 
12978 5783 4986 5784 
12979 4781 4782 7894 
12980 5029 5986 8548 
12981 6385 6383 8423 
12982 4379 4074 5174 
12983 1590 1594 7734 
12984 4707 3815 4805 
12985 2842 3039 3040 
12986 2922 2923 2924 
12987 4025 3286 4026 
12988 4054 3728 4055 
12989 2381 2372 8011 
12990 3234 3486 3881 
12991 2407 2409 7800 
12992 2719 5222 5475 
12993 7809 7271 8342 
12994 2948 2949 2950 
12995 5306 5326 7700 
12996 3632 2496 7795 
12997 3489 3491 7763 
12998 1420 739 4779 
12999 1279 1272 1280 
13000 2988 2989 3150 
13001 1961 1962 8155 
13002 2950 2951 3410 
13003 3150 3568 3824 
13004 3514 3512 7796 
13005 2269 2272 7997 
13006 6020 5656 6021 
13007 2225 2227 8040 
13008 898 895 7881 
13009 2857 2856 2858 
13010 2108 1938 7735 
13011 2953 2268 2954 
13012 3014 2956 3042 
13013 2092 2095 8039 
13014 4321 4332 8000 
13015 1912 1915 7886 
13016 3766 3765 3934 
13017 2974 3439 3771 
13018 5408 9399 9604 
13019 4412 4413 4543 
13020 3463 5703 6170 
13021 3384 2858 3386 
13022 4764 4765 4886 
13023 3919 3386 3920 
13024 4699 3920 5177 
13025 4445 6307 6308 
13026 3585 3575 8006 
13027 9363 5696 9593 
13028 2690 2977 2978 
13029 4597 7834 8038 
13030 2950 2949 2951 
13031 5552 4662 5992 
13032 5127 5126 9004 
13033 1308 1307 1330 
13034 3771 4074 4379 
13035 7176 7177 8135 
13036 4202 5876 5877 
13037 2520 8293 8331 
13038 1273 1266 1702 
13039 1136 1126 1137 
13040 3410 2951 3519 
13041 5601 5600 9383 
13042 2955 2954 2956 
13043 2512 2856 2857 
13044 3175 2354 7836 
13045 2990 1631 2991 
13046 1674 1604 3075 
13047 662 661 8029 
13048 1220 1217 7915 
13049 3760 4020 4456 
13050 5497 4317 7974 
13051 4414 4626 6207 
13052 5455 4055 5457 
13053 1271 1258 1272 
13054 2450 2451 2860 
13055 5325 5304 7700 
13056 4720 4722 8026 
13057 3040 3041 3145 
13058 1584 5232 7870 
13059 2926 2927 3249 
13060 2978 2977 2979 
13061 6143 5362 8009 
13062 4866 4818 7926 
13063 661 659 1074 
13064 2986 1505 3212 
13065 3919 3920 4699 
13066 2711 4774 5074 
13067 2857 2858 3384 
13068 6509 6511 8937 
13069 3384 3386 3919 
13070 4968 4320 6039 
13071 2453 2455 2460 
13072 2722 5436 5997 
13073 2955 2956 3014 
13074 4086 2232 7727 
13075 2446 6635 8313 
13076 3574 4022 4769 
13077 1905 1906 7985 
13078 2980 2979 2981 
13079 3379 1515 3380 
13080 3145 3225 3760 
13081 3948 4455 4970 
13082 1072 747 3656 
13083 3662 3245 3663 
13084 1101 1100 1120 
13085 3758 3756 4381 
13086 5074 4774 5235 
13087 4320 4321 8000 
13088 2918 3111 3948 
13089 2345 2347 7854 
13090 2958 2957 2959 
13091 1641 1495 2855 
13092 1242 1239 7945 
13093 2756 2957 2958 
13094 4126 3422 7770 
13095 6116 5380 6117 
13096 2268 2269 7997 
13097 1182 1178 1195 
13098 2978 2979 2980 
13099 1631 1528 7740 
13100 2174 2186 8042 
13101 2909 2907 8046 
13102 2980 2981 3054 
13103 3492 4208 4822 
13104 946 944 7762 
13105 1715 1483 2859 
13106 3378 3376 7707 
13107 2953 2954 2955 
13108 3217 2959 3437 
13109 1577 1600 7942 
13110 4105 5145 7855 
13111 952 950 7769 
13112 2702 2700 8058 
13113 5452 5453 8201 
13114 1271 7654 7954 
13115 720 718 7764 
13116 4078 3336 7969 
13117 1589 1689 4814 
13118 2992 2991 3322 
13119 782 3034 4801 
13120 5610 5609 8119 
13121 927 926 964 
13122 3676 3814 4157 
13123 3346 3322 3843 
13124 736 734 8056 
13125 2707 2710 7791 
13126 1380 1382 7768 
13127 2001 1972 7761 
13128 730 728 8054 
13129 1013 1010 8060 
13130 2988 1654 2989 
13131 4801 4978 4995 
13132 5378 3274 5379 
13133 4616 3663 4617 
13134 3150 2989 3568 
13135 4690 5135 5474 
13136 5602 5133 6498 
13137 5427 8263 8552 
13138 3575 3574 8006 
13139 1689 1590 7734 
13140 2023 2024 3226 
13141 4769 5200 6245 
13142 4814 1689 4815 
13143 2321 2323 7790 
13144 3032 3030 7818 
13145 744 742 8065 
13146 2120 2117 7828 
13147 4776 5380 6116 
13148 4060 3380 4061 
13149 3213 3212 3737 
13150 921 918 8001 
13151 3217 3437 3884 
13152 3861 3737 4141 
13153 2901 843 7741 
13154 3126 4791 7667 
13155 1134 1129 1321 
13156 3741 3739 3810 
13157 2958 2959 3217 
13158 2765 3338 7617 
13159 4415 3621 4416 
13160 7329 8007 8206 
13161 1398 1429 7774 
13162 3194 2855 3341 
13163 2736 2307 7754 
13164 3768 4402 4882 
13165 4833 4832 5616 
13166 3386 8648 8721 
13167 2109 2987 3163 
13168 3785 1386 5055 
13169 1411 1390 1418 
13170 3690 4040 4373 
13171 2514 2675 7672 
13172 4043 3375 4832 
13173 3670 3341 4160 
13174 3841 4274 7776 
13175 4801 3034 4978 
13176 4769 4022 5200 
13177 845 2901 7747 
13178 4707 4805 5909 
13179 5902 4160 5903 
13180 8054 2109 8224 
13181 2503 2925 2926 
13182 5615 4707 8008 
13183 2684 2985 3443 
13184 3443 2985 3444 
13185 1176 1172 3025 
13186 1327 1325 1374 
13187 1213 1211 7780 
13188 4131 2859 4132 
13189 3848 3836 3849 
13190 4750 2860 8034 
13191 2803 4778 5545 
13192 2687 2686 2688 
13193 2844 2313 7759 
13194 2480 2520 2528 
13195 4092 3444 4093 
13196 4351 5345 5725 
13197 2712 2293 7755 
13198 1420 4779 5109 
13199 3074 2733 8057 
13200 3910 4150 4864 
13201 5401 2882 7935 
13202 3471 3209 8071 
13203 1223 1221 7777 
13204 7204 3952 8375 
13205 3163 2987 3595 
13206 2735 3105 7801 
13207 2976 5065 7965 
13208 4389 5966 8287 
13209 493 155 8099 
13210 2528 3099 3100 
13211 1554 1146 7930 
13212 772 770 3028 
13213 3166 1678 3603 
13214 4816 4815 4817 
13215 4820 4819 5411 
13216 2685 2686 2687 
13217 3330 3332 7814 
13218 2597 2600 7798 
13219 2585 2758 8064 
13220 4404 3595 4405 
13221 2689 2688 3234 
13222 8306 6340 8365 
13223 5163 4405 5481 
13224 1144 1554 7982 
13225 768 765 1121 
13226 706 704 7781 
13227 5289 3710 7842 
13228 3631 4086 5209 
13229 2874 2876 7837 
13230 763 761 3050 
13231 3641 4089 4090 
13232 1072 3656 3815 
13233 2409 2412 7800 
13234 2976 2975 3098 
13235 3163 3595 4404 
13236 4864 4150 4865 
13237 4995 4978 6125 
13238 687 684 7931 
13239 918 917 8001 
13240 2990 2991 2992 
13241 5877 5876 6283 
13242 4818 4817 4819 
13243 4404 4405 5163 
13244 1641 2855 3194 
13245 3443 3444 4092 
13246 5163 5481 5482 
13247 1254 1258 1271 
13248 2624 2626 2627 
13249 1303 1304 1335 
13250 3001 3433 3434 
13251 1715 2859 4131 
13252 2501 2499 7874 
13253 1335 1336 1393 
13254 1279 1280 1303 
13255 4822 5113 6095 
13256 1170 1168 1175 
13257 2992 3322 3346 
13258 3815 3656 7868 
13259 1316 847 7747 
13260 3192 3193 8018 
13261 5109 4779 5797 
13262 238 237 480 
13263 335 336 481 
13264 5909 4805 5910 
13265 4131 4132 5201 
13266 3078 3689 3690 
13267 3312 3098 3867 
13268 4424 4421 7799 
13269 3194 3341 3670 
13270 1271 1272 1279 
13271 1229 1227 7793 
13272 5464 7298 8873 
13273 3670 4160 5902 
13274 6478 6464 8154 
13275 3379 3380 4060 
13276 5891 4798 5892 
13277 967 962 7803 
13278 5490 4887 6413 
13279 3434 3433 3971 
13280 4099 3867 4887 
13281 2986 3212 3213 
13282 4731 3893 7725 
13283 1623 1626 1717 
13284 2986 7641 7950 
13285 3287 2993 3288 
13286 3507 3299 4103 
13287 2907 2908 3392 
13288 3455 3457 7835 
13289 7520 3330 7814 
13290 2785 2704 7825 
13291 2687 2688 2689 
13292 2928 2407 7800 
13293 3213 3737 3861 
13294 4954 5804 8069 
13295 1750 3169 3170 
13296 689 2975 2976 
13297 1719 3110 3199 
13298 2718 3924 7725 
13299 777 775 779 
13300 6784 6783 8782 
13301 7277 98 7501 
13302 2478 2479 8003 
13303 748 1072 7701 
13304 5456 5455 5794 
13305 1332 1333 1349 
13306 3909 3288 3910 
13307 4399 4398 4657 
13308 3596 5408 7974 
13309 2431 3750 7916 
13310 7757 2638 8115 
13311 2466 2468 2469 
13312 4364 4477 7792 
13313 1349 1350 1399 
13314 664 662 7786 
13315 5371 3075 5996 
13316 4121 3601 4992 
13317 782 780 3034 
13318 3379 4891 7951 
13319 5343 8265 8424 
13320 3296 3728 4054 
13321 3972 3971 5268 
13322 797 799 3868 
13323 944 2690 7762 
13324 3424 3244 3797 
13325 950 2711 7769 
13326 3422 3901 7770 
13327 54 469 8189 
13328 1647 1704 4082 
13329 2900 3123 7805 
13330 2384 2379 8123 
13331 864 968 7721 
13332 1198 1194 7940 
13333 1148 1147 1149 
13334 1820 1822 7839 
13335 4377 4826 7952 
13336 1730 1720 3644 
13337 3848 3849 4071 
13338 1193 1319 2881 
13339 4820 5411 5567 
13340 3941 3943 8068 
13341 1166 1164 3683 
13342 3790 4204 8048 
13343 891 890 7820 
13344 1316 6957 8324 
13345 626 624 8241 
13346 2446 2447 7772 
13347 4814 4815 4816 
13348 1965 1967 7941 
13349 3450 3416 3754 
13350 1301 1302 1310 
13351 1597 1449 5348 
13352 1532 1536 8080 
13353 604 602 830 
13354 1816 1818 7848 
13355 1078 1076 7808 
13356 1674 3075 5371 
13357 788 783 8049 
13358 3392 3393 3869 
13359 4409 4612 7895 
13360 3370 3369 3776 
13361 7793 2719 8231 
13362 728 2109 8054 
13363 1763 1761 7812 
13364 1973 7678 7761 
13365 5263 7874 8178 
13366 4882 5208 5859 
13367 3321 4139 7811 
13368 237 236 7867 
13369 4818 4819 4820 
13370 1681 1679 7785 
13371 1717 1718 1719 
13372 642 1448 7625 
13373 3216 4807 4808 
13374 3868 799 5460 
13375 2462 2464 2465 
13376 4816 4817 4818 
13377 679 4798 5891 
13378 1146 1145 1147 
13379 5609 7794 8119 
13380 1010 1009 8060 
13381 524 257 7674 
13382 355 526 7676 
13383 4808 4809 4810 
13384 1983 6784 8650 
13385 4683 4681 7832 
13386 671 668 7958 
13387 734 2803 8056 
13388 2341 2344 7898 
13389 1140 1074 1141 
13390 1160 1161 1162 
13391 4879 5602 8509 
13392 2736 7754 8216 
13393 4099 4887 5490 
13394 1331 1330 1351 
13395 233 232 7932 
13396 1158 1159 1160 
13397 673 2993 3287 
13398 1426 1392 7817 
13399 2124 2122 7866 
13400 718 2684 7764 
13401 3312 3867 4099 
13402 2976 3098 3312 
13403 1958 1961 7729 
13404 3946 4161 4324 
13405 1156 1157 1158 
13406 2881 1319 3136 
13407 4725 7605 8109 
13408 4678 4148 8014 
13409 4499 7993 8012 
13410 1227 2719 7793 
13411 2916 866 7721 
13412 2881 3136 3274 
13413 6992 6993 8502 
13414 4636 4637 4950 
13415 8096 6567 8972 
13416 3740 3741 3925 
13417 6060 5158 8360 
13418 4374 3192 4760 
13419 3837 3832 8133 
13420 5169 4809 8295 
13421 1260 1257 7826 
13422 1148 1149 1150 
13423 1154 1155 1156 
13424 6150 6077 6167 
13425 1142 1141 1143 
13426 1211 2756 7780 
13427 3773 4036 4170 
13428 5696 4760 5697 
13429 1351 1330 1355 
13430 1221 2842 7777 
13431 3366 3365 7750 
13432 5536 4530 8871 
13433 3735 3603 4361 
13434 1144 1143 1145 
13435 3292 3294 3863 
13436 1282 1309 7592 
13437 1146 1147 1148 
13438 704 2685 7781 
13439 2524 2523 2525 
13440 2485 2219 7807 
13441 1352 1351 1406 
13442 330 331 7934 
13443 1597 5349 5817 
13444 2889 3298 3314 
13445 2340 2341 7898 
13446 4148 4147 8014 
13447 3434 3971 3972 
13448 4950 4986 5783 
13449 3326 3325 8085 
13450 2496 2490 7795 
13451 2425 2427 7916 
13452 3287 3288 3909 
13453 2338 5223 7947 
13454 3166 3603 3735 
13455 2519 2516 7901 
13456 501 6224 6285 
13457 1152 1153 1154 
13458 3909 3910 7873 
13459 236 235 532 
13460 333 334 533 
13461 4864 4865 5585 
13462 562 201 9638 
13463 701 698 8107 
13464 3678 1255 7954 
13465 40 465 8266 
13466 3972 5268 5270 
13467 693 690 7965 
13468 2354 2356 7836 
13469 3902 3455 7835 
13470 3813 3810 3819 
13471 1442 1449 1450 
13472 3648 1142 7982 
13473 4082 4821 5329 
13474 3255 2878 7810 
13475 7777 2842 8223 
13476 606 604 7976 
13477 1322 1321 3078 
13478 1310 1311 8047 
13479 3939 3314 7885 
13480 485 121 8570 
13481 3829 3828 3830 
13482 7650 1398 7774 
13483 841 7428 7741 
13484 4822 4208 5113 
13485 1309 3299 3507 
13486 1144 1145 1146 
13487 1181 1185 1630 
13488 815 925 4964 
13489 3813 5089 5090 
13490 965 964 1050 
13491 4184 5476 7966 
13492 3199 3110 3492 
13493 3376 3375 4043 
13494 6165 6645 9278 
13495 2023 3226 3227 
13496 8186 4881 8285 
13497 2432 2434 7935 
13498 4478 4848 6175 
13499 877 873 8019 
13500 1678 1675 8045 
13501 3879 3875 5428 
13502 661 1074 1140 
13503 3507 4103 4104 
13504 1286 1284 7830 
13505 1150 1151 1152 
13506 4204 5805 7234 
13507 5698 5696 9363 
13508 1719 1718 3110 
13509 791 788 3020 
13510 3252 3054 7981 
13511 3907 3908 4928 
13512 255 254 8152 
13513 7182 7509 8218 
13514 4667 5821 5822 
13515 3567 3089 8565 
13516 7269 6404 8663 
13517 3776 4666 4667 
13518 6095 5113 7372 
13519 797 795 799 
13520 4849 5129 8118 
13521 3783 3099 8331 
13522 4361 6695 9498 
13523 1717 1626 1718 
13524 698 697 8107 
13525 7552 4627 8186 
13526 1662 1659 1698 
13527 1603 1607 7857 
13528 783 782 8049 
13529 235 234 7899 
13530 5205 2246 7797 
13531 4717 4691 7972 
13532 3710 3980 7842 
13533 2541 3126 7667 
13534 2535 2533 7896 
13535 1940 1943 7735 
13536 4076 2513 7874 
13537 7179 2509 8372 
13538 3078 4768 8053 
13539 4510 4589 7760 
13540 1150 1149 1151 
13541 4850 4852 5157 
13542 2347 2350 7854 
13543 1811 1814 7893 
13544 1140 1141 1142 
13545 3069 750 7701 
13546 1615 1617 7850 
13547 1142 1143 1144 
13548 4085 1418 5044 
13549 2244 5204 7910 
13550 984 982 7892 
13551 990 988 7902 
13552 3251 3626 7971 
13553 1531 1529 8150 
13554 5410 4833 5660 
13555 1675 1674 8045 
13556 2887 2888 2889 
13557 3412 4772 7816 
13558 4491 5063 8142 
13559 1373 1369 7878 
13560 2333 2335 7947 
13561 3566 5127 7810 
13562 719 2076 8122 
13563 5955 4659 7788 
13564 471 97 7277 
13565 988 2773 7902 
13566 3190 3192 4374 
13567 4054 4055 5455 
13568 4964 925 4965 
13569 600 598 3015 
13570 2769 8026 8104 
13571 2937 2940 7809 
13572 2655 2769 8104 
13573 3704 3702 8127 
13574 3148 6899 8476 
13575 1092 4783 7808 
13576 6410 5021 9733 
13577 2309 2312 7754 
13578 2315 2318 7759 
13579 4708 7673 8097 
13580 4981 4512 7760 
13581 3716 3527 7877 
13582 1530 3002 7740 
13583 4944 4070 7979 
13584 5494 5879 9599 
13585 4081 6286 9308 
13586 3218 3219 8341 
13587 3553 3127 8447 
13588 4119 8829 8863 
13589 2213 2484 8102 
13590 7632 7659 8098 
13591 5374 4856 8047 
13592 511 57 8203 
13593 1120 7658 7983 
13594 1135 3447 7980 
13595 3227 3946 3947 
13596 1140 3648 8029 
13597 3517 3556 8101 
13598 6663 6664 8159 
13599 4582 3489 7763 
13600 3564 2874 7837 
13601 3640 2961 8216 
13602 1679 3166 7785 
13603 3798 3797 4661 
13604 3142 1777 8766 
13605 7556 4664 8171 
13606 3360 2753 7816 
13607 58 413 8203 
13608 2295 2298 7755 
13609 234 233 416 
13610 331 332 417 
13611 1481 2922 7953 
13612 6650 1977 9748 
13613 3651 4394 7936 
13614 5668 8808 8921 
13615 7598 4678 8014 
13616 1802 1771 8797 
13617 7673 2402 8097 
13618 3344 3047 4921 
13619 4226 4243 8406 
13620 1594 2776 7734 
13621 3158 1733 3159 
13622 982 2771 7892 
13623 2947 3389 8273 
13624 2861 2333 7947 
13625 3095 3753 8140 
13626 1152 1151 1153 
13627 3558 6038 9003 
13628 2027 2854 7862 
13629 546 6121 9096 
13630 4082 1704 4821 
13631 5154 5599 9023 
13632 3491 3589 7763 
13633 1955 3062 7880 
13634 4054 5456 8100 
13635 3163 5130 8224 
13636 2095 3580 8039 
13637 752 3069 7742 
13638 4121 4992 4993 
13639 1154 1153 1155 
13640 3835 3834 3836 
13641 3738 3739 3740 
13642 7720 5051 8428 
13643 3140 3412 7816 
13644 1419 1418 4085 
13645 978 976 7917 
13646 3512 4280 7796 
13647 1156 1155 1157 
13648 6292 2947 8273 
13649 1158 1157 1159 
13650 1160 1159 1161 
13651 256 407 7674 
13652 408 354 7676 
13653 1162 1161 1174 
13654 677 674 8050 
13655 1937 4764 7975 
13656 3315 3314 3765 
13657 2638 2669 8115 
13658 6536 1793 9758 
13659 1725 1723 7883 
13660 1247 1251 1253 
13661 232 231 7933 
13662 230 229 8005 
13663 5329 4821 5330 
13664 6395 6396 8245 
13665 6865 4467 8254 
13666 2215 2213 8102 
13667 2450 2902 7772 
13668 7596 2891 8116 
13669 4671 3514 7796 
13670 6695 5371 9613 
13671 3571 2999 8096 
13672 3835 3836 3848 
13673 802 798 7831 
13674 2885 2887 4057 
13675 3962 3841 7776 
13676 2018 1731 8111 
13677 4612 4614 7946 
13678 1062 1061 1069 
13679 1324 3011 3561 
13680 4958 4974 5637 
13681 1909 2948 7985 
13682 3298 2888 8090 
13683 2876 3255 7837 
13684 3631 5261 8040 
13685 4771 921 8001 
13686 3583 1380 7768 
13687 3237 7775 8243 
13688 4416 3621 5196 
13689 2111 1024 8356 
13690 1348 1340 1462 
13691 1732 1660 1733 
13692 4749 2929 7900 
13693 874 7407 8758 
13694 757 754 7742 
13695 5398 4183 7966 
13696 1084 1083 1093 
13697 949 946 7762 
13698 2573 3387 3388 
13699 3068 3596 3597 
13700 2421 2428 7900 
13701 955 952 7769 
13702 5087 4603 8700 
13703 879 3659 7872 
13704 1656 1538 1660 
13705 733 730 8054 
13706 739 736 8056 
13707 1324 1292 3011 
13708 1216 1213 7780 
13709 5445 5446 8426 
13710 3002 1532 8080 
13711 5230 4844 5912 
13712 10 11 7420 
13713 7175 4533 8207 
13714 821 816 8112 
13715 807 805 3063 
13716 5150 4126 7770 
13717 1382 1639 7768 
13718 3040 3639 8223 
13719 2327 2329 7956 
13720 4696 4695 5565 
13721 1275 1292 1324 
13722 2323 2326 7790 
13723 742 7479 8065 
13724 9046 2384 9121 
13725 402 6355 9526 
13726 5253 8102 8304 
13727 2545 2543 7943 
13728 596 594 916 
13729 3537 7299 9717 
13730 2710 4566 7791 
13731 2486 2521 8134 
13732 3561 3011 3562 
13733 3960 2702 8058 
13734 2996 2995 3243 
13735 1226 1223 7777 
13736 723 720 7764 
13737 1429 1467 7774 
13738 5947 5949 8473 
13739 1017 1318 7939 
13740 2472 2474 2502 
13741 3027 7046 8876 
13742 637 7198 8732 
13743 2292 3285 7906 
13744 1536 1589 8080 
13745 2524 2529 3738 
13746 4274 5779 7776 
13747 3008 1019 7939 
13748 894 2984 7881 
13749 2107 2105 8137 
13750 5283 4843 5781 
13751 4243 7380 8593 
13752 4842 3693 4844 
13753 4043 5410 7707 
13754 6226 6222 8997 
13755 3538 6559 8183 
13756 2856 2258 7860 
13757 3822 4937 7905 
13758 4069 4834 7979 
13759 5180 4078 7969 
13760 2929 2420 7900 
13761 7596 8116 8397 
13762 5669 5670 9469 
13763 5530 9436 9500 
13764 2306 2960 7897 
13765 2192 2124 7866 
13766 5594 5488 8588 
13767 2600 3962 7798 
13768 3597 4317 4318 
13769 477 374 8467 
13770 3243 3245 3662 
13771 4303 3585 8006 
13772 3680 1100 8007 
13773 5779 4364 7792 
13774 3924 2107 8137 
13775 6522 6523 9609 
13776 2919 2144 8198 
13777 3597 3596 4317 
13778 4914 7188 8656 
13779 2075 1939 8147 
13780 2882 2432 7935 
13781 1076 1092 7808 
13782 6056 9515 9672 
13783 2420 2421 7900 
13784 747 744 8065 
13785 962 2915 7803 
13786 644 7625 7765 
13787 2950 3655 8278 
13788 5152 5893 5894 
13789 4884 6686 8182 
13790 709 706 7781 
13791 3332 3454 7814 
13792 4658 5790 7838 
13793 3308 3074 8057 
13794 5573 3925 5574 
13795 3105 3327 7801 
13796 4043 4832 4833 
13797 815 811 925 
13798 1627 1629 7887 
13799 4895 5960 8140 
13800 976 2918 7917 
13801 2949 1911 7886 
13802 3161 3188 3951 
13803 1232 1229 7793 
13804 1103 1101 7983 
13805 1739 1737 7925 
13806 7899 7875 9669 
13807 3457 3460 7835 
13808 4421 6048 7799 
13809 2983 888 7909 
13810 2533 2790 7896 
13811 5184 5392 5397 
13812 971 967 7803 
13813 2571 2570 2572 
13814 6434 6492 9544 
13815 1405 1377 3049 
13816 4600 2900 7805 
13817 3606 2120 7828 
13818 3212 1505 7858 
13819 1931 2974 7918 
13820 2936 2933 7959 
13821 2332 4773 7956 
13822 2352 3175 8179 
13823 5366 4837 8275 
13824 4332 6044 8000 
13825 3124 3871 3872 
13826 4318 5495 5496 
13827 3380 1515 7865 
13828 4280 3471 8071 
13829 2379 2383 8123 
13830 3744 3267 3745 
13831 4318 4317 5495 
13832 5873 4424 7799 
13833 2994 2891 2995 
13834 1021 3008 7937 
13835 3068 1110 3596 
13836 1091 1086 8007 
13837 2669 2885 8115 
13838 3971 3433 7855 
13839 353 408 7675 
13840 2469 2470 2891 
13841 2266 2953 7923 
13842 1070 1069 1083 
13843 890 1110 3068 
13844 3408 3032 7818 
13845 2855 1495 7869 
13846 4443 4441 7914 
13847 4016 7164 8516 
13848 2359 7552 8186 
13849 3556 4478 8101 
13850 3669 3158 3693 
13851 2465 2466 7806 
13852 1445 1444 1538 
13853 3641 5259 8042 
13854 3227 3226 3946 
13855 9611 5812 9780 
13856 5526 5527 9269 
13857 8351 7472 8416 
13858 4583 2785 7825 
13859 4681 4694 7832 
13860 2844 7759 8248 
13861 2859 1483 7876 
13862 1575 1650 1686 
13863 3392 4794 8046 
13864 1390 1389 7782 
13865 4939 4990 5176 
13866 2982 914 7920 
13867 4477 5583 7792 
13868 4439 4437 7912 
13869 2122 3606 7866 
13870 2888 3484 8090 
13871 4857 4616 5350 
13872 5092 3707 8127 
13873 2227 2230 8040 
13874 3111 975 7904 
13875 3123 3598 7805 
13876 3292 3863 8018 
13877 2365 2367 8194 
13878 3661 2532 7901 
13879 2513 2501 7874 
13880 1513 3379 7951 
13881 1430 1431 1476 
13882 3943 4202 8068 
13883 7262 7261 8172 
13884 4200 5459 8043 
13885 4804 5601 8292 
13886 53 54 8189 
13887 3362 2909 8046 
13888 7093 5497 9595 
13889 4784 4781 7894 
13890 3598 3321 7811 
13891 4374 4760 5696 
13892 2977 943 7929 
13893 1761 3949 7812 
13894 797 3868 7831 
13895 2447 2450 7772 
13896 1723 3108 7883 
13897 3630 4175 4892 
13898 1527 2990 7955 
13899 5014 6893 8764 
13900 7298 1052 8225 
13901 98 99 7501 
13902 2931 4749 7959 
13903 4139 5945 7811 
13904 1476 1477 1572 
13905 1503 2986 7950 
13906 478 6511 9487 
13907 3277 1763 7812 
13908 6898 6897 9331 
13909 649 646 7765 
13910 2142 2197 8198 
13911 3147 2972 7967 
13912 7698 1603 7857 
13913 8018 3863 8234 
13914 3872 4558 4559 
13915 6409 5101 8016 
13916 4855 4856 4939 
13917 2516 7672 7901 
13918 527 352 7675 
13919 1392 3679 7817 
13920 2395 8264 8430 
13921 2052 7410 8451 
13922 1019 1017 7939 
13923 3831 3830 3832 
13924 2914 2327 7956 
13925 231 230 482 
13926 328 329 483 
13927 1257 3678 7826 
13928 7264 7556 8171 
13929 3039 1220 7915 
13930 5996 4391 9613 
13931 5224 2340 7898 
13932 667 664 7786 
13933 3052 1797 7963 
13934 4208 4209 8081 
13935 4686 4683 7832 
13936 2957 1210 7924 
13937 2924 3665 8274 
13938 4445 6308 7957 
13939 7883 3108 8295 
13940 1023 1021 7937 
13941 3384 3919 7871 
13942 1423 7802 8240 
13943 4059 3707 5092 
13944 8085 3325 8410 
13945 1684 1681 7785 
13946 6934 6935 8767 
13947 7124 4491 8291 
13948 1737 3216 7925 
13949 1045 1023 7937 
13950 6374 5584 9790 
13951 4895 5192 5960 
13952 7716 552 8949 
13953 2201 2188 8200 
13954 3030 3362 7818 
13955 3662 3663 4616 
13956 1539 1538 1656 
13957 4805 3815 7868 
13958 4690 5474 7972 
13959 2427 2431 7916 
13960 2488 2486 8134 
13961 2758 3955 8064 
13962 2987 727 7944 
13963 4939 4856 4990 
13964 2985 717 7938 
13965 1704 1705 8086 
13966 7659 6067 8098 
13967 3148 7983 8323 
13968 4085 5044 6435 
13969 2925 2240 7910 
13970 1600 2988 7942 
13971 1307 7541 8318 
13972 1710 3124 3125 
13973 1822 1994 7839 
13974 1748 1700 1749 
13975 1533 1426 7817 
13976 3907 4928 5258 
13977 4416 5196 6075 
13978 4232 8098 8191 
13979 5165 5164 8158 
13980 4374 5698 8145 
13981 1263 1260 7826 
13982 2383 8024 8123 
13983 1156 1158 7861 
13984 1292 1293 8105 
13985 1779 1794 8766 
13986 2933 2931 7959 
13987 1731 3092 8111 
13988 3694 3693 4842 
13989 2525 2527 8141 
13990 4232 7632 8098 
13991 4789 2540 7896 
13992 1064 1057 7989 
13993 3336 3411 3630 
13994 525 253 7703 
13995 7993 5177 8012 
13996 3256 1820 7839 
13997 1705 2023 8086 
13998 7808 7494 8164 
13999 828 821 3115 
14000 4766 987 7892 
14001 1293 1301 8105 
14002 3398 7551 8119 
14003 1818 3256 7848 
14004 1193 2881 7940 
14005 3044 1242 7945 
14006 4826 6541 7952 
14007 987 984 7892 
14008 3872 4559 4885 
14009 4855 1310 4856 
14010 3479 6402 9018 
14011 1254 1271 7954 
14012 993 990 7902 
14013 5652 5364 8023 
14014 2958 3217 7884 
14015 3102 1727 3173 
14016 689 2976 7965 
14017 2186 3641 8042 
14018 3603 1678 8045 
14019 7807 2215 8102 
14020 5238 7854 8179 
14021 1848 1850 8378 
14022 1301 1310 4855 
14023 120 119 8232 
14024 1592 1709 1710 
14025 3340 3339 8434 
14026 3817 9236 9395 
14027 2335 2338 7947 
14028 6432 4671 7796 
14029 4738 7800 8302 
14030 5232 1471 7953 
14031 3369 3366 7750 
14032 468 6975 9157 
14033 6782 2912 8936 
14034 1289 1286 7830 
14035 5701 9565 9611 
14036 1597 5348 5349 
14037 1607 1610 7857 
14038 1784 1792 7819 
14039 57 58 8203 
14040 592 590 3023 
14041 4806 3408 7818 
14042 4627 4629 8186 
14043 6094 3079 9281 
14044 5237 4934 8678 
14045 8104 5550 8165 
14046 4024 6581 9072 
14047 2907 3392 8046 
14048 6132 3200 6689 
14049 1311 1332 8047 
14050 1967 1976 7941 
14051 2451 2453 8034 
14052 4559 5351 5352 
14053 1617 1620 7850 
14054 2532 2519 7901 
14055 7266 896 8807 
14056 3303 1816 7848 
14057 816 815 8112 
14058 4642 7472 8351 
14059 4901 1127 8322 
14060 6266 1651 8217 
14061 5874 5875 6073 
14062 7387 7386 8483 
14063 2326 3654 7790 
14064 2434 2439 7935 
14065 2318 4761 7759 
14066 2456 6961 9665 
14067 5515 8156 8342 
14068 9251 7805 9580 
14069 4727 4725 8109 
14070 2358 2361 8212 
14071 5343 8062 8265 
14072 252 453 7703 
14073 3527 4593 7877 
14074 3832 3835 8133 
14075 2540 2535 7896 
14076 1442 1422 1449 
14077 2923 1544 7961 
14078 1776 1774 7962 
14079 2615 2613 8187 
14080 890 3068 7820 
14081 1152 1154 7882 
14082 3165 2595 7960 
14083 2975 687 7931 
14084 2505 2523 2524 
14085 5121 4409 7895 
14086 3731 3273 8255 
14087 4131 5201 7833 
14088 673 3287 8050 
14089 1457 1591 1592 
14090 7992 5177 7993 
14091 2402 7642 8097 
14092 7892 2771 8251 
14093 1657 1656 8144 
14094 7908 8471 9714 
14095 1107 1106 1116 
14096 3910 4864 7873 
14097 4412 4102 4413 
14098 132 426 8555 
14099 437 186 8704 
14100 2497 2506 8178 
14101 3679 1373 7878 
14102 5417 4413 5509 
14103 3137 3612 8013 
14104 1838 1840 8297 
14105 890 833 1110 
14106 3010 1028 8149 
14107 4669 3716 7877 
14108 588 586 1099 
14109 5835 5834 5836 
14110 7786 662 8029 
14111 1101 1120 7983 
14112 1636 2806 2807 
14113 5045 3509 8188 
14114 3454 4064 7814 
14115 453 251 7723 
14116 2225 8040 8293 
14117 7910 5204 8211 
14118 3439 1933 7975 
14119 443 289 8628 
14120 1303 1335 7913 
14121 3372 3370 7996 
14122 1814 3303 7893 
14123 6413 1587 9404 
14124 981 978 7917 
14125 1026 1045 8149 
14126 1773 6634 8797 
14127 5488 5486 8444 
14128 4837 4827 8089 
14129 1540 1458 3056 
14130 8927 7653 9216 
14131 1732 1733 3158 
14132 1962 1965 8155 
14133 225 224 8290 
14134 6462 5732 8154 
14135 5515 4712 8156 
14136 1349 1399 1401 
14137 4601 9500 9597 
14138 2558 2556 8197 
14139 4747 6858 9113 
14140 2312 5219 7754 
14141 2457 2435 8713 
14142 3336 3125 3411 
14143 2969 2966 7949 
14144 2854 3956 7862 
14145 3020 788 8049 
14146 1050 1052 1636 
14147 2993 671 7958 
14148 3979 3252 7981 
14149 6651 6650 9748 
14150 5620 5834 5835 
14151 3376 4043 7707 
14152 2329 2332 7956 
14153 1772 1770 8002 
14154 6555 9043 9058 
14155 3871 1709 8120 
14156 7118 4845 8233 
14157 4547 4545 5621 
14158 3658 877 8019 
14159 4818 4820 7926 
14160 228 227 427 
14161 325 326 428 
14162 1401 1456 1457 
14163 6778 6777 8881 
14164 2573 2572 2574 
14165 7473 2027 7862 
14166 7795 2488 8134 
14167 5352 5484 5993 
14168 1736 1725 7883 
14169 4799 981 7917 
14170 6987 6986 8563 
14171 6401 774 8843 
14172 407 255 8152 
14173 1284 7592 7830 
14174 5227 1905 7985 
14175 7316 5528 9625 
14176 2968 4802 7949 
14177 1325 1322 8053 
14178 1633 1585 1714 
14179 8973 524 9328 
14180 584 582 8132 
14181 2543 7667 7943 
14182 5258 4928 6309 
14183 8293 5261 8331 
14184 250 528 7723 
14185 661 1140 8029 
14186 3626 4313 7971 
14187 1656 1660 1732 
14188 4222 4223 8406 
14189 3800 4179 4451 
14190 2954 2268 7997 
14191 5119 5965 9025 
14192 6765 3846 7267 
14193 102 103 7487 
14194 1336 1345 7964 
14195 1057 3016 7989 
14196 1117 1116 1125 
14197 3740 3739 3741 
14198 2966 2968 7949 
14199 1094 1093 8025 
14200 4405 8622 8772 
14201 7142 4068 8803 
14202 3741 3810 3813 
14203 3948 5387 8298 
14204 1146 1148 7930 
14205 7747 2901 8089 
14206 7823 3640 8399 
14207 4865 4150 7998 
14208 917 3463 8001 
14209 4640 4642 8351 
14210 288 514 8628 
14211 7754 5219 8216 
14212 4778 8054 8224 
14213 7682 3026 8156 
14214 7538 2529 8141 
14215 1051 7890 8252 
14216 904 891 7820 
14217 1129 1124 8062 
14218 1028 1026 8149 
14219 7688 7689 8326 
14220 6039 4320 8000 
14221 5188 8768 8786 
14222 4278 1456 8125 
14223 4892 4175 5874 
14224 4026 5375 7978 
14225 6079 1655 9740 
14226 5701 4997 8161 
14227 1075 1064 7989 
14228 5836 6151 6152 
14229 3574 4769 8006 
14230 6294 6343 9829 
14231 3546 4113 7994 
14232 4842 4844 5230 
14233 254 525 8152 
14234 2860 2451 8034 
14235 5142 3957 8205 
14236 4796 4025 7977 
14237 2023 3227 8086 
14238 4160 8672 8756 
14239 4614 5936 7946 
14240 2537 2570 2571 
14241 7800 2412 8302 
14242 3832 3834 3835 
14243 4666 3369 7750 
14244 4402 3769 4403 
14245 1755 2043 3266 
14246 528 249 7743 
14247 568 566 4206 
14248 322 323 8088 
14249 2807 2806 3907 
14250 3630 3411 4175 
14251 5656 5654 8177 
14252 8933 5466 9364 
14253 5436 7793 8231 
14254 3129 2921 3130 
14255 4955 6295 8742 
14256 3327 4034 7801 
14257 5068 7758 8193 
14258 8373 4746 9794 
14259 1629 1647 7887 
14260 4794 5050 8146 
14261 1401 1399 1456 
14262 5091 8903 9030 
14263 4247 4237 8365 
14264 4179 3799 5018 
14265 5090 5089 5577 
14266 3406 3546 7994 
14267 4707 5909 8008 
14268 2395 2319 8264 
14269 3083 3451 7990 
14270 3580 4450 8039 
14271 4147 5231 8014 
14272 5222 1226 7777 
14273 3047 2018 8111 
14274 2981 3036 7986 
14275 7242 7241 9251 
14276 3085 3083 7990 
14277 4103 4776 7984 
14278 5717 5714 8847 
14279 6054 4699 7992 
14280 3832 3830 3834 
14281 3148 1103 7983 
14282 4760 8018 8234 
14283 6678 6677 9443 
14284 2499 2497 8178 
14285 7429 5226 8709 
14286 1981 1985 8059 
14287 3756 3199 7988 
14288 3241 2545 7943 
14289 3437 3930 7987 
14290 2466 2469 7806 
14291 3751 3406 7994 
14292 1751 1739 7925 
14293 3689 1321 8062 
14294 7509 2743 8218 
14295 1597 5817 8173 
14296 1591 4278 8120 
14297 1636 1052 2806 
14298 3623 3720 8749 
14299 2925 7910 8211 
14300 4843 4842 8175 
14301 5222 7777 8223 
14302 5016 5017 8227 
14303 4025 4026 7977 
14304 248 409 7743 
14305 5210 3960 8058 
14306 4824 6587 8850 
14307 324 325 8052 
14308 5352 5353 5484 
14309 4441 5592 7914 
14310 3249 3251 8022 
14311 8829 6930 8863 
14312 1457 1456 1591 
14313 3138 3137 8013 
14314 3612 4560 8013 
14315 5203 4643 8351 
14316 3336 3630 7969 
14317 2903 4750 8063 
14318 414 6513 8653 
14319 7428 2762 8458 
14320 3593 2969 7949 
14321 1418 1390 7782 
14322 5413 4443 7914 
14323 2222 2155 8335 
14324 4774 949 7762 
14325 1592 1591 1709 
14326 5436 1232 7793 
14327 2745 3638 8218 
14328 4760 3192 8018 
14329 5135 4686 7832 
14330 101 102 556 
14331 7 8 557 
14332 4262 4453 8312 
14333 1080 1078 8164 
14334 1710 1709 3124 
14335 4798 677 8050 
14336 5175 3884 7987 
14337 5486 5239 8337 
14338 4566 6437 7791 
14339 5732 7449 8154 
14340 5594 8588 8659 
14341 5592 4439 7912 
14342 4969 3824 8010 
14343 703 701 8190 
14344 7949 4802 8292 
14345 6037 2846 8708 
14346 1100 1091 8007 
14347 3370 3776 7996 
14348 4437 5856 7912 
14349 2686 703 8190 
14350 4699 5177 7992 
14351 6660 9670 9687 
14352 5026 5030 8821 
14353 1450 1449 1597 
14354 4961 3751 7994 
14355 4626 3685 8022 
14356 6526 4583 7825 
14357 3668 1393 7964 
14358 7983 7658 8323 
14359 6736 507 8778 
14360 4778 733 8054 
14361 3503 3085 7990 
14362 2524 2525 2529 
14363 5032 5036 5954 
14364 1142 1144 7982 
14365 3568 3742 8010 
14366 3054 2981 7986 
14367 1393 1336 7964 
14368 4779 739 8056 
14369 3172 3170 3645 
14370 6875 4740 8346 
14371 3782 4941 8041 
14372 8494 4770 8524 
14373 5743 5744 8438 
14374 3813 3819 5089 
14375 7917 2918 8298 
14376 1985 1993 8059 
14377 602 600 8051 
14378 3646 4087 8061 
14379 3824 3568 8010 
14380 3884 3437 7987 
14381 2469 2994 7806 
14382 3365 3147 7967 
14383 4664 5148 8171 
14384 2908 2905 8063 
14385 5632 8538 8791 
14386 4816 4866 8364 
14387 1589 4814 8080 
14388 3020 6074 9400 
14389 3100 3782 8041 
14390 119 438 8232 
14391 4022 3308 8057 
14392 5729 4270 8312 
14393 582 580 1320 
14394 7539 8141 8370 
14395 838 635 8732 
14396 5101 7549 8016 
14397 5512 5088 8066 
14398 8217 1651 9067 
14399 9399 5950 9604 
14400 7762 2690 8300 
14401 4534 5795 9817 
14402 3416 3378 8078 
14403 5221 5971 9137 
14404 3738 2529 3739 
14405 2972 3241 7967 
14406 3250 3686 8606 
14407 3115 821 8112 
14408 2385 2365 8194 
14409 1508 1507 8638 
14410 1424 1419 8036 
14411 7854 2350 8179 
14412 4129 3413 8041 
14413 1322 3078 8053 
14414 479 343 7767 
14415 4301 8466 8538 
14416 1732 3669 8144 
14417 3509 4738 8188 
14418 504 6613 8906 
14419 5099 8765 8879 
14420 8 9 7500 
14421 4712 4710 8156 
14422 4824 3277 7812 
14423 7895 4612 7946 
14424 4317 3596 7974 
14425 6047 2913 8998 
14426 4141 5814 8027 
14427 2035 6778 8782 
14428 3656 747 8065 
14429 3601 3052 7963 
14430 1427 1080 8164 
14431 4710 7682 8156 
14432 5256 7459 8479 
14433 2980 3055 8403 
14434 4543 4413 5417 
14435 3685 3249 8022 
14436 247 246 8246 
14437 3006 3435 3436 
14438 1432 1417 1443 
14439 5701 8161 9565 
14440 4807 1736 7883 
14441 226 225 534 
14442 323 324 535 
14443 7019 8427 8434 
14444 5282 4075 8317 
14445 3721 3624 8031 
14446 1572 1573 3003 
14447 2230 3631 8040 
14448 782 4801 8049 
14449 4192 3861 8027 
14450 5127 9004 9085 
14451 2885 4057 8115 
14452 4997 5587 8161 
14453 3742 5248 8010 
14454 641 643 8222 
14455 1412 1439 8074 
14456 7874 2499 8178 
14457 3036 3619 7986 
14458 7896 2790 8281 
14459 2181 6339 8885 
14460 3861 4141 8027 
14461 9 10 494 
14462 99 100 495 
14463 849 1316 8324 
14464 1999 2007 8180 
14465 5055 1386 8518 
14466 4087 5472 8061 
14467 5684 5685 9237 
14468 3251 7971 8022 
14469 6713 3543 8236 
14470 3593 7949 8292 
14471 8179 3175 8337 
14472 3492 4822 7988 
14473 1674 5371 8045 
14474 1395 1412 8073 
14475 2007 3138 8180 
14476 7981 3054 7986 
14477 7759 4761 8248 
14478 488 6095 9454 
14479 4202 5877 8068 
14480 8156 3026 8342 
14481 4882 4402 5208 
14482 7533 4347 8072 
14483 3338 3773 8084 
14484 7220 2483 8602 
14485 4122 5440 8571 
14486 3930 4968 7987 
14487 5364 6143 8023 
14488 4945 6563 7980 
14489 4347 4194 8072 
14490 3129 3799 3800 
14491 4104 4103 7984 
14492 2861 7947 8262 
14493 1093 1127 3749 
14494 3435 3718 3789 
14495 3199 3492 7988 
14496 7628 549 9129 
14497 4298 3421 8075 
14498 89 436 8479 
14499 1050 964 1052 
14500 5550 7775 8165 
14501 1345 1358 8082 
14502 701 8107 8190 
14503 8458 2762 8615 
14504 5938 5081 8079 
14505 1126 1125 8035 
14506 5379 3274 8037 
14507 5453 5739 8201 
14508 2453 2460 8034 
14509 7635 7631 8271 
14510 5543 4657 5544 
14511 1901 1903 8077 
14512 6003 8960 9319 
14513 2203 2220 8184 
14514 3151 3503 8075 
14515 8056 2803 8311 
14516 1400 1403 8215 
14517 3136 3676 8037 
14518 1419 4085 8036 
14519 7719 1999 8180 
14520 7459 88 8479 
14521 3768 3767 3769 
14522 3413 3100 8041 
14523 4313 3646 8061 
14524 598 596 8083 
14525 3955 6360 8064 
14526 7976 830 9536 
14527 1078 7808 8164 
14528 6024 4494 8769 
14529 1903 3022 8077 
14530 5957 5652 8023 
14531 1965 7941 8155 
14532 7678 1981 8059 
14533 3421 3151 8075 
14534 4766 7892 8251 
14535 4478 6175 8101 
14536 321 322 8138 
14537 5596 5594 8659 
14538 5582 6207 9567 
14539 5210 7412 8619 
14540 5886 4192 8027 
14541 3447 4945 7980 
14542 1430 1476 4916 
14543 7221 4638 8941 
14544 5751 6178 9719 
14545 5782 5781 6238 
14546 2350 2352 8179 
14547 4981 6407 8848 
14548 868 2916 8320 
14549 2144 2142 8198 
14550 5685 9153 9237 
14551 5002 4975 8705 
14552 3789 5059 5093 
14553 3375 3372 7996 
14554 1988 1901 8077 
14555 3401 3914 8452 
14556 1439 1584 8074 
14557 578 576 8124 
14558 3388 3387 3850 
14559 4940 9191 9206 
14560 478 244 7766 
14561 1795 1776 7962 
14562 3274 3136 8037 
14563 576 574 1581 
14564 6257 8934 9184 
14565 8040 5261 8293 
14566 8252 7890 8509 
14567 4988 6083 8646 
14568 5081 5672 8079 
14569 3820 3758 8087 
14570 1312 1137 1337 
14571 5288 7734 8129 
14572 5417 5509 7970 
14573 7790 5278 8264 
14574 3024 6493 9746 
14575 5231 4961 9321 
14576 4194 4969 8072 
14577 6858 4747 9097 
14578 7630 4232 8191 
14579 9228 6182 9246 
14580 3703 7680 8576 
14581 8134 2521 8386 
14582 1082 1427 8206 
14583 4381 3756 7988 
14584 3749 4041 4042 
14585 39 40 8266 
14586 1358 1447 8082 
14587 7536 2359 8285 
14588 413 7185 8114 
14589 1447 1395 8073 
14590 5905 5907 8243 
14591 2236 2238 8195 
14592 1774 3602 7962 
14593 8191 6071 8306 
14594 1686 1687 1754 
14595 81 463 8535 
14596 9150 4561 9215 
14597 4807 7883 8295 
14598 5540 3319 5541 
14599 6933 6934 8860 
14600 2380 2358 8212 
14601 1086 1082 8206 
14602 3169 1749 3767 
14603 1374 1325 8053 
14604 1653 1635 3167 
14605 2905 2903 8063 
14606 7214 4073 9792 
14607 4776 6116 7984 
14608 243 530 7766 
14609 1572 3003 3004 
14610 4123 5430 8594 
14611 6275 8519 8749 
14612 5654 5957 8177 
14613 4144 4719 5389 
14614 359 523 8421 
14615 6712 7316 9625 
14616 1750 1749 3169 
14617 5113 4208 8081 
14618 6347 4967 8687 
14619 3749 1127 4041 
14620 2470 2472 8116 
14621 5060 5947 8473 
14622 3467 3466 3468 
14623 2433 7283 8713 
14624 1301 4855 8105 
14625 1770 3801 8002 
14626 3662 4857 8130 
14627 3676 4157 8037 
14628 4832 3375 7996 
14629 3294 3296 8100 
14630 2571 2572 2573 
14631 7614 7613 8368 
14632 2220 2480 8184 
14633 2217 2201 8200 
14634 2128 6946 9753 
14635 1321 1129 8062 
14636 3602 1772 8002 
14637 7332 8039 8381 
14638 2238 2503 8195 
14639 5613 5614 9505 
14640 3789 3859 5059 
14641 6671 6672 8890 
14642 6021 5656 8177 
14643 3708 5289 8386 
14644 4856 1310 8047 
14645 1258 1249 8095 
14646 859 2862 8366 
14647 414 240 7815 
14648 5462 3820 8087 
14649 3797 3244 8130 
14650 1647 4082 7887 
14651 5544 4657 8357 
14652 2743 2745 8218 
14653 2573 2574 3387 
14654 5741 6018 8286 
14655 7977 4026 7978 
14656 5649 7920 9846 
14657 1249 1245 8095 
14658 1054 1051 8252 
14659 3004 3005 3006 
14660 1245 3044 8095 
14661 7276 5253 8304 
14662 3637 3634 8488 
14663 1330 1307 8318 
14664 6177 6057 9672 
14665 3244 3243 8130 
14666 1338 1337 1385 
14667 5267 7719 8180 
14668 1491 1493 8108 
14669 4209 8621 8728 
14670 4303 8006 8277 
14671 1493 1641 8108 
14672 8092 547 9469 
14673 4952 5501 8717 
14674 1377 1348 8128 
14675 7727 2236 8195 
14676 6234 8960 9772 
14677 4629 4881 8186 
14678 1469 1715 8113 
14679 7699 2203 8184 
14680 7947 5223 8262 
14681 968 861 8366 
14682 3828 3165 7960 
14683 6841 7523 9384 
14684 7550 1491 8108 
14685 1467 1469 8113 
14686 1659 1657 8094 
14687 5359 7699 8184 
14688 7491 7714 8550 
14689 6208 3661 8394 
14690 3785 5055 5124 
14691 4161 3226 8347 
14692 4992 3601 7963 
14693 3758 4381 8087 
14694 561 6252 8844 
14695 604 830 7976 
14696 3130 3132 8076 
14697 3299 1281 8106 
14698 1464 1416 8362 
14699 4042 4041 5025 
14700 4863 8109 8244 
14701 1444 1424 8036 
14702 3768 3769 4402 
14703 2595 7220 7960 
14704 5044 1418 7782 
14705 4861 6439 8273 
14706 4819 4915 8489 
14707 7985 2948 8278 
14708 4821 1704 8086 
14709 1656 1732 8144 
14710 4799 7917 8298 
14711 5481 8772 9212 
14712 7051 7052 9437 
14713 1089 853 8374 
14714 8125 1400 8215 
14715 7631 6687 8271 
14716 5484 5353 9394 
14717 3020 8049 8288 
14718 452 358 8421 
14719 5173 4972 7561 
14720 1273 1702 8106 
14721 4128 5439 8613 
14722 2831 7074 8827 
14723 5991 4810 8228 
14724 6910 2049 8994 
14725 6997 6998 8585 
14726 3699 3700 3805 
14727 7087 1200 8420 
14728 223 222 439 
14729 320 321 440 
14730 3028 770 8110 
14731 4882 5859 8664 
14732 8595 4308 8694 
14733 14 15 8639 
14734 770 768 8110 
14735 2321 7790 8264 
14736 3266 3267 3744 
14737 815 4964 8112 
14738 3378 7707 8078 
14739 594 592 8103 
14740 3304 6433 8714 
14741 3160 1733 8589 
14742 3101 3414 8618 
14743 8049 4801 8288 
14744 8178 2506 8432 
14745 2520 2224 8293 
14746 4433 7235 8525 
14747 1702 1266 8139 
14748 2465 6652 8545 
14749 3418 7180 8600 
14750 4352 5950 8332 
14751 8089 2901 8275 
14752 772 3028 8117 
14753 768 1121 8110 
14754 779 775 8117 
14755 2776 3001 8129 
14756 775 772 8117 
14757 2578 2921 3129 
14758 188 187 8528 
14759 5347 7727 8195 
14760 1093 3749 8025 
14761 1069 1061 3712 
14762 1281 1273 8106 
14763 3034 780 8121 
14764 6023 6020 8250 
14765 2914 7956 8317 
14766 317 318 8166 
14767 4838 6259 8329 
14768 572 570 3289 
14769 3006 3005 3435 
14770 409 247 8246 
14771 2529 2525 8141 
14772 5936 4673 8296 
14773 634 632 8470 
14774 4810 5168 8228 
14775 8171 5148 8259 
14776 7409 7801 8388 
14777 4177 3700 4972 
14778 4036 4038 8282 
14779 6091 1455 9402 
14780 7975 4764 8279 
14781 7824 7823 8269 
14782 7996 3776 8353 
14783 8006 4769 8277 
14784 5251 4803 8540 
14785 4276 5435 8393 
14786 2891 2470 8116 
14787 4789 7896 8281 
14788 1125 1433 3959 
14789 8236 3543 8486 
14790 2484 2211 8442 
14791 777 779 8121 
14792 7094 7928 8411 
14793 2167 8042 8335 
14794 780 777 8121 
14795 1716 652 8157 
14796 4047 3430 8319 
14797 1422 1405 8148 
14798 7517 503 9853 
14799 5260 4090 8284 
14800 3181 7306 8995 
14801 7835 5454 9460 
14802 3467 4143 4144 
14803 2319 2321 8264 
14804 4921 3047 8111 
14805 5464 8873 9002 
14806 3001 3434 8129 
14807 1093 1083 1127 
14808 3011 1292 8105 
14809 6645 5167 8864 
14810 6541 4828 8329 
14811 8019 870 8320 
14812 3296 4054 8100 
14813 3748 4398 4399 
14814 1061 1054 8252 
14815 3188 3190 8145 
14816 5227 7985 8278 
14817 3494 4392 4393 
14818 4931 4930 8325 
14819 8007 1086 8206 
14820 7666 7569 8244 
14821 3633 3636 8432 
14822 8402 9480 9547 
14823 5238 8179 8337 
14824 6579 6581 8939 
14825 3835 4081 8133 
14826 1333 7717 8235 
14827 7953 2922 8274 
14828 2024 7175 8542 
14829 3096 6306 9356 
14830 3780 6586 9229 
14831 3169 3767 3768 
14832 6115 9234 9250 
14833 5653 7517 9853 
14834 5136 5489 8882 
14835 3754 3416 8078 
14836 1387 1385 8055 
14837 4695 3721 8031 
14838 4451 4179 5004 
14839 6431 422 8759 
14840 1119 1132 8265 
14841 6020 6021 8250 
14842 4752 4755 8308 
14843 319 320 8168 
14844 3427 7594 8319 
14845 3974 3852 3975 
14846 3863 3294 8100 
14847 7086 7088 8333 
14848 531 6230 9778 
14849 1266 1263 8139 
14850 1789 7064 8261 
14851 1623 1717 8143 
14852 5781 4843 8175 
14853 4675 5229 8296 
14854 2775 1745 3134 
14855 590 588 8126 
14856 1403 1430 8215 
14857 8120 4278 8294 
14858 2839 7666 8244 
14859 8313 6299 8607 
14860 5965 4766 8251 
14861 7709 5474 9728 
14862 5650 8355 9637 
14863 5913 8153 8400 
14864 7689 7690 8326 
14865 7835 3460 9309 
14866 4091 7753 8376 
14867 405 271 8665 
14868 6323 8693 9777 
14869 7964 1345 8082 
14870 3170 3169 8247 
14871 2927 2925 8211 
14872 3439 7975 8279 
14873 4476 4275 8338 
14874 2441 2446 8313 
14875 1686 1754 5277 
14876 9243 6989 9411 
14877 3959 1433 5855 
14878 7217 7213 9559 
14879 1716 9178 9225 
14880 4637 3297 8307 
14881 1620 1623 8143 
14882 7774 1467 8113 
14883 5148 7537 8259 
14884 2412 2414 8302 
14885 8004 5333 8459 
14886 5093 5059 5546 
14887 4354 3731 8255 
14888 528 6838 9348 
14889 8039 4450 8381 
14890 4774 7762 8300 
14891 4102 4059 8151 
14892 4642 7635 8271 
14893 3389 4861 8273 
14894 8128 1462 9542 
14895 7956 4773 8317 
14896 7785 5331 8253 
14897 2302 7897 8276 
14898 3773 4170 8084 
14899 7887 5335 8340 
14900 1124 1119 8265 
14901 2850 8527 8786 
14902 3644 1720 8253 
14903 2961 2736 8216 
14904 7019 7021 8427 
14905 3414 3762 8720 
14906 5232 7953 8274 
14907 7758 5056 8193 
14908 586 584 8136 
14909 8300 2978 8403 
14910 8244 7569 8454 
14911 7225 7390 8630 
14912 2492 2505 8160 
14913 7876 1487 8263 
14914 8073 1412 8074 
14915 3624 7618 8031 
14916 8688 6396 9024 
14917 5052 7436 9049 
14918 3945 4027 8741 
14919 7617 3338 8084 
14920 7591 8019 8320 
14921 5348 1449 8148 
14922 5220 2844 8248 
14923 6660 6659 9670 
14924 7904 971 8280 
14925 8099 6430 9513 
14926 8065 7479 8367 
14927 8109 2839 8244 
14928 2926 3250 8495 
14929 4842 5230 8175 
14930 3004 3003 3005 
14931 1698 1659 8094 
14932 2132 2127 8792 
14933 4708 8097 8376 
14934 2889 3315 8202 
14935 3002 8080 8364 
14936 1579 6591 9339 
14937 1030 3010 8408 
14938 7548 5615 9631 
14939 4533 7999 8207 
14940 8480 3558 9003 
14941 480 237 7867 
14942 221 220 536 
14943 318 319 537 
14944 5739 5741 8286 
14945 553 161 8634 
14946 4880 4806 8443 
14947 7734 2776 8129 
14948 4935 4907 8541 
14949 5822 5821 9809 
14950 5695 6364 9458 
14951 1627 7887 8340 
14952 7520 7814 8379 
14953 2191 2952 8474 
14954 1125 1116 1433 
14955 160 430 8634 
14956 3493 3110 8517 
14957 8017 6623 8636 
14958 2690 2978 8300 
14959 1162 1174 8299 
14960 6460 8290 9519 
14961 270 517 8665 
14962 460 195 9697 
14963 5574 3925 8174 
14964 518 7245 8980 
14965 2842 3040 8223 
14966 5504 6785 9567 
14967 7035 8684 9616 
14968 2284 2285 8536 
14969 1106 1094 8025 
14970 3813 5090 8174 
14971 9067 1651 9242 
14972 5277 1754 7602 
14973 1473 1443 1474 
14974 4734 3637 8581 
14975 6140 5122 8890 
14976 8094 1657 8144 
14977 101 556 7502 
14978 652 649 8157 
14979 3925 3741 8174 
14980 7915 1216 8301 
14981 8485 9102 9200 
14982 830 602 8051 
14983 5056 6457 8193 
14984 851 849 8324 
14985 8092 5919 8093 
14986 1585 1540 8170 
14987 2224 2225 8293 
14988 4779 8056 8311 
14989 3346 3843 8380 
14990 4673 4675 8296 
14991 7801 4034 8388 
14992 69 70 8718 
14993 2210 2199 8474 
14994 6640 4450 8658 
14995 5447 6647 8573 
14996 4090 5358 8284 
14997 3470 5658 8341 
14998 2803 5545 8311 
14999 2109 3163 8224 
15000 1458 1450 8173 
15001 3266 3744 3746 
15002 5825 7377 9760 
15003 2472 2502 8116 
15004 6771 1987 8895 
15005 3158 3159 8153 
15006 2719 5475 8231 
15007 1660 8391 8589 
15008 1348 1462 8128 
15009 3800 3799 4179 
15010 412 6049 9801 
15011 3190 4374 8145 
15012 236 532 7867 
15013 6838 528 9666 
15014 7948 6032 8372 
15015 3712 8252 8509 
15016 4875 7182 8339 
15017 4270 4262 8312 
15018 4908 3604 8380 
15019 1055 1034 8431 
15020 1263 7826 8139 
15021 316 317 8167 
15022 4177 5173 6079 
15023 4795 7329 8345 
15024 2528 3101 8508 
15025 3699 3697 3700 
15026 3974 4145 5276 
15027 4033 5016 8540 
15028 1125 3959 8035 
15029 7830 7592 8192 
15030 773 5066 8843 
15031 4170 4036 8282 
15032 7738 7737 8414 
15033 1720 1684 8253 
15034 3557 6132 8892 
15035 3683 1164 8299 
15036 3129 3130 3799 
15037 6843 3497 9337 
15038 1573 1575 8289 
15039 3243 3662 8130 
15040 1883 8817 9261 
15041 7052 3763 9625 
15042 4394 6246 8346 
15043 4545 4543 8162 
15044 4811 4056 8501 
15045 3359 3179 4039 
15046 1487 7550 8263 
15047 4800 7409 8388 
15048 4761 4763 8248 
15049 5003 5689 9406 
15050 7059 7482 9598 
15051 600 3015 8051 
15052 870 868 8320 
15053 7925 7706 8307 
15054 6986 7542 8563 
15055 182 6073 9628 
15056 283 282 8654 
15057 7764 7627 8303 
15058 3714 3584 3963 
15059 855 1089 8487 
15060 8160 7362 8445 
15061 7494 5071 8667 
15062 7714 7712 8550 
15063 2262 7923 8321 
15064 3049 1377 8128 
15065 6157 6155 9531 
15066 1840 1990 8297 
15067 807 3063 8163 
15068 5266 8294 9190 
15069 2862 857 8487 
15070 7909 883 8328 
15071 1709 1591 8120 
15072 3768 4882 8247 
15073 3784 3785 5088 
15074 6236 6237 8336 
15075 2511 2515 8350 
15076 9439 5613 9505 
15077 7850 1620 8143 
15078 495 100 7502 
15079 925 811 8163 
15080 7944 723 8303 
15081 70 71 8735 
15082 532 235 7899 
15083 2562 2564 8478 
15084 8050 3287 8327 
15085 811 807 8163 
15086 7534 7713 9227 
15087 4857 6272 8437 
15088 5697 4760 8234 
15089 7592 3629 8192 
15090 5647 2861 8262 
15091 2771 5908 8251 
15092 9626 2192 9803 
15093 416 233 7932 
15094 7047 6445 8575 
15095 2155 2167 8335 
15096 4844 3693 8153 
15097 7012 6604 9822 
15098 6425 6860 8398 
15099 7562 2302 8276 
15100 5261 5209 8466 
15101 6112 9167 9350 
15102 3219 3470 8341 
15103 4074 3439 8279 
15104 8042 5259 8335 
15105 7780 4909 8301 
15106 5822 9809 9822 
15107 4354 6426 9575 
15108 331 417 7934 
15109 624 784 8241 
15110 5275 5106 8965 
15111 3951 3188 8145 
15112 7932 232 7933 
15113 649 7765 8157 
15114 7081 2250 8757 
15115 7493 2610 8472 
15116 1316 7747 8238 
15117 7833 5201 9214 
15118 4922 5334 8600 
15119 1499 7950 8334 
15120 2438 2441 8313 
15121 3271 3466 3467 
15122 7305 4770 8494 
15123 6856 523 9523 
15124 2619 2617 8354 
15125 4088 5522 9543 
15126 581 583 9173 
15127 5185 5085 8384 
15128 3430 3427 8319 
15129 1450 1597 8173 
15130 8062 1124 8265 
15131 6416 1339 9546 
15132 5646 7373 8389 
15133 1385 3784 8055 
15134 7354 3618 8426 
15135 6823 6824 9084 
15136 234 416 7899 
15137 3015 598 8083 
15138 1718 1626 8340 
15139 1684 7785 8253 
15140 8264 5278 8430 
15141 6220 6215 8465 
15142 1121 765 8387 
15143 9025 3911 9290 
15144 4739 7904 8280 
15145 6881 8924 8947 
15146 7613 548 8368 
15147 3784 1386 3785 
15148 4793 4790 8493 
15149 5948 4913 9330 
15150 1405 3049 8148 
15151 5048 5047 8871 
15152 4336 8612 9320 
15153 6059 4389 8287 
15154 7814 4064 8379 
15155 5332 8909 9033 
15156 938 935 8526 
15157 5405 5406 9409 
15158 6985 8760 9594 
15159 4236 7630 8306 
15160 1718 8340 8517 
15161 2790 4401 8281 
15162 4506 7322 8662 
15163 8097 5247 8376 
15164 596 916 8083 
15165 7784 6514 8395 
15166 5214 5673 9183 
15167 2524 3738 8160 
15168 494 10 7420 
15169 415 6377 8888 
15170 7308 5023 8897 
15171 6940 4771 8450 
15172 2901 7741 8275 
15173 7585 7909 8328 
15174 964 926 8225 
15175 8201 5739 8286 
15176 7897 4745 8276 
15177 3063 805 8213 
15178 6191 4933 8896 
15179 2922 2924 8274 
15180 8606 3686 8791 
15181 5798 8441 9756 
15182 6007 2812 9743 
15183 4543 5417 8162 
15184 4336 4337 8612 
15185 1953 1950 8836 
15186 4863 8244 8454 
15187 1385 1386 3784 
15188 1164 1162 8299 
15189 6902 7763 8537 
15190 2952 2183 8553 
15191 5670 8092 9469 
15192 3411 3125 8169 
15193 8921 7654 9076 
15194 5650 4735 8355 
15195 6182 5508 9246 
15196 6534 8044 8526 
15197 4236 8306 8365 
15198 5490 9144 9158 
15199 2948 2950 8278 
15200 4798 8050 8327 
15201 8750 5810 9089 
15202 1700 1664 8185 
15203 763 3050 8387 
15204 8800 7916 8988 
15205 4832 7996 8353 
15206 3012 1039 8491 
15207 1509 7951 8363 
15208 4764 4886 8279 
15209 4769 6245 8277 
15210 469 55 8605 
15211 7630 8191 8306 
15212 7363 6786 8314 
15213 8858 5072 9013 
15214 7755 2298 8349 
15215 3463 6170 8450 
15216 3125 3124 8169 
15217 8546 3360 8822 
15218 4083 5388 8964 
15219 1148 1150 8401 
15220 5018 3799 8076 
15221 2176 2208 8553 
15222 4736 7876 8263 
15223 8080 4814 8364 
15224 4828 4838 8329 
15225 5254 8134 8386 
15226 7369 7290 9011 
15227 7961 1548 8456 
15228 774 771 8843 
15229 4352 8332 8564 
15230 2493 2111 8356 
15231 3342 3173 3584 
15232 7923 7612 8321 
15233 6305 6304 9747 
15234 3016 1049 8481 
15235 1457 1711 8635 
15236 7575 7915 8301 
15237 4327 5888 8506 
15238 1037 1055 8491 
15239 1635 1633 8210 
15240 8761 2385 8820 
15241 1353 7720 8428 
15242 1047 1071 8481 
15243 1520 1523 8561 
15244 1186 1182 8411 
15245 99 495 7501 
15246 6918 6919 8404 
15247 7180 4924 8600 
15248 56 511 8605 
15249 5875 4175 8505 
15250 218 217 441 
15251 315 316 442 
15252 1449 1422 8148 
15253 2681 2691 8371 
15254 1041 3012 8500 
15255 861 859 8366 
15256 2146 2919 8580 
15257 4802 4804 8292 
15258 3693 3158 8153 
15259 3656 8065 8367 
15260 6178 555 8913 
15261 1071 1043 8500 
15262 5360 7761 8383 
15263 3744 3745 4408 
15264 6 7 7488 
15265 4643 4640 8351 
15266 8086 3227 8369 
15267 8686 757 8996 
15268 7314 7755 8349 
15269 4435 4433 8525 
15270 6670 7303 8330 
15271 4057 2887 8202 
15272 5235 8300 8403 
15273 4801 4995 8288 
15274 4809 4807 8295 
15275 5809 4145 5810 
15276 853 851 8374 
15277 3872 4885 8169 
15278 971 7803 8280 
15279 1755 3266 8305 
15280 7928 1186 8411 
15281 2202 2153 8580 
15282 1751 7925 8307 
15283 6171 1238 9470 
15284 9269 5527 9388 
15285 2887 2889 8202 
15286 1626 1627 8340 
15287 245 478 8419 
15288 1558 6361 9038 
15289 8059 4097 8383 
15290 8427 7180 8434 
15291 4475 6865 8970 
15292 4837 8089 8275 
15293 2918 3948 8298 
15294 6065 5221 9137 
15295 1961 8155 8562 
15296 4800 8388 8529 
15297 3560 3852 3974 
15298 7951 4891 8363 
15299 3637 8488 8581 
15300 7997 2272 8469 
15301 2509 7948 8372 
15302 2612 3009 8472 
15303 5892 4798 8327 
15304 231 482 7933 
15305 482 230 8005 
15306 805 802 8213 
15307 3003 1573 8289 
15308 5229 4976 8460 
15309 3297 1751 8307 
15310 5235 4774 8300 
15311 5086 6660 9574 
15312 7545 8690 8911 
15313 3778 5103 8874 
15314 4059 5092 8151 
15315 828 3115 8199 
15316 3325 6737 8410 
15317 709 7781 8377 
15318 7385 7382 8762 
15319 194 540 9697 
15320 2171 2200 8819 
15321 4744 5820 8392 
15322 8044 938 8526 
15323 2133 2156 8900 
15324 5389 4719 5755 
15325 2805 7685 9720 
15326 1110 833 8199 
15327 422 152 8759 
15328 3638 2747 8546 
15329 8276 7779 8697 
15330 5239 5238 8337 
15331 4821 8086 8369 
15332 2084 7085 9417 
15333 916 594 8103 
15334 7860 2262 8321 
15335 4144 4143 4719 
15336 6267 1703 9745 
15337 7207 7332 8381 
15338 7195 2852 8943 
15339 8195 2503 8495 
15340 1540 3056 8170 
15341 3645 3170 8247 
15342 3418 8600 8696 
15343 5509 4413 8151 
15344 2751 3360 8546 
15345 2505 2524 8160 
15346 833 828 8199 
15347 1112 8440 8484 
15348 4075 2914 8317 
15349 7465 7466 9075 
15350 802 7831 8213 
15351 7725 5483 9751 
15352 4897 7944 8303 
15353 7869 1499 8334 
15354 1216 7780 8301 
15355 8110 1121 8237 
15356 3124 3872 8169 
15357 2527 2537 8370 
15358 1714 1585 8170 
15359 3629 3507 8582 
15360 6108 3233 9056 
15361 8066 8067 9553 
15362 8135 7177 8561 
15363 3056 1458 8173 
15364 7340 6747 9054 
15365 1570 1474 1632 
15366 7820 4839 8268 
15367 5523 4284 8418 
15368 4237 4236 8365 
15369 8557 2456 9665 
15370 1105 3148 8476 
15371 1754 1755 8305 
15372 8219 5093 8220 
15373 3741 3813 8174 
15374 4111 4110 8886 
15375 5616 4832 8353 
15376 7950 7641 8334 
15377 6119 8091 8209 
15378 4413 4102 8151 
15379 3797 8130 8437 
15380 5746 5745 8407 
15381 5797 4779 8311 
15382 1137 1126 8035 
15383 2720 7057 8412 
15384 723 7764 8303 
15385 883 7872 8328 
15386 1575 1686 8289 
15387 7924 1206 8439 
15388 3885 4734 8373 
15389 5486 8337 8444 
15390 3718 3005 8534 
15391 6248 5012 8604 
15392 3712 1061 8252 
15393 6166 4949 9343 
15394 6601 2163 8819 
15395 7747 8089 8238 
15396 1660 1538 8391 
15397 8386 5289 8488 
15398 1826 6333 9275 
15399 7781 7334 8377 
15400 3099 2520 8331 
15401 3009 2614 8514 
15402 1430 4916 8215 
15403 963 956 8610 
15404 592 3023 8103 
15405 7029 7028 8918 
15406 5172 6570 9111 
15407 5956 5405 9302 
15408 5039 5038 5040 
15409 1355 1330 8318 
15410 6779 2726 9610 
15411 557 8 7500 
15412 958 963 8597 
15413 2222 8335 8511 
15414 217 216 8257 
15415 314 315 8258 
15416 4584 7714 8813 
15417 246 245 8419 
15418 1167 1278 8961 
15419 7252 7219 9418 
15420 8141 2527 8370 
15421 4402 4403 8208 
15422 5263 8178 8432 
15423 5997 5518 9699 
15424 8294 4278 8592 
15425 3799 3130 8076 
15426 5352 5993 8214 
15427 2044 6741 8446 
15428 3975 3977 8196 
15429 851 8324 8374 
15430 4885 4559 8214 
15431 5568 5571 8926 
15432 4923 5806 8359 
15433 2576 2578 8229 
15434 8184 2480 8508 
15435 7606 4091 8547 
15436 5621 4545 8162 
15437 8129 3434 8532 
15438 4993 4992 8352 
15439 2439 8607 8823 
15440 2298 7562 8349 
15441 5149 8433 8608 
15442 475 7369 9011 
15443 582 1320 8132 
15444 7958 667 8433 
15445 3287 3909 8327 
15446 7426 2282 9031 
15447 3946 4324 8435 
15448 6780 2037 8923 
15449 9437 7052 9539 
15450 3003 8289 8534 
15451 3934 3765 8507 
15452 3026 7809 8342 
15453 3266 3746 8305 
15454 3604 3346 8380 
15455 6631 6632 9834 
15456 7122 8950 9032 
15457 7901 7672 8394 
15458 4219 4222 8684 
15459 3805 3700 4177 
15460 3161 3951 8400 
15461 8391 6436 8589 
15462 6117 6591 9724 
15463 4177 4972 5173 
15464 8229 5433 8549 
15465 7658 5420 8323 
15466 5377 6824 9318 
15467 6711 2280 8875 
15468 1697 1653 8239 
15469 6379 531 9778 
15470 3467 3468 4143 
15471 1948 1951 8636 
15472 7536 8285 8574 
15473 3169 3768 8247 
15474 1523 8135 8561 
15475 358 359 8421 
15476 3538 8183 8693 
15477 4223 4226 8406 
15478 9 494 7500 
15479 1052 964 8225 
15480 4169 3417 8696 
15481 5791 3109 8568 
15482 7479 5110 8367 
15483 437 8704 9394 
15484 5158 5938 8360 
15485 620 2912 8556 
15486 3023 590 8126 
15487 4022 8057 8494 
15488 1633 1714 8210 
15489 2011 3343 8568 
15490 5449 6397 9496 
15491 3834 3830 8270 
15492 2915 960 8597 
15493 6128 7058 9598 
15494 5813 8637 9830 
15495 9219 7469 9427 
15496 3486 4016 8516 
15497 8057 7305 8494 
15498 7858 1509 8363 
15499 5094 5150 9003 
15500 4121 4993 8471 
15501 1175 1168 8496 
15502 6227 6226 8587 
15503 5590 5591 9492 
15504 7008 7009 8523 
15505 2537 2571 8370 
15506 3610 2970 8932 
15507 3319 3172 8221 
15508 1625 8652 8764 
15509 1638 1632 1726 
15510 4109 4908 8531 
15511 5200 8494 8524 
15512 1385 1337 1386 
15513 5235 7489 8641 
15514 1745 1697 8256 
15515 6431 8759 8832 
15516 7333 286 8916 
15517 1112 6643 8440 
15518 6799 5324 8449 
15519 284 283 8774 
15520 5178 3920 8721 
15521 588 1099 8126 
15522 7361 7360 8683 
15523 584 8132 8136 
15524 3227 3947 8369 
15525 7581 7740 8543 
15526 765 763 8387 
15527 1099 586 8136 
15528 5825 9760 9825 
15529 7737 550 8414 
15530 7093 3048 9410 
15531 6888 6885 8455 
15532 6802 6803 8453 
15533 1880 1848 8378 
15534 784 622 8556 
15535 8246 246 8419 
15536 8388 5226 8529 
15537 5282 8317 8485 
15538 8303 7627 8571 
15539 597 599 9171 
15540 7572 7729 8562 
15541 3436 3435 8219 
15542 8036 6436 8391 
15543 3011 8105 8409 
15544 1576 7942 8497 
15545 7678 8059 8383 
15546 6246 4996 8599 
15547 8591 838 8676 
15548 4912 7860 8321 
15549 7868 3656 8367 
15550 5212 4935 8396 
15551 5512 8066 9553 
15552 1349 1401 8390 
15553 5445 8426 8951 
15554 5021 5020 8461 
15555 3411 8169 8505 
15556 758 757 8686 
15557 7566 709 8377 
15558 2100 5930 9660 
15559 4705 6527 9712 
15560 6602 6601 8819 
15561 2373 2371 8866 
15562 5039 5246 7586 
15563 6395 8245 8887 
15564 8089 4827 8238 
15565 2879 7861 8344 
15566 1166 3683 8496 
15567 1269 8004 8459 
15568 8105 4855 8409 
15569 2521 3708 8386 
15570 216 215 538 
15571 313 314 539 
15572 4917 7869 8334 
15573 3661 7901 8394 
15574 2766 1165 8961 
15575 926 904 8268 
15576 499 6166 9416 
15577 6695 6694 9498 
15578 4994 5556 8814 
15579 285 433 8916 
15580 5067 7107 8675 
15581 1951 8017 8636 
15582 7345 2052 8451 
15583 2502 2474 8445 
15584 5935 7976 9536 
15585 7872 4737 8328 
15586 6587 6577 8939 
15587 4559 5352 8214 
15588 7245 5407 8980 
15589 8285 6229 8574 
15590 8363 4891 8583 
15591 7753 4708 8376 
15592 4399 5543 5638 
15593 4399 4657 5543 
15594 7224 7225 8630 
15595 1251 1269 8459 
15596 1032 1030 8408 
15597 6054 1066 9276 
15598 3339 7019 8434 
15599 1645 4741 9228 
15600 7311 3533 9507 
15601 767 760 8907 
15602 4814 4816 8364 
15603 5016 8227 9391 
15604 8725 6280 9022 
15605 3159 3161 8400 
15606 8608 3648 8790 
15607 1749 1700 8185 
15608 3625 8211 8348 
15609 7761 7678 8383 
15610 5606 8288 9618 
15611 576 1581 8124 
15612 8130 4857 8437 
15613 3226 2024 8347 
15614 1795 6545 9574 
15615 3776 4667 8353 
15616 3817 6837 9236 
15617 5564 4999 9033 
15618 6064 5183 9182 
15619 1417 1387 8055 
15620 5032 4315 5036 
15621 7472 5723 8416 
15622 5196 3621 8521 
15623 7249 7247 8467 
15624 4896 4717 8554 
15625 4333 4334 8987 
15626 3905 5052 8831 
15627 4897 8303 8571 
15628 1 299 9581 
15629 4850 5157 8513 
15630 8396 3636 8698 
15631 27 464 8801 
15632 1132 1114 8566 
15633 8153 3159 8400 
15634 7441 7540 8893 
15635 4637 8307 8559 
15636 184 486 9015 
15637 8648 5430 8721 
15638 4091 8376 8547 
15639 3127 3128 8447 
15640 2618 2658 8567 
15641 6792 5323 8464 
15642 6876 6877 9115 
15643 1766 3304 8631 
15644 1727 1726 8131 
15645 397 3 9582 
15646 6849 6848 9170 
15647 325 428 8052 
15648 8047 1332 8390 
15649 7037 2428 8800 
15650 6175 4848 8513 
15651 3167 1635 8210 
15652 6389 6385 8423 
15653 3789 5093 8219 
15654 5174 4074 8611 
15655 4740 7936 8346 
15656 5219 5220 8399 
15657 7033 7032 9462 
15658 7544 4506 8662 
15659 3830 3828 8270 
15660 4657 5665 8357 
15661 8274 3665 8436 
15662 556 102 7487 
15663 3344 4921 8521 
15664 2160 2202 8685 
15665 8479 436 8705 
15666 4034 5226 8388 
15667 7769 5075 8579 
15668 1625 1613 8652 
15669 2439 2436 8607 
15670 7621 4117 9094 
15671 9087 5404 9168 
15672 1842 1844 8776 
15673 8340 5335 8517 
15674 4770 7209 8524 
15675 5330 4821 8369 
15676 5208 4402 8208 
15677 7585 8328 8577 
15678 4948 4863 8454 
15679 5347 8195 8495 
15680 5133 2807 8519 
15681 7763 3589 8537 
15682 2156 2158 9012 
15683 8544 1111 8584 
15684 68 466 8778 
15685 8301 4909 8590 
15686 5714 5712 8820 
15687 1580 6492 9754 
15688 904 7820 8268 
15689 5288 8129 8532 
15690 5204 5205 8348 
15691 5744 5747 8438 
15692 8960 6003 9772 
15693 534 225 8290 
15694 6669 8415 8499 
15695 3562 3011 8409 
15696 7609 9038 9490 
15697 1871 6875 8482 
15698 507 67 8778 
15699 6735 401 9533 
15700 9183 5673 9292 
15701 8432 3636 8541 
15702 4822 6095 8702 
15703 2462 2465 8545 
15704 3907 5258 8519 
15705 7576 7858 8363 
15706 327 328 8468 
15707 5475 5222 8402 
15708 8752 5501 8867 
15709 8524 2290 8625 
15710 1507 7183 9292 
15711 5366 8458 8615 
15712 6290 7507 9139 
15713 7011 7008 8523 
15714 5503 5067 8675 
15715 7787 5288 8532 
15716 5477 5097 8985 
15717 5144 6262 9006 
15718 3974 3975 4145 
15719 5194 5193 8780 
15720 3442 3184 3494 
15721 463 6633 9802 
15722 8618 3414 8720 
15723 1034 1032 8431 
15724 915 919 9056 
15725 3172 3645 8221 
15726 5344 5343 8424 
15727 5276 4145 5809 
15728 8636 6623 8763 
15729 8355 4735 8471 
15730 4405 3595 8622 
15731 1444 8036 8391 
15732 312 313 8316 
15733 8895 5325 8920 
15734 2581 6714 9172 
15735 4836 7520 8379 
15736 8390 1401 8635 
15737 4553 7784 8395 
15738 6267 7746 9800 
15739 8169 4885 8505 
15740 5807 7180 8427 
15741 1716 8157 9178 
15742 6743 1112 8484 
15743 7504 2276 8773 
15744 7440 7441 9039 
15745 5990 5008 8676 
15746 3129 3800 8229 
15747 8278 3655 8429 
15748 3804 5510 9214 
15749 4329 5752 8905 
15750 8331 5261 8466 
15751 3636 3635 8698 
15752 1332 1349 8390 
15753 5278 5279 8430 
15754 3812 3805 8230 
15755 5600 9268 9383 
15756 2211 2210 8442 
15757 3771 4380 8809 
15758 9452 1893 9548 
15759 5011 4793 8405 
15760 367 519 8869 
15761 7488 560 9582 
15762 3767 1749 8185 
15763 323 535 8088 
15764 4339 5038 5039 
15765 1550 7402 9224 
15766 3657 2768 8480 
15767 5689 8124 9406 
15768 3640 8216 8399 
15769 6469 6479 8673 
15770 1182 1195 8411 
15771 5327 5316 8740 
15772 3386 2858 8648 
15773 7674 407 8359 
15774 3402 3401 8452 
15775 5181 5575 9182 
15776 5488 8444 8588 
15777 7233 5707 8512 
15778 88 89 8479 
15779 5990 7198 8793 
15780 8328 4737 8577 
15781 8604 5012 8619 
15782 3435 3789 8219 
15783 535 324 8052 
15784 1538 1444 8391 
15785 4948 8454 8530 
15786 7304 4800 8529 
15787 7672 4859 8394 
15788 7575 8301 8590 
15789 8298 5387 8462 
15790 1815 1813 9077 
15791 5359 8184 8508 
15792 5877 6283 8551 
15793 2474 2492 8445 
15794 3543 6821 8486 
15795 2363 2385 8761 
15796 7351 9040 9288 
15797 2978 2980 8403 
15798 6547 3202 9563 
15799 5366 8275 8458 
15800 322 8088 8138 
15801 4491 8142 8291 
15802 8212 2361 8761 
15803 1204 1205 8629 
15804 3947 3946 8435 
15805 4388 4391 9300 
15806 4831 7596 8397 
15807 8602 2483 8893 
15808 5625 5634 9204 
15809 374 375 8467 
15810 4618 5210 8619 
15811 1800 1766 8631 
15812 3819 5155 8688 
15813 1686 5277 8289 
15814 2250 2251 8757 
15815 6168 8587 9808 
15816 5795 9152 9817 
15817 4373 6709 9798 
15818 7576 8363 8583 
15819 187 437 8528 
15820 450 366 8869 
15821 151 7888 8759 
15822 5019 4060 8643 
15823 6109 6106 9057 
15824 7248 7249 9301 
15825 6536 7819 9686 
15826 7936 4394 8346 
15827 5319 5683 8740 
15828 6753 7961 8456 
15829 7662 5698 9363 
15830 5074 5235 8641 
15831 7003 7004 8616 
15832 3570 6636 9240 
15833 3132 3271 8310 
15834 8138 6197 9009 
15835 1653 3167 8239 
15836 1572 3004 8272 
15837 5552 5992 8413 
15838 7245 7310 9804 
15839 8225 926 8268 
15840 2506 3633 8432 
15841 7038 2003 9535 
15842 3442 3494 4315 
15843 7610 5227 8429 
15844 1476 1572 8272 
15845 3940 6620 9260 
15846 8223 3639 8402 
15847 4976 5170 8460 
15848 6087 4532 9222 
15849 5111 4158 5112 
15850 6481 6471 8673 
15851 2833 2831 8827 
15852 3056 5959 9473 
15853 4160 3341 8672 
15854 3760 5190 8834 
15855 6333 5843 9819 
15856 7184 7958 8433 
15857 5097 4795 8935 
15858 9124 1454 9289 
15859 5541 3319 8221 
15860 2460 2455 8620 
15861 2279 2278 9031 
15862 5297 5300 8924 
15863 4127 5094 9030 
15864 7545 7757 8690 
15865 2113 2493 8929 
15866 9038 6361 9490 
15867 3828 7960 8270 
15868 3183 3184 3442 
15869 128 487 9000 
15870 4762 2395 8430 
15871 4916 1476 8272 
15872 7193 7191 9126 
15873 3697 3359 8309 
15874 6134 7226 9109 
15875 5795 8379 9152 
15876 5976 5973 8991 
15877 3745 3748 8242 
15878 857 855 8487 
15879 8489 4915 9426 
15880 5545 4778 8382 
15881 6147 7089 9010 
15882 4701 6536 9686 
15883 214 213 455 
15884 311 312 456 
15885 3013 1141 8898 
15886 4557 4444 9422 
15887 6996 6992 8502 
15888 9060 5354 9465 
15889 3618 3617 8951 
15890 1452 1543 9289 
15891 2276 2277 8773 
15892 3183 3182 3184 
15893 4855 4939 8409 
15894 5620 5835 8510 
15895 6072 5892 8669 
15896 574 572 8249 
15897 8224 5130 8382 
15898 5049 3869 8640 
15899 5935 5393 9380 
15900 1206 7584 8439 
15901 1032 8408 8431 
15902 545 129 9000 
15903 7870 5232 8436 
15904 7117 7924 8439 
15905 5025 4041 8490 
15906 4972 3700 8309 
15907 8622 5440 8772 
15908 6344 6414 8477 
15909 4735 4121 8471 
15910 429 7738 9189 
15911 7431 1122 8934 
15912 7864 4218 8684 
15913 5036 4315 6086 
15914 2578 3129 8229 
15915 2610 2612 8472 
15916 8376 5247 8547 
15917 4098 6115 8946 
15918 1726 3183 8131 
15919 328 483 8468 
15920 8337 3175 8444 
15921 8561 7177 8689 
15922 3949 6589 8674 
15923 4715 5234 8758 
15924 2492 8160 8445 
15925 6199 6200 8463 
15926 9409 5406 9506 
15927 7466 1388 9291 
15928 4450 3687 8658 
15929 5706 5566 9716 
15930 2199 2191 8474 
15931 4743 5281 8707 
15932 8263 7550 8552 
15933 7606 8547 8642 
15934 5232 8274 8436 
15935 7569 3357 8454 
15936 3204 7879 8794 
15937 5446 7851 8426 
15938 5374 8047 8390 
15939 9226 5628 9230 
15940 601 1111 8544 
15941 8216 5219 8399 
15942 5281 7756 8707 
15943 6720 7997 8469 
15944 6351 6352 9717 
15945 3634 5254 8488 
15946 8321 7612 8594 
15947 5881 5884 8969 
15948 3783 8331 8466 
15949 6534 8526 8679 
15950 8454 3357 8530 
15951 8317 4773 8485 
15952 1548 7555 8456 
15953 5638 5543 5926 
15954 8733 6760 8877 
15955 1615 7850 8652 
15956 5482 7097 9507 
15957 4944 7979 8446 
15958 713 7566 8651 
15959 5233 7444 8984 
15960 8558 5286 9715 
15961 6571 2038 8660 
15962 8125 8215 8592 
15963 1347 1446 9546 
15964 5429 5650 9453 
15965 7711 493 8550 
15966 1049 1047 8481 
15967 7828 2115 8929 
15968 8830 6932 8860 
15969 3175 7836 8444 
15970 530 242 8653 
15971 1587 1535 9404 
15972 73 504 8906 
15973 399 72 8906 
15974 2009 1817 9253 
15975 7979 4834 8415 
15976 1109 1105 8476 
15977 7137 6974 9844 
15978 1676 8330 8551 
15979 531 6379 9647 
15980 5155 5125 8979 
15981 4763 5377 8731 
15982 570 568 8260 
15983 3723 4696 8503 
15984 4661 3797 8437 
15985 1438 3079 9186 
15986 7 557 7488 
15987 5458 4201 8894 
15988 4789 8281 8493 
15989 5218 7873 9136 
15990 8307 7706 8559 
15991 8211 5204 8348 
15992 7559 5465 9384 
15993 3233 913 9056 
15994 667 7786 8433 
15995 3387 2574 8549 
15996 6976 6979 9157 
15997 1205 1208 8629 
15998 6648 7051 9175 
15999 1662 1698 8609 
16000 5227 8278 8429 
16001 241 414 8653 
16002 5222 8223 8402 
16003 8326 7690 9634 
16004 1083 1069 8322 
16005 1127 1083 8322 
16006 7930 1148 8401 
16007 3134 1745 8256 
16008 6379 415 9647 
16009 5626 5628 9226 
16010 8364 4866 8543 
16011 1562 7139 8956 
16012 5479 6334 9578 
16013 7386 7624 8483 
16014 1039 1037 8491 
16015 2178 7559 9384 
16016 6421 8048 8572 
16017 1253 1251 8459 
16018 5226 4621 8709 
16019 5206 7233 8884 
16020 197 196 9636 
16021 6545 1795 9624 
16022 6764 6766 9851 
16023 3880 4302 8733 
16024 4080 6940 8520 
16025 7602 1754 8305 
16026 651 634 8470 
16027 7015 7016 8569 
16028 7619 3673 9340 
16029 3866 4352 8564 
16030 5908 4799 8462 
16031 6693 7070 9498 
16032 4041 4901 8490 
16033 5002 8705 8855 
16034 5807 7023 9328 
16035 6333 1826 9649 
16036 9119 6317 9304 
16037 3050 761 8686 
16038 434 7366 9080 
16039 4771 8001 8450 
16040 4449 4584 8813 
16041 6132 4407 9223 
16042 5254 8386 8488 
16043 7834 7254 9004 
16044 1043 1041 8500 
16045 8289 5277 8534 
16046 1780 1778 8852 
16047 4912 8321 8594 
16048 1069 3712 8322 
16049 310 311 8315 
16050 440 321 8138 
16051 4757 4754 8784 
16052 2272 7558 8469 
16053 3639 3145 8834 
16054 8672 5439 8756 
16055 7584 1202 8681 
16056 1726 3182 3183 
16057 5968 4390 9300 
16058 4982 4981 8848 
16059 3909 7873 8669 
16060 4177 6079 8230 
16061 5391 6064 9380 
16062 8335 5259 8511 
16063 4986 4637 8559 
16064 80 81 8535 
16065 2772 8574 8687 
16066 8155 7379 8562 
16067 7467 8185 8609 
16068 4858 4327 8506 
16069 5989 5990 8793 
16070 547 8315 9469 
16071 7741 7428 8458 
16072 5273 7369 9827 
16073 2810 2812 9140 
16074 427 6318 9221 
16075 5411 4819 8489 
16076 522 7025 9090 
16077 4738 8302 8663 
16078 4892 5874 8645 
16079 4174 3963 4949 
16080 7581 8543 8748 
16081 5523 8418 9107 
16082 4423 4422 9468 
16083 4020 3225 8752 
16084 7122 930 8950 
16085 1883 1885 8817 
16086 3484 7435 9729 
16087 1474 1443 1475 
16088 337 338 8888 
16089 8048 4204 8572 
16090 659 657 8799 
16091 4938 6351 9814 
16092 4799 8298 8462 
16093 3034 8121 8754 
16094 2564 2568 8478 
16095 4995 6126 9618 
16096 8076 3132 8310 
16097 3467 4144 8310 
16098 509 6356 9051 
16099 2614 2616 8514 
16100 4846 5180 8542 
16101 2288 7849 8536 
16102 8539 5822 9766 
16103 2037 6771 8920 
16104 5510 7833 9214 
16105 5506 7427 9104 
16106 561 7487 9581 
16107 3701 3703 8576 
16108 5440 5188 8527 
16109 4773 5647 8485 
16110 462 6958 8805 
16111 5328 5312 8865 
16112 5395 5935 9536 
16113 4310 9147 9213 
16114 3774 3204 8794 
16115 519 7400 8981 
16116 8025 5431 8422 
16117 1111 6418 8584 
16118 1414 6321 9117 
16119 5616 8353 8539 
16120 7913 1436 9186 
16121 5532 8389 9436 
16122 8275 7741 8458 
16123 4834 4880 8499 
16124 6323 3802 8941 
16125 1808 3096 9356 
16126 94 95 9043 
16127 7942 6757 8497 
16128 6483 8940 9172 
16129 1168 1166 8496 
16130 5561 5361 9387 
16131 6339 6070 8885 
16132 5995 4594 8813 
16133 5374 8390 8635 
16134 7905 6243 8537 
16135 5810 4145 8196 
16136 4953 5175 8723 
16137 9331 6177 9672 
16138 7286 4698 8930 
16139 6371 5029 8548 
16140 7712 7711 8550 
16141 3831 3837 8976 
16142 4778 8224 8382 
16143 2208 2172 8861 
16144 5470 5469 9083 
16145 7573 1576 8497 
16146 3387 8549 8806 
16147 9002 4318 9134 
16148 8334 7641 8613 
16149 4753 4120 8830 
16150 2280 2281 8875 
16151 1697 8239 8256 
16152 8508 3101 8618 
16153 8405 4793 8736 
16154 9727 8083 9757 
16155 7572 8562 8730 
16156 6373 3860 9838 
16157 5475 8402 9547 
16158 4790 4789 8493 
16159 4097 4098 8946 
16160 799 6129 9673 
16161 4408 3745 8242 
16162 5558 6043 9225 
16163 7256 3942 9260 
16164 8353 4667 8539 
16165 8001 3463 8450 
16166 6865 8254 8849 
16167 8667 5071 8935 
16168 2428 2423 8800 
16169 8008 5909 9759 
16170 8495 3250 8606 
16171 3765 3939 8507 
16172 6197 6198 9009 
16173 2051 1184 9693 
16174 5314 5327 8865 
16175 3974 5276 8361 
16176 5633 7782 9788 
16177 5710 6148 9011 
16178 4700 6054 9276 
16179 8215 4916 8592 
16180 3362 8146 8443 
16181 4696 6163 9112 
16182 489 134 9103 
16183 2658 2620 8747 
16184 935 934 8526 
16185 5188 4092 8768 
16186 7049 6815 9584 
16187 7277 6219 8917 
16188 5075 7851 8579 
16189 4848 4850 8513 
16190 5126 7834 9004 
16191 6446 527 9368 
16192 7593 2657 9041 
16193 5812 9484 9780 
16194 5200 4022 8494 
16195 3802 3156 8941 
16196 2438 8313 8607 
16197 3468 3560 8361 
16198 8714 6433 8753 
16199 3621 3344 8521 
16200 4385 5354 9353 
16201 3866 8564 8699 
16202 212 211 546 
16203 309 310 547 
16204 2503 2926 8495 
16205 6075 5196 8515 
16206 7246 7244 9267 
16207 7979 8415 8446 
16208 6114 6113 9733 
16209 8687 4967 8775 
16210 5132 6351 9717 
16211 5199 5941 9019 
16212 622 620 8556 
16213 6315 9073 9304 
16214 4907 5263 8541 
16215 2762 7431 8615 
16216 6628 542 8578 
16217 5773 5771 9048 
16218 5247 4900 8547 
16219 8107 697 8692 
16220 5005 8689 8853 
16221 8053 4768 8441 
16222 4917 8334 8613 
16223 8574 6347 8687 
16224 320 440 8168 
16225 1566 7573 8743 
16226 6656 6654 9548 
16227 3444 4979 8902 
16228 3700 3697 8309 
16229 2285 2288 8536 
16230 9029 3451 9482 
16231 3748 4399 8242 
16232 4889 4109 8531 
16233 8330 5877 8551 
16234 3511 4028 9258 
16235 6695 4361 9485 
16236 7818 3362 8443 
16237 7321 6816 9621 
16238 8415 4834 8499 
16239 5840 4948 8530 
16240 3805 4177 8230 
16241 8194 2367 8931 
16242 2067 5582 9567 
16243 4859 4077 8849 
16244 1827 2028 9532 
16245 2583 6825 8825 
16246 1726 1632 3182 
16247 3480 3926 9515 
16248 8647 5695 9458 
16249 9101 1278 9478 
16250 1949 6901 8719 
16251 4425 5518 9468 
16252 8697 7779 8904 
16253 2747 2751 8546 
16254 5259 5260 8511 
16255 1762 3732 9759 
16256 5461 8270 8602 
16257 5157 4852 8712 
16258 2480 2528 8508 
16259 5738 5737 9265 
16260 3881 3486 8516 
16261 5149 8608 8790 
16262 3451 3082 8845 
16263 3359 4039 8309 
16264 6929 6930 8787 
16265 1783 1785 8601 
16266 4311 6110 9569 
16267 4963 5998 9159 
16268 8011 5976 8991 
16269 5618 5620 8510 
16270 8594 5430 8648 
16271 4653 5213 9114 
16272 7063 2073 9479 
16273 6428 6431 8992 
16274 2036 6740 9314 
16275 5036 6086 6098 
16276 5170 5002 9123 
16277 2003 7039 9315 
16278 6046 9251 9580 
16279 9225 6043 9247 
16280 6245 5200 8625 
16281 347 529 8798 
16282 6946 3628 9753 
16283 568 4206 8260 
16284 2183 2176 8553 
16285 2459 2462 8545 
16286 5709 5285 9301 
16287 4803 4033 8540 
16288 2054 4486 9845 
16289 2370 2381 8931 
16290 3357 7696 8530 
16291 2772 7536 8574 
16292 5715 8212 8761 
16293 4047 8319 8896 
16294 5521 4655 9114 
16295 6229 6347 8574 
16296 495 7502 8465 
16297 3202 3201 9563 
16298 4143 3468 8361 
16299 6865 8849 8970 
16300 3578 9571 9642 
16301 2256 2512 8811 
16302 4117 7606 8642 
16303 410 346 8798 
16304 2512 2857 9008 
16305 8488 5289 8581 
16306 4651 7458 8839 
16307 318 537 8166 
16308 5856 4435 8525 
16309 912 4311 9569 
16310 5643 4989 9579 
16311 8509 5602 8755 
16312 4986 8559 8671 
16313 3025 1172 8785 
16314 7000 6997 8585 
16315 2425 7916 8800 
16316 7803 2915 8522 
16317 4416 6075 8729 
16318 6008 5975 9121 
16319 1625 7528 8957 
16320 8613 5439 8672 
16321 7053 4570 9806 
16322 2691 7408 9530 
16323 7885 3298 9389 
16324 333 533 8711 
16325 3477 3479 9018 
16326 133 132 8555 
16327 5209 5346 8538 
16328 9217 3868 9324 
16329 900 901 9268 
16330 1433 1116 8422 
16331 653 1455 9326 
16332 4280 7448 8715 
16333 4142 8583 8637 
16334 4145 3975 8196 
16335 1374 8053 8441 
16336 3177 2822 9471 
16337 4100 5576 9775 
16338 6301 5112 9130 
16339 4806 7818 8443 
16340 1630 1185 8745 
16341 4958 5637 8746 
16342 3657 9063 9162 
16343 3837 6239 9761 
16344 4296 5386 9050 
16345 3110 1718 8517 
16346 9433 2691 9530 
16347 3271 3467 8310 
16348 3957 3077 9287 
16349 537 319 8168 
16350 317 8166 8167 
16351 7566 7142 8651 
16352 2807 3907 8519 
16353 2624 2627 8796 
16354 1511 8638 8668 
16355 5838 4858 8557 
16356 1581 574 8249 
16357 5986 7767 9444 
16358 461 76 9068 
16359 7817 6989 9243 
16360 417 332 8711 
16361 896 897 9295 
16362 1519 1520 8561 
16363 7521 4749 8710 
16364 8660 2038 8724 
16365 6493 6494 9746 
16366 8280 7803 8522 
16367 922 2692 8950 
16368 6483 6468 8940 
16369 4576 7053 9703 
16370 6035 2973 9706 
16371 4175 3411 8505 
16372 7918 2974 8809 
16373 9362 437 9394 
16374 7414 476 8630 
16375 2102 767 9154 
16376 3002 8364 8543 
16377 5690 5536 9091 
16378 5263 8432 8541 
16379 9314 6740 9315 
16380 2003 1831 9535 
16381 6746 6744 9722 
16382 3589 7905 8537 
16383 7562 8276 8697 
16384 2574 2576 8549 
16385 8627 5536 8871 
16386 4737 7838 8577 
16387 865 2030 9393 
16388 572 3289 8249 
16389 6553 4608 8788 
16390 5693 5695 9707 
16391 5857 5611 9748 
16392 6481 8673 9737 
16393 8583 5019 8637 
16394 5864 5863 8975 
16395 491 7844 8554 
16396 8108 3666 8552 
16397 4024 3281 8850 
16398 871 850 9534 
16399 6079 5173 8737 
16400 5801 8246 8419 
16401 1713 573 8750 
16402 6740 2003 9315 
16403 9612 8051 9654 
16404 3434 3972 8532 
16405 4119 3761 8829 
16406 1170 1175 8785 
16407 2616 2618 8567 
16408 506 6188 9010 
16409 5805 4203 9644 
16410 55 56 8605 
16411 5281 5282 8565 
16412 1114 1109 8566 
16413 8903 5399 9030 
16414 189 188 9151 
16415 2573 3388 8815 
16416 4909 7884 8590 
16417 7319 8546 8822 
16418 2000 1810 9356 
16419 7850 7228 8652 
16420 764 2100 9660 
16421 8972 6567 9325 
16422 8055 5512 8533 
16423 7380 5272 8593 
16424 4858 8506 8557 
16425 6930 6931 8863 
16426 8029 3648 8608 
16427 5005 7865 8689 
16428 9191 6406 9206 
16429 960 958 8597 
16430 46 47 9100 
16431 3109 2011 8568 
16432 492 7716 9321 
16433 5130 4404 8982 
16434 121 120 8570 
16435 5582 5015 8623 
16436 49 509 9051 
16437 9266 9327 9342 
16438 451 259 8973 
16439 3079 1461 9339 
16440 3108 6494 9316 
16441 4944 8446 8591 
16442 4667 5822 8539 
16443 467 48 9051 
16444 5302 5325 8947 
16445 7007 7003 8616 
16446 5333 3878 9556 
16447 1138 823 9317 
16448 5150 8480 9003 
16449 2153 2146 8580 
16450 6478 7601 8940 
16451 1109 8476 8566 
16452 1247 1253 8824 
16453 3732 8008 9759 
16454 7031 7029 9196 
16455 1703 1366 9745 
16456 8100 5456 8560 
16457 8185 1664 8609 
16458 6494 3108 9746 
16459 2278 2275 9705 
16460 8302 7269 8663 
16461 4979 7938 8651 
16462 4924 4922 8600 
16463 5091 7735 8903 
16464 423 25 9143 
16465 7114 7584 8681 
16466 4717 7972 8554 
16467 5468 5466 8933 
16468 377 378 9185 
16469 7740 3002 8543 
16470 63 7056 9065 
16471 1559 1562 8956 
16472 8207 4846 8542 
16473 4768 3690 8878 
16474 1414 9117 9173 
16475 1894 1897 8974 
16476 7244 7245 9804 
16477 6657 9452 9548 
16478 7089 506 9010 
16479 5553 6700 9799 
16480 3265 7653 8927 
16481 8612 5622 9320 
16482 8477 512 8795 
16483 3279 4824 8850 
16484 5006 4944 8591 
16485 6881 6880 9047 
16486 2576 8229 8549 
16487 5758 5756 9069 
16488 4993 8352 9422 
16489 8514 2616 8567 
16490 2216 2217 8952 
16491 486 183 9628 
16492 3494 4393 8358 
16493 5039 5040 5246 
16494 5061 5245 8578 
16495 6825 7571 9506 
16496 6931 6932 8863 
16497 696 699 9588 
16498 5836 6152 8777 
16499 8119 7551 8647 
16500 1116 1106 8422 
16501 8728 7514 9713 
16502 654 648 9293 
16503 258 524 8973 
16504 8571 5440 8622 
16505 522 261 9045 
16506 210 209 472 
16507 307 308 473 
16508 5398 7966 9509 
16509 3289 570 8260 
16510 6257 5367 8934 
16511 349 454 8914 
16512 6724 3866 8699 
16513 1611 1625 8957 
16514 6265 5123 8649 
16515 403 263 9090 
16516 468 62 9065 
16517 6555 6554 9131 
16518 5723 5721 9197 
16519 5173 8362 8737 
16520 1511 1508 8638 
16521 493 8099 9513 
16522 463 82 9176 
16523 7583 1198 8858 
16524 8342 7271 8595 
16525 4142 7576 8583 
16526 8547 4900 8642 
16527 306 307 8417 
16528 2775 3134 8614 
16529 529 348 8914 
16530 5175 7987 8492 
16531 4796 7977 8802 
16532 4969 8010 8498 
16533 330 7934 8783 
16534 4282 2951 9167 
16535 7362 5189 8880 
16536 7787 8532 8691 
16537 7849 6684 8536 
16538 7729 1961 8562 
16539 930 924 8950 
16540 3958 4705 9712 
16541 7415 7387 9413 
16542 9302 5405 9409 
16543 2376 2384 9046 
16544 4399 5638 8242 
16545 3619 9418 9630 
16546 1106 8025 8422 
16547 7160 7159 8655 
16548 6211 6294 8856 
16549 3587 3586 9676 
16550 8254 4859 8849 
16551 6630 4880 8810 
16552 8717 5501 8752 
16553 6086 4315 8358 
16554 5907 5906 9537 
16555 5351 7317 9374 
16556 5383 4889 8598 
16557 3067 2870 9391 
16558 351 527 8945 
16559 5409 5952 9449 
16560 5875 8670 8680 
16561 7449 2168 8624 
16562 956 955 8610 
16563 5102 6409 8736 
16564 7360 4590 8683 
16565 4905 7585 8577 
16566 5432 3928 9258 
16567 3560 3974 8361 
16568 8167 6203 9607 
16569 7151 4580 9843 
16570 260 451 9045 
16571 7372 172 9454 
16572 7627 4122 8571 
16573 908 909 9569 
16574 7588 693 8870 
16575 3483 3482 9501 
16576 955 7769 8579 
16577 7890 4879 8509 
16578 6466 6478 8940 
16579 5397 5392 8812 
16580 8770 4941 8877 
16581 3588 5622 9346 
16582 5584 5284 8657 
16583 6074 3020 9789 
16584 2128 2126 9105 
16585 5637 4974 8828 
16586 262 522 9090 
16587 6482 6488 9108 
16588 454 350 8945 
16589 9040 5851 9288 
16590 4161 8789 9016 
16591 7995 3965 8701 
16592 7987 4968 8492 
16593 7175 8207 8542 
16594 489 9103 9592 
16595 5184 5397 8840 
16596 4996 6258 8599 
16597 6833 7170 8633 
16598 7116 8858 9013 
16599 4153 8730 8814 
16600 8677 543 9488 
16601 6839 7120 8644 
16602 8588 2380 8659 
16603 3507 4104 8582 
16604 7706 4902 8559 
16605 2826 3114 9476 
16606 6773 1983 8650 
16607 474 281 9413 
16608 8010 5248 8498 
16609 831 837 9298 
16610 6405 6317 9206 
16611 4204 7234 8572 
16612 5441 5677 9540 
16613 5346 5347 8606 
16614 3863 8100 8560 
16615 7669 3934 9303 
16616 1943 7547 8903 
16617 4337 5337 8612 
16618 7573 6755 8743 
16619 3349 6546 9734 
16620 1844 1846 9070 
16621 3843 3322 8968 
16622 8446 6741 8591 
16623 560 397 9582 
16624 5675 4191 9201 
16625 7116 7583 8858 
16626 442 316 8167 
16627 4891 5019 8583 
16628 4889 8531 8598 
16629 8768 5373 8786 
16630 2912 618 8936 
16631 7821 3027 8876 
16632 2436 2438 8607 
16633 481 6332 9739 
16634 4039 3179 8614 
16635 5516 5515 8595 
16636 7523 5438 9092 
16637 8543 4866 8748 
16638 4987 4988 8646 
16639 5097 8935 8985 
16640 514 7333 9499 
16641 5750 9461 9703 
16642 8426 3618 8951 
16643 6089 4841 9684 
16644 299 561 9581 
16645 4125 7575 8590 
16646 8249 5665 9538 
16647 5431 4042 8626 
16648 5411 9479 9558 
16649 6819 6817 9153 
16650 5289 7842 8581 
16651 1388 1145 9291 
16652 1553 1558 9038 
16653 8095 6852 9764 
16654 4749 7900 8710 
16655 7902 2773 9060 
16656 6038 4765 8986 
16657 7065 7066 9170 
16658 4153 7572 8730 
16659 242 241 8653 
16660 6332 533 9739 
16661 483 329 8783 
16662 7507 4124 9052 
16663 5039 7586 8504 
16664 8559 4902 8671 
16665 6612 6617 9555 
16666 1664 1662 8609 
16667 5515 8342 8595 
16668 7836 2380 8588 
16669 3173 1727 8131 
16670 3420 5338 8990 
16671 7875 6422 9669 
16672 3354 3107 9565 
16673 3098 4747 9113 
16674 480 7044 9133 
16675 8818 558 8899 
16676 5358 5359 8618 
16677 1800 8631 8777 
16678 1388 7466 9453 
16679 4368 6428 8992 
16680 282 474 8654 
16681 6113 4888 9733 
16682 5376 4762 8971 
16683 5884 8194 8931 
16684 8011 2374 9046 
16685 1733 1660 8589 
16686 8371 2691 9433 
16687 8415 2044 8446 
16688 7816 4772 8695 
16689 5999 4581 8967 
16690 5869 1511 8668 
16691 7612 4123 8594 
16692 8131 7840 8716 
16693 3005 3003 8534 
16694 280 7415 9413 
16695 4977 5901 8751 
16696 96 471 9058 
16697 3565 4604 9563 
16698 289 288 8628 
16699 7867 532 8901 
16700 6897 5162 9098 
16701 8031 6311 8859 
16702 8234 3863 8560 
16703 2455 2459 8620 
16704 8352 4557 9422 
16705 5848 5849 8823 
16706 153 422 9403 
16707 7170 6834 9017 
16708 5180 7969 8789 
16709 6416 5660 9701 
16710 6107 6334 9648 
16711 8336 6237 9021 
16712 5335 5329 8621 
16713 6556 5202 9188 
16714 6204 6196 8925 
16715 3595 4897 8622 
16716 5529 5412 9706 
16717 3493 8517 8621 
16718 4536 5357 8995 
16719 8607 6299 8823 
16720 7550 8108 8552 
16721 6429 8099 9403 
16722 5367 5366 8615 
16723 5065 3312 9074 
16724 6718 8107 8692 
16725 8463 6201 9283 
16726 5680 5684 9433 
16727 902 899 9078 
16728 7619 9340 9447 
16729 161 160 8634 
16730 3179 2775 8614 
16731 8233 4845 9262 
16732 5784 4986 8671 
16733 7506 9125 9718 
16734 5714 8820 8847 
16735 6122 538 9396 
16736 3516 4672 9290 
16737 7032 8593 9462 
16738 3963 3584 3964 
16739 7369 7368 9827 
16740 5187 6858 9097 
16741 6618 6619 9306 
16742 5755 4719 8586 
16743 7322 7323 8662 
16744 7998 8959 9294 
16745 5668 8921 9076 
16746 4880 8443 8810 
16747 8444 7836 8588 
16748 7977 5139 8802 
16749 4315 3494 8358 
16750 7695 1138 9317 
16751 5047 8163 8627 
16752 6492 3024 9754 
16753 8433 7786 8608 
16754 7421 5493 9447 
16755 2009 8933 9364 
16756 45 46 9443 
16757 3860 3450 9838 
16758 5538 8349 8697 
16759 5514 5539 9259 
16760 6660 8852 9574 
16761 1947 1948 8636 
16762 5012 4618 8619 
16763 5711 5713 9193 
16764 7023 8973 9328 
16765 6006 8927 9216 
16766 2459 8545 8620 
16767 4273 3743 9231 
16768 5769 5767 9238 
16769 6707 7319 8822 
16770 7341 5563 9544 
16771 7490 4371 9323 
16772 3882 4303 8967 
16773 7796 4280 8715 
16774 4113 4065 8992 
16775 4057 7853 8690 
16776 7812 3949 8674 
16777 1869 1870 9203 
16778 8562 7379 8730 
16779 7934 6398 8783 
16780 5538 8697 8904 
16781 3042 3497 9052 
16782 8288 4995 9618 
16783 6517 6518 9210 
16784 5006 8591 8676 
16785 8362 1432 8737 
16786 955 8579 8610 
16787 5179 7561 8603 
16788 7907 7908 9166 
16789 1949 8719 8836 
16790 7547 5399 8903 
16791 271 270 8665 
16792 5762 5760 9333 
16793 8466 5209 8538 
16794 7396 7397 9641 
16795 9010 6188 9205 
16796 4044 3254 9774 
16797 3597 4318 9002 
16798 4144 5389 8837 
16799 7641 4128 8613 
16800 1613 1615 8652 
16801 7202 4520 8722 
16802 7786 8029 8608 
16803 6106 4048 9057 
16804 8319 6191 8896 
16805 6306 5340 9254 
16806 3869 4051 8640 
16807 2069 810 9361 
16808 3402 8452 9684 
16809 4934 5598 8678 
16810 5359 8508 8618 
16811 4143 8361 8739 
16812 5388 7588 8870 
16813 8154 7449 8624 
16814 7063 8489 9426 
16815 5373 2849 8786 
16816 5347 8495 8606 
16817 7506 521 9125 
16818 1873 1874 9230 
16819 4056 8283 8501 
16820 7866 9779 9803 
16821 2858 4912 8648 
16822 1433 8422 8842 
16823 5724 5719 9311 
16824 4603 5262 8700 
16825 1195 1178 9026 
16826 8099 154 9403 
16827 2177 2178 9233 
16828 4900 5045 8642 
16829 2010 5360 9250 
16830 8926 5571 8968 
16831 441 217 8257 
16832 315 442 8258 
16833 477 8467 9267 
16834 1180 1161 9414 
16835 3848 4071 9007 
16836 8690 7853 8911 
16837 7500 494 8587 
16838 5384 6929 8787 
16839 5193 5191 9252 
16840 378 379 9552 
16841 8683 4590 8807 
16842 497 6178 8913 
16843 4967 7484 8775 
16844 8652 7228 8764 
16845 427 227 8826 
16846 7628 9129 9750 
16847 6599 7995 8701 
16848 6164 8139 8808 
16849 182 181 9773 
16850 3202 6547 9682 
16851 5152 5894 5895 
16852 4060 4061 8643 
16853 8532 3972 8691 
16854 550 7709 9728 
16855 4124 3014 9052 
16856 8013 4560 9044 
16857 15 445 8639 
16858 7354 5074 8641 
16859 4161 8347 8789 
16860 5365 4353 9467 
16861 9284 5689 9319 
16862 5813 4142 8637 
16863 6337 3241 9344 
16864 614 787 9066 
16865 5875 8505 8670 
16866 5534 4892 8645 
16867 8787 6930 8829 
16868 5976 8011 9046 
16869 7480 2772 8687 
16870 1877 1878 9261 
16871 78 412 9801 
16872 8704 5484 9394 
16873 4061 5368 8661 
16874 4742 1272 9764 
16875 5432 6139 9847 
16876 3530 3593 9057 
16877 7696 4914 8656 
16878 1386 1337 8518 
16879 8196 3977 8504 
16880 5610 8119 8647 
16881 172 171 9454 
16882 7960 7220 8602 
16883 3781 3780 9229 
16884 5008 5006 8676 
16885 6216 6214 9389 
16886 455 6122 9396 
16887 9346 5337 9420 
16888 5840 8530 8656 
16889 7441 8893 8952 
16890 84 424 9529 
16891 3977 4339 8504 
16892 1824 1826 9275 
16893 1277 1151 9637 
16894 3687 4165 8658 
16895 6564 3538 8693 
16896 8526 934 8679 
16897 5331 5687 9455 
16898 226 534 8826 
16899 8530 7696 8656 
16900 8370 2571 8815 
16901 7940 5072 8858 
16902 3304 8510 8631 
16903 3323 7581 8748 
16904 9522 6378 9790 
16905 5520 5987 9499 
16906 2157 2767 9554 
16907 1176 3025 9026 
16908 6867 9727 9757 
16909 1143 3013 9291 
16910 6436 6435 8666 
16911 4584 4447 9227 
16912 8584 6418 9517 
16913 6471 6469 8673 
16914 8755 5602 9208 
16915 4617 3663 9286 
16916 3341 4917 8672 
16917 4975 5256 8705 
16918 5698 7662 9142 
16919 6284 5981 8989 
16920 2038 6629 8724 
16921 8368 548 9277 
16922 3160 8589 8666 
16923 4915 7787 8691 
16924 1401 1457 8635 
16925 8962 6305 9747 
16926 5461 8602 8893 
16927 5268 5796 9101 
16928 8227 3067 9391 
16929 7938 713 8651 
16930 4309 6107 9648 
16931 6496 5102 8736 
16932 5976 9046 9121 
16933 8817 5634 9261 
16934 9571 7252 9642 
16935 5904 5548 9603 
16936 7643 6850 9652 
16937 332 333 8711 
16938 2846 3847 8708 
16939 1915 1916 9297 
16940 3283 4024 9072 
16941 6511 6512 9487 
16942 638 636 9440 
16943 5516 8595 8694 
16944 5433 5434 8806 
16945 2435 2433 8713 
16946 5895 5894 5896 
16947 5715 8761 8820 
16948 7037 8800 8988 
16949 5547 5131 8682 
16950 4218 4219 8684 
16951 8643 4061 8661 
16952 4381 7988 8702 
16953 8200 2188 9233 
16954 7511 7513 8993 
16955 8270 7960 8602 
16956 7965 5065 8870 
16957 8414 5135 9397 
16958 2164 2160 8685 
16959 5469 5471 9296 
16960 513 6305 8962 
16961 2913 3464 8998 
16962 8689 7177 8853 
16963 5381 6094 9281 
16964 5716 5880 9273 
16965 8347 5180 8789 
16966 8489 7063 9479 
16967 401 65 9533 
16968 1519 8561 8689 
16969 5390 8359 9365 
16970 6017 6553 8788 
16971 5200 8524 8625 
16972 51 402 9526 
16973 4379 5174 9148 
16974 5141 6165 8846 
16975 3263 5267 9833 
16976 5256 8479 8705 
16977 8899 558 9735 
16978 6389 8686 8996 
16979 66 507 9533 
16980 216 538 8257 
16981 539 314 8258 
16982 1337 1137 8518 
16983 862 860 9386 
16984 8522 2915 9175 
16985 1352 1406 9202 
16986 3417 3418 8696 
16987 5578 5579 8726 
16988 5586 4306 9813 
16989 8139 7826 8808 
16990 9406 1581 9538 
16991 7708 7662 9363 
16992 4695 8031 8859 
16993 8631 5835 8777 
16994 3673 8063 9211 
16995 4616 4617 9082 
16996 361 404 9523 
16997 761 758 8686 
16998 509 50 9526 
16999 8744 5048 8871 
17000 8590 7884 8717 
17001 7559 2178 9474 
17002 7855 5145 9028 
17003 8294 8592 8734 
17004 8041 4941 8770 
17005 8635 1711 8725 
17006 7480 8687 8775 
17007 1919 1920 9351 
17008 3885 8373 9794 
17009 5932 8137 9154 
17010 6934 8784 8860 
17011 5618 8510 8714 
17012 8161 3354 9565 
17013 7954 7654 8921 
17014 1157 2973 9322 
17015 4902 5991 8671 
17016 4157 3814 9119 
17017 7815 239 9133 
17018 5265 5999 9141 
17019 1137 8035 8518 
17020 8422 5431 8842 
17021 4247 7718 9021 
17022 5249 7846 9285 
17023 3899 8727 9730 
17024 7482 450 9598 
17025 3635 3885 8698 
17026 1989 6748 9195 
17027 4446 7534 9227 
17028 6478 8154 8624 
17029 9703 7053 9806 
17030 1923 1924 9392 
17031 8137 2105 9154 
17032 3899 7092 8727 
17033 523 360 9523 
17034 2130 2128 9753 
17035 4636 5878 9825 
17036 6084 5643 9557 
17037 5055 8518 8854 
17038 8775 7484 8868 
17039 4278 8125 8592 
17040 6935 6936 8767 
17041 8814 5556 8845 
17042 5150 7770 9063 
17043 3615 4073 9459 
17044 439 6460 9519 
17045 8598 1204 8629 
17046 7873 4864 9136 
17047 934 7564 8679 
17048 4104 9781 9848 
17049 7455 4428 9489 
17050 5167 5669 8864 
17051 1889 1890 9452 
17052 7256 5460 9673 
17053 1202 7583 8681 
17054 8090 6216 9389 
17055 2949 7886 9167 
17056 5342 6290 9139 
17057 6073 5875 8680 
17058 7976 5935 9511 
17059 8361 5276 8739 
17060 635 637 8732 
17061 830 8051 9612 
17062 7829 4247 9021 
17063 1233 2722 9470 
17064 3657 8480 9063 
17065 7407 4715 8758 
17066 428 326 8978 
17067 5358 8618 8720 
17068 6148 5709 9185 
17069 994 993 9439 
17070 3579 4295 9373 
17071 430 7534 9428 
17072 6117 5380 9281 
17073 1838 8297 9762 
17074 5089 3819 8688 
17075 1368 7746 9745 
17076 7695 5516 8694 
17077 5124 5055 9305 
17078 6149 546 9336 
17079 5345 3895 9229 
17080 5113 8081 9093 
17081 6503 6395 8887 
17082 2178 2169 9474 
17083 4987 8646 8781 
17084 238 480 9133 
17085 186 185 8704 
17086 3075 1604 9243 
17087 3196 3349 9734 
17088 3208 6637 9430 
17089 7379 5105 8730 
17090 7865 1519 8689 
17091 4957 4955 8742 
17092 7070 4489 9527 
17093 8188 4738 8663 
17094 3628 2135 9753 
17095 7744 5479 9578 
17096 8115 4057 8690 
17097 8549 5433 8806 
17098 336 337 9522 
17099 1389 1357 9181 
17100 8297 1990 8909 
17101 1777 1779 8766 
17102 1443 1417 8533 
17103 3668 7341 9481 
17104 5279 4743 8707 
17105 5684 8371 9433 
17106 4494 4973 8769 
17107 9266 5496 9327 
17108 697 7588 8692 
17109 6239 6225 9761 
17110 9135 5513 9259 
17111 9155 3049 9627 
17112 5131 5792 8703 
17113 8163 3063 8627 
17114 2380 8212 8659 
17115 7638 5951 9359 
17116 1984 1887 9249 
17117 6748 2036 9274 
17118 8621 5329 8728 
17119 7051 8522 9175 
17120 1147 1388 9583 
17121 9094 8205 9310 
17122 6667 3208 9483 
17123 3720 6275 8749 
17124 9275 6333 9819 
17125 7881 5156 9055 
17126 6105 6102 8857 
17127 466 69 8718 
17128 7199 3657 9162 
17129 3902 7835 9460 
17130 313 539 8316 
17131 3972 5270 8691 
17132 5316 5319 8740 
17133 4486 7194 9816 
17134 8272 3691 8734 
17135 4734 8883 8994 
17136 4112 4905 9589 
17137 4621 5799 8709 
17138 8510 5835 8631 
17139 5406 4756 9662 
17140 7598 8014 8949 
17141 4772 4084 9357 
17142 5428 3875 9245 
17143 4346 3945 8741 
17144 1977 1836 9762 
17145 3155 4095 9780 
17146 6222 560 8997 
17147 7757 8115 8690 
17148 3602 6543 9823 
17149 5248 5249 9285 
17150 4852 4956 8712 
17151 5201 4132 9263 
17152 7345 8451 9813 
17153 8868 5013 8908 
17154 4169 8696 8765 
17155 6056 6029 9721 
17156 5368 5005 8853 
17157 5396 5618 8714 
17158 8228 5168 9129 
17159 1796 1790 9633 
17160 3360 7816 8695 
17161 903 902 9678 
17162 6014 4416 8729 
17163 4485 6282 9215 
17164 8682 5131 8703 
17165 8815 3388 8979 
17166 8505 4885 8670 
17167 5782 6238 8677 
17168 1475 1443 8533 
17169 7597 7598 9189 
17170 1644 9144 9404 
17171 5413 7914 9095 
17172 5505 6091 9402 
17173 3666 3194 9545 
17174 8730 5105 8814 
17175 71 399 8735 
17176 5062 5149 8790 
17177 7859 5450 9163 
17178 4456 5355 9299 
17179 4074 8279 8611 
17180 1826 1828 9649 
17181 4125 8590 8717 
17182 7482 7059 9461 
17183 5577 5089 9024 
17184 9226 1877 9261 
17185 8356 7156 9442 
17186 8776 5564 9033 
17187 4936 4938 9814 
17188 4990 5374 8725 
17189 610 3112 9313 
17190 5202 5236 9209 
17191 5473 7137 9644 
17192 8114 5707 9341 
17193 5346 8606 8791 
17194 5868 5462 9277 
17195 1001 998 9586 
17196 7228 5014 8764 
17197 1427 8164 8667 
17198 5528 4455 9539 
17199 6547 5661 9682 
17200 657 655 9247 
17201 399 6611 9555 
17202 8200 7523 9092 
17203 1448 640 9435 
17204 8673 6822 9737 
17205 8066 5088 9650 
17206 7086 8333 9417 
17207 8352 4992 9088 
17208 3069 7548 9345 
17209 8452 6089 9684 
17210 6212 6211 8856 
17211 5185 8384 9348 
17212 8517 5335 8621 
17213 5088 3785 8942 
17214 6178 5022 8818 
17215 4824 7812 8674 
17216 2037 8920 8923 
17217 5546 5059 8938 
17218 5502 4953 8723 
17219 433 284 8774 
17220 6523 9205 9609 
17221 2192 7866 9803 
17222 7900 2428 8710 
17223 4162 4309 8833 
17224 7283 3552 9549 
17225 787 612 9313 
17226 8389 7373 9436 
17227 6783 2035 8782 
17228 8605 511 9716 
17229 8067 5542 9495 
17230 7466 7416 9453 
17231 8269 5220 8731 
17232 8795 6142 9312 
17233 3561 3562 9245 
17234 8279 4886 8611 
17235 4339 5039 8504 
17236 5685 6982 9059 
17237 5590 9492 9702 
17238 5250 5754 9407 
17239 4941 3880 8733 
17240 1238 1235 9470 
17241 6377 6378 8888 
17242 7884 4952 8717 
17243 6386 9631 9749 
17244 7382 7384 8762 
17245 1580 1460 9481 
17246 1417 8055 8533 
17247 1764 8162 9423 
17248 2062 5384 8877 
17249 5454 4877 9783 
17250 7523 8200 9233 
17251 1771 1773 8797 
17252 3920 3386 8721 
17253 508 7067 9677 
17254 9083 5469 9296 
17255 7988 4822 8702 
17256 5459 6842 9573 
17257 7484 5013 8868 
17258 6508 6509 8937 
17259 5444 5443 8760 
17260 444 6951 8918 
17261 526 7859 9163 
17262 6137 6260 8838 
17263 472 6149 9336 
17264 7534 7532 9428 
17265 799 795 9349 
17266 6206 6204 8925 
17267 5628 5629 9220 
17268 3497 3153 9337 
17269 1947 8636 8763 
17270 7767 344 9444 
17271 329 330 8783 
17272 5220 8248 8731 
17273 5903 4160 8756 
17274 6042 5559 9075 
17275 8647 7551 9707 
17276 1406 1351 9248 
17277 345 410 9444 
17278 5897 5896 5898 
17279 8661 5368 9110 
17280 305 306 8425 
17281 1897 1899 9622 
17282 152 151 8759 
17283 67 68 8778 
17284 1927 7918 9379 
17285 1786 7819 9758 
17286 4912 8594 8648 
17287 3024 1665 9754 
17288 4373 4040 9568 
17289 6299 5848 8823 
17290 9447 5493 9632 
17291 8831 5052 8894 
17292 456 312 8316 
17293 5329 5330 8728 
17294 3225 4125 8752 
17295 5028 5026 8821 
17296 209 208 8835 
17297 4361 3603 9485 
17298 4530 6882 8744 
17299 8146 5050 8810 
17300 536 220 8891 
17301 5145 8344 9028 
17302 1782 1780 9687 
17303 7685 2805 9841 
17304 5178 8721 8738 
17305 3645 8247 8664 
17306 5189 5573 9192 
17307 5634 8817 9204 
17308 1978 6780 8889 
17309 4787 4786 9576 
17310 1533 7817 9243 
17311 8586 4719 8739 
17312 7819 6536 9758 
17313 2620 2622 8747 
17314 5040 5152 8596 
17315 6250 8103 9767 
17316 4956 4958 8746 
17317 9366 6959 9805 
17318 5687 8393 9455 
17319 7568 1566 8743 
17320 4885 8214 8670 
17321 8535 463 8944 
17322 9105 2192 9626 
17323 7055 2583 8825 
17324 3552 5578 9472 
17325 8005 229 9221 
17326 5277 7602 8706 
17327 6897 9098 9161 
17328 4068 7308 8803 
17329 6409 8405 8736 
17330 7224 8630 9451 
17331 4206 6097 8910 
17332 8262 5223 9213 
17333 6432 7796 8715 
17334 5430 4124 8738 
17335 2361 2363 8761 
17336 4917 8613 8672 
17337 4626 9674 9725 
17338 8443 8146 8810 
17339 1185 1191 8745 
17340 4282 6112 9847 
17341 5394 5396 8753 
17342 5659 5356 9385 
17343 5806 5807 9328 
17344 6984 520 9017 
17345 1258 8095 9764 
17346 2251 2254 8757 
17347 346 347 8798 
17348 5846 8919 9835 
17349 7539 8370 8815 
17350 1990 1842 8776 
17351 6028 4731 9751 
17352 2368 7480 8775 
17353 6235 4393 9815 
17354 5225 7467 9001 
17355 8164 7494 8667 
17356 4978 3034 8754 
17357 2643 8911 8983 
17358 3718 8534 8706 
17359 26 27 8801 
17360 327 8468 8978 
17361 4133 7469 9219 
17362 5384 8770 8877 
17363 8345 1427 8667 
17364 1437 3668 9481 
17365 7888 7889 8832 
17366 6619 6736 9306 
17367 5257 8841 9112 
17368 5170 9123 9159 
17369 4092 4093 8768 
17370 2502 8445 8880 
17371 227 226 8826 
17372 7547 1947 8763 
17373 8789 5533 9016 
17374 8480 5150 9063 
17375 5439 5885 8756 
17376 8680 486 9628 
17377 7963 1796 9088 
17378 1793 1788 9758 
17379 4866 7926 8748 
17380 7080 7082 9118 
17381 6551 5445 8951 
17382 2127 2129 8792 
17383 6512 5801 9487 
17384 3112 608 9511 
17385 4978 8754 8771 
17386 5334 7587 8765 
17387 2164 8685 8861 
17388 606 7976 9511 
17389 5472 4384 9799 
17390 4897 8571 8622 
17391 8560 5456 9122 
17392 6307 5108 9144 
17393 5493 5552 9632 
17394 5794 5455 9446 
17395 2643 7545 8911 
17396 5895 5896 5897 
17397 7477 6017 8788 
17398 5622 8612 9346 
17399 791 3020 9400 
17400 5093 5546 9362 
17401 2277 2280 8773 
17402 6567 2457 9325 
17403 6553 5989 8793 
17404 8451 5586 9813 
17405 340 531 9647 
17406 4181 4733 9657 
17407 7831 3868 9217 
17408 228 427 9221 
17409 6125 4978 8771 
17410 5105 4994 8814 
17411 8575 6445 9368 
17412 2163 2171 8819 
17413 4754 4753 8784 
17414 5570 6698 9781 
17415 8247 4882 8664 
17416 415 339 9647 
17417 5024 4290 9600 
17418 9240 5201 9263 
17419 4594 4449 8813 
17420 8712 4956 8746 
17421 8113 4133 9219 
17422 5537 5538 8904 
17423 7607 7434 9419 
17424 8034 2460 9081 
17425 5145 4987 8781 
17426 5481 4405 8772 
17427 6153 9791 9839 
17428 1578 1580 9754 
17429 3533 9160 9507 
17430 3108 1722 9746 
17431 5401 7935 9244 
17432 311 456 8315 
17433 5100 4878 9639 
17434 1950 1949 8836 
17435 4940 5674 9191 
17436 8705 436 8855 
17437 8792 2129 8900 
17438 6879 1989 9120 
17439 5712 5715 8820 
17440 6111 4651 8839 
17441 5892 8327 8669 
17442 5696 5697 9593 
17443 8510 3304 8714 
17444 3623 8749 8915 
17445 8626 4042 8841 
17446 2982 7920 9850 
17447 9419 7434 9514 
17448 7969 5533 8789 
17449 9779 3606 9782 
17450 5396 8714 8753 
17451 8881 1978 8889 
17452 5262 3905 8831 
17453 8284 5358 8720 
17454 8355 1277 9637 
17455 8349 7562 8697 
17456 7434 695 9514 
17457 4362 5257 9355 
17458 7879 7166 8794 
17459 4525 7096 9165 
17460 5906 8654 9537 
17461 133 8555 9103 
17462 6932 6933 8860 
17463 5135 8414 9728 
17464 5383 8598 8629 
17465 5064 6662 9335 
17466 5155 8979 9199 
17467 3182 1632 8617 
17468 2368 8775 8868 
17469 6824 7824 9318 
17470 452 8421 9265 
17471 1172 1170 8785 
17472 335 481 9739 
17473 8297 5857 9762 
17474 1074 659 8799 
17475 8162 5417 9423 
17476 4979 8803 8902 
17477 2423 2425 8800 
17478 5061 8578 8938 
17479 1132 8566 9083 
17480 7694 8560 9122 
17481 578 8124 9284 
17482 4129 8787 8829 
17483 4590 7266 8807 
17484 8465 6217 9570 
17485 7650 7774 9219 
17486 6657 5154 9023 
17487 5224 7898 9320 
17488 771 773 8843 
17489 7177 4111 8853 
17490 533 334 9739 
17491 8327 3909 8669 
17492 4129 8041 8770 
17493 5660 4833 9701 
17494 2974 3771 8809 
17495 5217 5169 8816 
17496 5918 5917 9695 
17497 7018 7026 8862 
17498 9274 2036 9314 
17499 6234 8132 8960 
17500 1885 1984 8817 
17501 6895 4661 9132 
17502 8093 473 9099 
17503 2622 2624 8796 
17504 8075 3503 9168 
17505 4291 3774 8794 
17506 699 8703 9588 
17507 5279 7340 8971 
17508 7691 7511 8993 
17509 5522 3557 8892 
17510 7526 9442 9577 
17511 5835 5836 8777 
17512 6822 2132 9737 
17513 5839 4796 8802 
17514 3027 2833 8827 
17515 2254 2256 8811 
17516 8021 5473 9644 
17517 9188 5202 9209 
17518 5392 5394 8812 
17519 5369 7037 8988 
17520 5236 9174 9209 
17521 4969 8498 9106 
17522 8345 8667 8935 
17523 1644 6307 9144 
17524 8076 8310 8837 
17525 5069 5818 8901 
17526 5777 5778 8872 
17527 7998 5062 8959 
17528 9557 5643 9579 
17529 4901 8322 8755 
17530 1987 6881 8895 
17531 4120 4119 8830 
17532 1474 1475 8617 
17533 7685 5623 9720 
17534 8038 3567 9200 
17535 4600 7805 9251 
17536 436 7090 8855 
17537 5576 9044 9775 
17538 1320 580 9284 
17539 9375 5410 9550 
17540 9081 5598 9211 
17541 8460 5170 9271 
17542 8747 2622 8796 
17543 7478 2368 8868 
17544 9236 5802 9395 
17545 5665 6247 9538 
17546 6777 1978 8881 
17547 4916 8272 8734 
17548 7984 9771 9781 
17549 4901 8755 9208 
17550 3648 7982 8790 
17551 8589 6436 8666 
17552 8248 4763 8731 
17553 4862 8874 8919 
17554 2388 2373 8866 
17555 8704 185 9015 
17556 9062 6008 9121 
17557 8933 2009 9253 
17558 9512 5942 9534 
17559 5013 5203 8908 
17560 4719 4143 8739 
17561 8816 5169 9316 
17562 9192 5573 9286 
17563 8757 2254 8811 
17564 5246 5040 8596 
17565 6286 6224 9308 
17566 5258 6309 8915 
17567 8609 1698 9001 
17568 4974 5182 8828 
17569 8467 7247 9267 
17570 9095 2051 9693 
17571 5379 8037 9073 
17572 5567 9558 9590 
17573 5094 8986 9030 
17574 3761 4129 8829 
17575 8393 5435 9494 
17576 9102 8038 9200 
17577 4608 6553 8977 
17578 4862 3778 8874 
17579 8379 4064 9152 
17580 9742 8061 9776 
17581 3082 4153 8845 
17582 1191 1247 8824 
17583 5961 5136 8882 
17584 5411 8489 9479 
17585 547 310 8315 
17586 3145 3760 8834 
17587 4486 9816 9845 
17588 6219 6218 9408 
17589 2284 8536 9034 
17590 5312 5314 8865 
17591 7478 8868 8908 
17592 5282 8485 9200 
17593 1632 1474 8617 
17594 8745 1191 8824 
17595 8884 3587 9676 
17596 5479 5478 8833 
17597 5622 3916 9280 
17598 8534 5277 8706 
17599 4209 8728 9713 
17600 6218 6216 9729 
17601 5394 8753 8812 
17602 9148 5948 9330 
17603 7826 3678 8808 
17604 6834 6984 9017 
17605 5122 6671 8890 
17606 8940 7601 9172 
17607 6102 6104 8857 
17608 366 367 8869 
17609 2493 8356 9442 
17610 6010 6011 9571 
17611 5182 5184 8840 
17612 7707 5410 9375 
17613 7402 1546 9456 
17614 6951 6952 8918 
17615 1074 8799 8898 
17616 5695 8647 9707 
17617 4518 4281 9036 
17618 5642 4982 8848 
17619 2172 2164 8861 
17620 6662 439 9421 
17621 8627 3063 9091 
17622 7487 561 8844 
17623 8845 5556 9482 
17624 8157 7765 9264 
17625 3544 4329 8905 
17626 854 2039 9512 
17627 1005 1002 9655 
17628 218 441 9086 
17629 6224 6239 9308 
17630 5022 8779 8818 
17631 3691 3006 9424 
17632 5912 5913 9797 
17633 6233 5010 9772 
17634 4110 4890 8886 
17635 7540 5461 8893 
17636 7028 444 8918 
17637 5325 8895 8947 
17638 4077 4927 8849 
17639 5604 8972 9325 
17640 5686 6278 9683 
17641 8974 6656 9548 
17642 1778 1795 8852 
17643 560 7488 8997 
17644 5374 8635 8725 
17645 2008 9497 9649 
17646 3281 3279 8850 
17647 9709 4313 9742 
17648 3323 8748 8926 
17649 8290 224 9519 
17650 4734 8581 8883 
17651 9608 6045 9705 
17652 8359 407 9365 
17653 5474 7709 9429 
17654 8310 4144 8837 
17655 6343 6344 9303 
17656 9420 5485 9448 
17657 5657 3817 9395 
17658 5191 7875 9252 
17659 1238 6171 9736 
17660 220 219 8891 
17661 2571 2573 8815 
17662 9653 2083 9807 
17663 5160 3754 8851 
17664 3850 3387 8806 
17665 8082 5691 9360 
17666 5023 5214 8897 
17667 4921 8111 9107 
17668 6763 6152 9842 
17669 6891 5128 9029 
17670 6781 2180 9187 
17671 504 6959 9366 
17672 7815 5402 9358 
17673 9405 5776 9412 
17674 9448 5487 9466 
17675 5032 5954 8922 
17676 6116 9724 9771 
17677 760 762 8907 
17678 8873 4839 9002 
17679 7393 2443 9486 
17680 3544 8905 8943 
17681 5450 5708 9163 
17682 4042 5025 8841 
17683 4201 5001 8894 
17684 7933 482 8780 
17685 9130 8230 9740 
17686 3593 8292 9232 
17687 5369 8988 9071 
17688 8145 5698 9142 
17689 5501 5502 8867 
17690 4324 4161 9016 
17691 6880 6879 9047 
17692 5111 5112 8928 
17693 6422 8901 9669 
17694 4281 6891 8966 
17695 72 73 8906 
17696 6070 6251 8885 
17697 9028 7313 9354 
17698 2129 2133 8900 
17699 7971 4313 9709 
17700 5846 4862 8919 
17701 6766 1800 9239 
17702 8680 8670 9371 
17703 525 7703 8838 
17704 4993 9422 9714 
17705 6558 6156 9796 
17706 7704 2643 8983 
17707 5355 4020 8867 
17708 1198 7940 8858 
17709 6005 6006 9216 
17710 348 349 8914 
17711 5103 5369 9071 
17712 7587 3571 8879 
17713 7083 7080 9118 
17714 5464 9002 9134 
17715 7964 8082 9360 
17716 5945 5206 8884 
17717 7779 3610 8904 
17718 7443 3113 9014 
17719 2281 2284 8875 
17720 8518 8035 8854 
17721 6577 6579 8939 
17722 5296 5297 8924 
17723 5545 8382 9432 
17724 8880 5189 9192 
17725 4698 5635 8930 
17726 5690 9091 9217 
17727 8828 5182 8840 
17728 5431 8626 8842 
17729 8932 3531 8963 
17730 8295 3108 9316 
17731 5615 8008 9749 
17732 3552 9472 9549 
17733 5440 8527 8772 
17734 8765 7587 8879 
17735 852 9512 9534 
17736 8043 5459 9573 
17737 8808 3678 8921 
17738 286 285 8916 
17739 5565 4695 8859 
17740 439 222 9421 
17741 3690 4373 8878 
17742 3113 7478 8908 
17743 5386 8930 9050 
17744 2852 3544 8943 
17745 5855 1433 8842 
17746 7457 4083 8964 
17747 565 567 9679 
17748 8378 6177 9161 
17749 440 8138 9009 
17750 5838 8557 9665 
17751 2222 8511 9302 
17752 3812 8230 9130 
17753 223 439 9519 
17754 693 7965 8870 
17755 4318 5496 9134 
17756 4961 7994 9334 
17757 8630 476 9451 
17758 6766 9239 9851 
17759 8445 7362 8880 
17760 1141 1074 8898 
17761 4381 8702 9770 
17762 9654 3015 9727 
17763 2115 2113 8929 
17764 5152 5895 8596 
17765 7824 8269 9318 
17766 6684 6685 9034 
17767 2970 3531 8932 
17768 2385 8194 8847 
17769 207 206 496 
17770 304 305 497 
17771 5408 8199 9399 
17772 9141 2278 9705 
17773 4733 7821 8876 
17774 7067 400 8958 
17775 6142 4723 9312 
17776 5106 6555 8965 
17777 8418 4921 9107 
17778 3939 7885 8856 
17779 5337 5485 9420 
17780 8209 3746 9541 
17781 9195 6748 9274 
17782 6982 6983 9059 
17783 6152 6763 9851 
17784 8911 5228 8983 
17785 5407 7172 8980 
17786 8344 7313 9028 
17787 5022 4949 8779 
17788 3959 5855 9561 
17789 5354 9060 9353 
17790 7842 6911 8883 
17791 5092 8217 9067 
17792 7866 3606 9779 
17793 7306 4536 8995 
17794 338 415 8888 
17795 5888 4047 8896 
17796 221 536 9421 
17797 26 8801 9143 
17798 8592 4916 8734 
17799 2443 7338 9464 
17800 8225 8268 8873 
17801 5917 5751 9719 
17802 8220 9362 9394 
17803 5546 8528 9362 
17804 3208 9430 9483 
17805 7339 2388 9376 
17806 6115 6114 9234 
17807 7704 8983 9064 
17808 350 351 8945 
17809 5602 6498 9208 
17810 4093 3444 8902 
17811 6561 6560 9685 
17812 8879 3571 8972 
17813 7351 7857 9040 
17814 8916 433 9603 
17815 5569 9590 9606 
17816 5135 7832 9397 
17817 6645 539 9278 
17818 5536 8627 9091 
17819 618 616 8936 
17820 6173 5246 9525 
17821 575 577 9037 
17822 6387 6389 8996 
17823 7337 518 8980 
17824 8045 5371 9485 
17825 5476 5631 9601 
17826 4313 8061 9742 
17827 5832 5831 8944 
17828 6840 5274 9378 
17829 8483 5907 9537 
17830 421 7628 9750 
17831 8008 3732 9749 
17832 6637 2009 9364 
17833 7254 4180 9004 
17834 5789 8170 9473 
17835 4182 3831 8976 
17836 7338 7339 9441 
17837 9069 871 9534 
17838 4905 8727 9589 
17839 8413 6572 9710 
17840 1195 9026 9787 
17841 5112 4158 9130 
17842 2030 9048 9393 
17843 5425 5424 8958 
17844 441 8257 8751 
17845 4990 8725 9022 
17846 2021 6406 9191 
17847 5546 8938 9151 
17848 9005 6709 9602 
17849 9442 7156 9577 
17850 6709 9568 9602 
17851 2367 2370 8931 
17852 5300 5302 8947 
17853 7875 416 9252 
17854 9832 3138 9849 
17855 5578 9357 9472 
17856 7735 1943 8903 
17857 4125 8717 8752 
17858 8035 3959 8854 
17859 3531 4162 8963 
17860 2377 7443 9198 
17861 7436 2591 9049 
17862 7981 7986 9630 
17863 8849 4927 8970 
17864 556 7487 8844 
17865 6517 9210 9375 
17866 5920 9270 9675 
17867 1988 8077 9821 
17868 1165 1167 8961 
17869 6864 2040 9731 
17870 8268 4839 8873 
17871 4346 8741 9329 
17872 8322 3712 8755 
17873 528 7743 9666 
17874 5614 7049 9505 
17875 8468 5641 8978 
17876 5325 7700 8920 
17877 5162 5564 9098 
17878 6216 8090 9729 
17879 651 8470 9668 
17880 5567 5411 9558 
17881 5927 9155 9627 
17882 8112 4964 9398 
17883 4626 8022 9674 
17884 9724 2034 9771 
17885 2180 6603 9218 
17886 4694 7738 9397 
17887 924 922 8950 
17888 3316 6823 9084 
17889 2371 2369 9272 
17890 5678 5468 8933 
17891 8511 5956 9302 
17892 8612 5337 9346 
17893 9166 5529 9706 
17894 8396 8698 9722 
17895 5883 8969 8991 
17896 3156 7221 8941 
17897 7700 5326 8923 
17898 6185 3883 9650 
17899 5019 8643 9610 
17900 103 1 9581 
17901 2274 9608 9705 
17902 5018 8076 8837 
17903 5195 8477 8795 
17904 5883 5881 8969 
17905 3678 7954 8921 
17906 7609 1552 9038 
17907 5035 8987 9027 
17908 3712 8509 8755 
17909 326 327 8978 
17910 3149 6709 9005 
17911 7981 9630 9663 
17912 7926 5568 8926 
17913 8722 4520 9578 
17914 259 258 8973 
17915 7723 528 9348 
17916 307 473 8417 
17917 8726 4772 9357 
17918 7313 2766 9354 
17919 8382 9390 9432 
17920 5228 5070 8983 
17921 6491 5663 8999 
17922 6468 6466 8940 
17923 8421 5982 9265 
17924 3584 3173 8716 
17925 7298 8225 8873 
17926 8578 542 8938 
17927 8866 5724 9311 
17928 3746 3744 9541 
17929 3 6 9582 
17930 2460 8678 9081 
17931 8124 5689 9284 
17932 5244 7602 9127 
17933 4334 7116 9013 
17934 8770 5384 8787 
17935 3964 3584 8716 
17936 9049 2591 9180 
17937 4964 8332 9398 
17938 8820 2385 8847 
17939 8538 5346 8791 
17940 9123 8855 9174 
17941 579 581 9255 
17942 7539 8815 8979 
17943 1558 1559 8956 
17944 7853 5228 8911 
17945 5274 5808 9378 
17946 3879 5428 9352 
17947 8527 5188 8786 
17948 5035 4333 8987 
17949 5750 9125 9461 
17950 2443 9464 9486 
17951 8748 7926 8926 
17952 5234 5233 8984 
17953 3149 9005 9077 
17954 6554 6556 9131 
17955 8855 7090 9174 
17956 2483 2216 8952 
17957 208 207 9020 
17958 6945 6946 9626 
17959 9235 5349 9257 
17960 5338 5339 8948 
17961 8964 5065 9074 
17962 6877 5625 9204 
17963 1610 1611 8957 
17964 5128 5404 9087 
17965 9120 1989 9195 
17966 6406 6405 9206 
17967 8924 6881 9047 
17968 5973 5883 8991 
17969 7170 9017 9840 
17970 6561 8605 9716 
17971 5125 7539 8979 
17972 8528 437 9362 
17973 6326 5187 9097 
17974 455 213 9096 
17975 8123 7193 9062 
17976 1893 1894 8974 
17977 2282 2279 9031 
17978 8148 3049 9155 
17979 3322 3323 8968 
17980 9054 3316 9084 
17981 8825 5406 9662 
17982 5059 5061 8938 
17983 5427 9145 9150 
17984 5463 9783 9817 
17985 5240 7083 9207 
17986 7290 5710 9011 
17987 5858 9386 9393 
17988 8397 2502 8880 
17989 3241 7943 9344 
17990 5556 5555 8966 
17991 471 8965 9058 
17992 8566 5470 9083 
17993 9125 5749 9718 
17994 8696 5334 8765 
17995 7097 7311 9507 
17996 6364 7393 9458 
17997 8993 7513 9518 
17998 6186 3092 9854 
17999 5062 8790 8959 
18000 8151 5092 9067 
18001 6418 6419 9079 
18002 5071 4787 8985 
18003 6488 9012 9108 
18004 2857 3385 9008 
18005 4581 3882 8967 
18006 2158 2580 9012 
18007 5072 5378 9013 
18008 8668 5024 9600 
18009 8554 7972 9429 
18010 5485 5487 9448 
18011 5571 5780 9434 
18012 8375 3952 9018 
18013 4927 5211 8970 
18014 5690 9217 9324 
18015 4294 4296 9050 
18016 6932 8830 8863 
18017 7338 9441 9464 
18018 6217 6219 9570 
18019 129 128 9000 
18020 6747 3316 9054 
18021 2369 2377 9272 
18022 5156 3420 8990 
18023 4765 5091 8986 
18024 5368 8886 9110 
18025 7982 1554 8959 
18026 413 8114 9341 
18027 4404 5163 8982 
18028 8908 5203 9014 
18029 3785 5124 8942 
18030 4999 5332 9033 
18031 5399 4127 9030 
18032 3735 4361 9635 
18033 5492 5840 9784 
18034 7526 5199 9019 
18035 8988 3750 9071 
18036 5523 9107 9658 
18037 9273 3177 9471 
18038 538 6122 9793 
18039 8920 7700 8923 
18040 1655 6301 9740 
18041 6041 5035 9027 
18042 6570 5560 9256 
18043 7083 9118 9207 
18044 9041 5675 9201 
18045 5778 5776 9405 
18046 7435 5275 9408 
18047 6572 8640 9710 
18048 3979 7981 9663 
18049 3114 9193 9476 
18050 5559 7465 9075 
18051 5437 9039 9092 
18052 4180 4181 9085 
18053 8778 466 9306 
18054 8124 1581 9406 
18055 5213 7593 9041 
18056 7766 530 8937 
18057 8103 3023 9767 
18058 5418 5111 8928 
18059 9103 5784 9592 
18060 417 8711 9496 
18061 185 184 9015 
18062 5437 7440 9039 
18063 1009 9755 9769 
18064 4065 4368 8992 
18065 9047 6879 9120 
18066 3567 8565 9200 
18067 4839 3597 9002 
18068 3173 8131 8716 
18069 520 7505 9017 
18070 7495 9064 9149 
18071 3916 4310 9280 
18072 5386 7122 9032 
18073 4723 4190 9312 
18074 7092 3537 9042 
18075 467 7285 9100 
18076 7140 468 9157 
18077 5922 4608 8977 
18078 8014 5231 8949 
18079 538 215 9396 
18080 491 8554 9429 
18081 8768 4093 9116 
18082 6095 7372 9454 
18083 1813 3149 9077 
18084 8615 7431 8934 
18085 212 546 9096 
18086 3571 8096 8972 
18087 3686 4414 9696 
18088 5591 6362 9791 
18089 8790 7982 8959 
18090 6636 3804 9214 
18091 8983 5070 9064 
18092 6617 8735 9555 
18093 3673 9211 9340 
18094 5553 5240 9332 
18095 5831 8535 8944 
18096 8260 4206 8910 
18097 7367 434 9080 
18098 7495 7704 9064 
18099 8935 5071 8985 
18100 5869 8668 9600 
18101 8702 7614 9770 
18102 8430 5279 8971 
18103 261 260 9045 
18104 7467 8609 9001 
18105 4190 5195 9312 
18106 9187 2180 9218 
18107 3952 3477 9018 
18108 8678 5598 9081 
18109 495 8465 9570 
18110 48 49 9051 
18111 7339 9376 9441 
18112 5477 8985 9338 
18113 472 209 8835 
18114 5474 5135 9728 
18115 5276 5809 9347 
18116 8402 3639 9480 
18117 5360 8383 8946 
18118 7916 3750 8988 
18119 9134 5496 9266 
18120 8936 616 9066 
18121 5410 5660 9550 
18122 5933 5172 9111 
18123 913 915 9056 
18124 2692 7286 9032 
18125 8959 1554 9294 
18126 8703 5792 9588 
18127 6633 6739 9802 
18128 8721 5430 8738 
18129 7444 5127 9085 
18130 6334 5479 9648 
18131 9043 6555 9131 
18132 7323 6655 9765 
18133 9783 6365 9817 
18134 398 6980 9006 
18135 542 189 9151 
18136 5733 7621 9310 
18137 3606 7828 9782 
18138 5797 8311 9279 
18139 8382 5130 9390 
18140 8856 6294 9829 
18141 4153 8814 8845 
18142 5771 5858 9048 
18143 5689 5147 9319 
18144 309 547 9099 
18145 5070 7577 9064 
18146 5533 5534 9016 
18147 6518 8851 9210 
18148 2388 9311 9376 
18149 4310 4597 9147 
18150 9104 2069 9361 
18151 6365 4534 9817 
18152 8640 4051 9710 
18153 5667 5668 9076 
18154 9791 6362 9839 
18155 6820 3103 9237 
18156 8180 3138 9832 
18157 5269 7855 9028 
18158 9477 5595 9491 
18159 7770 5547 9063 
18160 95 96 9058 
18161 8441 4768 9756 
18162 8435 7691 8993 
18163 4081 3848 9007 
18164 1698 8233 9001 
18165 62 63 9065 
18166 1552 1553 9038 
18167 6356 6681 9810 
18168 5629 6005 9220 
18169 6508 8937 9711 
18170 2580 6781 9128 
18171 5171 6257 9184 
18172 9267 7244 9804 
18173 1087 6272 9768 
18174 9515 6056 9721 
18175 5610 8647 9458 
18176 4281 8966 9036 
18177 6891 9029 9482 
18178 2374 2376 9046 
18179 8174 5090 9517 
18180 76 77 9068 
18181 757 7742 8996 
18182 214 455 9396 
18183 583 1414 9173 
18184 308 309 9099 
18185 9063 5547 9162 
18186 1178 1176 9026 
18187 5577 9024 9171 
18188 8051 3015 9654 
18189 4525 9165 9212 
18190 7285 6678 9100 
18191 7317 5266 9190 
18192 9386 863 9393 
18193 213 212 9096 
18194 446 94 9043 
18195 8587 494 9808 
18196 1009 1006 9755 
18197 8966 5555 9036 
18198 616 614 9066 
18199 4560 6090 9044 
18200 8892 5124 9305 
18201 6317 9119 9206 
18202 1130 597 9171 
18203 6092 5506 9104 
18204 9466 5593 9477 
18205 1610 8957 9040 
18206 3926 6898 9331 
18207 6153 6250 9791 
18208 7309 7226 9451 
18209 6606 9366 9805 
18210 6135 6134 9109 
18211 3092 6186 9658 
18212 5438 5437 9092 
18213 6172 6135 9463 
18214 5599 6876 9115 
18215 5357 5914 9824 
18216 6237 7829 9021 
18217 8536 6684 9034 
18218 5555 5791 9036 
18219 8694 5586 9585 
18220 5937 5927 9627 
18221 5750 5749 9125 
18222 902 8989 9678 
18223 5176 4990 9022 
18224 219 218 9086 
18225 7427 5171 9241 
18226 4093 8897 9116 
18227 47 467 9100 
18228 9126 3667 9140 
18229 2657 7495 9149 
18230 7515 8081 9713 
18231 6544 6545 9624 
18232 8280 8522 9437 
18233 263 262 9090 
18234 5942 5758 9069 
18235 8067 1475 9553 
18236 7191 3667 9126 
18237 2773 5119 9060 
18238 8581 7842 8883 
18239 3436 8219 9738 
18240 9004 4180 9085 
18241 4048 3530 9057 
18242 3113 8908 9014 
18243 6637 9364 9430 
18244 5926 5543 9690 
18245 6521 4362 9355 
18246 5754 9295 9407 
18247 6207 4626 9725 
18248 7654 3070 9076 
18249 5354 5613 9465 
18250 8749 5258 8915 
18251 559 8954 9638 
18252 4294 9050 9138 
18253 4795 8345 8935 
18254 8875 2284 9034 
18255 9771 5570 9781 
18256 3014 3042 9052 
18257 8698 6746 9722 
18258 3360 8695 8822 
18259 8982 5163 9160 
18260 898 7881 9055 
18261 6892 871 9629 
18262 9685 4146 9796 
18263 6672 6528 9787 
18264 5269 9028 9354 
18265 5478 7978 9035 
18266 4129 8770 8787 
18267 8400 3951 8955 
18268 6961 5100 9665 
18269 473 308 9099 
18270 6239 8133 9308 
18271 7990 3451 9029 
18272 899 898 9078 
18273 402 7061 9531 
18274 8196 8504 9089 
18275 1846 1880 9070 
18276 134 133 9103 
18277 3843 8968 9434 
18278 6317 6316 9304 
18279 3667 2810 9140 
18280 7602 8305 9127 
18281 4655 4653 9114 
18282 9076 3070 9179 
18283 8955 3951 9142 
18284 8891 219 9086 
18285 9064 7577 9149 
18286 6649 6648 9175 
18287 8158 402 9531 
18288 5146 5464 9134 
18289 4049 4050 9432 
18290 5975 5976 9121 
18291 5544 8910 9646 
18292 8383 4097 8946 
18293 9023 1889 9452 
18294 9781 6698 9848 
18295 3868 5460 9324 
18296 2384 8123 9062 
18297 4661 8437 9132 
18298 5569 5567 9590 
18299 534 8290 9683 
18300 3750 5400 9071 
18301 6219 7501 9570 
18302 5560 5557 9178 
18303 7857 1610 9040 
18304 456 8316 8864 
18305 3134 6363 9795 
18306 8976 3837 9761 
18307 6975 6976 9157 
18308 5435 6186 9494 
18309 239 238 9133 
18310 3464 3102 9675 
18311 6620 5690 9324 
18312 5047 8627 8871 
18313 6158 9685 9796 
18314 3644 8253 9455 
18315 9426 5270 9478 
18316 9050 5635 9138 
18317 5491 5933 9640 
18318 3780 3283 9072 
18319 7091 9188 9209 
18320 9178 5557 9225 
18321 306 8417 8425 
18322 8893 2483 8952 
18323 3312 4099 9074 
18324 7462 4840 9826 
18325 8907 762 9660 
18326 5535 7839 9786 
18327 8937 530 9711 
18328 5296 9047 9120 
18329 4295 4294 9138 
18330 8984 4181 9657 
18331 8851 3754 9210 
18332 5294 5296 9120 
18333 7372 5113 9093 
18334 9178 8157 9264 
18335 8214 5993 9371 
18336 9231 7455 9489 
18337 2126 2192 9105 
18338 25 26 9143 
18339 5584 8657 9790 
18340 543 6627 9475 
18341 5793 8075 9168 
18342 1877 9226 9230 
18343 4750 8034 9081 
18344 206 205 8912 
18345 303 304 8913 
18346 7366 7033 9462 
18347 5108 7457 9158 
18348 8951 3617 9431 
18349 2040 6892 9688 
18350 546 211 9336 
18351 5236 4963 9159 
18352 6304 6303 9524 
18353 5776 5773 9412 
18354 8170 3056 9473 
18355 4597 8038 9102 
18356 898 9055 9078 
18357 8832 7889 9334 
18358 5285 7248 9301 
18359 5367 8615 8934 
18360 8504 7586 9089 
18361 7846 490 9285 
18362 5252 9314 9315 
18363 7743 409 9053 
18364 5350 4616 9082 
18365 3867 3098 9113 
18366 5667 9076 9179 
18367 5487 5593 9466 
18368 5001 8831 8894 
18369 5578 8726 9357 
18370 5183 5181 9182 
18371 4750 9081 9211 
18372 9019 2493 9442 
18373 4168 5264 9671 
18374 6003 6233 9772 
18375 6598 4523 9246 
18376 7241 4600 9251 
18377 4567 5373 9183 
18378 8373 4734 8994 
18379 5045 8205 9094 
18380 7129 5146 9266 
18381 4532 2041 9222 
18382 8507 6343 9303 
18383 3323 8926 8968 
18384 6036 5413 9095 
18385 5563 6434 9544 
18386 4530 8744 8871 
18387 4898 3717 9694 
18388 6611 6612 9555 
18389 7488 557 8997 
18390 6480 7626 9128 
18391 6306 3096 9811 
18392 5270 5268 9101 
18393 3947 8435 8993 
18394 6438 1087 9768 
18395 1716 9225 9247 
18396 3814 4940 9119 
18397 419 377 9185 
18398 5981 5649 9846 
18399 8397 8880 9192 
18400 7626 6482 9108 
18401 8203 413 9341 
18402 6627 447 9401 
18403 7457 9074 9158 
18404 2105 2102 9154 
18405 4888 6410 9733 
18406 5168 5217 9129 
18407 2591 3927 9180 
18408 3867 9113 9156 
18409 4762 8430 8971 
18410 5635 7238 9138 
18411 5426 5427 9150 
18412 5033 7044 9177 
18413 6817 6820 9153 
18414 465 7065 9170 
18415 7091 446 9188 
18416 4523 1645 9228 
18417 8111 3092 9107 
18418 9074 4099 9158 
18419 7401 1550 9224 
18420 5456 5794 9122 
18421 9521 5472 9799 
18422 8005 5864 9659 
18423 4864 5585 9136 
18424 3138 8013 9849 
18425 82 83 9176 
18426 8132 1320 8960 
18427 7056 401 9715 
18428 425 173 9723 
18429 7577 5675 9149 
18430 5356 6840 9385 
18431 8384 6137 9698 
18432 6247 9406 9538 
18433 1436 1438 9186 
18434 9118 3385 9207 
18435 537 8463 9283 
18436 5634 5626 9226 
18437 7090 510 9174 
18438 6851 3044 9828 
18439 5171 9184 9241 
18440 3388 3850 9199 
18441 6045 5265 9141 
18442 4890 8142 9110 
18443 8037 4157 9073 
18444 9115 1984 9249 
18445 2850 4525 9212 
18446 5348 9155 9257 
18447 411 8700 9572 
18448 7035 7031 9196 
18449 8061 5472 9776 
18450 5662 6547 9620 
18451 5808 6112 9350 
18452 5033 9177 9269 
18453 5816 4379 9148 
18454 8784 4753 8860 
18455 9111 1448 9435 
18456 9011 6148 9552 
18457 210 472 9336 
18458 5404 7607 9419 
18459 7443 9014 9198 
18460 521 7482 9461 
18461 1546 7195 9456 
18462 527 7675 9368 
18463 6282 3570 9240 
18464 8220 5353 9738 
18465 5163 5482 9160 
18466 5203 8416 9014 
18467 4887 3867 9156 
18468 7626 9108 9128 
18469 4064 5463 9152 
18470 6484 6480 9187 
18471 9296 5471 9602 
18472 7233 8512 9732 
18473 4887 9156 9169 
18474 4941 8733 8877 
18475 2951 2949 9167 
18476 3503 7990 9087 
18477 7437 2069 9241 
18478 3070 7913 9179 
18479 7226 7224 9451 
18480 5330 8369 9518 
18481 6837 6838 9236 
18482 5701 9611 9780 
18483 6528 7616 9787 
18484 5509 9067 9242 
18485 196 460 9636 
18486 5294 9120 9195 
18487 9501 6028 9751 
18488 8072 4969 9106 
18489 6151 9839 9842 
18490 8980 7172 9680 
18491 6413 4887 9169 
18492 8522 7051 9437 
18493 5721 5724 9197 
18494 8582 4104 9848 
18495 4414 8457 9696 
18496 4146 6558 9796 
18497 3942 3940 9260 
18498 6484 9187 9218 
18499 8437 6272 9132 
18500 6480 9128 9187 
18501 8643 6779 9610 
18502 6565 5633 9788 
18503 6659 6658 9670 
18504 8060 1009 9769 
18505 6350 5390 9365 
18506 1990 8776 9033 
18507 5713 5978 9193 
18508 5557 5558 9225 
18509 4099 5490 9158 
18510 1817 1815 9253 
18511 4191 6130 9201 
18512 8830 4119 8863 
18513 9460 5454 9783 
18514 4992 7963 9088 
18515 6094 5667 9179 
18516 6486 6484 9218 
18517 7739 429 9189 
18518 6948 6945 9626 
18519 7337 8980 9680 
18520 6795 5480 9528 
18521 5292 5294 9195 
18522 9098 1880 9161 
18523 9102 5647 9147 
18524 5574 9079 9596 
18525 5913 8400 8955 
18526 9128 6781 9187 
18527 4523 9228 9246 
18528 5593 5595 9477 
18529 5240 9207 9332 
18530 6948 9626 9803 
18531 1357 1354 9181 
18532 5090 8584 9517 
18533 6794 9405 9412 
18534 1122 7437 9184 
18535 9238 862 9386 
18536 9131 6556 9188 
18537 3063 8213 9091 
18538 6188 6023 9205 
18539 901 908 9268 
18540 1454 1452 9289 
18541 229 228 9221 
18542 3928 3511 9258 
18543 5423 4273 9231 
18544 6369 5491 9640 
18545 7154 7153 9617 
18546 4158 3812 9130 
18547 7082 9008 9118 
18548 6794 874 9405 
18549 7072 9346 9420 
18550 7336 405 9463 
18551 5509 8151 9067 
18552 5982 5738 9265 
18553 8103 6250 9752 
18554 6453 6454 9450 
18555 8963 4162 9035 
18556 6137 8838 9698 
18557 9108 2580 9128 
18558 7601 2581 9172 
18559 7183 4567 9292 
18560 8835 208 9020 
18561 7676 526 9163 
18562 2274 7242 9608 
18563 7072 3588 9346 
18564 1354 1352 9202 
18565 8290 5686 9683 
18566 7514 7515 9713 
18567 172 7372 9723 
18568 4390 4388 9300 
18569 6955 862 9377 
18570 5264 5824 9623 
18571 7990 9029 9087 
18572 2028 6667 9509 
18573 6301 9130 9740 
18574 5623 6391 9720 
18575 4845 5283 9262 
18576 897 900 9295 
18577 1870 1873 9203 
18578 7247 7246 9267 
18579 4104 7984 9781 
18580 2973 7907 9166 
18581 4067 7351 9288 
18582 6962 4049 9390 
18583 8245 5155 9199 
18584 3264 3181 9282 
18585 9670 6658 9686 
18586 8727 7092 9589 
18587 5801 8419 9487 
18588 4831 9192 9286 
18589 9174 510 9209 
18590 6668 4423 9520 
18591 1138 7695 9585 
18592 446 9131 9188 
18593 5843 6596 9819 
18594 5340 5341 9254 
18595 8424 1132 9083 
18596 5223 5224 9213 
18597 6838 5185 9348 
18598 7367 9080 9827 
18599 9068 77 9801 
18600 6722 3894 9708 
18601 8838 7703 9698 
18602 418 7413 9381 
18603 5898 5899 9667 
18604 5852 6631 9834 
18605 398 9006 9605 
18606 1253 8459 9516 
18607 5508 3879 9352 
18608 4447 4446 9227 
18609 3717 4517 9694 
18610 4038 5033 9269 
18611 6708 2000 9566 
18612 8803 7308 8902 
18613 860 863 9386 
18614 3947 8993 9518 
18615 8292 5601 9232 
18616 9344 5499 9504 
18617 5851 5850 9288 
18618 4711 5513 9369 
18619 3385 7871 9207 
18620 6268 6322 9777 
18621 8928 5112 8998 
18622 3939 8856 9829 
18623 9181 1354 9202 
18624 8166 537 9283 
18625 2188 2177 9233 
18626 9184 7437 9241 
18627 3231 3578 9642 
18628 5636 6751 9855 
18629 5480 5889 9681 
18630 7653 1869 9216 
18631 3951 8145 9142 
18632 510 7091 9209 
18633 4913 3264 9330 
18634 3077 3356 9287 
18635 826 831 9298 
18636 3464 8928 8998 
18637 4567 9183 9292 
18638 5858 5769 9238 
18639 1874 1877 9230 
18640 4597 9102 9147 
18641 5348 8148 9155 
18642 432 9363 9593 
18643 3911 3516 9290 
18644 6668 9520 9547 
18645 9153 6820 9237 
18646 3343 2010 9250 
18647 6560 4146 9685 
18648 826 9298 9317 
18649 8823 5849 9244 
18650 548 7629 9277 
18651 648 650 9293 
18652 4117 8642 9094 
18653 5953 6551 9431 
18654 8325 6606 9805 
18655 6247 5003 9406 
18656 9014 8416 9198 
18657 3895 3781 9229 
18658 9293 650 9326 
18659 7172 8392 9680 
18660 3501 7129 9342 
18661 5292 9195 9274 
18662 7119 9448 9466 
18663 5402 6506 9358 
18664 9176 83 9529 
18665 852 854 9512 
18666 8938 542 9151 
18667 5824 6046 9580 
18668 9287 3356 9307 
18669 5647 8262 9147 
18670 5889 6267 9800 
18671 823 826 9317 
18672 7062 7063 9478 
18673 5511 9359 9425 
18674 5641 5639 9587 
18675 7889 492 9321 
18676 3763 6712 9625 
18677 5513 5514 9259 
18678 4415 9327 9372 
18679 4617 9286 9596 
18680 9017 7505 9840 
18681 1810 1808 9356 
18682 6445 6446 9368 
18683 9029 5128 9087 
18684 8731 5377 9318 
18685 7063 9426 9478 
18686 9479 7084 9558 
18687 7709 491 9429 
18688 5780 5569 9606 
18689 8389 5532 9560 
18690 2040 9688 9731 
18691 8424 9083 9296 
18692 3356 4711 9307 
18693 6604 1394 9766 
18694 173 172 9723 
18695 6606 6607 9366 
18696 3743 4067 9367 
18697 1887 1889 9249 
18698 8917 6219 9408 
18699 7108 9477 9491 
18700 6658 4701 9686 
18701 5290 5292 9274 
18702 3663 4831 9286 
18703 2073 7084 9479 
18704 8189 469 9510 
18705 7738 8414 9397 
18706 1604 1533 9243 
18707 5707 5706 9341 
18708 7119 2838 9448 
18709 6543 6544 9823 
18710 9262 5283 9370 
18711 1878 1883 9261 
18712 4415 6014 9327 
18713 7136 4346 9329 
18714 655 1716 9247 
18715 8305 3746 9127 
18716 4067 9288 9367 
18717 3875 3561 9245 
18718 2812 7237 9743 
18719 5978 5716 9273 
18720 8063 4750 9211 
18721 5380 5381 9281 
18722 8288 5606 9789 
18723 1535 1644 9404 
18724 5607 4385 9353 
18725 5511 7638 9359 
18726 5427 8552 9145 
18727 4073 3614 9792 
18728 7491 7490 9323 
18729 8996 7742 9345 
18730 5573 5574 9596 
18731 8711 6331 9496 
18732 650 653 9326 
18733 5946 5816 9282 
18734 3345 9372 9410 
18735 1994 1824 9275 
18736 1351 1355 9248 
18737 2039 6955 9457 
18738 5361 5363 9387 
18739 5146 9134 9266 
18740 5349 5348 9257 
18741 6700 969 9521 
18742 6343 8507 9829 
18743 6892 9629 9688 
18744 8033 5194 9645 
18745 5393 5391 9380 
18746 4132 5426 9263 
18747 9786 1994 9819 
18748 5719 5718 9311 
18749 5169 8295 9316 
18750 7385 8762 9381 
18751 9006 6262 9605 
18752 4444 5529 9422 
18753 7085 7086 9417 
18754 6387 8996 9345 
18755 1145 1143 9291 
18756 7108 3238 9477 
18757 580 578 9284 
18758 4949 3963 9343 
18759 1461 1579 9339 
18760 5595 5711 9491 
18761 9431 3617 9459 
18762 5706 8203 9341 
18763 7158 3177 9564 
18764 3619 3231 9642 
18765 9674 5730 9725 
18766 1554 7930 9294 
18767 863 865 9393 
18768 9590 7071 9606 
18769 6867 5833 9727 
18770 8979 3388 9199 
18771 6322 6323 9777 
18772 5290 9274 9314 
18773 486 8680 9371 
18774 5161 4088 9543 
18775 5810 8196 9089 
18776 810 654 9361 
18777 9190 3691 9424 
18778 7469 6795 9427 
18779 6331 5449 9496 
18780 8485 5647 9102 
18781 5914 5659 9379 
18782 2439 8823 9244 
18783 6513 6508 9711 
18784 9288 5850 9367 
18785 7625 1448 9256 
18786 7774 8113 9219 
18787 6011 7252 9571 
18788 3015 8083 9727 
18789 612 610 9313 
18790 7153 7151 9843 
18791 5418 8928 9270 
18792 3345 4415 9372 
18793 9775 6090 9836 
18794 9461 7059 9703 
18795 5465 6841 9384 
18796 9670 1792 9687 
18797 3363 7475 9445 
18798 3754 8078 9210 
18799 5760 5942 9333 
18800 1355 8389 9560 
18801 7970 5509 9242 
18802 6249 6867 9757 
18803 7935 2439 9244 
18804 2030 6794 9412 
18805 1916 1919 9297 
18806 6682 3354 9619 
18807 1880 8378 9161 
18808 5598 5336 9340 
18809 5089 8688 9024 
18810 9026 6672 9787 
18811 7765 7625 9264 
18812 205 204 554 
18813 302 303 555 
18814 5996 3075 9411 
18815 5272 7366 9462 
18816 5252 5290 9314 
18817 1268 7071 9590 
18818 211 210 9336 
18819 5353 5351 9374 
18820 8895 6881 8947 
18821 5978 9471 9476 
18822 5280 4456 9299 
18823 2805 6722 9841 
18824 7898 4336 9320 
18825 8634 430 9428 
18826 9387 5363 9664 
18827 9345 7548 9631 
18828 2870 7361 9391 
18829 7625 9256 9264 
18830 5963 8891 9086 
18831 5283 5782 9370 
18832 9256 5560 9264 
18833 2838 7072 9420 
18834 7527 5241 9747 
18835 4391 6695 9613 
18836 7652 2222 9302 
18837 414 7815 9358 
18838 7194 5494 9816 
18839 3048 3345 9410 
18840 8777 6152 9239 
18841 9597 7574 9760 
18842 8817 1984 9204 
18843 6989 5968 9411 
18844 6694 6693 9498 
18845 7998 9294 9557 
18846 301 302 9382 
18847 4422 4425 9468 
18848 171 488 9454 
18849 5997 5436 9691 
18850 8642 5045 9094 
18851 7211 5409 9449 
18852 9311 5718 9376 
18853 6517 9375 9550 
18854 8503 4696 9112 
18855 7156 7154 9577 
18856 8586 8739 9347 
18857 5793 9419 9514 
18858 5532 5727 9560 
18859 2838 9420 9448 
18860 8213 7831 9217 
18861 6362 3725 9839 
18862 6151 6153 9839 
18863 7871 4700 9332 
18864 1159 1157 9322 
18865 5679 5680 9433 
18866 5767 5765 9377 
18867 5605 5604 9325 
18868 5961 8882 9516 
18869 9480 4980 9547 
18870 6155 8158 9531 
18871 6596 9786 9819 
18872 6129 7256 9673 
18873 154 153 9403 
18874 7213 7214 9559 
18875 8954 5899 9689 
18876 2026 6438 9656 
18877 3006 3436 9424 
18878 6361 5994 9490 
18879 3318 7158 9651 
18880 9490 5994 9493 
18881 5796 5269 9354 
18882 432 7708 9363 
18883 4038 9269 9388 
18884 1730 3644 9854 
18885 401 8558 9715 
18886 5718 7567 9376 
18887 6655 6656 9765 
18888 6398 6399 9502 
18889 5617 9536 9612 
18890 5850 7455 9367 
18891 3238 7119 9466 
18892 476 7309 9451 
18893 1339 1347 9546 
18894 8833 5478 9035 
18895 281 280 9413 
18896 3153 3155 9337 
18897 7930 6084 9294 
18898 204 203 8953 
18899 5802 5365 9395 
18900 8779 558 8818 
18901 9558 1268 9590 
18902 4162 8833 9035 
18903 1829 9532 9535 
18904 7237 3318 9692 
18905 6158 6157 9510 
18906 5752 4980 9480 
18907 5566 6561 9716 
18908 5483 3483 9501 
18909 3578 3579 9373 
18910 3238 9466 9477 
18911 8417 5917 8425 
18912 1920 1923 9351 
18913 6262 6263 9605 
18914 2822 2824 9471 
18915 4980 6668 9547 
18916 3535 7012 9822 
18917 6654 6657 9548 
18918 2824 2826 9476 
18919 3482 3480 9515 
18920 7843 421 9438 
18921 1446 6517 9550 
18922 7619 9447 9632 
18923 4084 5098 9357 
18924 3114 7108 9491 
18925 6763 6764 9851 
18926 5436 8231 9691 
18927 215 214 9396 
18928 5466 5421 9364 
18929 416 7932 9252 
18930 8416 5723 9198 
18931 8897 5214 9116 
18932 1159 9322 9414 
18933 7084 1268 9558 
18934 8311 5545 9279 
18935 5619 9612 9654 
18936 3894 6742 9643 
18937 7886 1915 9350 
18938 6959 461 9805 
18939 5617 5395 9536 
18940 9123 5236 9159 
18941 9282 5816 9330 
18942 1829 1827 9532 
18943 5670 5418 9270 
18944 8459 5333 9516 
18945 5824 9580 9623 
18946 9839 3725 9842 
18947 850 852 9534 
18948 5195 8795 9312 
18949 6591 2034 9724 
18950 3298 8090 9389 
18951 795 793 9349 
18952 4602 9490 9493 
18953 1831 1829 9535 
18954 6258 5511 9425 
18955 497 305 8425 
18956 2388 8866 9311 
18957 222 221 9421 
18958 3934 8507 9303 
18959 9377 5765 9457 
18960 6894 513 9591 
18961 9471 2824 9476 
18962 4831 8397 9192 
18963 9207 7871 9332 
18964 640 638 9435 
18965 344 345 9444 
18966 4371 4602 9493 
18967 909 912 9569 
18968 9678 5981 9846 
18969 3614 3979 9792 
18970 9376 7567 9441 
18971 7032 7034 9837 
18972 3201 3565 9563 
18973 8368 8087 9770 
18974 6250 6249 9752 
18975 7071 2084 9606 
18976 9370 5782 9488 
18977 6815 7321 9584 
18978 5634 9226 9261 
18979 6785 2067 9567 
18980 4392 9495 9562 
18981 7416 5429 9453 
18982 8490 4901 9208 
18983 443 8628 9726 
18984 1924 1927 9392 
18985 7994 4113 9334 
18986 7742 3069 9345 
18987 9556 5507 9614 
18988 6139 4282 9847 
18989 7218 7217 9663 
18990 203 202 562 
18991 300 301 563 
18992 7373 4159 9436 
18993 207 496 9020 
18994 9595 7974 9604 
18995 5749 8407 9718 
18996 5765 5762 9457 
18997 7137 5473 9811 
18998 5194 8780 8975 
18999 4243 8593 9837 
19000 7692 432 9593 
19001 5255 6139 9415 
19002 9664 5651 9853 
19003 6955 9377 9457 
19004 4353 4354 9467 
19005 5619 5617 9612 
19006 7661 485 9797 
19007 5606 6074 9789 
19008 9340 5336 9447 
19009 5726 6519 9818 
19010 5551 8916 9603 
19011 5679 9433 9530 
19012 4739 9437 9539 
19013 404 7506 9718 
19014 5676 9652 9744 
19015 9205 6023 9609 
19016 3563 7652 9409 
19017 6090 5505 9402 
19018 5443 5441 9540 
19019 2034 5570 9771 
19020 2767 7462 9826 
19021 636 651 9440 
19022 1161 1159 9414 
19023 4520 7744 9578 
19024 3092 1730 9854 
19025 3878 5507 9556 
19026 7058 7059 9598 
19027 5264 9623 9671 
19028 7567 4991 9441 
19029 8552 3666 9145 
19030 5600 5250 9407 
19031 3617 3615 9459 
19032 6171 5519 9736 
19033 5833 5619 9654 
19034 407 8152 9365 
19035 379 475 9552 
19036 5499 5498 9504 
19037 8565 5282 9200 
19038 4991 5608 9464 
19039 9441 4991 9464 
19040 9565 3961 9611 
19041 513 8962 9591 
19042 2169 2161 9474 
19043 7399 3587 9732 
19044 3806 9809 9820 
19045 6282 9240 9263 
19046 7232 7231 9776 
19047 6816 6818 9621 
19048 8986 5091 9030 
19049 5421 5419 9430 
19050 5658 5657 9575 
19051 6430 7491 9513 
19052 5980 6539 9756 
19053 181 431 9773 
19054 8133 4081 9308 
19055 5363 5651 9664 
19056 9364 5421 9430 
19057 400 45 9443 
19058 695 696 9588 
19059 453 8384 9698 
19060 6964 5095 9836 
19061 6596 5535 9786 
19062 7571 3563 9506 
19063 5517 7574 9597 
19064 467 9051 9810 
19065 9681 5889 9800 
19066 8205 3957 9310 
19067 9091 8213 9217 
19068 997 994 9439 
19069 793 791 9400 
19070 9357 5098 9472 
19071 5753 5730 9709 
19072 5021 8461 9234 
19073 9373 6010 9571 
19074 5994 5995 9493 
19075 5940 6948 9803 
19076 9464 5608 9486 
19077 1760 1762 9759 
19078 2083 3899 9807 
19079 5730 5504 9725 
19080 1235 1233 9470 
19081 8882 1253 9516 
19082 3107 3961 9565 
19083 3806 3535 9809 
19084 7943 5499 9344 
19085 2039 9333 9512 
19086 3264 9282 9330 
19087 9349 793 9400 
19088 5576 5925 9849 
19089 3668 7964 9360 
19090 5608 5610 9486 
19091 7652 9302 9409 
19092 6698 6697 9848 
19093 6736 8778 9306 
19094 7524 5520 9499 
19095 5950 4663 9604 
19096 6386 6387 9631 
19097 5833 9654 9727 
19098 7532 7533 9428 
19099 5644 6113 9785 
19100 5426 9150 9215 
19101 6850 6849 9503 
19102 2722 5997 9699 
19103 4758 3806 9820 
19104 5463 3902 9460 
19105 7974 5408 9604 
19106 5939 9779 9782 
19107 195 194 9697 
19108 6650 6367 9812 
19109 5507 6181 9614 
19110 3725 6763 9842 
19111 360 361 9523 
19112 7832 4694 9397 
19113 5401 9244 9835 
19114 5651 5653 9853 
19115 1890 1893 9452 
19116 9436 4159 9500 
19117 5336 7421 9447 
19118 6709 6708 9798 
19119 83 84 9529 
19120 4877 6365 9783 
19121 50 51 9526 
19122 2384 9062 9121 
19123 7231 5753 9742 
19124 3096 7137 9811 
19125 3563 9409 9506 
19126 8152 6350 9365 
19127 6378 6374 9790 
19128 3961 4619 9611 
19129 7237 9692 9743 
19130 4428 5868 9489 
19131 4905 8577 9730 
19132 65 66 9533 
19133 9474 2161 9554 
19134 5522 8892 9305 
19135 5455 5457 9446 
19136 9430 5419 9483 
19137 5987 6141 9726 
19138 5939 5940 9779 
19139 1184 1180 9693 
19140 8220 5093 9362 
19141 7034 7035 9616 
19142 483 8783 9502 
19143 9779 5940 9803 
19144 2275 2274 9705 
19145 6745 6746 9794 
19146 5095 4100 9775 
19147 5519 6851 9828 
19148 5859 5208 9401 
19149 1006 1005 9755 
19150 5683 5679 9530 
19151 5098 5603 9472 
19152 5518 6171 9699 
19153 183 182 9628 
19154 762 764 9660 
19155 5547 8682 9162 
19156 224 223 9519 
19157 3318 9651 9692 
19158 5417 7970 9423 
19159 5611 6651 9748 
19160 9307 4711 9369 
19161 1639 7650 9427 
19162 1366 1368 9745 
19163 5792 5793 9514 
19164 608 606 9511 
19165 4203 8021 9644 
19166 885 6864 9784 
19167 5687 3735 9635 
19168 2161 2157 9554 
19169 9299 7402 9456 
19170 8282 4038 9388 
19171 8078 7707 9375 
19172 5941 5939 9782 
19173 4841 5693 9684 
19174 4159 5517 9500 
19175 3586 4168 9676 
19176 2726 4552 9830 
19177 5419 5398 9483 
19178 7299 5132 9717 
19179 1460 1437 9481 
19180 4602 7609 9490 
19181 6230 6231 9778 
19182 5674 3958 9712 
19183 9129 5217 9750 
19184 9194 6561 9685 
19185 5925 9832 9849 
19186 6974 3262 9844 
19187 449 7481 9594 
19188 5676 7643 9652 
19189 5887 7396 9641 
19190 4222 8406 9616 
19191 5412 6035 9706 
19192 7616 1195 9787 
19193 9210 8078 9375 
19194 8015 398 9605 
19195 7158 9564 9651 
19196 4455 4739 9539 
19197 406 7337 9680 
19198 5945 8884 9676 
19199 7614 8368 9770 
19200 7695 8694 9585 
19201 5925 6273 9833 
19202 7972 5474 9429 
19203 7231 9742 9776 
19204 8910 6097 9646 
19205 8333 3843 9434 
19206 6979 6978 9831 
19207 3194 3670 9545 
19208 6818 6819 9769 
19209 4392 7681 9495 
19210 6073 8680 9628 
19211 5548 5551 9603 
19212 5497 7974 9595 
19213 9577 7154 9617 
19214 9755 6818 9769 
19215 4604 5704 9620 
19216 7368 7367 9827 
19217 4663 9595 9604 
19218 8852 1795 9574 
19219 5880 5882 9564 
19220 5678 8933 9253 
19221 7059 4576 9703 
19222 1002 1001 9655 
19223 4380 5946 9824 
19224 8760 449 9594 
19225 3115 9398 9399 
19226 9472 5603 9549 
19227 5296 8924 9047 
19228 9427 6795 9528 
19229 9024 1130 9171 
19230 7966 5476 9601 
19231 993 7902 9465 
19232 3115 8112 9398 
19233 1149 1147 9583 
19234 5344 8424 9296 
19235 7310 477 9804 
19236 9211 5598 9340 
19237 9374 3436 9738 
19238 9545 3670 9599 
19239 5339 4112 9589 
19240 5756 5416 9629 
19241 1639 9427 9528 
19242 461 8325 9805 
19243 3349 8043 9573 
19244 3450 5160 9838 
19245 5373 8768 9116 
19246 5603 5605 9549 
19247 998 997 9586 
19248 8727 4905 9730 
19249 339 340 9647 
19250 7984 6116 9771 
19251 9236 6838 9666 
19252 4040 5344 9568 
19253 4663 7093 9595 
19254 9007 4071 9524 
19255 1149 9583 9637 
19256 8077 7611 9821 
19257 4786 5252 9576 
19258 5865 5838 9639 
19259 1899 1988 9622 
19260 3670 5902 9599 
19261 481 336 9522 
19262 8498 5248 9285 
19263 5755 8586 9255 
19264 8199 3115 9399 
19265 9564 5882 9651 
19266 8886 4890 9110 
19267 6152 6151 9842 
19268 4474 7526 9577 
19269 8930 5635 9050 
19270 6006 6004 9643 
19271 9809 3535 9822 
19272 5564 9070 9098 
19273 3254 4134 9774 
19274 5095 9775 9836 
19275 6046 6045 9608 
19276 5275 8917 9408 
19277 3963 3964 9343 
19278 3894 9643 9708 
19279 5882 5972 9651 
19280 4393 4392 9562 
19281 3603 8045 9485 
19282 1790 1793 9633 
19283 410 8798 9704 
19284 7768 1639 9528 
19285 6225 6227 9761 
19286 3195 3196 9734 
19287 5748 5750 9806 
19288 1151 1149 9637 
19289 7055 8825 9662 
19290 8419 478 9487 
19291 9643 6004 9708 
19292 4756 4757 9662 
19293 9528 5480 9681 
19294 8780 482 9659 
19295 4474 9577 9617 
19296 7634 4474 9617 
19297 6057 6056 9672 
19298 6359 5676 9744 
19299 5332 5636 9763 
19300 77 78 9801 
19301 5585 4865 9579 
19302 997 9439 9505 
19303 5972 5974 9692 
19304 8968 5571 9434 
19305 334 335 9739 
19306 9651 5972 9692 
19307 9580 3598 9623 
19308 5750 9703 9806 
19309 8407 404 9718 
19310 1542 8586 9347 
19311 4865 9557 9579 
19312 9629 5416 9688 
19313 1828 2008 9649 
19314 4290 4291 9600 
19315 8954 559 9667 
19316 5217 8816 9146 
19317 8392 406 9680 
19318 1581 8249 9538 
19319 5661 5664 9682 
19320 6029 6028 9721 
19321 7551 3402 9707 
19322 1836 1838 9762 
19323 5974 6007 9743 
19324 5460 799 9673 
19325 5371 5996 9613 
19326 6004 5630 9708 
19327 7066 508 9677 
19328 9692 5974 9743 
19329 5002 8855 9123 
19330 9760 4635 9825 
19331 2135 2130 9753 
19332 482 8005 9659 
19333 8965 6555 9058 
19334 7805 3598 9580 
19335 9401 5208 9475 
19336 8928 3464 9270 
19337 1272 1258 9764 
19338 4051 7619 9632 
19339 9116 5214 9183 
19340 4306 4307 9813 
19341 7457 8964 9074 
19342 6156 6158 9796 
19343 6112 5432 9847 
19344 1788 1786 9758 
19345 5574 8174 9517 
19346 7505 403 9840 
19347 910 903 9678 
19348 6487 6481 9737 
19349 5666 4936 9814 
19350 8671 5991 9592 
19351 4739 8280 9437 
19352 6227 8976 9761 
19353 5703 2982 9850 
19354 9146 5215 9438 
19355 539 8258 9278 
19356 5416 7726 9688 
19357 8253 5331 9455 
19358 8090 3484 9729 
19359 7746 3583 9800 
19360 3598 7811 9623 
19361 2377 9197 9272 
19362 6263 8015 9605 
19363 5262 8176 9572 
19364 6722 9708 9841 
19365 1792 1782 9687 
19366 5236 9123 9174 
19367 9617 7153 9843 
19368 8183 6268 9777 
19369 4865 7998 9557 
19370 8219 8220 9738 
19371 8878 4373 9164 
19372 9012 2580 9108 
19373 5630 7685 9841 
19374 7726 5492 9731 
19375 8269 8731 9318 
19376 4635 4636 9825 
19377 7574 4635 9760 
19378 2919 8198 9852 
19379 4095 5701 9780 
19380 1665 1578 9754 
19381 8691 5270 9426 
19382 8081 4209 9713 
19383 4833 5616 9701 
19384 6116 6117 9724 
19385 4384 5553 9799 
19386 4580 7634 9843 
19387 3744 4408 9541 
19388 1722 3024 9746 
19389 1800 8777 9239 
19390 8872 5234 9657 
19391 7945 1238 9736 
19392 8614 3134 9795 
19393 3583 7768 9681 
19394 7811 5945 9671 
19395 7533 8634 9428 
19396 8550 493 9513 
19397 474 8483 9537 
19398 5473 6306 9811 
19399 3023 8126 9492 
19400 6157 8189 9510 
19401 8975 5863 9645 
19402 4731 7725 9751 
19403 5753 9709 9742 
19404 5534 8326 9634 
19405 7986 3619 9630 
19406 7634 9617 9843 
19407 8762 418 9381 
19408 8901 532 9669 
19409 6272 5350 9768 
19410 6023 8250 9609 
19411 5208 8208 9475 
19412 9630 7218 9663 
19413 910 9678 9846 
19414 3583 9681 9800 
19415 7501 495 9570 
19416 1795 7962 9624 
19417 8022 7971 9674 
19418 9070 1880 9098 
19419 7487 103 9581 
19420 5902 5903 9845 
19421 9688 7726 9731 
19422 1893 8974 9548 
19423 7491 8550 9513 
19424 9500 5517 9597 
19425 7920 910 9846 
19426 8369 3947 9518 
19427 9008 3385 9118 
19428 446 9043 9131 
19429 7768 9528 9681 
19430 8925 6196 9508 
19431 5808 9297 9378 
19432 6627 9401 9475 
19433 7703 453 9698 
19434 7782 1389 9788 
19435 5899 8954 9667 
19436 9708 5630 9841 
19437 8875 9034 9741 
19438 428 8978 9587 
19439 9566 9164 9798 
19440 9294 6084 9557 
19441 9270 3464 9675 
19442 7839 1994 9786 
19443 530 8653 9711 
19444 4310 9213 9280 
19445 8088 535 9508 
19446 6551 8951 9431 
19447 4915 8691 9426 
19448 9623 7811 9671 
19449 3049 8128 9627 
19450 5423 9489 9661 
19451 8406 7034 9616 
19452 9763 5636 9855 
19453 8942 5124 9223 
19454 7945 9736 9828 
19455 8593 7032 9837 
19456 9337 3155 9484 
19457 9816 5902 9845 
19458 8985 4787 9338 
19459 5426 9215 9263 
19460 496 206 8912 
19461 304 497 8913 
19462 9327 6014 9342 
19463 8670 8214 9371 
19464 6371 8548 9450 
19465 5234 8984 9657 
19466 6 7488 9582 
19467 8087 4381 9770 
19468 554 8953 8954 
19469 9489 5868 9661 
19470 403 8633 9840 
19471 3044 7945 9828 
19472 8975 8780 9659 
19473 8593 5272 9462 
19474 442 8167 9607 
19475 532 7899 9669 
19476 7962 3602 9823 
19477 440 9009 9700 
19478 5543 5544 9690 
19479 5350 9656 9768 
19480 9736 5519 9828 
19481 9390 4049 9432 
19482 3020 8288 9789 
19483 6005 9203 9220 
19484 8791 3686 9696 
19485 5560 9178 9264 
19486 6166 9343 9416 
19487 8633 7170 9840 
19488 916 9752 9757 
19489 8739 5276 9347 
19490 5552 8413 9710 
19491 494 7420 9808 
19492 7526 9019 9442 
19493 8198 7343 9852 
19494 9215 6282 9263 
19495 6946 9105 9626 
19496 8114 6979 9831 
19497 5213 9041 9201 
19498 8457 5632 9696 
19499 8083 916 9757 
19500 9093 425 9723 
19501 5373 9116 9183 
19502 8523 2919 9852 
19503 8425 5917 9719 
19504 8414 550 9728 
19505 5267 8180 9832 
19506 475 9011 9552 
19507 9624 7962 9823 
19508 8126 1099 9702 
19509 6657 9023 9452 
19510 916 8103 9752 
19511 9060 5119 9353 
19512 5782 8677 9488 
19513 5341 9164 9566 
19514 9268 908 9383 
19515 8989 5981 9678 
19516 8548 410 9704 
19517 9656 6438 9768 
19518 6544 9624 9823 
19519 8846 442 9607 
19520 9119 4940 9206 
19521 5055 8854 9305 
19522 8628 5987 9726 
19523 9248 1355 9560 
19524 1475 8533 9553 
19525 9048 5858 9393 
19526 5212 8396 9722 
19527 9492 8126 9702 
19528 5784 8671 9592 
19529 9752 6249 9757 
19530 6978 8512 9831 
19531 6708 9566 9798 
19532 5900 8835 9020 
19533 5983 8614 9795 
19534 8654 474 9537 
19535 9168 5404 9419 
19536 8533 5512 9553 
19537 9254 5341 9566 
19538 5241 8962 9747 
19539 8783 6398 9502 
19540 8230 6079 9740 
19541 5479 8833 9648 
19542 9767 5591 9791 
19543 5599 9115 9249 
19544 4050 9279 9432 
19545 5933 9440 9640 
19546 5942 9069 9534 
19547 9203 1873 9220 
19548 5632 8791 9696 
19549 8637 5019 9610 
19550 8168 440 9700 
19551 9246 5508 9352 
19552 8577 7838 9730 
19553 8700 5262 9572 
19554 5246 8596 9525 
19555 555 8899 9382 
19556 8507 3939 9829 
19557 8960 1320 9319 
19558 9503 4898 9694 
19559 8653 6513 9711 
19560 6092 9104 9361 
19561 9073 4157 9304 
19562 5194 8975 9645 
19563 8833 4309 9648 
19564 5513 9135 9369 
19565 8735 399 9555 
19566 9551 5898 9667 
19567 5933 9111 9435 
19568 5344 9296 9602 
19569 9044 6090 9775 
19570 469 9194 9510 
19571 6036 9095 9693 
19572 5522 9305 9561 
19573 8899 563 9382 
19574 9295 900 9407 
19575 535 8925 9508 
19576 9197 5724 9272 
19577 4324 9016 9634 
19578 477 9267 9804 
19579 9213 5224 9280 
19580 8909 5332 9763 
19581 5612 8909 9763 
19582 5816 9148 9330 
19583 6840 9351 9385 
19584 7129 9266 9342 
19585 8798 6453 9704 
19586 9135 5525 9369 
19587 5556 8966 9482 
19588 8944 463 9802 
19589 6303 9007 9524 
19590 8922 5954 9416 
19591 8854 3959 9561 
19592 205 554 8912 
19593 555 303 8913 
19594 3926 9331 9672 
19595 302 555 9382 
19596 6045 9141 9705 
19597 9418 3619 9642 
19598 8966 6891 9482 
19599 6387 9345 9631 
19600 6250 9767 9791 
19601 9125 521 9461 
19602 5917 8417 9695 
19603 6598 9246 9352 
19604 5793 9168 9419 
19605 563 301 9382 
19606 9193 5978 9476 
19607 9244 5849 9835 
19608 5858 9238 9386 
19609 9422 5529 9714 
19610 8231 9520 9691 
19611 9034 6685 9741 
19612 9286 5573 9596 
19613 2000 9254 9566 
19614 5270 9101 9478 
19615 9297 1919 9378 
19616 3644 9494 9854 
19617 7317 9190 9424 
19618 5471 9005 9602 
19619 8417 473 9695 
19620 9152 5463 9817 
19621 2973 9166 9706 
19622 9351 1923 9385 
19623 9279 5545 9432 
19624 1927 9379 9392 
19625 9160 5482 9507 
19626 9079 4617 9596 
19627 6711 8875 9741 
19628 5864 8975 9659 
19629 9568 5344 9602 
19630 9194 6158 9510 
19631 554 204 8953 
19632 4393 9562 9815 
19633 5423 9231 9489 
19634 5280 9299 9456 
19635 9379 5659 9392 
19636 554 8954 9689 
19637 8919 5401 9835 
19638 9016 5534 9634 
19639 5978 9273 9471 
19640 8978 5641 9587 
19641 9051 6356 9810 
19642 7743 9053 9666 
19643 3979 9559 9792 
19644 5252 9315 9576 
19645 9164 4373 9798 
19646 5657 9467 9575 
19647 203 562 8953 
19648 9315 7039 9576 
19649 5350 9082 9656 
19650 9107 3092 9658 
19651 3482 9515 9721 
19652 9333 5942 9512 
19653 9305 8854 9561 
19654 9492 5591 9767 
19655 5727 9248 9560 
19656 7372 9093 9723 
19657 6090 9402 9836 
19658 6656 9622 9765 
19659 997 9505 9586 
19660 9527 5687 9635 
19661 9509 7966 9601 
19662 497 8425 9719 
19663 3578 9373 9571 
19664 563 8899 9735 
19665 9641 2767 9826 
19666 9505 7049 9586 
19667 6158 9194 9685 
19668 5217 9146 9750 
19669 1994 9275 9819 
19670 1005 9621 9755 
19671 6700 9521 9799 
19672 5483 9501 9751 
19673 9467 4354 9575 
19674 5494 9599 9816 
19675 6097 9636 9646 
19676 1001 9584 9655 
19677 5544 9646 9690 
19678 7252 9418 9642 
19679 9440 651 9640 
19680 5353 9374 9738 
19681 6453 9450 9704 
19682 2028 9509 9601 
19683 9450 8548 9704 
19684 9239 6152 9851 
19685 7070 9527 9635 
19686 9636 460 9646 
19687 559 9551 9667 
19688 6850 9503 9694 
19689 9584 7321 9655 
19690 9520 4423 9691 
19691 3023 9492 9767 
19692 8912 554 9689 
19693 5730 9674 9709 
19694 5463 9460 9783 
19695 9674 7971 9709 
19696 9646 460 9690 
19697 9621 6818 9755 
19698 9622 1988 9765 
19699 9559 7214 9792 
19700 9494 6186 9854 
19701 9599 5902 9816 
19702 5887 9641 9826 
19703 5267 9832 9833 
19704 9832 5925 9833 
19705 2 201 562 
19706 202 2 562 
19707 4 300 563 
19708 4 563 9735 
$EndElements
